method,run,objective,tour_length,selected_costs,evaluations,improvements,final_selected,seed,duration_s,main_loop_iterations
LNS_with_search_intra:edges_start:random,0,70602,23334,47268,0,0,42;184;84;112;4;190;10;177;54;48;160;34;146;22;18;159;193;41;139;115;46;68;140;93;117;0;143;183;89;23;186;114;15;148;9;62;102;49;55;52;106;178;14;144;21;7;164;95;27;90;165;185;40;81;196;179;57;129;92;145;78;31;113;175;171;16;25;44;120;2;152;97;1;101;75;86;26;53;180;154;135;70;127;123;162;151;133;79;63;94;80;176;137;51;118;59;149;65;116;43,3059829698644328496,0.044712,3
LNS_with_search_intra:edges_start:random,1,70480,23103,47377,0,2,171;16;78;145;179;57;92;129;25;44;120;2;152;97;1;101;75;86;26;53;180;154;135;70;127;123;162;133;151;51;118;59;116;65;149;131;35;112;4;190;10;177;54;34;160;184;43;42;181;146;22;18;159;193;41;139;115;46;68;140;93;117;0;143;183;89;23;137;176;80;79;63;94;124;148;9;62;102;49;55;52;106;178;14;144;21;7;164;95;27;90;165;185;40;81;196;157;31;113;175,3558671844170597078,0.049726,4
LNS_with_search_intra:edges_start:random,2,71150,23164,47986,0,1,101;75;86;26;100;53;154;180;94;63;79;133;135;70;127;123;162;151;80;176;51;118;59;115;5;42;43;116;65;149;131;112;84;184;177;54;48;160;34;181;146;22;18;108;69;159;193;41;139;46;68;140;93;117;0;143;183;89;23;137;186;114;15;62;9;148;167;55;52;106;178;49;102;144;14;138;165;90;81;196;40;185;57;129;92;145;78;31;56;113;175;171;16;25;44;120;2;152;97;1,6645840605069969755,0.048288,3
LNS_with_search_intra:edges_start:random,3,70215,21991,48224,0,0,165;90;81;196;157;31;56;113;175;171;16;78;145;179;57;92;129;82;25;44;120;2;75;86;53;100;26;97;101;1;152;124;94;63;79;80;176;51;118;59;162;151;133;180;154;135;70;127;123;112;4;84;35;184;177;54;48;160;34;181;42;43;65;116;115;46;68;139;41;193;159;195;146;22;18;69;108;140;93;117;0;143;183;89;186;23;137;148;9;62;102;144;14;49;178;106;52;55;185;40,1560895087241316563,0.055376,3
LNS_with_search_intra:edges_start:random,4,70591,22757,47834,0,0,139;115;116;65;43;42;5;41;193;159;22;146;181;34;160;48;54;177;184;35;84;4;112;123;127;70;135;133;151;162;59;118;51;176;80;79;63;94;124;152;1;97;26;100;180;154;53;86;101;75;2;120;44;25;16;171;175;113;56;31;78;145;179;92;129;57;55;52;185;40;196;81;90;165;106;178;49;14;144;102;62;9;148;15;114;186;137;23;89;183;143;0;117;93;140;108;18;69;68;46,3676479437647261887,0.057202,2
LNS_with_search_intra:edges_start:random,5,70837,22939,47898,0,0,185;40;165;90;27;95;164;7;21;14;49;102;144;62;9;148;15;114;186;23;89;183;137;176;80;94;63;79;133;162;151;51;118;59;65;116;115;139;68;46;0;143;117;93;140;108;18;22;146;159;193;41;181;34;54;177;160;42;43;184;35;84;4;112;123;127;70;135;154;180;53;121;100;26;97;152;1;101;86;75;2;120;44;25;16;171;175;113;56;31;78;145;179;92;129;57;55;52;178;106,7682953684041985418,0.067077,6
LNS_with_search_intra:edges_start:random,6,70928,23146,47782,0,1,144;62;9;148;167;52;55;57;92;129;2;152;124;94;63;79;80;176;137;23;89;183;143;0;117;93;140;108;18;159;193;41;139;68;46;115;116;65;43;5;42;181;22;146;34;160;48;54;177;184;35;84;4;112;123;149;59;118;51;151;133;162;127;70;135;154;180;53;100;26;97;1;101;86;75;120;44;25;145;78;16;171;175;113;31;157;196;81;90;27;164;95;39;165;40;185;106;178;49;14,6832800277358913852,0.046263,2
LNS_with_search_intra:edges_start:random,7,70736,22956,47780,0,1,148;9;62;144;14;49;178;106;52;55;185;40;165;27;90;81;196;179;145;78;31;56;113;175;171;16;25;44;120;82;92;57;129;2;152;97;1;101;75;86;26;100;121;53;180;154;135;70;127;123;112;4;190;10;177;54;48;34;160;184;43;65;116;42;181;146;22;159;193;41;115;139;18;108;140;93;117;143;0;68;46;118;59;51;176;80;151;162;133;79;63;94;124;137;183;89;23;186;114;15,2775120296754008295,0.055641,4
LNS_with_search_intra:edges_start:random,8,70956,23192,47764,0,0,14;49;102;144;62;9;148;15;114;186;23;137;176;80;94;63;79;133;162;151;51;118;46;68;0;89;183;143;117;93;140;108;69;18;159;22;146;181;42;5;41;193;139;115;59;65;116;43;184;160;34;48;54;177;10;190;4;112;123;127;70;135;154;180;53;121;100;26;86;75;101;1;97;152;2;120;44;25;16;171;175;113;56;31;78;145;179;92;129;57;55;52;185;40;196;81;90;165;106;178,1577092690785715292,0.042109,2
LNS_with_search_intra:edges_start:random,9,70260,22333,47927,0,0,113;175;171;16;25;44;120;78;145;179;57;92;129;2;152;97;1;101;75;86;26;100;121;53;154;180;63;79;133;135;70;127;112;4;190;10;177;54;48;184;160;34;181;146;22;18;108;69;159;193;41;42;43;116;65;149;123;162;151;51;118;59;115;139;46;68;140;93;117;0;143;183;89;23;137;176;80;94;124;148;9;62;144;14;49;178;106;52;55;185;40;119;165;27;90;81;196;157;31;56,907330626009376185,0.061968,2
LNS_with_search_intra:edges_start:random,10,71534,24045,47489,0,5,97;1;101;75;86;53;154;180;63;79;80;176;51;151;133;162;135;70;127;123;112;4;190;10;177;54;34;160;184;131;149;59;118;115;46;68;139;193;41;116;65;43;42;181;146;22;18;108;140;93;117;0;143;183;89;23;137;186;114;15;148;9;62;144;102;49;178;106;14;138;165;39;95;164;27;90;81;196;40;185;52;55;57;129;92;179;145;78;31;113;175;171;16;25;44;120;2;152;94;26,425943274692411488,0.042896,2
LNS_with_search_intra:edges_start:random,11,70883,22565,48318,0,0,179;145;78;16;171;175;113;56;31;157;196;81;90;27;164;95;39;165;40;185;55;52;106;178;49;14;144;62;9;148;124;94;63;79;80;176;137;23;186;89;183;143;117;0;46;198;115;139;68;93;140;108;18;193;41;159;22;146;34;160;48;54;177;184;35;84;4;112;123;149;43;42;116;65;59;118;51;151;133;162;135;70;154;180;53;100;26;97;152;1;101;86;75;2;120;44;25;129;92;57,8749148887781114522,0.047728,3
LNS_with_search_intra:edges_start:random,12,70534,22776,47758,0,2,56;31;157;196;81;90;165;119;40;185;55;52;106;178;49;14;144;62;9;148;15;114;186;89;183;23;137;176;80;79;133;162;151;51;118;59;65;116;115;41;193;139;46;0;143;117;93;140;108;18;159;22;146;34;48;54;177;10;190;4;112;84;35;184;160;181;42;43;149;123;127;70;135;154;180;53;86;75;101;1;97;26;100;63;94;152;2;120;44;25;129;92;57;179;145;78;16;171;175;113,3908537547960059132,0.043614,3
LNS_with_search_intra:edges_start:random,13,70797,23479,47318,0,0,90;165;138;14;144;15;114;186;23;89;183;137;118;59;51;176;80;63;79;133;151;162;149;65;116;43;42;181;159;193;41;139;115;46;68;0;143;117;93;140;108;18;22;146;34;160;48;54;177;10;190;184;35;84;4;112;123;127;70;135;154;180;53;86;26;97;1;101;75;120;44;25;16;171;175;113;31;78;145;179;57;92;129;2;152;94;124;148;9;62;102;49;178;106;52;55;185;40;196;81,1062617236328985604,0.039499,2
LNS_with_search_intra:edges_start:random,14,71069,23838,47231,0,1,178;106;52;55;57;92;129;167;148;9;62;15;186;89;183;23;137;176;80;79;133;162;151;51;59;118;46;0;143;117;93;68;139;115;41;193;159;108;18;22;146;34;54;177;10;190;84;184;160;181;42;43;116;65;131;149;123;127;70;135;154;180;53;63;94;152;97;1;101;26;86;75;2;120;44;25;16;171;175;113;56;31;78;145;179;196;81;40;185;165;90;27;164;7;21;138;14;144;102;49,5782615949251977006,0.034622,1
LNS_with_search_intra:edges_start:random,15,70422,22680,47742,0,1,63;79;80;176;137;23;89;183;143;0;117;93;140;108;18;22;146;34;48;54;177;10;190;4;112;84;35;131;149;65;116;43;42;184;160;181;159;193;41;139;68;46;115;59;118;51;151;133;162;123;127;70;135;154;180;53;100;26;86;101;75;44;25;16;171;175;113;56;31;157;196;81;90;165;40;185;138;14;144;62;9;148;49;178;106;52;55;57;129;92;179;145;78;120;2;1;97;152;124;94,6943116792554774996,0.038237,2
LNS_with_search_intra:edges_start:random,16,70168,22316,47852,0,1,1;101;75;2;120;44;25;16;171;175;113;56;31;157;196;81;90;27;164;95;39;165;40;185;179;145;78;92;129;57;55;52;106;178;49;14;144;62;9;148;124;94;63;79;133;151;162;123;149;131;65;116;43;42;41;193;139;68;46;115;59;118;51;80;176;137;23;186;89;183;143;0;117;93;140;108;18;159;22;146;34;160;48;54;177;184;35;84;4;112;127;70;135;154;180;53;86;26;97;152,3598910964399751761,0.040783,2
LNS_with_search_intra:edges_start:random,17,70587,22965,47622,0,2,137;23;89;183;143;0;117;93;140;108;18;22;146;159;193;41;139;68;46;115;43;42;181;34;160;48;54;177;184;35;84;4;112;127;70;135;154;53;180;133;151;162;123;149;65;116;59;118;51;176;80;79;63;94;26;100;86;75;101;1;97;152;167;148;9;62;102;49;178;106;52;55;57;92;129;2;120;44;25;16;171;175;113;56;31;78;145;179;196;81;90;40;185;165;138;14;144;15;114;186,2614883376534954789,0.079638,7
LNS_with_search_intra:edges_start:random,18,70888,23116,47772,0,0,176;137;23;183;89;186;114;15;148;9;62;102;49;14;144;21;7;164;39;165;90;81;196;157;31;56;113;175;171;16;25;44;120;78;145;179;40;185;106;178;52;55;57;92;129;2;152;97;1;101;75;86;26;100;121;53;180;154;135;70;127;123;149;65;116;43;42;41;193;159;181;160;184;177;54;48;34;146;22;18;108;140;93;117;143;0;46;68;139;115;59;118;51;151;162;133;79;63;94;80,958796272847862434,0.050903,3
LNS_with_search_intra:edges_start:random,19,72165,22743,49422,0,1,16;78;145;179;57;92;129;25;44;120;2;1;101;75;86;26;97;152;94;63;79;133;151;162;180;53;154;135;70;127;123;112;4;84;184;177;54;48;160;34;181;146;22;18;108;69;159;193;41;5;42;43;131;149;65;116;115;139;68;46;118;59;51;80;176;137;23;183;89;186;114;15;148;9;62;144;102;49;14;138;3;178;106;52;55;185;40;165;39;95;164;27;90;81;196;157;31;113;175;171,5258598876139605316,0.038056,1
LNS_with_search_intra:edges_start:random,20,71121,23180,47941,0,0,42;181;146;22;18;108;159;193;41;139;46;68;140;93;117;0;143;183;89;23;137;186;114;15;9;62;144;14;49;178;106;185;40;165;90;81;196;157;31;56;113;175;171;16;25;44;120;2;129;92;78;145;179;57;55;52;167;148;124;94;80;176;51;151;162;133;79;63;121;100;26;97;152;1;101;75;86;53;180;154;135;70;127;123;112;4;84;35;184;177;54;48;34;160;43;116;65;59;118;115,8310035352411596404,0.043456,4
LNS_with_search_intra:edges_start:random,21,70557,22341,48216,0,2,145;179;57;92;129;25;44;120;2;152;97;1;101;75;86;26;100;121;53;158;70;135;154;180;63;79;133;162;151;51;118;59;116;65;149;123;127;112;4;84;35;184;177;54;48;160;34;181;42;43;115;41;193;159;146;22;18;108;139;46;68;140;93;117;0;143;183;89;23;137;176;80;94;124;148;9;62;144;102;49;14;178;106;52;55;185;40;119;165;90;81;196;157;31;56;113;175;171;16;78,6584520165249780279,0.037358,2
LNS_with_search_intra:edges_start:random,22,71129,23392,47737,0,0,16;78;92;57;129;25;44;120;2;1;101;75;86;53;100;26;97;152;124;94;63;180;154;135;70;127;123;149;65;116;43;42;181;160;184;84;112;4;190;10;177;54;34;146;22;18;159;193;41;139;68;140;93;117;143;0;46;115;59;118;51;151;162;133;79;80;176;137;23;183;89;186;114;15;144;14;49;102;62;9;148;167;55;52;178;106;185;40;165;39;27;90;81;196;145;31;56;113;175;171,8286559582313283309,0.037968,2
LNS_with_search_intra:edges_start:random,23,70543,22531,48012,0,0,116;43;42;115;139;68;46;118;59;51;80;176;137;23;89;183;143;0;117;93;140;108;18;22;146;159;193;41;181;34;160;48;54;177;184;35;84;4;112;127;70;135;154;180;53;121;100;26;86;75;101;1;97;152;2;120;129;92;57;179;145;78;25;44;16;171;175;113;56;31;157;196;81;90;165;40;185;138;14;144;62;9;102;49;178;106;52;55;167;148;124;94;63;79;133;151;162;123;149;65,8184691502550684606,0.048359,3
LNS_with_search_intra:edges_start:random,24,71378,24187,47191,0,1,133;151;51;80;176;137;23;183;89;186;15;144;14;21;7;164;27;90;81;196;157;31;113;175;171;16;25;44;120;75;86;26;101;1;97;152;2;129;92;78;145;179;57;55;52;185;40;165;106;178;3;49;102;62;9;148;124;94;79;63;53;180;154;135;70;127;123;112;4;190;10;177;54;34;160;184;43;42;181;146;22;18;159;193;41;139;68;140;93;117;143;0;46;115;118;59;116;65;149;162,7596215196202759094,0.060302,2
LNS_with_search_intra:edges_start:random,25,71121,22726,48395,0,0,108;139;46;115;42;43;116;65;59;118;51;151;162;133;79;63;80;176;137;0;117;143;183;89;23;186;114;15;144;14;138;106;178;49;102;62;9;148;124;94;152;97;1;2;129;92;145;179;57;55;52;185;40;119;165;39;27;90;81;196;157;31;56;113;175;171;16;78;25;44;120;75;101;86;26;100;53;180;154;135;70;127;123;112;4;84;35;184;177;54;48;160;34;181;41;193;159;146;22;18,6392420725077414243,0.047318,3
LNS_with_search_intra:edges_start:random,26,70816,23451,47365,0,1,65;149;131;35;84;112;4;190;10;177;54;184;160;34;146;22;159;18;108;140;93;117;0;143;183;89;23;137;186;15;9;62;144;14;49;178;106;185;40;165;90;81;196;157;31;113;175;171;16;78;145;179;92;129;57;55;52;167;148;124;94;152;2;120;25;44;75;86;101;1;97;26;100;53;154;180;63;79;80;176;133;135;70;127;123;162;151;51;118;59;115;46;68;139;41;193;181;42;43;116,2928844641156594483,0.048133,1
LNS_with_search_intra:edges_start:random,27,71836,23807,48029,0,2,97;152;1;101;86;75;2;120;44;25;129;92;179;145;78;16;171;175;113;31;157;196;81;90;27;95;164;7;21;14;144;62;9;102;49;178;106;165;40;185;52;55;57;167;148;124;94;80;176;137;23;89;183;143;117;0;46;139;115;116;43;42;41;193;159;108;18;22;146;34;160;48;54;177;184;35;84;4;112;127;70;135;123;149;131;65;59;118;51;151;162;133;79;63;180;154;158;53;100;26,2764779851530156229,0.038882,2
LNS_with_search_intra:edges_start:random,28,70342,22169,48173,0,1,89;183;143;117;0;46;115;139;68;93;140;108;69;18;22;146;159;193;41;181;34;160;48;54;177;184;84;4;112;131;149;65;116;43;42;59;118;51;151;162;123;127;70;135;154;180;53;121;100;26;86;75;101;1;97;152;2;120;44;25;145;78;16;171;175;113;56;31;157;196;81;90;27;39;165;40;185;179;92;129;57;55;52;106;178;49;14;144;62;9;148;124;94;63;79;133;80;176;137;23,520066763371924200,0.038678,2
LNS_with_search_intra:edges_start:random,29,70821,23396,47425,0,1,21;7;164;95;27;90;81;196;157;31;113;175;171;16;78;145;179;185;40;165;106;178;52;55;57;92;129;25;44;120;2;152;97;1;101;75;86;26;100;53;154;180;94;63;79;133;151;162;135;70;127;123;112;4;84;35;184;177;54;48;160;34;146;22;159;18;108;140;93;117;143;0;68;46;115;139;193;41;42;43;116;65;59;118;51;80;176;137;23;183;89;186;15;148;9;62;102;49;14;144,2600331660108646565,0.049747,4
LNS_with_search_intra:edges_start:random,30,71108,23285,47823,0,1,176;51;118;59;115;42;43;116;65;149;123;112;4;84;35;184;177;54;48;160;34;146;22;18;159;193;41;139;46;68;140;93;117;0;143;183;89;23;137;186;114;15;148;9;62;144;21;7;164;95;27;90;81;196;185;40;165;138;14;102;49;178;106;52;55;57;129;92;179;145;78;31;113;175;171;16;25;44;120;2;75;86;101;1;97;152;94;63;26;100;53;180;154;70;135;162;151;133;79;80,9178209667300636870,0.043509,2
LNS_with_search_intra:edges_start:random,31,70967,22885,48082,0,1,152;124;94;97;101;75;86;26;100;53;158;154;180;63;79;80;176;51;151;133;162;135;70;127;123;112;4;84;35;184;190;10;177;54;48;160;34;181;146;22;18;108;69;159;193;41;5;42;43;116;65;59;118;115;139;68;46;0;117;143;183;89;186;23;137;148;9;62;102;144;14;49;178;106;165;90;40;185;52;55;57;129;92;78;145;179;196;81;157;31;56;113;175;171;16;25;44;120;2;1,1930569907802745635,0.044494,2
LNS_with_search_intra:edges_start:random,32,70444,22536,47908,0,1,43;42;184;84;112;4;190;10;177;54;48;160;34;146;22;18;159;193;41;139;115;46;68;140;93;117;0;143;183;89;23;137;186;114;15;144;14;49;102;62;9;148;167;152;97;1;2;129;92;57;55;52;178;106;185;40;165;39;95;164;27;90;81;196;157;31;113;175;171;16;78;145;25;44;120;75;101;86;26;100;53;180;154;135;70;127;123;162;151;133;79;63;94;80;176;51;118;59;65;116,3009167983614744235,0.044957,3
LNS_with_search_intra:edges_start:random,33,71678,23891,47787,0,4,94;63;79;80;176;151;133;180;53;154;70;135;162;123;127;112;4;84;35;184;177;54;48;160;34;181;42;43;65;116;115;139;41;193;159;146;22;18;108;140;93;117;143;183;89;0;68;46;118;59;51;137;23;186;114;15;148;9;62;144;102;49;178;106;14;21;7;164;95;27;90;165;40;185;52;55;57;129;92;179;145;78;31;56;113;175;171;16;25;44;120;2;75;101;86;26;97;1;152;124,6469067994792564819,0.045150,3
LNS_with_search_intra:edges_start:random,34,70877,23024,47853,0,0,144;62;9;102;49;178;106;52;55;57;92;129;2;152;1;97;26;100;63;79;80;176;94;124;148;137;23;89;183;143;117;0;46;68;93;140;108;18;22;146;34;160;48;54;177;10;190;4;112;84;184;149;65;116;43;42;41;193;139;115;59;118;51;151;133;162;123;127;70;135;154;180;53;86;101;75;120;44;25;16;171;175;113;56;31;78;145;179;196;81;90;27;164;95;39;165;40;185;138;14,7835868983381009477,0.032889,2
LNS_with_search_intra:edges_start:random,35,71221,23426,47795,0,1,78;145;179;92;129;57;55;52;185;165;40;196;81;90;27;95;164;7;21;144;14;138;106;178;49;102;62;9;148;124;94;63;79;80;176;51;151;133;162;59;118;46;0;137;23;89;183;143;117;93;140;68;139;115;41;193;159;18;22;146;34;160;48;54;177;184;42;43;116;65;149;35;84;4;112;123;127;70;135;154;180;53;100;26;86;75;101;1;97;152;2;120;44;25;16;171;175;113;56;31,6690919754201788450,0.049950,4
LNS_with_search_intra:edges_start:random,36,71307,23852,47455,0,0,59;118;46;68;139;115;43;42;181;160;184;177;54;48;34;146;22;159;41;193;18;108;140;93;117;0;143;183;89;23;137;186;15;148;167;124;94;152;129;92;57;55;52;106;178;14;49;102;9;62;144;21;7;164;95;27;90;165;185;40;81;196;179;145;78;31;56;113;175;171;16;25;44;120;2;75;86;101;1;97;26;100;53;63;79;80;176;51;151;162;133;180;154;135;70;127;123;149;65;116,710802288375707793,0.039424,3
LNS_with_search_intra:edges_start:random,37,70631,22924,47707,0,0,65;116;59;51;118;115;139;68;46;0;143;117;93;140;108;18;22;146;159;193;41;43;42;181;34;160;48;54;177;184;35;84;4;112;123;127;70;135;154;180;53;100;26;86;75;101;1;97;152;2;120;44;25;145;78;16;171;175;113;31;157;196;81;90;27;39;165;40;185;179;92;129;57;55;52;106;178;14;49;102;144;62;9;148;15;114;186;89;183;23;137;176;80;94;63;79;133;151;162;149,6658817931453382959,0.039587,2
LNS_with_search_intra:edges_start:random,38,70617,23821,46796,0,2,143;0;46;118;59;51;151;162;133;79;80;176;137;23;183;89;186;15;148;9;62;49;14;144;21;7;164;27;90;165;40;185;106;178;52;55;57;179;196;81;31;113;175;171;16;25;44;120;78;145;92;129;2;152;97;1;101;75;86;100;26;124;94;63;53;180;154;135;70;127;123;149;65;116;43;184;84;112;4;190;10;177;54;48;160;34;181;42;115;139;41;193;159;146;22;18;108;140;93;117,2617534408631160142,0.047277,3
LNS_with_search_intra:edges_start:random,39,71365,22932,48433,0,1,184;10;177;54;48;160;34;181;195;146;22;18;108;69;159;193;41;42;43;65;116;115;139;68;46;118;59;51;151;162;133;79;63;80;176;137;0;117;143;183;89;23;186;114;15;148;9;62;144;14;138;165;185;40;119;90;81;196;179;145;78;31;56;113;175;171;16;25;44;120;129;92;57;55;52;106;178;49;167;124;94;152;2;1;97;101;75;86;26;100;53;180;154;135;70;127;123;149;131;35,4820150513470613786,0.035279,1
LNS_with_search_intra:edges_start:random,40,70446,22643,47803,0,2,70;127;123;162;59;65;116;43;184;84;112;4;190;10;177;54;48;160;34;181;42;41;193;159;146;22;18;108;140;93;117;0;143;183;89;23;137;46;68;139;115;118;51;151;133;176;80;79;63;94;124;148;9;62;102;49;14;144;21;7;164;95;27;90;165;40;185;106;178;52;55;57;129;92;179;145;78;31;56;113;175;171;16;25;44;120;2;152;97;1;101;75;86;26;100;121;53;180;154;135,4875297589572183627,0.039661,2
LNS_with_search_intra:edges_start:random,41,70801,22756,48045,0,0,106;178;49;102;148;9;62;144;14;138;185;40;165;90;81;196;179;145;78;31;56;113;175;171;16;25;44;120;75;86;101;1;97;26;100;121;53;180;154;70;135;63;79;133;151;162;123;127;112;4;84;35;131;149;65;116;43;184;177;54;48;160;34;181;42;5;115;46;68;139;41;193;159;146;22;18;108;140;93;117;0;143;183;89;23;137;118;59;51;176;80;94;124;152;2;129;92;57;55;52,291542948178512037,0.052276,3
LNS_with_search_intra:edges_start:random,42,70356,22951,47405,0,1,49;14;144;15;114;186;137;23;89;183;143;0;117;93;140;68;46;115;139;41;193;159;69;108;18;22;146;34;54;177;10;190;4;112;84;184;160;181;42;43;116;65;149;123;127;70;135;154;180;133;151;162;59;118;51;176;80;79;63;53;100;26;97;1;101;86;75;44;25;16;171;175;113;31;157;196;81;90;165;40;185;106;178;52;55;57;129;92;179;145;78;120;2;152;94;124;148;9;62;102,8853167971805570471,0.051759,4
LNS_with_search_intra:edges_start:random,43,71053,22970,48083,0,0,34;181;42;43;160;48;54;177;184;35;84;4;112;127;123;149;65;116;59;118;51;176;80;63;79;133;151;162;135;70;154;180;53;121;100;26;86;101;75;120;44;25;16;171;175;113;56;31;157;196;81;90;165;40;185;138;14;144;49;102;62;9;148;167;178;106;52;55;57;92;179;145;78;129;2;1;97;152;94;137;23;89;183;143;0;117;93;140;68;46;115;139;41;193;159;69;108;18;22;146,996955104108221384,0.053948,3
LNS_with_search_intra:edges_start:random,44,70415,22355,48060,0,0,65;116;59;118;51;80;176;137;23;89;183;143;0;117;93;140;68;46;115;139;193;41;5;42;43;160;181;159;69;108;18;22;146;34;48;54;177;184;35;84;4;112;127;70;135;154;180;53;121;100;26;86;75;101;1;97;152;2;120;44;25;16;171;175;113;56;31;78;145;179;92;129;57;55;52;178;106;185;40;196;81;90;165;138;14;49;102;144;62;9;148;124;94;63;79;133;151;162;123;149,1136068049818824690,0.060746,2
LNS_with_search_intra:edges_start:random,45,70615,22828,47787,0,2,90;165;40;185;106;178;52;55;57;129;92;179;145;78;31;56;113;175;171;16;25;44;120;2;152;97;1;101;75;86;26;100;53;154;70;135;180;63;79;133;151;162;123;149;65;116;43;184;84;112;4;190;10;177;54;48;160;34;181;42;41;193;159;146;22;18;108;140;93;117;143;0;46;139;115;59;118;51;176;80;94;124;148;137;23;183;89;186;15;9;62;102;49;14;144;21;7;164;95;27,1842593955866200927,0.055797,4
LNS_with_search_intra:edges_start:random,46,70800,22921,47879,0,1,120;44;25;16;171;175;113;56;31;78;145;179;196;81;90;165;40;185;138;14;144;62;9;102;49;178;106;52;55;57;92;129;167;148;15;114;186;23;137;176;80;79;133;162;151;51;118;59;115;139;46;0;89;183;143;117;93;140;108;18;22;146;159;193;41;42;43;116;65;149;131;184;160;34;48;54;177;10;190;4;112;123;127;70;135;154;180;53;63;94;124;152;97;26;100;86;75;101;1;2,3542530527891436138,0.059169,4
LNS_with_search_intra:edges_start:random,47,70517,23341,47176,0,3,22;146;34;54;177;160;181;42;41;193;139;115;59;118;51;151;133;162;149;65;116;43;184;35;84;4;112;123;127;70;135;154;180;53;100;26;86;75;101;1;97;152;2;120;44;25;16;171;175;113;56;31;78;145;179;92;129;57;55;52;178;106;185;165;40;196;81;90;27;95;164;7;21;14;49;102;144;62;9;148;124;94;63;79;80;176;137;23;89;183;143;117;0;46;68;93;140;108;18;159,5757891791837992681,0.060398,4
LNS_with_search_intra:edges_start:random,48,70466,22970,47496,0,1,186;89;183;143;0;117;93;140;108;18;139;68;46;115;116;65;43;42;41;193;159;22;146;34;160;48;54;177;184;35;84;4;112;123;127;70;135;154;180;53;100;26;86;75;101;1;97;152;2;120;44;25;129;92;57;55;52;178;106;185;165;40;196;179;145;78;16;171;175;113;31;157;81;90;27;95;164;7;21;14;49;102;144;62;9;148;124;94;63;79;133;151;162;59;118;51;80;176;137;23,6863950931293389193,0.044898,2
LNS_with_search_intra:edges_start:random,49,70210,22337,47873,0,1,23;137;176;80;51;151;162;133;79;63;94;124;148;9;62;144;14;102;49;178;106;165;90;81;196;40;185;52;55;57;179;145;78;31;56;113;175;171;16;25;44;120;82;92;129;2;152;97;1;101;75;86;26;100;121;53;180;154;135;70;127;123;112;4;190;10;177;54;48;34;160;184;131;149;65;116;43;42;181;146;22;18;108;69;159;193;41;139;115;59;118;46;68;140;93;117;0;143;183;89,4983146906966235179,0.043328,4
LNS_with_search_intra:edges_start:random,50,71012,23140,47872,0,0,183;89;23;137;176;80;51;118;59;162;151;133;79;63;94;124;148;15;144;14;49;102;62;9;167;129;92;57;55;52;178;106;185;40;165;90;81;196;157;31;56;113;175;171;16;78;145;25;44;120;2;75;86;101;1;152;97;26;100;121;53;180;154;135;70;127;123;112;4;84;190;10;177;54;48;184;43;65;116;42;160;34;181;41;193;159;146;22;18;69;108;140;93;68;139;115;46;0;117;143,7963737324494713414,0.048762,4
LNS_with_search_intra:edges_start:random,51,70145,22799,47346,0,0,59;162;151;133;135;70;127;123;149;65;116;43;42;181;160;184;84;112;4;190;10;177;54;48;34;146;22;18;108;159;193;41;139;115;46;68;140;93;117;0;143;183;89;23;186;114;15;144;14;49;102;62;9;148;124;94;152;2;129;92;57;55;52;178;106;185;40;165;90;81;196;179;145;78;31;113;175;171;16;25;44;120;75;86;101;1;97;26;100;121;53;154;180;63;79;80;176;137;51;118,7505928940117020355,0.047982,3
LNS_with_search_intra:edges_start:random,52,70014,22778,47236,0,2,49;102;62;9;148;124;94;80;176;137;23;89;183;143;0;117;93;140;68;46;115;139;41;193;159;108;18;22;146;34;160;48;54;177;10;190;4;112;84;35;184;42;43;116;65;59;118;51;151;162;123;127;70;135;133;79;63;180;154;53;100;26;86;75;101;1;97;152;2;120;44;25;16;171;175;113;31;78;145;179;92;129;57;55;52;178;106;165;40;185;196;81;90;27;95;164;7;21;144;14,6807656298953293910,0.058319,5
LNS_with_search_intra:edges_start:random,53,71298,22880,48418,0,2,179;52;55;57;92;129;25;44;120;2;152;97;1;101;75;86;26;100;53;180;154;135;70;127;112;4;84;35;184;177;54;48;160;34;181;146;22;18;159;193;41;139;68;140;93;117;143;0;46;115;5;42;43;47;65;116;118;59;149;123;162;133;151;51;176;80;79;63;94;137;183;89;23;186;114;15;148;9;62;144;14;49;3;178;106;185;40;165;27;90;81;196;157;31;113;175;171;16;78;145,4895621960067146301,0.038943,1
LNS_with_search_intra:edges_start:random,54,71771,23628,48143,0,1,120;25;44;75;101;1;97;26;86;53;180;154;70;135;133;151;162;123;149;131;184;84;112;4;190;10;177;54;48;160;34;146;22;18;108;159;193;41;42;43;116;65;59;118;115;139;46;0;117;143;183;89;23;186;114;15;9;62;144;14;21;7;164;95;27;90;81;196;157;31;56;113;175;171;16;78;145;179;92;129;57;55;52;185;40;165;106;178;49;102;148;137;176;80;79;63;94;124;152;2,3884309274878872364,0.051110,4
LNS_with_search_intra:edges_start:random,55,70259,21367,48892,0,1,151;51;118;59;65;149;131;35;184;177;54;48;160;34;146;22;195;181;42;43;116;115;46;68;139;41;193;159;18;108;140;93;117;0;143;183;89;23;137;176;80;79;63;94;124;148;9;62;102;49;144;14;3;178;106;52;55;57;129;92;78;145;179;185;40;165;39;27;90;81;196;157;31;56;113;175;171;16;25;44;120;2;152;97;1;101;75;86;26;100;121;53;180;154;135;70;127;123;162;133,6863865765902643423,0.035647,2
LNS_with_search_intra:edges_start:random,56,70650,22764,47886,0,1,54;48;34;146;22;18;108;69;159;181;160;184;42;43;116;65;59;118;115;41;193;139;68;46;0;117;143;183;89;23;137;176;80;51;151;162;133;79;63;94;124;148;9;62;102;144;14;49;178;106;52;55;57;129;92;179;185;40;165;39;95;164;27;90;81;196;157;31;56;113;175;171;16;78;145;25;44;120;2;152;97;1;101;75;86;26;100;121;53;180;154;135;70;127;123;112;4;190;10;177,7166169979001579403,0.053974,5
LNS_with_search_intra:edges_start:random,57,70118,22811,47307,0,0,123;149;65;116;43;42;184;84;112;4;190;10;177;54;48;160;34;181;41;193;159;146;22;18;108;140;93;68;46;139;115;59;118;51;151;162;133;79;63;80;176;137;0;117;143;183;89;23;186;114;15;148;124;94;152;2;129;92;57;55;52;106;178;49;102;9;62;144;14;138;185;40;165;90;81;196;179;145;78;31;113;175;171;16;25;44;120;75;86;101;1;97;26;100;53;180;154;135;70;127,4842736565263410844,0.052451,2
LNS_with_search_intra:edges_start:random,58,71643,22319,49324,0,1,97;1;101;26;100;86;75;2;120;44;25;16;171;175;113;56;31;78;145;92;129;57;179;196;81;90;27;164;7;95;39;165;40;185;55;52;106;178;14;49;102;144;62;9;148;15;114;186;89;183;23;137;176;80;79;133;151;162;149;131;43;42;116;65;59;118;115;46;68;139;41;193;159;69;108;18;22;146;181;34;160;48;54;177;184;35;84;4;112;123;127;70;135;154;180;53;63;94;124;152,1457764819249451472,0.056701,2
LNS_with_search_intra:edges_start:random,59,71113,23675,47438,0,0,63;79;80;176;137;51;151;133;162;118;59;65;116;43;42;41;193;139;115;46;68;0;143;117;93;140;108;18;159;22;146;181;34;160;48;54;177;10;190;4;112;84;184;131;149;123;127;70;135;154;180;53;26;97;152;1;101;86;75;2;120;44;25;78;145;31;16;171;175;113;196;81;90;165;40;185;179;92;129;57;55;52;106;178;3;14;49;102;144;62;9;15;114;183;89;23;186;148;124;94,5343044775939415928,0.036969,1
LNS_with_search_intra:edges_start:random,60,71322,23551,47771,0,1,140;108;18;22;146;159;193;41;139;115;116;43;42;181;34;160;48;54;177;184;35;84;4;112;127;70;135;154;53;180;133;79;63;121;100;26;86;75;101;1;97;152;94;124;148;167;57;92;129;2;120;44;25;16;171;175;113;31;78;145;179;196;81;90;165;40;185;55;52;106;178;3;49;14;144;62;9;15;114;186;89;183;23;137;176;80;51;151;162;123;149;65;59;118;46;68;0;143;117;93,7310454199864243469,0.056994,3
LNS_with_search_intra:edges_start:random,61,71136,23426,47710,0,2,15;114;186;137;23;89;183;143;0;117;93;140;68;46;139;115;43;42;41;193;159;108;18;22;146;34;160;48;54;177;184;84;4;112;123;149;131;65;116;59;118;51;176;80;63;79;133;151;162;135;70;154;180;53;26;86;75;101;1;97;152;94;124;148;9;62;102;49;178;106;52;55;57;92;145;78;129;2;120;44;25;16;171;175;113;31;157;196;81;40;185;165;90;27;95;164;7;21;14;144,6490644393617930805,0.069937,3
LNS_with_search_intra:edges_start:random,62,70600,23187,47413,0,0,123;127;70;135;154;180;53;86;75;101;100;26;97;1;152;2;120;44;25;16;171;175;113;31;78;145;92;129;57;55;52;185;40;196;81;90;27;164;39;165;106;178;3;49;14;144;62;9;15;148;124;94;63;79;80;133;151;51;176;137;23;186;89;183;143;0;117;93;140;108;18;69;68;46;115;139;41;193;159;22;146;34;54;177;10;190;4;112;84;184;160;181;42;43;116;65;131;149;59;162,5445035920125939239,0.049234,1
LNS_with_search_intra:edges_start:random,63,71236,23597,47639,0,0,181;159;193;41;139;115;46;68;0;89;183;143;117;93;140;108;18;22;146;34;160;48;54;177;184;35;84;4;112;127;123;162;151;176;80;79;133;135;70;154;180;53;63;94;124;152;97;1;101;86;75;2;120;44;25;16;171;175;113;56;31;78;145;92;129;57;55;52;179;196;81;90;27;164;7;95;39;165;40;185;106;178;49;14;144;62;9;148;15;114;186;23;137;51;118;59;65;116;43;42,8550153938971441800,0.055609,4
LNS_with_search_intra:edges_start:random,64,71088,22780,48308,0,1,22;18;108;159;193;41;42;43;116;65;59;118;115;139;46;68;140;93;117;0;143;183;89;23;137;51;151;162;133;176;80;79;63;121;100;26;97;101;1;152;94;124;148;9;62;144;14;49;178;106;165;39;95;7;164;58;27;90;81;196;40;185;52;55;57;129;92;179;145;78;31;56;113;175;171;16;25;44;120;2;75;86;53;180;154;135;70;127;123;112;4;84;35;184;177;54;48;160;34;146,6466835849873777973,0.058031,3
LNS_with_search_intra:edges_start:random,65,70098,21987,48111,0,2,162;133;151;51;118;59;115;46;68;140;93;117;0;143;183;89;23;137;176;80;79;63;94;124;148;9;62;144;14;102;49;178;106;52;55;185;40;165;90;81;196;157;31;56;113;175;171;16;44;25;78;145;179;57;92;129;120;2;152;97;1;101;75;86;26;100;121;53;180;154;135;70;127;123;112;4;84;35;184;177;54;48;160;34;181;146;22;18;108;69;159;193;41;139;5;42;43;116;65;149,8639723950897977243,0.054894,2
LNS_with_search_intra:edges_start:random,66,70510,22831,47679,0,0,27;90;81;196;157;31;113;175;171;16;25;44;120;2;129;92;78;145;179;57;55;52;167;148;124;94;152;97;1;101;75;86;26;100;53;180;154;135;70;127;112;4;190;10;177;54;184;160;34;181;42;43;116;65;131;149;123;162;133;79;63;80;176;51;151;59;118;115;46;68;139;41;193;159;22;18;108;140;93;117;0;143;183;89;23;137;186;114;15;9;62;144;14;49;178;106;185;40;119;165,3689313663961803579,0.043212,1
LNS_with_search_intra:edges_start:random,67,70444,22638,47806,0,1,51;176;80;79;133;151;162;123;127;70;135;154;180;63;94;124;167;178;106;52;55;57;92;129;2;152;1;97;26;100;53;86;101;75;120;44;25;16;171;175;113;56;31;78;145;179;196;81;90;165;40;185;138;14;144;49;102;62;9;148;137;23;89;183;143;117;0;46;139;68;93;140;108;69;18;22;146;159;193;41;115;5;42;181;34;160;48;54;177;10;190;4;112;84;184;43;116;65;59;118,5084023177448251756,0.042698,2
LNS_with_search_intra:edges_start:random,68,70578,22776,47802,0,0,175;171;16;78;145;179;92;25;44;120;75;101;1;97;26;100;86;53;180;154;70;135;133;151;162;123;127;112;4;84;35;184;177;54;48;160;34;181;42;43;116;65;59;118;115;46;68;139;41;193;159;146;22;18;108;140;93;117;0;143;183;89;23;137;176;80;79;63;94;124;152;2;129;57;55;52;106;178;49;102;148;9;62;144;14;21;7;164;95;27;90;165;185;40;81;196;157;31;56;113,5640677165010506118,0.044514,4
LNS_with_search_intra:edges_start:random,69,71216,23322,47894,0,0,145;179;196;81;90;165;40;185;138;14;144;62;9;15;114;186;23;89;183;143;117;0;137;148;102;49;178;106;52;55;57;92;129;152;124;94;63;79;80;176;51;151;133;162;123;149;59;65;116;43;42;181;159;193;41;139;115;46;68;93;140;108;18;22;146;34;160;48;54;177;184;35;84;4;112;127;70;135;154;180;53;121;100;26;86;75;101;97;1;2;120;44;25;16;171;175;113;56;31;78,3237104970208882991,0.053306,3
LNS_with_search_intra:edges_start:random,70,71083,22616,48467,0,3,70;154;180;53;121;100;26;86;75;101;1;97;152;2;120;44;25;78;16;171;175;113;56;31;157;196;81;90;27;164;95;39;165;119;40;185;179;145;92;129;57;55;52;106;178;3;14;144;49;102;62;9;148;124;94;63;79;80;176;137;23;89;183;143;117;0;46;139;108;18;22;146;181;159;193;41;115;116;65;43;42;160;34;48;54;177;184;35;84;4;112;127;123;162;59;118;51;151;133;135,7206021566345096747,0.039938,2
LNS_with_search_intra:edges_start:random,71,70833,22950,47883,0,0,183;143;0;117;93;140;68;46;115;139;41;193;159;69;108;18;22;146;34;160;181;42;43;184;48;54;177;10;190;4;112;127;123;149;65;116;59;118;51;151;133;162;135;70;154;180;53;121;100;26;86;101;75;120;44;25;78;16;171;175;113;56;31;157;145;179;185;40;196;81;90;165;138;14;144;62;9;148;102;49;178;106;52;55;57;92;129;2;1;97;152;124;94;63;79;80;176;137;23;89,178163887145817917,0.046421,3
LNS_with_search_intra:edges_start:random,72,70114,22475,47639,0,0,159;193;41;139;115;46;68;0;137;23;186;89;183;143;117;93;140;108;69;18;22;146;34;160;48;54;177;10;190;184;35;84;4;112;127;123;162;151;133;135;70;154;180;53;121;100;26;86;75;101;1;97;152;2;120;44;25;16;171;175;113;56;31;78;145;179;92;129;57;55;52;185;40;196;81;90;165;106;178;49;14;144;102;62;9;148;124;94;63;79;80;176;51;118;59;65;116;43;42;181,8346330333929667691,0.035027,2
LNS_with_search_intra:edges_start:random,73,71503,24489,47014,0,2,59;118;46;68;93;140;108;18;22;159;193;41;139;115;42;181;34;160;48;54;177;10;190;4;112;84;184;43;116;65;149;123;127;70;135;154;180;53;63;79;94;26;97;1;101;86;75;120;44;25;16;171;175;113;31;157;196;81;40;185;165;90;27;164;7;21;144;14;49;178;106;52;55;57;92;145;78;129;2;152;167;148;9;62;15;114;186;23;89;183;143;117;0;137;176;80;51;151;133;162,6584192882600786363,0.048304,3
LNS_with_search_intra:edges_start:random,74,70565,22479,48086,0,0,123;127;70;135;154;180;53;121;100;26;86;75;120;44;25;145;78;16;171;175;113;56;31;157;196;81;90;165;40;185;138;14;144;102;49;178;106;52;55;57;92;129;2;101;1;97;152;124;94;63;79;133;162;151;51;80;176;137;148;9;62;15;114;186;23;89;183;143;0;117;93;140;108;18;139;68;46;115;118;59;65;116;43;42;41;193;159;22;146;181;34;160;48;54;177;184;35;84;4;112,4241080831852255686,0.076231,4
LNS_with_search_intra:edges_start:random,75,70272,23031,47241,0,3,162;123;149;131;65;116;43;42;181;34;160;48;54;177;184;84;4;112;127;70;135;154;180;53;100;26;86;75;101;1;97;152;2;120;44;25;129;92;57;55;52;178;106;185;165;40;196;179;145;78;16;171;175;113;31;157;81;90;27;164;7;21;144;14;49;102;62;9;15;148;124;94;63;79;80;176;137;23;89;183;143;0;117;93;140;108;18;22;159;193;41;115;139;68;46;118;59;51;151;133,6035511186248764838,0.033639,1
LNS_with_search_intra:edges_start:random,76,71316,23481,47835,0,2,186;89;183;143;0;117;93;140;68;46;118;59;65;116;43;115;139;41;193;159;108;18;22;146;181;42;160;34;54;177;184;84;4;112;123;127;70;135;162;151;133;180;154;53;100;26;86;101;1;97;152;2;75;120;44;25;16;171;175;113;31;157;196;81;90;27;164;95;39;165;40;185;179;145;78;82;129;92;57;55;52;106;178;3;49;14;144;62;9;15;148;124;94;63;79;80;176;51;137;23,5227316054851179161,0.054677,1
LNS_with_search_intra:edges_start:random,77,70404,22693,47711,0,1,106;185;40;119;165;39;95;164;27;90;81;196;179;52;55;57;129;92;145;78;31;56;113;175;171;16;25;44;120;2;1;101;75;86;100;26;97;152;124;94;80;176;51;151;162;133;79;63;53;180;154;135;70;127;123;112;4;190;10;177;54;184;160;34;181;146;22;18;108;69;159;193;41;139;115;5;42;43;116;65;59;118;46;68;140;93;117;0;143;183;89;23;137;148;9;62;144;14;49;178,2880707978368737040,0.062328,2
LNS_with_search_intra:edges_start:random,78,70272,23048,47224,0,2,140;93;117;0;143;183;89;23;137;176;80;79;63;94;124;148;9;62;102;49;14;144;21;7;164;95;27;90;165;106;178;52;55;185;40;81;196;179;57;129;92;145;78;31;56;113;175;171;16;25;44;120;2;152;97;1;101;75;86;26;100;53;180;154;135;70;127;123;112;4;190;10;177;54;48;184;160;34;146;22;159;193;41;42;43;116;65;149;162;133;151;51;118;59;115;46;68;139;18;108,8779533946055228846,0.051253,2
LNS_with_search_intra:edges_start:random,79,71569,22917,48652,0,1,193;159;146;22;18;108;139;115;46;0;117;143;183;89;23;137;186;114;15;62;9;148;124;94;121;100;26;97;152;129;92;57;55;52;106;178;49;102;144;14;138;185;40;165;39;95;7;164;58;27;90;81;196;179;145;78;31;56;113;175;171;16;25;44;120;2;1;101;75;86;53;154;180;63;79;80;176;51;118;59;162;151;133;135;70;127;123;149;65;116;43;42;184;177;54;48;160;34;181;41,6121187394220913216,0.067926,4
LNS_with_search_intra:edges_start:random,80,71997,23317,48680,0,1,2;75;86;101;1;152;97;26;100;53;94;63;79;133;180;154;135;70;127;123;149;162;151;59;65;116;43;35;184;190;10;177;54;48;160;34;181;42;41;193;159;146;22;18;108;140;93;117;143;170;0;46;68;139;115;118;109;51;80;176;137;23;183;89;186;114;15;148;9;62;102;49;144;14;3;178;106;165;90;81;196;40;185;52;55;57;129;92;179;145;31;56;113;175;171;16;78;25;44;120,3352947581891457289,0.033293,1
LNS_with_search_intra:edges_start:random,81,71446,22077,49369,0,2,154;135;70;127;123;162;151;133;79;63;80;176;51;118;59;65;116;43;42;184;177;54;48;160;34;146;22;18;159;193;41;139;115;198;46;68;140;93;117;0;143;183;89;23;137;186;114;15;9;62;144;102;49;14;3;178;106;185;40;119;165;39;95;164;27;90;81;196;157;31;113;175;171;16;25;44;120;78;145;179;92;129;57;55;52;167;37;148;124;94;152;2;75;101;1;97;26;86;53;180,2922095908830151007,0.037865,1
LNS_with_search_intra:edges_start:random,82,71045,23292,47753,0,2,57;129;92;78;145;179;185;40;165;27;90;81;196;157;31;56;113;175;171;16;25;44;120;2;75;86;100;26;101;1;97;152;124;94;121;53;180;154;70;135;63;79;80;176;51;151;133;162;123;127;112;4;190;10;177;54;48;184;43;42;181;160;34;146;22;159;41;193;18;108;140;93;68;139;115;116;65;59;118;46;0;117;143;183;89;23;137;186;114;15;148;9;62;144;14;49;178;106;52;55,2330964732952716178,0.046191,5
LNS_with_search_intra:edges_start:random,83,71887,24162,47725,0,3,108;140;93;117;143;183;89;0;46;139;115;118;59;116;65;149;123;162;151;133;80;176;137;23;186;114;15;148;9;62;102;49;14;144;21;7;164;95;27;90;165;40;81;196;157;31;56;113;175;171;16;78;145;179;185;106;178;52;55;57;92;129;25;44;120;2;1;101;75;86;26;97;152;94;79;63;53;180;154;135;70;127;112;4;84;35;184;177;54;34;160;43;42;181;146;22;159;41;193;18,4001727201468423137,0.040081,2
LNS_with_search_intra:edges_start:random,84,71197,23831,47366,0,1,145;179;196;81;40;185;165;90;27;95;164;7;21;14;178;106;52;55;57;92;129;167;148;9;62;102;49;144;15;114;186;23;89;183;143;117;0;137;124;94;63;79;133;162;151;80;176;51;118;59;65;116;43;42;115;46;68;139;41;193;159;18;22;146;181;34;160;184;54;177;10;190;4;112;123;127;70;135;154;180;53;100;26;86;75;101;1;97;152;2;120;44;25;16;171;175;113;56;31;78,5219684469206922101,0.041321,3
LNS_with_search_intra:edges_start:random,85,71017,23104,47913,0,1,176;137;23;183;89;186;114;15;148;9;62;144;14;49;3;178;106;52;55;185;40;165;90;81;196;179;145;78;31;56;113;175;171;16;25;44;120;92;57;129;2;152;97;1;101;75;86;26;100;121;53;180;154;70;135;63;94;80;79;133;151;162;123;127;112;4;84;35;184;177;54;48;160;34;181;42;41;193;159;146;22;18;108;139;68;140;93;117;143;0;46;115;43;116;65;131;149;59;118;51,1337447372648215789,0.044906,2
LNS_with_search_intra:edges_start:random,86,70783,22220,48563,0,1,94;124;148;167;52;55;57;92;129;120;44;25;145;78;16;171;175;113;56;31;157;196;81;90;165;119;40;185;106;178;3;49;14;144;102;62;9;15;114;186;137;23;89;183;143;0;117;93;140;68;46;115;139;41;193;159;18;22;146;181;42;43;160;34;48;54;177;10;190;184;131;149;65;116;59;118;51;176;80;63;79;133;151;162;123;127;70;135;154;180;53;100;26;86;101;75;2;152;1;97,6661436563860067153,0.058193,1
LNS_with_search_intra:edges_start:random,87,71664,23075,48589,0,1,175;113;56;31;78;145;179;196;81;90;27;39;165;40;185;138;14;144;15;114;186;23;89;183;143;117;0;46;139;108;18;22;146;34;54;177;48;160;181;159;193;41;96;5;42;43;184;84;4;112;149;65;116;115;59;118;51;151;133;162;123;127;70;135;154;180;53;86;75;101;1;152;97;26;100;121;94;63;79;80;176;137;148;9;62;102;49;178;106;52;55;57;92;129;2;120;44;25;16;171,7356321095511152987,0.032157,1
LNS_with_search_intra:edges_start:random,88,71161,23696,47465,0,0,179;185;40;196;81;90;165;138;14;144;15;114;186;137;23;89;183;143;0;117;93;140;108;18;159;22;146;181;42;43;65;116;41;193;139;68;46;115;59;118;51;176;80;63;79;133;151;162;149;131;35;184;160;34;54;177;10;190;4;112;123;127;70;135;154;180;53;26;86;75;101;97;1;2;152;94;124;148;9;62;102;49;178;106;52;55;57;129;92;78;120;44;25;16;171;175;113;56;31;145,6658125873192333192,0.035528,2
LNS_with_search_intra:edges_start:random,89,70463,23028,47435,0,0,18;22;146;159;193;41;42;43;184;160;181;34;48;54;177;10;190;4;112;127;123;149;65;116;59;118;51;176;80;79;133;151;162;135;70;154;180;53;63;94;124;152;1;97;26;100;86;101;75;2;120;44;25;16;171;175;113;56;31;78;145;92;129;57;55;52;179;196;81;90;27;165;40;185;106;178;49;14;144;62;9;148;15;114;186;137;23;89;183;143;117;0;46;115;139;68;93;140;108;69,2840416867672199818,0.043928,4
LNS_with_search_intra:edges_start:random,90,70266,22148,48118,0,0,5;115;46;68;139;41;193;159;146;22;18;108;140;93;117;0;143;183;89;23;137;94;152;97;1;101;2;129;92;57;55;52;106;178;49;102;148;9;62;144;14;138;185;40;165;90;81;196;157;31;56;113;175;171;16;78;145;25;44;120;75;86;26;100;53;180;154;135;70;127;123;162;151;133;79;63;122;80;176;51;118;59;149;131;65;116;43;184;84;112;4;190;10;177;54;48;160;34;181;42,3554121462507061357,0.034064,1
LNS_with_search_intra:edges_start:random,91,70526,22818,47708,0,0,116;65;149;131;35;84;4;112;127;123;162;151;133;79;63;180;135;70;154;53;121;100;26;86;75;101;1;97;152;2;120;44;25;16;171;175;113;56;31;78;145;92;129;57;179;196;81;90;165;40;185;55;52;106;178;49;14;144;62;9;148;124;94;80;176;51;118;59;115;139;68;46;0;137;23;89;183;143;117;93;140;108;69;18;22;146;159;193;41;42;181;34;160;48;54;177;10;190;184;43,5034026593474726337,0.035199,1
LNS_with_search_intra:edges_start:random,92,69781,21862,47919,0,0,135;70;127;123;35;84;112;4;190;10;177;54;48;34;160;184;42;43;116;65;149;162;133;151;51;118;59;115;46;68;139;41;193;159;146;22;18;69;108;140;93;117;0;143;183;89;186;23;137;176;80;79;63;94;124;148;9;62;144;14;49;178;106;52;55;57;129;92;78;145;179;185;40;165;90;81;196;157;31;56;113;175;171;16;25;44;120;2;152;97;1;101;75;86;26;100;121;53;180;154,8014329438297672413,0.039524,2
LNS_with_search_intra:edges_start:random,93,70969,23247,47722,0,0,22;159;18;108;140;93;117;143;0;46;139;193;41;42;43;149;65;116;115;59;118;51;151;162;133;79;80;176;137;23;183;89;186;114;15;148;9;62;144;102;49;14;178;106;165;39;95;164;27;90;81;196;40;119;185;52;55;57;129;92;179;145;78;31;113;175;171;16;25;44;120;2;75;86;101;1;97;152;94;63;53;180;154;135;70;127;123;112;4;84;35;184;190;10;177;54;48;160;34;146,8222052336079582682,0.043039,2
LNS_with_search_intra:edges_start:random,94,71290,23740,47550,0,0,44;25;16;171;175;113;56;31;78;145;92;129;57;55;52;179;196;81;90;27;164;39;165;40;185;106;178;49;14;144;62;9;148;15;114;186;89;183;23;137;176;80;51;118;59;115;46;0;143;117;93;140;68;139;108;18;22;146;159;193;41;116;65;43;42;181;34;160;48;54;177;184;35;84;4;112;127;123;162;151;133;79;94;63;135;70;154;180;53;121;100;26;97;152;1;101;86;75;2;120,7005227579479689597,0.044689,4
LNS_with_search_intra:edges_start:random,95,71245,23505,47740,0,1,181;42;43;65;116;115;41;193;159;146;22;18;108;139;46;0;117;143;183;89;23;137;186;114;15;148;9;62;102;49;178;106;138;14;144;21;7;164;95;39;165;185;40;90;81;196;157;31;113;175;171;16;78;145;179;52;55;57;92;129;25;44;120;2;152;97;1;101;75;86;100;26;94;63;79;80;176;51;118;59;162;151;133;180;53;154;135;70;127;123;112;4;84;35;184;177;54;48;160;34,147368720865541605,0.046739,4
LNS_with_search_intra:edges_start:random,96,70661,22988,47673,0,0,145;78;31;56;113;175;171;16;25;44;120;2;152;1;97;26;101;75;86;53;180;154;70;135;133;151;162;123;149;131;35;84;112;4;190;10;177;54;184;160;34;181;146;22;159;193;41;42;43;116;65;59;118;115;139;18;108;140;93;68;46;0;117;143;183;89;23;137;176;80;79;63;94;124;148;9;62;102;49;14;144;21;7;164;95;39;165;90;81;196;40;185;106;178;52;55;57;129;92;179,1796590972783835408,0.043256,3
LNS_with_search_intra:edges_start:random,97,69886,22417,47469,0,0,177;54;48;34;146;22;18;108;159;193;41;139;115;46;68;140;93;117;0;143;183;89;23;137;186;114;15;148;9;62;102;49;144;14;3;178;106;52;55;185;40;165;90;81;196;179;145;78;31;56;113;175;171;16;25;44;120;92;57;129;2;75;101;86;100;26;97;1;152;94;80;176;51;118;59;162;151;133;79;63;53;180;154;135;70;127;123;149;65;116;43;42;181;160;184;84;112;4;190;10,3113569877801265475,0.069605,4
LNS_with_search_intra:edges_start:random,98,71421,23898,47523,0,0,84;184;43;116;65;149;123;127;70;135;154;180;53;100;26;86;101;75;120;44;25;78;16;171;175;113;31;157;81;196;145;92;57;129;2;1;97;152;124;94;63;79;80;133;151;162;59;118;51;176;137;148;167;55;52;185;40;90;165;106;178;49;14;144;62;9;15;114;186;23;89;183;143;117;0;46;115;139;68;93;140;108;69;18;22;146;159;193;41;42;181;34;160;48;54;177;10;190;4;112,3958939011126851223,0.042257,2
LNS_with_search_intra:edges_start:random,99,71847,24016,47831,0,1,49;178;106;52;55;185;165;40;196;78;145;179;57;92;129;120;44;25;16;171;175;113;31;81;90;27;95;164;7;21;14;144;15;114;186;23;137;176;80;63;79;133;151;162;149;65;116;43;42;41;193;139;115;59;118;46;68;0;89;183;143;117;93;140;108;18;22;146;34;160;48;54;177;184;35;84;4;112;123;127;70;135;154;180;53;100;26;97;1;101;86;75;2;152;94;124;148;9;62;102,3089928410172350959,0.037104,2
LNS_with_search_intra:edges_start:random,100,70402,23159,47243,0,1,184;160;181;42;43;116;65;149;123;127;70;135;133;151;162;59;118;51;176;80;79;63;94;180;154;53;100;26;97;152;2;1;101;86;75;120;44;25;16;171;175;113;56;31;78;145;179;92;129;57;55;52;178;106;185;165;40;196;81;90;27;95;164;7;21;144;14;49;102;62;9;148;137;23;89;183;143;0;117;93;140;68;46;115;139;41;193;159;18;22;146;34;48;54;177;10;190;4;112;84,5967066366999115354,0.048043,4
LNS_with_search_intra:edges_start:random,101,70756,23167,47589,0,1,184;35;84;4;112;123;127;70;135;154;180;53;26;86;75;101;1;97;152;2;129;92;57;55;52;178;106;179;145;78;120;44;25;16;171;175;113;31;157;196;81;40;185;165;90;27;95;164;7;21;144;14;49;102;62;9;148;124;94;63;79;133;162;151;51;80;176;137;23;89;183;143;0;117;93;140;68;46;139;193;41;115;118;59;149;131;65;116;43;42;181;159;18;22;146;34;160;48;54;177,6482267297071901547,0.052302,2
LNS_with_search_intra:edges_start:random,102,70318,22423,47895,0,0,137;176;80;94;124;148;9;62;144;102;49;14;178;106;165;90;81;196;40;185;52;55;57;129;92;179;145;78;31;56;113;175;171;16;25;44;120;2;152;97;1;101;75;86;26;100;121;53;158;154;180;63;79;133;151;51;118;59;116;65;131;149;162;135;70;127;123;112;4;190;10;177;54;48;34;160;184;43;42;181;146;22;18;108;69;159;193;41;139;115;46;68;140;93;117;0;143;183;89;23,8241800291313186346,0.053191,4
LNS_with_search_intra:edges_start:random,103,70232,22133,48099,0,0,34;160;48;54;177;184;35;84;4;112;123;127;70;135;154;180;53;121;100;26;86;75;101;1;97;152;2;120;44;25;16;171;175;113;56;31;78;145;179;92;129;57;55;52;185;40;196;81;90;27;39;165;106;178;14;49;102;144;62;9;148;124;94;63;79;133;162;151;51;80;176;137;23;186;89;183;143;117;0;46;68;139;115;118;59;149;65;116;43;42;5;41;193;159;69;108;18;22;146;181,1716096260359407148,0.079999,4
LNS_with_search_intra:edges_start:random,104,71428,23256,48172,0,2,176;137;23;183;89;186;114;15;144;14;21;7;164;95;27;90;165;40;185;55;52;106;178;49;102;62;9;148;124;94;152;97;1;2;129;92;57;179;145;31;56;113;175;171;16;78;25;44;120;75;101;86;26;100;53;154;70;135;180;63;79;133;151;162;123;149;65;116;43;42;184;84;112;4;190;10;177;54;48;160;34;146;22;18;159;193;41;139;68;140;93;117;143;0;46;115;59;118;51;80,6318852509795833077,0.050776,5
LNS_with_search_intra:edges_start:random,105,70448,23081,47367,0,2,116;43;42;181;34;160;48;54;177;184;35;84;4;112;127;70;135;154;180;53;86;101;75;120;44;25;16;171;175;113;56;31;157;196;81;40;185;165;90;27;95;164;7;21;14;144;62;9;148;49;178;106;52;55;57;92;179;145;78;129;2;152;1;97;26;100;94;63;79;80;176;137;23;89;183;143;0;117;93;140;108;18;22;146;159;193;41;139;68;46;115;59;118;51;151;133;162;123;149;65,8835784646418356088,0.049529,2
LNS_with_search_intra:edges_start:random,106,70735,22866,47869,0,0,18;22;146;181;34;160;48;54;177;184;35;84;4;112;123;127;70;135;162;133;151;59;65;116;43;42;115;118;51;176;80;79;63;180;154;53;121;100;26;86;75;101;1;97;152;94;124;148;9;62;102;49;178;106;52;55;57;92;129;2;120;44;25;16;171;175;113;56;31;78;145;179;196;81;90;40;185;165;138;14;144;15;114;186;137;23;89;183;143;0;117;93;140;68;46;139;41;193;159;108,621984706429763314,0.049890,3
LNS_with_search_intra:edges_start:random,107,70617,22512,48105,0,1,92;179;145;78;31;56;113;175;171;16;25;44;120;2;75;101;1;152;97;26;100;86;53;180;154;135;70;127;123;149;131;112;4;84;184;177;54;48;160;34;146;22;159;193;41;42;43;116;65;59;118;115;46;68;139;18;108;140;93;117;0;143;183;89;23;137;176;80;51;151;162;133;79;63;94;124;148;9;62;144;14;49;178;106;165;39;95;7;164;58;27;90;81;196;40;185;52;55;57;129,1969072416334001124,0.042482,2
LNS_with_search_intra:edges_start:random,108,71752,23117,48635,0,1,143;117;93;140;68;139;69;108;18;22;146;34;48;54;177;184;160;181;159;193;41;42;43;116;65;149;162;123;127;70;135;154;180;53;63;94;124;148;167;152;97;1;101;26;100;121;86;75;2;129;92;57;55;52;179;145;78;120;44;25;16;171;175;113;56;31;157;196;81;90;27;165;40;185;106;178;49;14;144;62;9;15;114;186;89;183;23;137;176;80;79;133;151;51;118;59;115;198;46;0,8187300703113147763,0.035393,1
LNS_with_search_intra:edges_start:random,109,70751,23112,47639,0,2,171;16;78;145;25;44;120;2;129;92;57;55;52;106;178;49;102;62;9;148;124;94;152;1;97;26;100;101;75;86;53;180;154;135;70;127;123;112;4;84;184;177;54;48;160;34;181;41;193;159;22;18;108;140;93;117;143;0;46;139;115;42;43;116;65;149;59;118;51;151;162;133;79;63;80;176;137;23;183;89;186;15;144;14;21;7;164;95;39;165;185;40;119;90;81;196;157;31;113;175,3734363193823624803,0.059870,2
LNS_with_search_intra:edges_start:random,110,70756,22900,47856,0,0,144;14;49;178;106;52;55;185;40;165;90;81;196;179;145;31;56;113;175;171;16;78;25;44;120;82;92;57;129;2;152;97;1;101;75;86;26;100;121;53;180;154;135;70;127;123;162;59;118;51;151;133;79;63;94;80;176;137;46;68;139;41;193;159;181;42;5;115;116;65;43;184;84;112;4;190;10;177;54;48;160;34;146;22;18;108;140;93;117;0;143;183;89;23;186;114;15;148;9;62,2799907905520988825,0.060939,6
LNS_with_search_intra:edges_start:random,111,70039,22726,47313,0,1,78;145;179;92;129;57;55;52;178;106;185;165;40;196;81;90;27;95;164;7;21;14;49;102;144;62;9;148;124;94;63;79;133;162;151;51;80;176;137;23;89;183;143;117;0;46;115;118;59;65;116;43;42;181;159;193;41;139;68;93;140;108;18;22;146;34;160;48;54;177;184;35;84;4;112;123;127;70;135;154;180;53;100;26;86;75;101;1;97;152;2;120;44;25;16;171;175;113;56;31,4675376667556623490,0.081513,3
LNS_with_search_intra:edges_start:random,112,70893,23458,47435,0,0,31;78;145;179;92;57;55;52;185;165;40;196;81;90;27;95;164;7;21;144;14;138;106;178;49;102;62;9;148;137;23;186;89;183;143;0;117;93;140;68;46;115;139;41;193;159;18;22;146;181;42;160;34;48;54;177;184;35;84;4;112;127;123;149;131;43;116;65;59;118;51;176;80;94;63;79;133;151;162;135;70;154;180;53;86;26;97;152;1;101;75;2;129;120;44;25;16;171;175;113,6846664056920044847,0.034699,2
LNS_with_search_intra:edges_start:random,113,70700,23061,47639,0,1,180;53;63;94;124;152;97;1;101;86;75;2;120;44;25;16;171;175;113;56;31;78;145;179;92;129;57;55;52;185;40;196;81;90;27;164;7;95;39;165;106;178;49;14;144;62;9;148;15;114;186;23;89;183;143;117;0;137;176;80;79;133;162;151;51;118;59;65;116;43;42;181;159;193;41;139;115;46;68;93;140;108;18;22;146;34;160;48;54;177;184;35;84;4;112;123;127;70;135;154,2341241531277651869,0.040969,3
LNS_with_search_intra:edges_start:random,114,71125,23931,47194,0,1,18;139;41;193;159;22;146;34;181;42;43;116;65;149;131;184;160;48;54;177;10;190;4;112;123;127;70;135;154;180;53;86;26;97;1;101;75;120;44;25;16;171;175;113;56;31;78;145;179;185;165;40;196;81;90;27;95;164;7;21;14;144;62;9;148;102;49;178;106;52;55;57;92;129;2;152;124;94;63;79;133;162;151;80;176;137;51;118;59;115;46;68;0;89;183;143;117;93;140;108,2097233368162029169,0.036887,2
LNS_with_search_intra:edges_start:random,115,71022,22965,48057,0,1,139;41;193;159;18;22;146;34;160;48;54;177;10;190;4;112;84;184;42;43;116;65;149;123;162;151;133;79;63;94;180;135;70;154;53;100;26;86;75;101;1;97;152;2;120;44;25;145;78;16;171;175;113;56;31;157;196;81;90;27;164;95;39;165;40;185;179;92;129;57;55;52;106;178;49;14;144;62;9;148;15;114;186;89;183;23;137;176;80;51;118;59;115;46;0;143;117;93;140;68,6910419735290213209,0.043336,4
LNS_with_search_intra:edges_start:random,116,70676,22694,47982,0,1,164;7;21;144;14;49;102;62;9;148;15;186;23;137;176;80;63;79;133;162;151;51;118;59;65;116;43;42;41;193;139;115;46;68;0;183;143;117;93;140;108;18;22;146;181;34;160;48;54;177;10;190;4;112;84;184;131;149;123;127;70;135;154;180;53;94;152;97;26;100;86;75;101;1;2;120;44;25;16;171;175;113;31;78;145;179;92;129;57;55;52;178;3;106;185;40;119;165;90;27,3995653717620299418,0.032441,1
LNS_with_search_intra:edges_start:random,117,72104,24577,47527,0,2,112;84;184;149;123;127;70;135;154;180;158;53;63;100;26;86;101;75;120;44;25;78;16;171;175;113;31;196;81;40;185;165;90;27;95;164;7;21;14;144;62;9;49;178;106;52;55;57;145;92;129;2;1;97;152;94;124;148;15;114;186;23;137;176;80;79;133;162;151;51;46;68;0;183;143;117;93;140;108;18;22;159;193;41;139;115;59;65;116;43;42;181;34;160;48;54;177;10;190;4,757472579633052239,0.033386,1
LNS_with_search_intra:edges_start:random,118,70338,22779,47559,0,0,108;140;93;117;0;143;183;89;23;137;148;167;124;94;152;2;129;92;57;55;52;106;178;49;102;9;62;144;14;138;185;40;165;90;81;196;179;145;78;31;56;113;175;171;16;25;44;120;75;101;1;97;26;100;86;53;154;180;63;79;80;176;51;118;59;162;151;133;135;70;127;123;149;131;65;116;115;46;68;139;193;41;42;43;184;84;112;4;190;10;177;54;48;160;34;181;146;22;159;18,7780940767934818337,0.034050,1
LNS_with_search_intra:edges_start:random,119,71972,24065,47907,0,1,5;42;43;184;177;54;48;160;34;181;41;193;159;146;22;18;108;69;139;68;93;117;0;143;183;89;23;137;186;15;9;62;144;14;138;185;40;165;27;90;81;196;179;145;78;31;113;175;171;16;25;44;120;75;101;86;26;97;1;152;2;129;92;57;55;52;106;178;49;148;124;94;121;53;154;180;63;79;133;162;123;135;70;127;112;4;84;35;131;149;65;116;59;151;80;176;51;118;46;115,8702870994346953564,0.033294,1
LNS_with_search_intra:edges_start:random,120,71347,22576,48771,0,1,53;121;100;26;86;75;101;1;97;152;2;120;44;25;82;129;92;57;179;145;78;16;171;175;113;56;31;157;196;81;90;27;58;164;7;95;39;165;40;185;55;52;106;178;49;14;144;62;9;148;137;23;89;183;143;117;0;46;115;139;68;93;140;108;18;22;146;34;48;54;177;184;160;181;159;193;41;42;43;116;65;131;149;123;127;70;135;162;151;59;118;51;176;80;94;63;79;133;180;154,2840940884494386270,0.057411,2
LNS_with_search_intra:edges_start:random,121,71192,23938,47254,0,2,97;152;2;75;86;53;180;154;135;70;127;123;112;4;190;10;177;54;184;160;34;181;42;43;116;65;149;162;151;133;80;176;51;118;59;115;46;68;139;41;193;159;22;18;108;140;93;117;0;143;183;89;23;137;15;144;21;7;164;95;27;90;165;40;81;196;157;31;113;175;171;16;25;44;120;129;92;78;145;179;57;55;52;185;106;178;3;14;49;102;62;9;148;124;94;79;63;26;101;1,5696936527455223659,0.061709,2
LNS_with_search_intra:edges_start:random,122,70116,22118,47998,0,2,101;75;86;26;100;121;53;180;154;135;70;127;123;112;4;190;10;177;54;48;184;160;34;146;22;18;69;108;140;93;117;0;143;183;89;186;23;137;46;68;139;115;41;193;159;181;42;43;116;65;59;118;51;176;80;151;162;133;79;63;94;124;148;9;62;102;49;144;14;3;178;106;185;40;165;90;81;196;179;145;78;31;56;113;175;171;16;25;44;120;82;92;57;52;55;129;2;152;97;1,6133019051134046484,0.042224,2
LNS_with_search_intra:edges_start:random,123,70441,22615,47826,0,1,95;164;7;21;144;14;49;102;62;9;148;124;94;63;79;133;162;151;51;80;176;137;23;186;89;183;143;0;117;93;140;68;46;139;108;18;22;146;159;193;41;181;34;160;42;5;115;118;59;65;116;43;184;54;177;10;190;4;112;123;127;70;135;154;180;53;121;100;26;97;152;1;101;86;75;2;120;44;25;16;171;175;113;56;31;78;145;179;92;129;57;55;52;178;106;185;40;165;90;27,4045235008010248754,0.042469,2
LNS_with_search_intra:edges_start:random,124,71007,22988,48019,0,0,115;46;68;139;41;193;159;108;18;22;146;181;34;160;48;54;177;184;84;4;112;35;43;42;116;65;149;123;127;70;135;154;180;53;121;100;26;86;75;101;1;97;152;94;124;148;9;62;102;49;178;106;52;55;57;179;92;129;2;120;44;25;145;78;16;171;175;113;56;31;157;196;81;90;165;40;185;138;14;144;15;114;186;23;89;183;143;117;0;137;176;80;63;79;133;162;151;51;118;59,8114020405309486461,0.036505,2
LNS_with_search_intra:edges_start:random,125,70305,21990,48315,0,2,52;106;178;49;14;144;62;9;148;124;94;63;79;133;162;151;80;176;51;118;59;65;116;43;42;5;115;46;137;23;186;89;183;143;0;117;93;140;68;139;41;193;159;69;108;18;22;146;181;34;160;48;54;177;184;35;84;4;112;123;127;70;135;154;180;53;121;100;26;97;152;1;101;86;75;2;120;44;25;82;129;92;57;179;145;78;16;171;175;113;56;31;157;196;81;90;165;40;185;55,78277280777864126,0.056550,5
LNS_with_search_intra:edges_start:random,126,70924,23567,47357,0,1,65;116;43;42;181;159;193;41;139;115;46;68;0;89;183;143;117;93;140;108;18;22;146;34;160;48;54;177;10;190;4;112;84;184;149;123;127;70;135;154;180;63;94;53;26;86;75;101;1;97;152;2;120;44;25;78;16;171;175;113;31;145;179;92;129;57;55;52;178;106;185;40;165;90;27;95;164;7;21;14;49;102;144;62;9;148;15;114;186;23;137;176;80;79;133;162;151;51;118;59,7646463720026223893,0.074973,6
LNS_with_search_intra:edges_start:random,127,71588,23659,47929,0,1,42;184;177;54;48;160;34;181;146;22;159;41;193;18;108;140;93;68;139;115;46;0;117;143;183;89;23;186;114;15;62;9;148;137;176;80;94;124;152;2;129;92;57;55;52;106;178;49;14;144;21;7;164;95;27;90;165;40;185;179;145;196;81;157;31;56;113;175;171;16;78;25;44;120;75;86;101;1;97;26;100;121;53;154;180;63;79;133;135;70;127;123;162;151;51;118;59;65;116;43,750776378596451639,0.055662,4
LNS_with_search_intra:edges_start:random,128,70839,22285,48554,0,0,92;179;145;78;129;167;148;124;94;63;79;80;133;151;162;123;149;131;65;116;43;42;5;115;59;118;51;176;137;23;89;183;143;117;0;46;139;41;193;159;69;108;18;22;146;181;34;160;48;54;177;184;35;84;4;112;127;70;135;154;180;53;121;100;26;86;75;101;1;97;152;2;120;44;25;16;171;175;113;56;31;157;196;81;90;165;40;185;138;14;144;62;9;102;49;178;106;52;55;57,5617224990250283984,0.040836,3
LNS_with_search_intra:edges_start:random,129,70057,21679,48378,0,1,86;75;101;1;97;152;2;120;44;25;82;129;92;57;179;145;78;16;171;175;113;56;31;157;196;81;90;165;119;40;185;55;52;106;178;49;14;144;62;9;148;124;94;63;79;80;176;137;23;89;183;143;0;117;93;140;68;46;139;108;18;22;146;34;160;48;54;177;184;84;4;112;131;149;65;116;43;5;42;181;159;193;41;115;59;118;51;151;133;162;123;127;70;135;154;180;53;121;100;26,2744932642765364276,0.043864,2
LNS_with_search_intra:edges_start:random,130,71114,23314,47800,0,1,119;40;185;55;52;106;178;49;14;144;62;9;15;114;186;89;183;23;137;148;124;94;63;79;80;176;51;118;46;0;143;117;93;140;68;139;115;116;65;59;151;133;162;123;149;43;42;181;41;193;159;108;18;22;146;34;160;48;54;177;184;35;84;4;112;127;70;135;154;180;53;100;26;86;75;101;1;97;152;2;129;92;57;179;145;78;120;44;25;16;171;175;113;56;31;157;196;81;90;165,1815754094276761515,0.038439,2
LNS_with_search_intra:edges_start:random,131,70341,22637,47704,0,0,18;22;146;34;160;48;54;177;10;190;4;112;84;184;43;42;181;159;193;41;139;68;46;115;116;65;59;118;51;151;162;123;127;70;135;154;180;53;63;79;133;80;176;94;152;97;26;100;86;75;101;1;2;120;44;25;16;171;175;113;56;31;78;145;92;129;57;55;52;196;81;90;27;164;95;39;165;40;185;106;178;3;14;144;49;102;62;9;148;137;23;89;183;143;0;117;93;140;108;69,1941022226641699523,0.055858,5
LNS_with_search_intra:edges_start:random,132,70744,22555,48189,0,1,9;62;102;49;14;144;15;114;186;23;89;183;143;117;0;46;68;139;41;193;159;69;108;18;22;146;181;34;160;48;54;177;184;35;84;4;112;127;123;149;65;116;43;42;5;115;59;118;51;137;176;80;63;79;133;151;162;135;70;154;180;53;121;100;26;97;1;101;86;75;120;44;25;145;78;16;171;175;113;56;31;157;196;81;90;165;40;185;106;178;52;55;57;92;129;2;152;94;124;148,6848838653517945557,0.064195,3
LNS_with_search_intra:edges_start:random,133,70762,22774,47988,0,0,94;63;121;100;26;97;152;2;1;101;75;86;53;180;154;135;70;127;123;112;4;190;10;177;54;48;160;184;43;65;116;42;41;193;159;181;34;146;22;18;108;140;93;117;143;0;46;139;115;59;118;51;151;162;133;79;80;176;137;23;183;89;186;114;15;144;14;138;185;40;165;90;81;196;157;31;56;113;175;171;16;25;44;120;78;145;179;92;129;57;55;52;106;178;49;102;62;9;148;124,5796106046416524974,0.059942,7
LNS_with_search_intra:edges_start:random,134,71062,23436,47626,0,1,90;165;138;14;49;102;144;62;9;148;15;114;186;23;89;183;143;117;0;137;176;51;151;133;162;123;149;65;43;42;116;59;118;46;68;139;115;41;193;159;69;108;18;22;146;181;34;160;48;54;177;10;184;35;84;4;112;127;70;135;154;180;53;63;79;80;94;124;152;97;1;101;26;100;86;75;2;120;44;25;16;171;175;113;56;31;78;145;179;92;129;57;55;52;178;106;185;40;196;81,5694533859324891820,0.044618,2
LNS_with_search_intra:edges_start:random,135,70751,23083,47668,0,0,92;57;179;145;78;16;171;175;113;31;157;196;81;90;27;164;95;39;165;40;185;55;52;106;178;49;14;144;62;9;148;15;114;186;23;89;183;143;117;0;137;176;80;94;63;79;133;162;151;51;118;59;115;46;68;139;41;193;159;69;108;18;22;146;181;34;160;48;54;177;184;42;43;116;65;149;35;84;4;112;123;127;70;135;154;180;53;100;26;86;75;101;1;97;152;2;120;44;25;129,3239650226520687938,0.065660,7
LNS_with_search_intra:edges_start:random,136,70704,22972,47732,0,1,1;152;97;26;100;53;94;63;79;80;176;51;151;162;133;180;154;135;70;127;123;112;4;84;35;184;177;54;48;160;34;181;42;43;116;65;59;118;115;46;139;41;193;159;146;22;18;69;108;140;93;117;0;143;183;89;23;137;148;9;62;102;49;14;144;21;7;164;95;27;90;81;196;145;78;31;56;113;175;171;16;25;44;120;82;92;179;185;40;165;106;178;52;55;57;129;2;75;86;101,3426854605280370638,0.051709,4
LNS_with_search_intra:edges_start:random,137,71458,23645,47813,0,2,123;127;112;4;190;10;177;54;184;160;34;181;146;22;18;108;159;193;41;139;68;46;115;42;43;116;65;59;118;51;80;176;137;0;117;143;183;89;23;186;114;15;9;62;144;102;49;14;21;7;164;95;27;90;165;40;185;106;178;52;55;167;148;124;94;152;2;129;92;57;179;145;78;31;56;113;175;171;16;25;44;120;75;86;101;1;97;26;100;121;53;70;135;154;180;63;79;133;151;162,5869743073708039115,0.050965,3
LNS_with_search_intra:edges_start:random,138,71525,23803,47722,0,0,49;14;144;62;9;15;114;186;23;89;183;143;117;0;137;51;118;59;162;123;149;65;116;43;42;41;193;139;115;46;68;93;140;108;18;159;22;146;181;34;160;184;54;177;10;190;4;112;127;70;135;133;151;176;80;79;63;180;154;53;121;189;94;124;148;167;52;55;57;92;129;2;152;1;97;26;100;86;101;75;120;44;25;16;171;175;113;56;31;78;145;179;196;81;90;165;40;185;106;178,3017729372617917752,0.049313,3
LNS_with_search_intra:edges_start:random,139,70485,22555,47930,0,1,18;22;146;195;159;193;41;181;34;160;48;54;30;177;10;190;4;112;123;127;70;135;154;180;53;63;94;26;100;86;75;101;1;97;152;2;129;57;92;120;44;25;16;171;175;113;56;31;78;145;179;196;81;90;165;40;185;55;52;106;178;14;144;49;102;62;9;148;15;186;89;183;23;137;176;80;79;133;151;162;149;131;35;184;42;43;116;65;59;118;115;139;68;46;0;143;117;93;140;108,7226202261543782233,0.037766,1
LNS_with_search_intra:edges_start:random,140,70606,22683,47923,0,1,183;89;23;137;176;80;79;63;94;124;148;9;62;102;144;14;21;7;164;95;27;90;165;40;185;106;178;49;52;55;57;129;92;179;145;78;31;56;113;175;171;16;25;44;120;2;152;97;1;101;75;86;26;100;121;53;180;154;70;135;162;133;151;51;118;59;115;46;68;139;41;42;43;116;65;149;123;127;112;4;84;35;184;177;54;48;160;34;181;146;22;159;193;18;108;140;93;117;0;143,3658445988946221820,0.036762,2
LNS_with_search_intra:edges_start:random,141,70243,22068,48175,0,3,46;118;59;51;176;80;63;79;133;151;162;149;65;116;43;42;181;34;160;48;54;177;184;35;84;4;112;123;127;70;135;154;180;53;121;100;26;86;75;101;1;97;94;152;2;129;92;57;179;145;78;120;44;25;16;171;175;113;56;31;157;196;81;90;27;165;40;185;55;52;106;178;3;14;144;49;102;62;9;148;137;23;89;183;143;0;117;93;140;108;69;18;22;146;159;193;41;115;139;68,6766012889613201439,0.037680,2
LNS_with_search_intra:edges_start:random,142,70732,23160,47572,0,0,34;48;54;177;10;190;4;112;127;123;162;151;133;79;63;135;70;154;180;53;121;100;26;86;75;101;1;97;152;94;124;148;167;52;55;57;92;129;2;120;44;25;16;171;175;113;56;31;78;145;179;196;81;90;165;40;185;106;178;49;102;14;144;62;9;15;114;186;89;183;23;137;176;80;51;118;59;65;116;43;184;160;181;42;41;193;139;115;46;68;0;143;117;93;140;108;18;159;22;146,8833441648735282568,0.045526,4
LNS_with_search_intra:edges_start:random,143,70965,24221,46744,0,1,18;22;146;159;193;41;181;34;54;177;10;190;4;112;123;127;70;135;154;180;53;26;94;124;152;97;1;101;86;75;2;120;129;92;145;78;25;44;16;171;175;113;31;157;81;196;179;57;55;52;178;106;185;40;165;90;27;164;7;21;144;14;49;102;62;9;148;15;186;89;183;23;137;176;80;63;79;133;162;151;51;118;59;149;65;116;43;184;160;42;115;139;68;46;0;143;117;93;140;108,6704282570255511449,0.039443,2
LNS_with_search_intra:edges_start:random,144,70977,22903,48074,0,1,106;185;40;165;27;90;81;196;157;31;56;113;175;171;16;25;44;120;78;145;179;52;55;57;92;129;2;152;97;1;101;75;86;26;100;121;53;180;154;70;127;135;63;94;80;79;133;151;162;123;112;4;84;35;184;177;54;48;160;34;181;146;22;159;41;193;18;108;140;93;117;143;0;46;68;139;115;5;42;43;116;65;59;118;51;176;137;183;89;23;186;114;15;148;9;62;144;14;49;178,19107631036748359,0.052314,2
LNS_with_search_intra:edges_start:random,145,70738,23144,47594,0,2,115;118;59;65;116;43;42;181;34;160;48;54;177;184;84;4;112;123;162;151;51;176;80;63;79;133;135;70;154;180;53;100;26;97;1;101;86;75;2;152;94;124;148;9;62;102;49;178;106;52;55;57;129;120;44;25;92;179;145;78;16;171;175;113;31;157;196;81;40;185;165;90;27;95;164;7;21;14;144;15;114;186;137;23;89;183;143;0;117;93;140;108;18;22;159;193;41;139;68;46,1641189425848571796,0.055109,3
LNS_with_search_intra:edges_start:random,146,70156,22056,48100,0,0,183;89;23;137;176;80;79;63;94;124;152;2;129;92;57;55;52;106;178;49;102;148;9;62;144;14;138;165;185;40;90;81;196;157;31;56;113;175;171;16;78;145;25;44;120;75;86;101;1;97;26;100;121;53;180;154;135;70;127;123;162;133;151;51;118;59;65;116;43;184;35;84;112;4;190;10;177;54;48;160;34;146;22;18;108;159;193;41;181;42;5;115;139;46;68;140;93;117;0;143,1256798018410040236,0.040507,3
LNS_with_search_intra:edges_start:random,147,70276,22594,47682,0,1,184;160;34;146;22;18;108;69;139;41;193;159;181;42;43;116;65;59;118;115;46;68;140;93;117;0;143;183;89;23;137;176;80;51;151;162;133;79;63;94;124;152;97;1;2;129;92;57;55;52;167;148;9;62;144;14;49;178;106;185;40;165;90;81;196;179;145;78;31;56;113;175;171;16;25;44;120;75;101;86;26;100;121;53;180;154;135;70;127;123;149;131;35;84;112;4;190;10;177;54,4846420320522835847,0.040486,3
LNS_with_search_intra:edges_start:random,148,71291,23487,47804,0,1,18;108;139;46;0;117;143;183;89;23;137;186;114;15;144;14;21;7;164;95;27;90;165;185;40;81;196;157;31;113;175;171;16;78;145;25;44;120;82;129;92;57;55;52;106;178;49;102;62;9;148;167;124;94;97;1;152;2;75;101;86;26;53;180;154;135;70;127;112;4;84;35;184;177;54;48;160;34;181;42;43;116;65;149;123;162;151;133;79;63;80;176;51;118;59;115;41;193;159;22,7548995565035900339,0.033792,1
LNS_with_search_intra:edges_start:random,149,70650,22888,47762,0,1,80;176;51;118;59;65;116;43;42;184;177;54;48;160;34;181;146;22;18;108;159;193;41;139;115;46;68;140;93;117;0;143;183;89;23;137;186;114;15;144;14;21;7;164;95;27;90;81;196;40;165;185;106;178;49;102;62;9;148;124;94;152;97;1;2;129;92;57;55;52;179;145;78;31;56;113;175;171;16;25;44;120;75;101;86;26;100;121;53;180;154;135;70;127;123;162;151;133;79;63,3474463975015943497,0.050132,5
LNS_with_search_intra:edges_start:random,150,71112,22942,48170,0,1,178;106;165;40;185;52;55;57;92;129;2;1;97;152;124;94;63;79;80;133;162;151;51;176;137;23;89;183;143;0;117;93;140;108;69;18;22;146;159;193;41;181;34;160;48;54;177;184;43;42;5;115;139;68;46;118;59;116;65;149;123;127;70;135;154;180;53;121;100;26;86;101;75;120;44;25;145;78;16;171;175;113;56;31;157;196;81;90;27;95;164;7;21;14;144;62;9;148;102;49,3280190370524955145,0.041322,3
LNS_with_search_intra:edges_start:random,151,70804,23481,47323,0,1,53;121;100;26;97;1;101;86;75;120;44;25;145;78;16;171;175;113;56;31;157;196;81;40;185;165;90;27;95;164;7;21;14;144;62;9;148;102;49;178;106;52;55;57;92;129;2;152;94;80;176;137;23;89;183;143;0;117;93;140;108;18;159;22;146;181;34;160;184;54;177;10;190;4;112;127;70;135;123;149;65;116;43;42;41;193;139;68;46;115;59;118;51;151;162;133;79;63;180;154,7819760407462914040,0.044073,3
LNS_with_search_intra:edges_start:random,152,69990,22253,47737,0,0,177;54;48;184;42;43;116;65;149;123;162;133;151;51;118;59;115;46;68;139;41;193;159;181;160;34;146;22;18;69;108;140;93;117;0;143;183;89;23;137;176;80;79;63;94;124;167;148;9;62;102;49;144;14;138;165;90;81;196;40;185;106;178;52;55;57;129;92;179;145;78;31;56;113;175;171;16;25;44;120;2;152;97;1;101;75;86;26;100;121;53;180;154;135;70;127;112;4;190;10,7217959121438282943,0.040913,3
LNS_with_search_intra:edges_start:random,153,69851,22080,47771,0,2,178;49;14;144;62;9;148;124;94;63;79;133;162;151;51;80;176;137;23;89;183;143;0;117;93;140;108;69;18;159;22;146;181;34;160;48;54;177;10;190;4;112;84;35;184;43;42;5;41;193;139;68;46;115;118;59;116;65;149;123;127;70;135;154;180;53;121;100;26;86;75;101;1;97;152;2;120;44;25;16;171;175;113;56;31;78;145;179;92;129;57;55;52;185;40;196;81;90;165;106,4715880257597531447,0.052845,5
LNS_with_search_intra:edges_start:random,154,70708,22686,48022,0,0,48;34;146;22;18;108;139;46;0;117;143;183;89;23;137;186;114;15;9;62;102;144;14;49;178;106;185;40;165;90;81;196;179;145;78;31;56;113;175;171;16;25;44;120;82;129;92;57;55;52;167;148;124;94;152;2;75;86;101;1;97;26;100;121;53;180;154;135;70;127;123;162;151;133;79;63;80;176;51;118;59;115;41;193;159;181;42;116;65;43;160;184;35;84;112;4;190;10;177;54,6845910111410099494,0.071705,3
LNS_with_search_intra:edges_start:random,155,71162,23192,47970,0,0,154;180;63;79;133;162;135;70;127;123;149;65;116;43;42;184;177;54;48;160;34;181;146;22;18;108;159;193;41;139;68;140;93;117;143;0;46;115;59;118;51;151;80;176;137;23;183;89;186;114;15;144;14;49;102;62;9;148;124;94;152;2;129;92;78;145;179;57;55;52;178;106;185;40;165;39;95;164;27;90;81;196;157;31;56;113;175;171;16;25;44;120;75;86;101;1;97;26;100;53,3724546285478259061,0.052458,4
LNS_with_search_intra:edges_start:random,156,70485,22268,48217,0,0,78;31;56;113;175;171;16;25;44;120;129;2;75;86;101;1;152;97;26;100;121;53;180;154;135;70;127;123;112;4;190;10;177;54;48;34;160;184;43;42;41;193;159;146;22;18;69;108;140;93;117;0;143;183;89;186;23;137;46;68;139;115;116;65;59;118;51;151;162;133;79;80;176;122;63;94;124;148;9;62;144;102;49;14;178;106;52;55;57;92;179;185;40;119;165;27;90;81;196;145,6078061407608858636,0.032952,1
LNS_with_search_intra:edges_start:random,157,70825,22799,48026,0,1,94;63;79;80;176;137;23;89;183;143;0;117;93;140;68;46;139;108;18;22;146;159;193;41;42;181;34;160;48;54;177;184;35;84;4;112;127;123;149;131;65;116;43;115;59;118;51;151;133;162;135;70;154;180;53;86;101;75;2;120;44;25;16;171;175;113;56;31;78;145;179;92;129;57;55;52;178;106;185;119;40;196;81;90;165;138;14;144;49;102;62;9;148;167;152;1;97;26;100;121,359532254129649703,0.040058,2
LNS_with_search_intra:edges_start:random,158,70457,22556,47901,0,0,116;43;115;59;118;51;176;80;94;63;79;133;151;162;135;70;154;180;53;121;100;26;86;75;101;1;97;152;2;120;44;25;16;171;175;113;56;31;157;196;81;90;165;40;185;179;145;78;92;129;57;55;52;106;178;49;14;144;62;9;148;15;114;186;137;23;89;183;143;0;117;93;140;68;46;139;41;193;159;69;108;18;22;146;34;181;42;160;48;54;177;184;35;84;4;112;127;123;149;65,2428170609341712757,0.080934,7
LNS_with_search_intra:edges_start:random,159,72108,24051,48057,0,2,22;18;159;193;41;139;68;46;115;118;51;137;0;117;143;183;89;23;186;114;15;148;9;62;144;14;49;178;106;52;55;185;40;165;39;95;7;164;58;27;90;81;196;157;31;56;113;175;171;16;78;145;179;57;92;129;25;44;120;2;152;1;101;75;86;26;97;94;53;154;70;135;180;63;79;80;176;133;151;162;59;116;65;149;123;127;112;4;190;10;177;54;48;160;184;43;42;181;34;146,5797299378632256577,0.053187,3
LNS_with_search_intra:edges_start:random,160,71108,23474,47634,0,1,49;102;148;9;62;144;14;21;7;164;95;27;90;81;196;157;31;56;113;175;171;16;78;145;179;25;44;120;75;101;1;97;26;100;86;53;180;154;70;135;133;151;162;123;127;112;4;84;35;184;177;54;48;160;34;181;146;22;159;18;108;140;93;117;0;143;183;89;23;137;46;115;139;193;41;42;43;116;65;59;118;51;176;80;79;63;94;124;152;2;129;92;57;55;52;185;40;165;106;178,6895463774459359799,0.074225,6
LNS_with_search_intra:edges_start:random,161,70618,22745,47873,0,0,162;149;131;65;59;118;51;80;176;137;148;9;62;102;49;178;106;52;55;57;92;129;2;120;44;25;16;171;175;113;56;31;78;145;179;196;81;90;165;40;185;138;14;144;15;114;186;23;89;183;143;0;117;93;140;68;46;139;115;116;43;184;42;5;41;193;159;18;22;146;181;34;160;48;54;177;10;190;4;112;123;127;70;135;154;180;53;100;26;86;75;101;1;97;152;94;63;79;133;151,3170152889660771640,0.052683,4
LNS_with_search_intra:edges_start:random,162,70476,22598,47878,0,0,70;135;154;180;53;86;100;26;97;1;101;75;120;44;25;16;171;175;113;56;31;78;145;179;196;81;90;27;39;165;40;185;106;178;14;49;102;144;62;9;148;167;52;55;57;92;129;2;152;124;94;63;79;133;162;123;149;65;116;43;42;5;41;139;68;46;115;59;118;51;151;80;176;137;23;89;183;143;0;117;93;140;108;18;193;159;22;146;181;34;160;48;54;177;184;35;84;4;112;127,8260535913431114116,0.054787,5
LNS_with_search_intra:edges_start:random,163,69646,22210,47436,0,1,165;90;81;196;179;57;129;92;145;78;31;56;113;175;171;16;25;44;120;2;1;101;75;86;53;100;26;97;152;124;94;63;180;154;135;70;127;123;162;151;133;79;80;176;51;118;59;115;46;68;139;41;193;159;181;42;43;116;65;149;131;184;84;112;4;190;10;177;54;48;160;34;146;22;18;69;108;140;93;117;0;143;183;89;186;23;137;148;9;62;102;144;14;49;178;106;52;55;185;40,6380007722893919318,0.080962,5
LNS_with_search_intra:edges_start:random,164,71530,23589,47941,0,4,90;81;196;179;145;157;31;56;113;175;171;16;78;25;44;120;129;92;57;55;52;106;178;49;102;148;167;152;2;1;101;75;86;100;26;97;94;176;80;79;63;53;180;154;70;135;162;133;151;51;118;59;65;116;42;43;131;149;123;127;112;4;84;35;184;177;54;48;160;34;181;146;22;18;108;159;193;41;139;115;46;68;117;0;143;183;89;23;137;186;114;15;9;62;144;14;138;185;40;165,5287861050851368862,0.045970,3
LNS_with_search_intra:edges_start:random,165,70650,22717,47933,0,2,178;14;49;102;144;62;9;148;124;94;80;176;137;23;89;183;143;0;117;93;140;68;46;115;139;41;193;159;69;108;18;22;146;181;34;160;48;54;177;10;190;4;112;127;70;135;123;149;131;35;184;42;43;116;65;59;118;51;151;162;133;79;63;180;154;53;121;100;26;97;152;1;101;86;75;2;120;44;25;129;92;145;78;31;16;171;175;113;56;157;196;81;90;165;40;185;57;55;52;106,1363076636577012485,0.052243,2
LNS_with_search_intra:edges_start:random,166,70856,22426,48430,0,1,148;9;62;102;49;144;14;138;3;178;106;185;40;165;39;95;7;164;27;90;81;196;179;145;78;31;56;113;175;171;16;25;44;120;2;129;92;57;55;52;167;124;94;63;121;100;26;97;152;1;101;75;86;53;180;154;135;70;127;123;162;151;133;79;80;176;51;118;59;65;116;43;42;184;177;54;48;160;34;181;41;193;159;146;22;18;108;139;115;46;68;140;93;117;0;143;183;89;23;137,4649701611221042459,0.037986,2
LNS_with_search_intra:edges_start:random,167,71140,23316,47824,0,6,120;44;25;16;171;175;113;56;31;157;196;81;90;165;40;185;138;14;144;15;114;186;23;89;183;143;117;0;137;51;118;59;115;139;46;68;93;140;108;18;22;146;159;193;41;42;43;116;65;149;131;184;160;34;54;177;10;190;4;112;123;127;70;135;154;180;53;86;75;101;1;2;152;97;26;100;63;79;133;162;151;176;80;94;124;148;9;62;102;49;178;106;52;55;57;129;92;179;145;78,5162699914267723618,0.036492,2
LNS_with_search_intra:edges_start:random,168,71371,23137,48234,0,0,133;151;162;123;127;70;135;154;180;53;63;94;97;26;100;86;75;101;1;152;2;120;44;25;16;171;175;113;56;31;157;78;145;179;92;129;57;55;52;178;106;185;165;119;40;196;81;90;27;95;164;7;21;144;14;49;102;62;9;148;15;114;186;23;89;183;143;117;0;46;139;108;18;22;146;34;48;54;177;184;160;181;159;193;41;5;42;43;131;149;65;116;115;59;118;51;137;176;80;79,5567033920668905606,0.037971,2
LNS_with_search_intra:edges_start:random,169,70389,23084,47305,0,2,159;146;22;18;108;140;93;117;0;143;183;89;23;137;176;80;51;118;59;115;46;139;193;41;42;43;116;65;149;162;151;133;79;63;94;124;148;9;62;102;49;14;144;21;7;164;27;90;165;185;119;40;81;196;157;31;56;113;175;171;16;44;25;78;145;179;106;178;52;55;57;92;129;120;2;75;86;101;1;152;97;26;53;180;154;135;70;127;123;112;4;190;10;177;54;48;184;160;34;181,2493649354718728298,0.037737,1
LNS_with_search_intra:edges_start:random,170,70511,22826,47685,0,1,148;124;94;63;79;80;176;137;23;89;183;143;0;117;93;140;108;69;18;22;146;34;160;48;54;177;184;43;65;116;42;181;159;193;41;139;68;46;115;59;118;51;151;133;162;123;112;127;70;135;154;180;53;121;100;26;86;75;101;1;97;152;2;120;44;25;16;171;175;113;56;31;78;145;179;92;129;57;55;52;185;165;40;196;81;90;27;95;164;7;21;144;14;138;106;178;49;102;62;9,1617601442826197492,0.045555,3
LNS_with_search_intra:edges_start:random,171,70804,23134,47670,0,0,43;131;149;123;162;151;133;135;70;154;180;53;63;79;80;94;124;152;97;1;101;26;86;75;2;120;44;25;16;171;175;113;56;31;78;145;179;92;129;57;55;52;178;106;185;40;196;81;90;165;138;14;49;102;144;62;9;148;15;114;186;89;183;23;137;176;51;118;59;65;116;115;41;193;159;139;68;46;0;143;117;93;140;108;18;22;146;34;48;54;177;10;190;4;112;84;184;160;181;42,8900250593707318860,0.056654,4
LNS_with_search_intra:edges_start:random,172,70156,22331,47825,0,0,65;116;43;42;5;41;193;139;68;46;115;59;118;51;176;80;79;133;151;162;135;70;154;180;53;63;94;124;152;1;97;26;100;86;101;75;2;120;44;25;16;171;175;113;56;31;78;145;179;92;129;57;55;52;178;106;185;40;196;81;90;165;138;14;49;102;144;62;9;148;137;23;186;89;183;143;0;117;93;140;108;69;18;159;22;146;181;34;160;48;54;177;184;35;84;4;112;127;123;149,2469638298603182963,0.054944,3
LNS_with_search_intra:edges_start:random,173,71578,23147,48431,0,2,34;160;48;54;177;184;35;131;149;151;133;162;123;127;70;135;154;180;53;63;79;80;176;94;124;148;167;52;55;57;92;129;2;152;1;97;26;86;101;75;120;44;25;78;145;31;16;171;175;113;56;157;196;81;90;27;39;165;40;185;106;178;14;49;102;144;62;9;15;114;186;89;183;23;137;51;118;59;65;116;43;42;181;159;193;41;139;115;46;68;0;143;117;93;140;108;69;18;22;146,3021409774340421264,0.046123,2
LNS_with_search_intra:edges_start:random,174,70115,22682,47433,0,2,65;43;42;41;193;159;69;108;18;22;146;181;34;160;184;48;54;177;10;190;4;112;123;127;70;135;154;180;53;121;100;26;86;75;101;1;97;152;2;120;44;25;16;171;175;113;56;31;78;145;179;92;129;57;55;52;178;106;185;165;40;196;81;90;27;95;164;7;21;14;49;102;144;62;9;148;124;94;63;79;133;151;162;59;118;51;80;176;137;23;89;183;143;117;0;46;68;139;115;116,8565781820733961622,0.039549,2
LNS_with_search_intra:edges_start:random,175,71045,23814,47231,0,1,95;27;90;165;185;40;81;196;157;31;56;113;175;171;16;25;44;75;101;1;97;26;100;86;53;180;154;135;70;127;123;112;4;190;10;177;54;184;43;116;65;59;118;46;115;42;181;160;34;146;22;18;108;159;193;41;139;68;140;93;117;0;143;183;89;23;137;176;80;51;151;162;133;79;63;94;124;152;2;120;78;145;179;92;129;57;55;52;106;178;49;102;148;9;62;144;14;21;7;164,6930786398569693060,0.036540,2
LNS_with_search_intra:edges_start:random,176,70775,22886,47889,0,1,49;178;106;52;55;185;40;165;39;95;7;164;58;27;90;81;196;157;31;56;113;175;171;16;78;145;179;57;92;129;25;44;120;2;75;101;86;26;97;1;152;124;94;63;79;80;176;51;118;59;162;151;133;180;53;154;135;70;127;123;112;4;190;10;177;54;48;34;160;184;43;65;116;42;181;146;22;18;108;159;193;41;139;115;46;68;140;93;117;0;143;183;89;23;137;148;9;62;144;14,4646207976506688880,0.049185,4
LNS_with_search_intra:edges_start:random,177,70074,22317,47757,0,2,113;175;171;16;25;44;120;78;145;179;57;92;129;2;75;86;100;26;101;1;97;152;124;94;80;176;51;151;162;133;79;63;53;180;154;135;70;127;123;112;4;190;10;177;54;48;160;184;42;43;116;65;59;118;115;46;68;139;41;193;159;181;34;146;22;18;108;140;93;117;0;143;183;89;23;137;186;114;15;148;9;62;102;49;144;14;3;178;106;52;55;185;40;165;90;81;196;157;31;56,5929866666191986294,0.043555,3
LNS_with_search_intra:edges_start:random,178,70396,22534,47862,0,0,31;78;145;179;57;92;129;2;1;97;152;94;124;148;9;62;102;49;178;106;52;55;185;40;196;81;90;165;138;14;144;15;114;186;137;23;89;183;143;0;117;93;140;68;46;139;115;42;41;193;159;108;18;22;146;34;160;48;54;177;10;190;4;112;84;184;43;116;65;59;118;51;176;80;63;79;133;151;162;123;127;70;135;154;180;53;121;100;26;86;101;75;120;44;25;16;171;175;113;56,422098036043156203,0.047028,4
LNS_with_search_intra:edges_start:random,179,70876,23000,47876,0,1,42;181;159;18;22;146;34;160;48;54;177;10;190;184;35;84;4;112;123;149;43;116;65;59;118;51;137;176;80;94;63;79;133;151;162;135;70;154;180;53;100;26;97;152;1;101;86;75;2;120;44;25;16;171;175;113;31;78;145;179;92;129;57;55;52;178;106;185;40;165;90;27;95;164;7;21;144;14;49;102;62;9;148;15;114;186;23;89;183;143;0;117;93;140;68;46;115;139;193;41,196512709712500573,0.050144,3
LNS_with_search_intra:edges_start:random,180,71071,22467,48604,0,0,86;75;101;1;97;152;2;120;44;25;82;129;92;57;179;145;78;16;171;175;113;56;31;157;196;81;90;165;119;40;185;55;52;106;178;49;14;144;62;9;148;15;114;186;89;183;23;137;124;94;63;79;80;176;51;151;133;162;59;118;46;68;0;143;117;93;140;108;18;22;146;34;181;159;193;41;139;115;116;65;43;42;160;48;54;177;184;35;131;149;123;127;70;135;154;180;53;121;100;26,8132035751671617947,0.041592,2
LNS_with_search_intra:edges_start:random,181,71051,23174,47877,0,0,106;185;40;90;165;138;14;49;102;144;62;9;148;124;94;137;176;80;79;133;162;151;51;118;59;115;46;0;89;183;143;117;93;140;68;139;41;193;159;69;108;18;22;146;181;34;160;48;54;177;10;190;4;112;84;35;184;42;43;116;65;149;123;127;70;135;154;180;63;53;100;26;86;75;101;1;97;152;2;120;44;25;16;171;175;113;56;31;157;81;196;179;145;78;92;129;57;55;52;178,3133901790478898487,0.047498,4
LNS_with_search_intra:edges_start:random,182,70056,22241,47815,0,1,16;171;175;113;56;31;78;145;179;196;81;90;27;39;165;40;185;106;178;49;14;144;62;9;148;167;52;55;57;92;129;2;101;1;97;152;124;94;63;79;133;80;176;137;23;89;183;143;0;117;93;140;108;69;18;22;146;159;193;41;139;68;46;115;59;118;51;151;162;149;131;65;116;43;42;181;34;160;184;54;177;10;190;4;112;123;127;70;135;154;180;53;121;100;26;86;75;120;44;25,1236332900289311148,0.040477,2
LNS_with_search_intra:edges_start:random,183,70806,23337,47469,0,2,151;162;127;70;135;154;180;53;63;94;124;152;97;1;101;86;75;2;120;44;25;16;171;175;113;56;31;157;81;196;179;145;78;92;129;57;55;52;178;106;185;40;165;90;27;95;164;7;21;144;14;49;102;62;9;148;137;23;89;183;143;0;117;93;140;68;46;115;139;41;193;159;108;18;22;146;181;42;43;160;34;48;54;177;184;35;84;4;112;123;149;65;116;59;118;51;176;80;79;133,1066618012455830901,0.045854,2
LNS_with_search_intra:edges_start:random,184,70790,23082,47708,0,1,52;178;106;185;119;40;196;81;90;165;138;14;49;102;144;62;9;148;15;114;186;23;89;183;143;117;0;137;176;80;51;59;118;46;68;93;140;108;69;18;22;146;159;193;41;139;115;116;65;43;42;181;34;160;184;48;54;177;10;190;4;112;123;127;70;135;162;151;133;79;63;94;180;154;53;86;100;26;97;152;1;101;75;2;120;44;25;16;171;175;113;56;31;78;145;179;92;129;57;55,3836973791740587537,0.062769,2
LNS_with_search_intra:edges_start:random,185,70393,22957,47436,0,2,86;26;100;53;180;154;135;70;127;123;112;4;190;10;177;54;48;160;184;43;116;65;149;162;133;151;51;59;118;46;115;5;42;181;34;146;22;18;108;69;159;193;41;139;68;140;93;117;0;143;183;89;23;137;176;80;79;63;94;124;148;9;62;144;14;49;178;106;165;39;95;164;27;90;81;196;40;185;52;55;57;129;92;179;145;78;31;113;175;171;16;25;44;120;2;152;97;1;101;75,7463098870616868807,0.039201,1
LNS_with_search_intra:edges_start:random,186,70371,22704,47667,0,0,101;75;86;26;100;121;53;154;180;63;79;80;176;51;118;59;162;151;133;135;70;127;123;112;4;190;10;177;54;48;160;184;43;65;116;42;181;34;146;22;159;193;41;115;46;68;139;18;108;140;93;117;0;143;183;89;23;137;186;114;15;144;14;138;185;40;165;90;81;196;179;145;78;31;56;113;175;171;16;25;44;120;2;129;92;57;55;52;106;178;49;102;62;9;148;124;94;152;97;1,7449546134164942327,0.041352,3
LNS_with_search_intra:edges_start:random,187,70237,22817,47420,0,1,18;139;41;193;159;22;146;34;160;181;42;43;116;65;149;131;184;48;54;177;10;190;4;112;123;127;70;135;154;180;53;63;94;124;152;97;1;101;26;100;86;75;2;120;44;25;16;171;175;113;56;31;78;145;196;81;90;27;165;40;185;179;92;129;57;55;52;106;178;49;14;144;62;9;148;15;114;186;89;183;23;137;176;80;79;133;162;151;51;118;59;115;46;68;0;143;117;93;140;108,6091960037705351968,0.055080,3
LNS_with_search_intra:edges_start:random,188,71198,23433,47765,0,1,55;57;129;92;179;145;78;31;56;113;175;171;16;25;44;120;2;1;101;75;86;53;100;26;97;152;124;94;63;79;133;180;154;135;70;127;123;112;4;190;10;177;54;48;160;184;43;65;116;42;181;34;146;22;159;41;193;18;108;140;93;117;143;183;89;0;46;139;115;59;118;51;162;151;80;176;137;23;186;114;15;148;9;62;102;49;14;144;21;7;164;95;27;90;165;40;185;106;178;52,9212519635740154237,0.051025,3
LNS_with_search_intra:edges_start:random,189,70470,22886,47584,0,3,183;89;23;137;186;114;15;148;9;62;144;14;49;178;106;52;55;185;40;165;39;95;164;27;90;81;196;157;31;113;175;171;16;78;145;179;57;92;129;25;44;120;2;152;97;1;101;75;86;100;26;94;80;176;51;118;59;162;151;133;79;63;53;180;154;135;70;127;123;112;4;190;10;177;54;184;131;149;65;116;43;42;181;160;34;146;22;18;159;193;41;139;115;46;68;140;93;117;0;143,8038467239874131620,0.067462,3
LNS_with_search_intra:edges_start:random,190,71545,23139,48406,0,0,63;180;154;53;86;75;2;152;97;1;101;26;100;121;94;124;148;102;49;178;106;52;55;57;92;129;120;44;25;145;78;16;171;175;113;56;31;157;196;81;90;27;164;95;39;165;40;185;138;14;144;62;9;15;114;186;137;23;89;183;143;0;117;93;140;108;18;139;68;46;115;41;193;159;22;146;181;34;160;48;54;177;184;42;43;116;65;59;149;123;127;70;135;162;133;151;51;176;80;79,129007219162144738,0.039535,3
LNS_with_search_intra:edges_start:random,191,71200,23859,47341,0,0,101;1;152;97;26;86;53;154;70;135;180;94;63;79;133;162;151;80;176;51;118;59;115;42;43;116;65;149;123;127;112;4;84;35;184;177;54;48;160;34;181;146;22;18;108;159;193;41;139;46;68;140;93;117;0;143;183;89;23;137;148;9;62;102;49;14;144;21;7;164;95;27;90;81;196;157;31;56;113;175;171;16;78;145;179;40;165;185;106;178;52;55;57;92;129;25;44;120;2;75,7944310181707334885,0.057641,6
LNS_with_search_intra:edges_start:random,192,70876,23356,47520,0,0,162;133;80;176;137;23;183;89;186;15;62;9;148;167;106;178;49;102;144;14;138;165;90;81;196;40;185;52;55;57;129;92;179;145;78;31;56;113;175;171;16;25;44;120;2;1;97;152;94;79;63;100;26;101;75;86;53;180;154;135;70;127;123;149;65;116;43;42;184;35;84;112;4;190;10;177;54;48;160;34;181;146;22;159;41;193;18;108;140;93;117;143;0;46;139;115;59;118;51;151,5495075252744174316,0.071782,4
LNS_with_search_intra:edges_start:random,193,72002,24146,47856,0,1,42;181;160;48;177;54;34;146;22;18;108;69;159;193;41;139;115;46;68;117;0;143;183;89;23;186;114;15;9;62;102;49;14;144;21;7;164;95;27;90;165;185;40;81;196;179;145;78;31;56;113;175;171;16;25;44;120;75;86;101;1;97;26;100;53;154;180;94;124;152;2;129;92;57;55;52;106;178;167;148;137;176;80;63;79;133;151;162;135;70;127;123;112;4;84;184;43;65;59;116,3711528236392828022,0.043109,4
LNS_with_search_intra:edges_start:random,194,71356,22859,48497,0,1,44;120;82;129;92;57;55;52;106;178;3;167;152;2;75;86;101;1;97;26;100;121;53;180;154;135;70;127;123;112;4;190;10;177;54;184;160;34;181;42;5;41;193;159;146;22;18;108;140;93;117;143;183;89;23;137;0;46;139;115;43;116;65;149;59;118;51;151;162;133;176;80;79;63;94;124;148;9;62;102;49;144;14;138;185;40;165;90;81;196;157;31;56;113;175;171;16;78;145;25,1844085320193515155,0.035426,1
LNS_with_search_intra:edges_start:random,195,71130,23583,47547,0,3,93;140;108;18;22;146;34;54;177;160;42;181;159;193;41;139;68;46;115;116;65;149;131;43;184;35;84;4;112;127;123;162;151;59;118;51;176;80;79;133;135;70;154;180;53;63;94;124;152;97;1;101;26;100;86;75;2;129;57;92;120;44;25;16;171;175;113;56;31;78;145;179;196;81;90;27;164;7;95;39;165;40;185;55;52;106;178;49;14;144;62;9;148;137;23;89;183;143;0;117,8836959321842530053,0.035644,1
LNS_with_search_intra:edges_start:random,196,71218,23845,47373,0,1,186;15;148;9;62;144;21;7;164;95;27;90;81;113;175;171;16;31;196;185;40;165;138;14;49;178;106;52;55;57;129;92;179;145;78;25;44;120;2;75;101;86;100;26;97;1;152;94;121;53;180;154;135;70;127;123;112;4;190;10;177;54;184;160;34;181;146;22;159;41;193;18;108;140;93;117;143;0;46;139;115;5;42;43;116;65;59;118;51;151;162;133;79;63;80;176;137;23;183;89,8002464530560927232,0.042969,2
LNS_with_search_intra:edges_start:random,197,71262,23295,47967,0,2,53;180;63;79;133;151;162;154;135;70;127;123;112;4;190;10;177;54;48;184;160;34;181;41;193;159;146;22;18;108;140;93;117;143;0;46;139;115;5;42;43;116;65;59;118;51;80;176;137;23;183;89;186;114;15;9;62;102;49;144;14;3;178;106;52;55;185;40;165;90;81;196;157;31;113;175;171;16;44;25;78;145;179;57;92;129;120;2;75;101;1;152;167;148;124;94;97;26;100;86,3570418259986432580,0.044175,2
LNS_with_search_intra:edges_start:random,198,70476,22625,47851,0,1,181;146;22;18;108;69;159;193;41;139;115;46;68;140;93;117;0;143;183;89;23;137;176;80;51;118;59;116;65;149;162;151;133;79;63;94;100;26;97;101;1;152;2;129;78;145;179;92;57;55;52;106;178;167;148;9;62;102;49;144;14;138;185;40;119;165;90;81;196;157;31;56;113;175;171;16;25;44;120;75;86;53;180;154;135;70;127;123;112;4;190;10;177;54;48;34;160;184;43;42,280330389232682027,0.044528,2
LNS_with_search_intra:edges_start:random,199,70348,22978,47370,0,1,7;164;95;27;90;81;196;40;165;185;106;178;52;55;57;129;92;179;145;78;31;56;113;175;171;16;25;44;120;2;152;97;1;101;75;86;100;26;94;80;133;79;63;53;180;154;135;70;127;123;162;151;51;118;59;65;116;43;42;184;35;84;112;4;190;10;177;54;48;160;34;181;146;22;18;159;193;41;139;115;46;68;140;93;117;0;143;183;89;23;137;176;148;9;62;102;49;14;144;21,8069612030486795150,0.040590,2
LNS_no_search_intra:edges_start:random,0,77321,29418,47903,0,0,176;80;97;1;101;26;100;53;65;116;43;42;181;146;22;159;41;59;151;63;152;2;129;92;57;179;145;78;31;113;175;171;16;25;44;120;75;86;180;154;135;70;127;112;4;190;10;177;54;34;160;184;35;149;123;162;133;79;94;124;167;178;106;52;55;185;40;165;90;27;71;164;7;21;14;144;62;9;148;137;46;115;139;193;18;108;140;93;117;143;183;89;114;102;49;15;186;23;0;51,4736022623854881697,0.135885,25
LNS_no_search_intra:edges_start:random,1,84565,37036,47529,0,0,176;94;152;2;120;44;16;171;175;113;56;31;25;75;86;135;123;162;53;151;59;115;139;108;18;22;146;34;160;48;54;177;184;35;84;4;112;127;70;154;100;26;101;57;40;165;185;106;178;167;80;149;65;116;43;42;181;159;193;41;46;118;51;137;9;102;14;21;7;164;71;27;90;81;196;179;92;129;79;133;180;55;52;145;78;1;97;63;148;49;62;15;89;183;143;117;0;23;186;144,4934055881498690987,0.068552,17
LNS_no_search_intra:edges_start:random,2,78018,30484,47534,0,0,53;86;75;171;175;113;56;31;25;120;2;167;148;9;144;14;138;165;185;40;90;81;196;145;78;92;129;152;94;80;118;115;41;193;139;46;68;140;93;117;0;143;183;89;23;186;124;97;26;100;180;154;135;70;127;112;4;190;10;177;54;184;43;65;59;51;176;137;15;62;102;49;178;106;52;55;57;179;16;44;101;1;63;79;133;151;116;42;181;159;69;108;18;22;146;34;160;35;123;162,1669164796074657637,0.086547,20
LNS_no_search_intra:edges_start:random,3,78916,31345,47571,0,0,183;89;114;144;14;49;102;62;9;15;186;23;0;143;117;93;140;108;18;22;146;181;42;43;116;65;59;118;51;80;94;124;148;167;55;52;185;40;196;81;90;165;106;178;57;2;44;16;171;175;113;56;31;145;179;92;1;26;180;123;112;4;190;10;177;54;48;131;149;162;151;133;79;97;120;101;53;63;152;129;78;25;75;86;154;135;70;127;35;184;160;34;159;193;41;139;115;46;176;137,863921567440387648,0.148217,24
LNS_no_search_intra:edges_start:random,4,77423,29511,47912,0,0,137;51;118;59;116;65;151;133;86;75;120;44;25;16;171;175;113;56;31;145;92;129;152;94;176;46;115;139;41;193;159;146;22;18;69;108;140;93;117;143;0;23;15;9;62;144;14;49;178;106;185;40;165;39;27;90;81;196;179;2;101;53;154;135;70;127;123;112;4;84;35;184;177;54;48;34;160;181;42;43;131;149;162;63;183;89;186;148;167;52;55;57;78;1;97;26;100;180;79;80,2280501735664667907,0.092663,19
LNS_no_search_intra:edges_start:random,5,75886,28189,47697,0,0,49;178;106;52;55;167;148;176;59;65;116;43;42;181;160;48;54;177;10;190;4;112;127;70;135;154;180;53;100;26;86;101;2;129;92;145;78;179;57;152;94;80;51;118;115;41;193;139;68;117;0;143;183;89;114;144;14;138;185;40;165;90;81;196;157;31;56;113;175;171;16;25;44;120;75;1;97;63;46;108;18;159;22;146;34;184;35;149;123;162;79;133;151;137;23;186;15;9;62;102,8854610462234739898,0.076064,20
LNS_no_search_intra:edges_start:random,6,79123,31836,47287,0,0,185;106;178;49;14;144;62;9;148;137;59;180;86;75;78;57;55;52;167;124;94;79;162;149;65;42;34;160;181;41;139;68;140;93;117;0;143;183;89;23;46;116;43;184;54;177;10;190;4;112;123;127;70;135;154;53;100;26;101;120;44;25;16;171;175;113;56;31;145;129;152;63;133;151;193;108;18;22;146;159;115;118;51;176;80;97;1;2;92;179;196;81;90;27;164;7;95;39;165;40,892189678756576449,0.078477,21
LNS_no_search_intra:edges_start:random,7,83393,36382,47011,0,0,135;70;127;123;133;79;92;145;78;31;113;175;171;16;25;44;101;26;151;118;46;68;139;43;184;84;112;4;190;10;177;54;48;34;160;181;42;59;51;80;63;1;120;2;152;94;176;148;185;49;15;186;143;0;117;93;140;108;18;22;146;159;193;41;115;116;65;149;162;180;86;75;129;57;55;52;40;165;14;9;137;144;21;7;164;71;27;90;81;196;106;178;62;183;89;23;124;97;53;154,9148198425607436627,0.091595,16
LNS_no_search_intra:edges_start:random,8,82041,33974,48067,0,0,0;117;93;140;108;18;139;118;151;180;100;26;101;120;44;25;171;175;113;31;129;2;1;97;80;176;9;62;102;49;124;94;154;135;70;127;123;149;43;42;181;146;22;159;193;41;115;51;79;53;86;75;16;157;81;196;178;14;21;7;164;71;27;90;39;165;40;185;52;55;152;63;133;162;59;65;116;184;177;54;48;160;34;46;137;148;57;92;78;145;179;106;144;15;114;186;23;89;183;143,3254791411932469289,0.085572,18
LNS_no_search_intra:edges_start:random,9,83206,35271,47935,0,0,165;39;95;164;27;90;81;196;157;31;113;175;171;16;25;44;2;152;94;63;79;133;151;162;180;53;154;135;70;127;123;112;4;84;35;184;177;54;48;160;34;181;42;43;139;46;176;80;121;26;97;1;101;86;75;120;92;57;55;52;49;40;185;106;178;148;41;193;159;22;18;108;140;93;117;143;0;137;124;129;78;145;179;167;186;23;89;183;118;59;116;65;51;15;144;62;115;9;102;14,6642614326203119781,0.094883,16
LNS_no_search_intra:edges_start:random,10,78049,30629,47420,0,0,46;68;143;183;89;23;186;114;15;57;92;78;25;44;120;75;86;133;151;59;118;51;176;80;152;1;101;63;79;9;62;49;178;106;165;90;81;196;40;185;138;14;144;102;167;97;26;100;53;180;154;135;70;127;123;112;4;190;10;177;54;48;34;146;22;18;108;140;93;117;0;137;148;52;55;179;145;16;171;175;113;56;31;129;2;94;162;149;65;116;43;42;41;193;159;181;160;184;115;139,485996281739283978,0.067976,15
LNS_no_search_intra:edges_start:random,11,84044,36561,47483,0,0,40;185;52;55;79;133;162;35;184;54;177;10;190;4;112;127;70;135;123;65;59;118;89;183;143;0;117;93;140;108;18;22;146;181;42;149;154;180;53;100;26;97;1;78;92;57;167;148;51;116;43;160;34;159;193;41;115;151;80;94;129;31;56;113;175;171;16;25;44;75;101;86;63;15;9;62;102;49;124;152;2;120;145;196;81;90;165;106;178;176;46;139;68;137;23;186;114;144;14;138,8865325112831692532,0.099771,17
LNS_no_search_intra:edges_start:random,12,75535,27257,48278,0,0,183;143;117;0;23;186;144;14;138;165;40;90;81;196;157;31;56;113;175;171;16;78;145;179;57;92;129;152;63;79;133;151;162;65;116;43;42;181;34;160;48;54;177;184;35;131;149;123;127;70;135;154;53;100;26;97;101;1;2;120;25;44;75;86;180;148;102;49;178;106;185;52;55;167;124;94;80;176;51;118;59;115;41;193;159;146;22;18;69;108;140;93;68;139;46;137;9;62;15;89,3513581516686403382,0.106734,23
LNS_no_search_intra:edges_start:random,13,88554,41080,47474,0,0,176;115;148;178;106;185;52;55;57;152;63;97;120;75;86;135;70;127;116;43;42;46;0;183;89;151;162;123;59;51;49;144;62;9;65;149;184;84;112;4;190;10;177;54;48;160;34;181;41;139;133;79;180;154;53;100;26;101;2;78;145;179;92;129;124;80;118;146;22;159;193;23;186;114;15;14;138;165;40;90;81;196;157;31;113;175;171;16;25;44;1;94;137;143;117;93;140;108;18;68,4061761694831919819,0.078220,15
LNS_no_search_intra:edges_start:random,14,81525,33927,47598,0,0,171;175;113;31;16;25;120;2;152;94;80;51;139;108;18;22;146;34;184;35;123;133;124;167;178;106;165;90;27;71;164;7;21;14;144;62;9;15;114;89;183;143;117;0;46;193;41;115;118;79;63;57;55;52;49;148;23;186;137;176;59;116;43;42;181;160;48;54;177;10;190;4;112;127;70;135;154;53;100;26;1;129;92;179;185;40;81;196;145;78;75;86;180;162;149;65;151;97;101;44,2852257786707175022,0.045360,12
LNS_no_search_intra:edges_start:random,15,77613,30275,47338,0,0,140;108;18;159;22;146;34;160;184;35;149;123;162;180;86;75;44;171;175;113;56;31;78;179;185;167;148;124;94;63;79;133;151;51;118;59;65;116;43;42;41;193;139;115;181;48;54;177;10;190;4;112;127;70;135;154;53;152;57;55;52;102;62;9;15;137;176;80;26;101;16;145;92;129;2;97;1;120;25;196;81;90;165;40;106;178;49;14;144;114;186;23;89;183;143;117;0;46;68;93,2676545751930201252,0.077772,15
LNS_no_search_intra:edges_start:random,16,77174,29645,47529,0,0,42;43;118;51;176;124;106;185;40;165;90;81;196;179;57;55;52;49;167;152;97;1;2;129;92;145;78;31;56;113;175;171;16;25;44;120;75;101;86;26;100;154;151;59;80;63;53;180;135;70;127;123;112;4;84;35;184;177;54;48;160;34;181;115;137;148;9;62;102;178;14;144;15;114;186;23;89;183;0;46;68;139;41;193;159;146;22;18;108;140;93;117;143;94;79;133;162;149;65;116,2715939796103137816,0.117414,23
LNS_no_search_intra:edges_start:random,17,79213,31431,47782,0,0,42;181;159;22;146;34;160;43;65;149;123;180;53;100;26;101;2;92;179;57;120;75;86;154;135;70;127;112;4;190;10;177;54;184;35;162;151;133;79;148;49;178;106;40;165;90;27;71;164;7;21;62;9;186;23;89;183;143;0;117;93;140;108;18;68;51;176;80;152;129;145;78;31;113;175;171;16;25;44;1;97;63;94;124;167;55;52;185;138;14;144;15;137;46;139;193;41;115;59;116,2844206399245375840,0.135600,20
LNS_no_search_intra:edges_start:random,18,81576,34530,47046,0,0,78;196;81;90;27;71;164;7;21;49;144;15;137;118;149;184;54;177;10;190;4;112;123;127;70;135;154;100;26;101;152;46;68;139;159;22;18;108;140;93;117;0;143;183;89;23;186;148;167;120;25;16;44;2;1;97;63;79;133;151;59;41;193;65;162;180;53;86;75;171;175;113;31;145;179;57;55;52;178;106;185;40;165;14;102;62;9;176;116;43;160;34;181;42;115;51;80;94;129;92,1981000580737441113,0.061669,16
LNS_no_search_intra:edges_start:random,19,77719,30338,47381,0,0,78;145;2;152;94;80;176;51;118;46;68;139;18;108;140;93;117;0;143;183;89;23;186;15;9;62;102;49;129;120;92;179;90;165;52;1;97;26;100;180;154;135;70;127;123;59;115;42;181;160;34;146;22;159;193;41;43;184;54;177;10;190;4;112;84;35;116;65;149;162;151;133;53;86;101;75;44;25;16;171;175;113;31;157;196;81;40;138;14;144;137;79;63;124;148;178;106;185;55;57,396782700782629914,0.097384,19
LNS_no_search_intra:edges_start:random,20,84456,36703,47753,0,0,120;2;152;94;101;75;44;25;16;171;175;113;56;31;157;196;81;90;165;40;185;57;1;86;180;154;135;70;127;123;162;151;133;63;92;145;179;148;115;41;159;22;146;34;181;42;116;118;186;114;15;9;62;144;14;49;178;106;52;55;97;26;100;53;79;137;23;89;183;143;0;117;93;140;108;18;69;68;46;124;129;78;80;51;193;139;43;160;48;54;177;184;84;4;112;149;65;59;176;167,7543919591290070435,0.071451,16
LNS_no_search_intra:edges_start:random,21,75251,27629,47622,0,0,18;108;68;46;151;133;79;63;97;152;2;120;1;101;26;100;53;180;162;149;65;116;139;193;41;115;118;80;94;137;176;51;59;43;42;181;34;160;48;54;177;184;35;84;4;112;123;127;70;135;154;86;75;44;25;16;171;175;113;56;31;78;145;179;92;129;57;55;52;167;148;9;62;102;49;178;106;185;40;196;81;90;165;138;14;144;15;114;186;23;89;183;143;0;117;93;140;159;146;22,7447523990787047309,0.097006,24
LNS_no_search_intra:edges_start:random,22,92377,45431,46946,0,0,116;43;184;160;34;48;54;177;10;190;4;112;127;70;154;152;2;129;31;145;179;57;148;89;183;144;14;102;15;186;23;0;46;176;115;41;193;159;22;146;181;42;118;9;62;51;59;162;26;101;53;180;123;135;63;49;137;68;139;18;108;140;93;117;143;21;7;164;71;27;90;165;185;52;55;92;120;78;113;175;171;25;44;75;1;97;94;106;79;151;133;86;16;196;81;40;178;80;149;65,4793737951184927844,0.035278,8
LNS_no_search_intra:edges_start:random,23,82249,34654,47595,0,0,193;139;115;118;80;94;129;92;78;145;179;55;52;49;21;7;164;71;27;90;81;196;157;31;113;175;171;16;25;44;2;23;183;89;137;79;180;53;100;26;152;57;40;165;102;15;186;143;0;117;93;140;108;18;22;159;42;116;65;46;151;133;63;97;1;120;75;101;86;154;135;70;127;123;112;4;84;35;184;177;54;48;160;34;181;43;149;162;9;62;144;14;185;106;178;148;176;51;59;41,7454012647435757074,0.078942,17
LNS_no_search_intra:edges_start:random,24,81900,34117,47783,0,0,43;42;181;160;34;48;54;177;184;35;123;180;53;86;75;44;152;154;135;70;127;112;162;133;79;124;55;52;178;106;185;40;196;81;90;165;138;14;144;102;49;176;51;118;65;149;63;97;1;2;120;25;31;56;113;175;171;16;101;26;100;151;59;115;68;93;140;108;69;18;22;146;159;193;41;139;46;0;117;143;23;186;15;9;62;114;183;89;137;148;167;57;92;179;145;78;129;94;80;116,7688721837809239433,0.071372,14
LNS_no_search_intra:edges_start:random,25,80355,32682,47673,0,0,27;71;164;7;21;144;62;9;15;51;118;59;65;116;43;160;177;54;34;146;22;159;139;68;46;80;94;129;92;145;78;16;25;44;120;2;1;97;79;133;151;162;115;23;186;89;183;137;176;0;143;117;93;140;108;18;193;41;5;42;184;35;84;4;112;123;127;70;135;154;86;75;101;26;63;148;102;49;14;138;165;40;185;57;152;53;180;167;178;106;52;55;179;31;171;175;113;196;81;90,1685142941086582701,0.061400,15
LNS_no_search_intra:edges_start:random,26,96495,48978,47517,0,0,84;123;154;75;86;162;193;115;118;51;80;44;16;171;175;113;56;31;97;23;15;144;55;135;149;43;42;59;100;26;1;63;79;65;116;151;129;145;92;124;176;139;41;46;9;62;102;49;14;178;106;179;78;167;148;186;89;183;180;53;101;120;25;2;152;137;0;143;117;93;140;108;18;159;22;146;181;34;160;48;54;177;10;190;4;112;127;70;94;52;185;40;165;39;90;81;196;57;133;184,1020873504889103295,0.026390,6
LNS_no_search_intra:edges_start:random,27,79505,32391,47114,0,0,152;129;78;196;81;90;27;164;39;165;40;185;106;178;49;14;144;62;9;15;23;46;68;139;159;22;146;34;160;181;42;116;65;149;133;100;26;120;2;97;1;44;75;86;154;135;70;127;123;180;53;101;25;16;171;175;113;56;31;145;92;57;55;52;167;148;186;89;183;137;63;79;51;118;115;41;193;18;108;140;93;117;143;0;176;151;162;112;4;190;10;177;54;48;184;43;59;80;94;124,7217523095650049497,0.081525,19
LNS_no_search_intra:edges_start:random,28,87058,39788,47270,0,0,80;9;62;102;14;178;106;152;26;100;180;154;135;70;127;123;112;4;84;184;177;54;48;160;181;159;22;146;34;42;43;116;151;94;57;55;52;185;176;148;49;53;133;18;108;140;93;0;137;23;186;114;15;144;21;7;164;71;27;90;165;40;81;196;78;120;75;86;162;149;65;89;183;143;117;68;193;41;59;63;79;51;118;115;139;46;129;92;145;31;113;175;171;16;25;44;2;101;1;97,209003188380465428,0.078122,17
LNS_no_search_intra:edges_start:random,29,81376,33939,47437,0,0,63;152;129;31;113;175;171;44;120;25;16;145;179;55;148;137;143;117;93;140;108;18;22;146;159;193;41;139;115;59;151;133;53;180;154;70;135;162;79;94;52;185;40;165;138;14;49;57;2;1;97;26;80;51;46;68;0;183;89;23;186;114;15;9;62;144;21;7;164;71;27;90;81;196;106;178;101;86;75;78;92;176;118;65;116;43;42;181;34;160;48;54;177;184;35;84;4;112;123;127,368847008889580627,0.053975,14
LNS_no_search_intra:edges_start:random,30,82878,35379,47499,0,0,18;22;159;41;115;59;151;133;79;63;97;1;120;75;101;94;137;44;25;16;171;175;113;31;157;196;81;40;185;57;129;2;86;180;154;135;70;127;123;184;160;34;54;177;10;190;4;112;43;42;193;139;68;46;62;9;53;100;26;152;80;162;149;65;116;118;51;176;148;49;178;106;165;90;27;71;164;7;21;14;144;114;183;89;186;167;92;78;145;179;55;52;15;23;0;143;117;93;140;108,128983730210655229,0.073776,18
LNS_no_search_intra:edges_start:random,31,76576,28791,47785,0,0,9;15;137;46;41;193;159;69;108;18;22;146;181;42;59;118;151;162;133;79;63;121;100;26;97;2;120;25;31;56;113;175;171;16;44;75;1;152;124;23;183;89;186;148;102;49;178;106;55;57;78;145;179;52;185;40;90;165;81;196;92;129;101;86;53;180;154;135;70;127;123;112;4;84;35;184;177;54;48;34;160;43;65;116;115;139;68;140;93;117;143;0;51;176;80;94;167;14;144;62,685191004638974023,0.140398,26
LNS_no_search_intra:edges_start:random,32,78503,30819,47684,0,0,185;40;90;81;196;145;78;129;2;1;97;26;100;63;79;133;151;51;118;59;65;116;42;160;43;149;162;86;101;75;120;44;25;16;171;175;113;56;31;92;57;124;80;176;148;178;106;165;52;55;94;152;123;35;184;48;54;177;10;190;4;112;127;70;135;154;180;53;167;49;102;62;9;15;186;23;137;46;115;139;41;193;159;181;34;146;22;18;108;140;93;117;0;143;183;89;114;144;14;138,178874178000713708,0.120123,25
LNS_no_search_intra:edges_start:random,33,76676,28875,47801,0,0,183;89;23;186;148;167;62;9;137;59;65;116;42;43;131;149;162;63;79;151;176;144;14;138;165;40;90;81;196;179;145;78;31;56;113;175;171;16;25;44;120;75;86;101;1;97;94;80;118;115;41;193;139;68;46;123;127;112;4;84;35;184;177;54;48;160;34;181;159;22;18;108;140;93;117;143;0;51;133;135;70;154;180;53;100;26;152;2;129;92;57;55;52;185;106;178;49;102;15;114,4434214354604203687,0.077882,15
LNS_no_search_intra:edges_start:random,34,92482,45546,46936,0,0,175;171;25;97;79;51;68;18;108;140;93;117;0;63;135;70;127;123;112;4;190;10;177;54;34;146;22;159;139;46;137;178;106;185;40;165;52;55;80;151;43;42;118;9;62;144;21;7;164;71;27;90;81;196;179;92;129;1;26;53;154;180;49;102;15;186;14;89;183;143;115;41;193;181;160;184;35;149;133;75;16;44;120;2;152;23;148;57;145;78;94;176;116;59;65;162;86;101;31;113,405164253833471670,0.061615,11
LNS_no_search_intra:edges_start:random,35,85436,37744,47692,0,0,146;22;18;108;69;159;181;42;43;79;63;26;101;44;25;31;56;113;175;171;16;145;92;129;2;97;152;178;40;165;39;90;81;196;179;57;124;133;162;116;41;193;115;137;15;9;62;102;49;14;144;114;186;23;89;183;143;0;180;117;93;140;68;46;139;118;51;80;94;78;120;75;86;53;151;59;123;127;70;135;154;100;1;55;52;185;106;148;176;65;149;112;4;84;184;177;54;48;160;34,7059868632298351961,0.045513,10
LNS_no_search_intra:edges_start:random,36,85898,38790,47108,0,0,144;62;9;148;94;180;51;117;143;0;176;80;2;25;16;171;175;113;31;157;81;196;179;57;70;127;123;112;4;190;10;177;54;48;42;193;43;116;65;151;133;86;101;75;44;97;63;79;59;41;159;22;146;34;160;184;35;149;162;26;1;120;78;145;92;129;167;137;46;68;140;108;18;139;115;118;135;154;53;152;55;52;185;49;102;15;186;23;89;183;21;7;164;27;90;165;40;106;178;14,7302887424891232723,0.068142,15
LNS_no_search_intra:edges_start:random,37,78516,30852,47664,0,0,183;114;15;9;62;144;102;49;79;80;0;143;117;93;140;108;18;139;59;118;51;137;46;115;42;43;184;35;131;149;176;94;152;2;101;26;97;1;129;57;52;106;178;14;138;185;40;165;90;81;196;179;55;133;162;123;127;112;4;190;10;177;54;48;160;34;181;146;22;159;193;41;116;65;151;63;135;70;154;180;53;86;75;120;44;25;16;171;175;113;56;31;78;145;92;167;148;186;23;89,7392608560434986462,0.083189,15
LNS_no_search_intra:edges_start:random,38,76814,29281,47533,0,0,97;26;100;53;63;80;176;51;118;115;68;140;93;117;143;137;152;2;120;101;1;129;92;179;145;78;31;56;113;175;171;16;25;44;75;86;180;154;135;70;127;123;112;4;190;10;177;54;48;181;42;46;0;183;89;114;15;144;14;138;165;90;81;196;40;185;106;178;49;102;62;9;148;186;23;139;41;193;159;108;18;22;146;34;160;184;43;116;65;59;162;151;133;79;94;124;167;52;55;57,4906130345231019788,0.144313,29
LNS_no_search_intra:edges_start:random,39,80216,32769,47447,0,0,145;120;101;1;55;52;185;138;14;49;102;144;62;9;15;186;176;151;133;100;26;97;2;78;196;81;90;165;40;106;178;167;124;94;180;63;79;149;65;116;43;42;181;160;34;146;22;159;18;108;140;93;0;148;57;92;16;25;44;75;86;53;154;135;70;127;112;4;190;10;177;54;48;184;35;123;162;137;23;89;183;143;117;68;46;139;193;41;115;59;118;51;80;152;129;171;175;113;56;31,3776505766920237,0.065455,15
LNS_no_search_intra:edges_start:random,40,84520,36971,47549,0,0,180;152;9;62;15;137;44;25;16;171;175;113;31;157;196;81;90;165;40;55;94;118;59;65;116;43;160;34;48;54;177;10;190;4;112;151;80;176;57;145;2;1;26;53;154;135;127;35;184;131;149;162;133;63;79;51;46;139;159;22;146;181;42;115;108;18;193;41;68;140;93;117;0;143;183;89;23;186;114;144;14;138;185;179;92;129;97;123;70;86;101;75;120;78;52;106;178;49;102;148,383088672634921402,0.069482,10
LNS_no_search_intra:edges_start:random,41,88846,41426,47420,0,0,176;59;51;148;49;9;186;23;143;117;93;140;108;18;22;146;159;68;46;137;62;144;14;138;165;179;145;171;175;113;56;31;78;92;57;129;152;63;79;162;123;112;4;190;10;177;54;48;184;65;0;183;89;114;15;102;178;106;185;40;90;81;196;52;55;167;115;139;94;80;118;41;193;2;120;101;26;100;180;135;154;53;133;151;116;43;160;34;181;42;149;127;70;86;75;16;25;44;1;97,6482156356544414430,0.044079,12
LNS_no_search_intra:edges_start:random,42,81462,34033,47429,0,0,65;59;118;51;94;129;31;56;113;175;171;16;25;44;101;53;124;144;62;9;148;80;151;149;131;35;184;54;177;10;190;4;112;127;70;135;154;86;75;120;92;185;40;165;90;81;196;179;57;152;63;79;133;162;123;180;100;26;97;1;2;78;145;55;52;138;14;15;186;23;89;183;143;0;46;115;41;193;139;68;137;49;178;106;167;176;117;93;140;108;18;159;22;146;34;160;181;42;43;116,2914199853020096109,0.088997,22
LNS_no_search_intra:edges_start:random,43,77751,30424,47327,0,0,176;80;133;162;149;116;41;193;159;22;18;108;140;93;117;0;143;114;15;102;49;165;90;27;164;7;21;14;144;62;9;148;167;129;78;145;92;57;152;97;180;53;86;75;120;44;25;16;171;175;113;31;157;196;81;40;185;106;178;52;55;2;1;101;26;63;79;151;46;68;139;115;43;35;84;4;112;123;127;70;135;154;94;124;23;89;183;137;59;65;184;177;54;48;160;34;181;42;118;51,218640002417717632,0.077589,15
LNS_no_search_intra:edges_start:random,44,100946,53364,47582,0,0,144;186;137;112;127;70;86;75;196;81;90;40;165;49;51;116;151;63;152;31;56;113;175;171;16;25;44;101;180;135;123;4;84;184;131;149;162;133;79;65;181;34;54;177;48;160;26;120;23;143;117;0;176;148;52;55;167;118;115;106;179;145;78;124;46;139;41;193;159;146;22;18;69;108;140;93;68;57;92;129;2;1;97;100;53;154;43;42;59;94;185;102;62;9;15;89;183;80;178;14,595857271498296168,0.022509,5
LNS_no_search_intra:edges_start:random,45,86466,38884,47582,0,0,148;9;62;176;59;42;115;118;51;80;124;92;145;2;97;26;100;121;63;151;65;116;139;68;46;23;15;144;14;49;178;135;70;154;180;53;86;75;78;137;0;143;117;93;140;108;18;159;193;41;43;149;123;35;184;160;181;22;146;34;48;54;177;10;190;4;112;127;162;133;79;94;57;179;196;81;157;31;56;113;175;171;25;120;129;55;52;106;165;90;40;185;152;1;101;44;16;183;89;186,7914127805212492271,0.071320,13
LNS_no_search_intra:edges_start:random,46,81928,34532,47396,0,0,0;143;89;114;144;14;138;165;40;90;81;196;92;129;2;101;53;154;135;70;127;112;4;190;10;177;54;184;149;162;152;55;52;185;106;178;49;102;62;9;15;186;23;183;133;86;75;44;16;171;175;113;56;31;25;120;1;26;100;180;123;160;34;181;42;43;116;65;59;151;79;63;97;94;176;46;68;137;148;167;57;179;145;78;124;80;51;118;115;139;41;193;159;146;22;18;108;140;93;117,7238750148717829266,0.070967,19
LNS_no_search_intra:edges_start:random,47,81804,34214,47590,0,0,183;89;23;186;114;15;9;62;102;49;106;55;94;133;123;35;184;54;177;10;190;4;112;127;70;135;154;53;162;65;151;79;118;139;193;41;51;80;63;100;26;97;1;129;92;78;145;179;57;52;178;14;144;21;7;164;71;27;90;165;40;185;148;176;137;152;2;44;16;171;175;113;31;25;120;75;101;86;180;149;43;159;146;22;18;108;140;93;68;59;116;181;34;160;42;115;46;0;117;143,4159614046004448233,0.086069,18
LNS_no_search_intra:edges_start:random,48,75431,27738,47693,0,0,180;154;135;70;127;112;4;190;10;177;54;48;34;181;160;184;35;123;162;133;79;94;152;44;25;16;171;175;113;56;31;157;196;81;90;165;40;185;106;178;138;14;144;102;49;148;176;137;0;117;143;183;89;23;186;114;15;9;62;52;55;57;92;179;145;120;75;86;53;100;26;101;2;78;129;1;97;63;80;51;118;59;115;41;193;159;146;22;18;108;140;93;68;46;139;42;43;116;65;151,6837854078210398295,0.096162,24
LNS_no_search_intra:edges_start:random,49,90316,43080,47236,0,0,100;26;97;1;129;145;81;196;179;57;167;148;186;89;183;143;0;117;93;140;68;193;41;59;133;101;78;92;124;176;80;94;152;2;120;25;31;56;113;175;171;16;44;75;86;53;162;151;127;123;149;65;43;42;116;79;49;165;90;40;14;144;15;137;115;159;22;139;46;23;9;62;102;178;106;51;118;34;48;54;177;10;190;4;112;84;184;160;181;146;18;108;135;70;154;55;185;52;63;180,2393845530849655641,0.048084,10
LNS_no_search_intra:edges_start:random,50,79106,31789,47317,0,0,180;79;80;176;0;117;143;183;89;23;186;114;15;144;14;49;102;62;9;178;106;185;40;165;90;81;196;179;92;129;2;1;97;26;100;133;123;35;184;54;177;10;190;4;112;127;70;135;154;53;86;101;75;25;171;175;113;56;31;152;151;59;115;41;193;139;118;51;94;124;78;120;44;16;145;57;55;52;167;148;137;46;68;93;140;108;18;159;22;146;34;160;181;42;43;116;65;149;162;63,7705149353080967274,0.081516,20
LNS_no_search_intra:edges_start:random,51,78759,31363,47396,0,0,176;80;148;102;144;14;138;185;40;165;90;81;196;179;92;2;101;86;53;100;26;1;57;55;52;106;178;49;167;94;180;154;70;135;162;133;75;120;44;25;16;171;175;113;56;31;78;145;129;63;79;151;51;118;59;115;193;42;184;54;177;10;190;4;112;127;123;149;65;116;43;159;108;18;22;146;34;160;181;41;139;46;68;140;93;117;143;0;137;124;152;97;186;23;89;183;114;15;62;9,4620234476425014132,0.105594,26
LNS_no_search_intra:edges_start:random,52,77924,30297,47627,0,0,193;41;139;115;46;68;143;183;89;23;186;114;15;144;21;7;164;71;27;90;165;40;106;178;9;62;49;14;138;185;81;196;157;31;113;175;171;16;25;44;2;152;94;80;176;151;112;4;84;184;177;54;34;160;181;42;43;149;123;127;70;135;162;59;133;180;53;86;75;120;101;26;100;154;65;116;118;51;79;63;97;1;129;78;145;92;57;55;52;167;148;137;0;117;93;140;108;18;22;159,683017607747665762,0.142798,31
LNS_no_search_intra:edges_start:random,53,77900,30579,47321,0,0,193;159;22;146;181;34;160;48;54;177;10;190;4;112;84;35;184;43;42;115;89;183;143;117;93;140;108;18;68;0;137;51;118;59;116;65;149;133;79;94;152;120;75;86;135;70;127;123;162;176;80;9;62;57;92;129;2;101;26;100;53;180;154;151;63;97;1;44;25;16;171;175;113;31;78;145;179;55;52;49;102;144;14;138;165;90;81;196;40;185;106;178;148;15;114;186;23;46;139;41,4108102882188613910,0.120808,22
LNS_no_search_intra:edges_start:random,54,77989,29709,48280,0,0,120;97;63;133;162;151;80;94;152;2;101;53;100;26;1;180;154;79;176;51;118;59;65;43;42;181;146;22;18;108;69;159;5;116;115;46;0;117;143;183;89;23;186;114;15;144;178;52;179;145;78;31;56;113;175;171;16;25;44;75;86;70;135;127;123;112;4;84;35;184;160;48;177;54;30;34;41;139;193;68;137;148;106;185;40;196;81;90;165;138;14;49;102;62;9;55;57;92;129;82,7188448549655775338,0.065000,15
LNS_no_search_intra:edges_start:random,55,79440,31259,48181,0,0,42;43;116;65;123;127;70;135;154;180;86;75;25;78;179;57;55;52;148;137;124;152;2;120;1;97;80;176;129;92;145;31;56;113;175;171;16;44;101;26;100;53;49;14;144;21;7;164;71;27;90;165;40;185;106;178;167;94;63;79;133;151;162;35;184;34;146;22;18;108;140;93;117;143;183;89;15;62;9;186;23;0;46;139;41;193;159;181;160;48;54;177;10;190;4;112;149;59;118;115,6087345491173125872,0.110441,23
LNS_no_search_intra:edges_start:random,56,73877,26023,47854,0,0,53;86;101;2;129;78;92;57;52;178;14;138;165;40;90;81;196;185;55;167;152;26;100;180;154;135;70;127;123;112;4;84;35;184;177;54;48;160;34;181;146;22;159;193;139;115;59;65;116;43;42;5;41;18;108;140;93;117;143;0;68;46;118;51;151;162;133;63;94;97;1;75;120;44;25;16;171;175;113;56;31;145;179;106;49;102;144;62;9;148;15;114;186;89;183;23;137;176;80;79,2335265051608261530,0.136779,25
LNS_no_search_intra:edges_start:random,57,87070,39751,47319,0,0,42;41;193;159;146;22;18;108;139;46;137;9;62;52;179;31;56;113;175;171;16;25;44;120;75;86;154;135;70;127;112;4;190;10;177;54;184;35;123;180;53;100;26;2;145;92;124;118;115;148;185;106;80;151;65;149;162;133;79;63;152;129;78;57;55;49;14;21;7;164;71;27;90;81;196;40;165;178;176;183;89;186;23;143;117;0;94;97;101;1;102;144;15;51;59;116;43;160;34;181,7000504873637250149,0.092017,12
LNS_no_search_intra:edges_start:random,58,78779,31257,47522,0,0,193;139;68;46;137;148;167;55;52;185;106;178;9;62;102;49;165;90;81;196;40;14;144;15;114;183;89;23;186;124;101;1;129;92;78;145;179;57;152;63;79;51;118;59;65;115;116;149;123;127;70;135;154;180;53;100;26;120;25;31;56;113;175;171;16;44;75;86;162;151;133;97;2;94;80;176;0;143;117;93;140;108;18;159;22;146;34;160;48;54;177;10;190;4;112;84;184;43;42;41,4418667893671837471,0.085707,15
LNS_no_search_intra:edges_start:random,59,75274,27611,47663,0,0,90;81;196;40;185;52;55;57;124;63;79;80;51;118;115;193;18;108;140;93;117;0;143;183;89;23;186;114;15;102;49;14;144;62;9;148;176;59;159;22;146;34;181;41;139;68;46;137;94;133;151;162;149;65;116;43;42;160;48;54;177;184;35;84;4;112;123;127;70;135;154;180;53;121;100;26;97;101;2;129;92;179;145;78;31;56;113;175;171;16;25;44;120;75;86;1;152;178;106;165,5327250085696052309,0.189703,25
LNS_no_search_intra:edges_start:random,60,85985,38616,47369,0,0,123;162;133;79;124;49;57;129;151;116;43;42;181;146;22;159;193;41;139;46;137;145;25;44;120;2;152;94;176;51;118;68;18;108;140;93;117;0;53;26;97;55;52;185;40;90;165;106;178;62;144;14;102;148;80;149;65;59;63;101;75;86;154;70;127;112;4;84;35;184;190;10;177;54;48;34;160;115;143;183;89;23;186;114;15;9;92;78;16;171;175;113;31;157;81;196;179;1;180;135,7561534482157510465,0.054923,11
LNS_no_search_intra:edges_start:random,61,75442,28046,47396,0,0,4;112;123;127;70;135;154;180;63;176;151;118;41;193;159;146;22;18;108;140;93;117;143;137;167;92;78;25;75;101;86;53;100;26;97;1;129;57;185;40;196;81;90;165;138;14;144;15;114;186;23;89;183;0;46;68;139;115;59;51;80;94;152;2;120;44;16;171;175;113;56;31;145;179;55;52;106;178;49;102;62;9;148;124;79;133;162;149;65;116;43;42;181;34;160;184;54;177;10;190,2463922072915175841,0.115521,26
LNS_no_search_intra:edges_start:random,62,82490,34591,47899,0,0,123;65;43;42;193;139;68;137;15;144;49;178;106;52;55;57;78;2;1;97;53;180;154;135;70;127;35;184;160;34;54;177;10;190;4;112;149;59;51;118;115;41;159;22;18;108;140;93;117;176;86;75;120;44;16;25;101;26;63;79;151;94;152;129;92;145;171;175;113;31;157;196;81;90;27;71;164;7;21;114;89;183;143;0;46;116;80;124;167;185;40;165;138;14;102;62;9;148;133;162,2917784578568899105,0.092203,15
LNS_no_search_intra:edges_start:random,63,80259,32885,47374,0,0,52;185;40;90;81;196;179;145;78;31;56;113;175;171;16;25;44;120;75;86;133;151;65;42;162;135;154;53;100;26;97;152;129;92;57;2;1;101;180;70;127;123;112;4;190;10;177;54;48;184;35;149;59;118;89;183;143;117;93;140;108;18;159;22;146;181;34;160;43;116;176;148;167;178;106;165;138;14;144;15;137;46;139;79;63;94;80;51;115;41;193;68;0;23;186;9;62;102;49;55,8762066567334795435,0.087737,18
LNS_no_search_intra:edges_start:random,64,75299,27651,47648,0,0,34;160;184;43;42;46;68;140;93;117;0;143;183;89;23;137;59;151;80;167;178;106;196;81;157;31;56;113;175;171;16;25;44;120;2;152;94;176;51;118;115;139;108;18;22;146;159;193;41;116;65;149;162;133;79;63;26;101;1;97;100;53;86;75;129;78;145;92;57;55;52;185;40;165;90;27;71;164;7;21;14;49;102;144;62;9;148;180;154;135;70;127;123;112;4;190;10;177;54;48,7401966330945305722,0.107772,28
LNS_no_search_intra:edges_start:random,65,75649,27803,47846,0,0,148;137;117;93;140;108;18;22;146;34;160;48;54;177;184;35;84;4;112;123;127;70;135;154;86;44;25;16;171;175;113;56;31;157;196;81;90;165;40;185;106;178;52;55;57;152;97;101;75;120;1;63;129;92;179;145;78;82;2;26;100;53;180;162;149;65;116;43;42;181;159;193;41;115;118;51;176;80;94;79;133;151;59;46;139;68;0;143;183;89;23;186;114;15;144;14;49;102;62;9,2607513390299037218,0.102960,24
LNS_no_search_intra:edges_start:random,66,78467,30613,47854,0,0,101;86;75;120;44;25;145;179;196;81;90;40;165;138;14;144;114;23;89;183;143;117;0;137;148;52;55;57;92;16;171;175;113;56;31;78;129;2;152;63;79;151;115;46;68;139;41;193;159;69;108;18;22;146;181;34;160;48;54;177;184;84;4;112;131;149;162;180;53;154;135;70;127;123;133;9;62;186;15;102;49;185;106;178;167;124;80;116;43;42;65;59;118;51;176;94;100;26;97;1,7180319111432068202,0.112552,25
LNS_no_search_intra:edges_start:random,67,78284,30387,47897,0,0,84;4;112;123;127;70;135;154;180;94;148;9;62;55;57;92;129;120;1;26;100;53;86;101;75;145;78;31;56;113;175;171;16;25;44;2;152;97;63;80;176;167;52;185;106;178;144;15;186;23;89;183;143;0;117;93;140;108;18;22;146;159;193;41;139;68;46;137;102;40;165;90;27;71;164;7;21;14;49;79;133;162;149;43;42;116;65;151;51;118;59;115;181;34;160;48;54;177;184;35,8061785861259109900,0.143796,30
LNS_no_search_intra:edges_start:random,68,79917,32461,47456,0,0,63;148;9;62;144;14;1;101;75;86;53;154;135;70;127;123;112;4;190;10;177;54;48;160;184;43;116;59;80;124;55;52;185;40;196;81;90;165;106;178;49;102;15;114;186;23;89;183;0;117;93;140;108;18;46;137;167;57;92;129;16;171;175;113;56;31;145;78;25;44;120;2;97;79;151;65;41;193;159;22;146;34;181;42;131;149;162;133;143;68;139;115;118;51;176;94;152;26;100;180,6695991240165062432,0.063692,14
LNS_no_search_intra:edges_start:random,69,80957,32646,48311,0,0,133;151;149;131;35;184;177;54;48;160;34;181;42;43;116;59;176;148;49;102;62;9;51;65;162;180;53;154;135;70;127;123;86;75;120;92;179;185;40;165;39;90;81;196;157;31;56;113;175;171;16;25;44;129;167;186;23;89;183;143;0;117;93;140;68;139;118;79;63;97;2;78;145;57;55;52;106;178;138;14;144;15;137;115;193;41;159;146;22;18;108;46;80;100;26;101;1;152;124;94,1314612365534553053,0.112661,16
LNS_no_search_intra:edges_start:random,70,80970,33233,47737,0,0,180;79;80;176;15;9;62;102;49;14;144;21;7;164;71;27;90;165;106;167;124;94;162;123;63;26;101;120;57;40;81;196;157;31;56;113;175;171;16;25;44;75;86;135;70;127;112;4;190;10;177;54;48;160;184;43;115;46;68;140;93;117;0;143;183;89;23;137;53;97;129;92;145;78;2;1;133;151;118;139;41;193;159;18;22;146;34;181;42;116;65;59;51;148;178;185;52;55;152;154,1918154018362662589,0.098223,19
LNS_no_search_intra:edges_start:random,71,78131,30125,48006,0,0,193;159;69;108;18;22;146;181;42;43;116;162;180;53;154;70;127;35;184;160;34;48;54;177;10;190;4;112;123;149;65;151;79;63;152;129;78;196;81;90;40;185;165;138;49;102;62;9;148;51;118;59;133;121;100;26;97;1;101;2;57;55;52;106;178;14;144;15;114;186;23;89;183;143;117;0;137;176;80;135;86;75;120;44;25;16;171;175;113;56;31;145;92;167;124;94;46;115;139;41,8348840076467659692,0.118046,26
LNS_no_search_intra:edges_start:random,72,82669,34852,47817,0,0,63;97;1;44;25;179;185;40;165;52;55;152;53;49;14;21;7;164;71;27;90;81;196;120;101;149;65;116;43;42;139;68;140;93;117;0;143;183;89;23;186;114;15;148;92;16;171;175;113;56;31;145;57;9;62;144;178;106;124;94;79;123;162;176;137;46;115;41;193;159;18;22;146;34;160;48;54;177;184;35;84;4;112;127;70;135;154;180;26;2;129;78;75;86;133;151;59;118;51;80,3219237004422313141,0.144402,18
LNS_no_search_intra:edges_start:random,73,79215,31509,47706,0,0,139;42;184;35;123;53;180;149;131;43;193;59;151;133;79;63;100;26;1;120;75;86;101;94;80;65;46;68;140;93;117;0;143;183;89;23;186;148;167;179;145;78;31;56;113;175;171;16;25;44;2;97;152;129;92;57;55;52;178;106;185;40;196;81;90;165;138;14;49;102;144;62;9;15;137;176;51;118;116;162;154;135;70;127;112;4;190;10;177;54;48;160;115;159;18;22;146;34;181;41,4909444318239083521,0.086027,15
LNS_no_search_intra:edges_start:random,74,81503,33807,47696,0,0,176;94;129;92;57;179;145;78;31;56;113;175;171;25;120;75;86;80;51;118;115;193;41;59;151;133;97;44;16;101;180;152;2;1;26;100;53;154;135;70;127;123;112;4;190;10;177;54;48;181;42;139;68;140;93;117;143;23;186;15;9;62;102;49;167;124;63;79;162;149;159;18;22;146;34;160;184;43;116;65;46;0;183;89;114;144;14;138;185;196;81;90;165;40;55;52;106;178;148;137,1673796602073823166,0.087202,19
LNS_no_search_intra:edges_start:random,75,83619,35616,48003,0,0,116;43;42;181;146;22;18;108;140;93;117;143;183;89;137;51;59;65;80;167;178;106;40;165;90;27;71;164;7;21;144;15;114;186;23;0;68;139;193;118;151;79;63;26;101;78;16;75;86;135;123;162;133;55;52;179;145;31;171;175;113;25;44;1;97;176;46;115;41;159;34;160;48;54;177;184;35;84;4;112;127;70;154;180;53;152;2;120;129;92;57;185;138;14;49;102;62;9;148;94,6176455000146804637,0.054910,15
LNS_no_search_intra:edges_start:random,76,77860,30564,47296,0,0,176;148;9;62;102;144;14;165;90;81;196;40;49;178;106;185;52;55;57;120;75;101;86;154;135;100;26;97;1;78;129;167;137;0;143;117;93;140;108;18;22;146;34;160;48;54;177;10;190;4;112;84;184;43;42;181;159;193;41;139;68;46;59;162;151;133;79;63;53;180;70;127;123;149;65;116;115;118;51;80;94;92;179;145;31;56;113;175;171;16;25;44;2;152;15;114;186;23;89;183,7395546589498136083,0.088443,24
LNS_no_search_intra:edges_start:random,77,77812,29926,47886,0,0,53;180;154;135;70;127;123;149;65;116;43;42;181;34;160;48;54;177;184;84;4;112;162;183;89;137;94;152;97;101;75;44;16;92;57;129;2;86;78;145;179;55;52;106;178;49;102;148;176;46;68;140;93;117;0;143;23;186;114;15;9;62;144;14;138;185;40;165;90;81;196;157;31;56;113;175;171;25;120;1;26;100;121;133;151;59;41;193;108;18;22;146;159;139;115;118;51;80;79;63,1151793041761769708,0.091778,19
LNS_no_search_intra:edges_start:random,78,79525,31482,48043,0,0,144;14;138;185;106;178;49;102;148;176;51;118;65;42;184;177;54;48;160;34;181;146;22;18;108;69;159;193;41;59;151;80;63;97;129;57;55;52;40;165;39;27;90;81;196;179;145;92;2;101;78;152;124;94;79;133;162;123;180;86;75;44;16;171;175;113;56;31;25;120;1;26;100;53;154;135;70;127;112;4;84;35;43;116;115;139;68;46;137;9;62;15;186;23;0;117;143;183;89;114,2634068243220655479,0.075847,19
LNS_no_search_intra:edges_start:random,79,77356,29733,47623,0,0,53;86;101;75;78;145;179;52;106;178;14;144;62;9;55;148;137;117;93;140;108;69;18;22;146;34;160;48;54;177;184;35;84;4;112;127;123;149;43;42;181;159;193;41;139;115;59;162;151;133;79;63;94;124;49;165;90;81;196;40;185;57;92;129;152;80;176;51;118;65;116;46;68;0;143;183;89;23;186;114;15;167;2;120;25;31;56;113;175;171;16;44;1;97;26;100;180;135;70;154,2275921212536071712,0.130987,24
LNS_no_search_intra:edges_start:random,80,83363,35898,47465,0,0,176;51;65;116;43;34;184;35;131;149;162;101;25;31;56;113;175;171;44;120;2;152;94;129;92;78;145;16;75;86;133;151;118;115;68;143;89;114;144;14;138;178;106;1;97;26;53;154;135;70;127;123;112;4;190;10;177;54;160;181;41;193;139;46;183;137;148;49;102;62;9;15;186;23;0;117;93;140;108;18;22;146;159;42;59;80;124;57;179;196;81;90;165;40;185;52;55;63;180;79,6537277007065348846,0.060159,14
LNS_no_search_intra:edges_start:random,81,83014,35542,47472,0,0,144;62;9;148;79;133;162;123;63;94;55;52;185;40;196;81;90;165;106;178;154;135;70;127;112;4;190;10;177;54;48;34;160;184;35;131;149;180;53;100;26;97;1;101;129;31;56;113;175;171;78;25;75;86;151;59;41;193;139;115;51;176;57;92;145;16;44;120;2;152;124;80;46;68;93;140;108;18;159;22;146;181;42;43;116;65;118;137;102;49;14;114;89;183;143;117;0;23;186;15,5944090240412076626,0.068065,17
LNS_no_search_intra:edges_start:random,82,80263,32090,48173,0,0,97;152;129;92;179;196;81;157;31;56;113;175;171;16;25;44;75;101;26;1;2;120;145;78;57;55;52;167;137;68;193;41;118;51;176;116;42;115;80;148;178;106;185;40;90;165;138;14;144;114;89;183;0;46;65;43;160;34;48;54;177;184;35;84;4;112;127;123;162;133;79;63;94;124;49;102;62;9;15;186;23;143;117;93;140;108;69;18;22;146;159;139;59;151;135;70;154;180;53;86,4412358881388498804,0.117941,15
LNS_no_search_intra:edges_start:random,83,76736,29676,47060,0,0,152;97;53;101;120;2;1;26;180;154;135;70;127;123;112;4;190;10;177;54;34;160;184;149;162;133;79;94;167;106;178;49;102;62;9;148;137;151;59;65;116;43;42;181;146;22;18;108;140;93;117;0;143;183;89;23;186;114;15;144;14;21;7;164;27;90;81;196;157;31;113;175;171;16;25;44;75;86;63;80;46;68;139;193;41;115;118;51;176;129;92;78;145;179;40;165;185;52;55;57,6960769031573955425,0.126020,26
LNS_no_search_intra:edges_start:random,84,83498,36085,47413,0,0,151;80;9;62;144;21;7;164;71;27;90;81;196;179;92;129;2;152;180;154;70;135;94;53;49;51;118;59;65;116;43;42;181;160;34;54;177;184;35;84;4;112;127;123;162;176;133;26;97;1;124;23;89;183;143;117;93;140;68;193;46;0;186;114;15;14;138;165;40;185;106;178;148;139;108;18;22;146;159;41;115;137;52;55;57;145;78;31;113;175;171;16;25;44;120;75;101;86;63;79,4259480588551613590,0.052060,11
LNS_no_search_intra:edges_start:random,85,83768,36330,47438,0,0,123;162;151;137;23;89;183;143;0;117;93;140;68;46;115;139;41;193;159;18;22;146;181;42;116;59;178;106;185;40;165;49;62;9;148;79;80;152;2;44;25;16;171;175;113;31;157;196;81;90;27;71;164;7;21;144;15;176;57;92;179;145;78;129;1;97;26;53;154;135;127;112;4;190;10;177;84;70;86;75;120;101;180;149;184;54;48;160;34;43;65;118;51;102;14;52;55;94;63;133,1400323545229669511,0.076521,18
LNS_no_search_intra:edges_start:random,86,81109,33604,47505,0,0,151;63;26;101;180;154;135;70;127;123;112;4;190;10;177;54;48;160;184;35;131;149;176;15;144;14;138;165;40;90;81;196;145;129;1;100;53;94;124;148;9;62;102;49;178;106;185;52;55;137;46;41;193;68;140;93;117;0;143;183;89;23;186;57;92;78;31;56;113;175;171;16;25;44;97;79;59;115;139;108;18;159;22;146;34;181;42;43;116;118;51;80;152;2;120;75;86;133;162;65,1883385169725799968,0.070230,18
LNS_no_search_intra:edges_start:random,87,88878,41102,47776,0,0,34;160;48;54;177;184;35;84;4;112;123;127;70;86;75;120;2;1;63;151;41;59;79;152;129;92;179;196;81;157;31;113;175;171;16;25;44;101;94;124;52;185;148;162;149;65;118;137;15;144;14;21;7;164;71;27;90;165;40;106;178;176;51;115;193;46;23;186;57;145;78;55;49;102;62;9;116;43;42;139;68;117;143;183;89;133;135;154;180;53;26;97;80;0;93;140;108;18;22;146,7238170548105730223,0.041474,11
LNS_no_search_intra:edges_start:random,88,74682,26958,47724,0,0,176;51;118;115;5;42;43;116;65;59;148;9;62;144;14;49;178;106;185;40;165;90;81;196;179;57;55;52;167;124;94;180;154;135;70;127;123;35;160;34;181;146;22;18;108;69;159;193;41;139;46;68;140;93;117;0;143;183;89;23;137;151;112;4;190;10;177;54;48;184;131;149;162;133;86;75;120;44;25;16;171;175;113;56;31;78;145;92;129;2;152;1;101;53;100;26;97;63;79;80,7649493349088621445,0.128397,29
LNS_no_search_intra:edges_start:random,89,83689,36210,47479,0,0,31;2;1;97;26;123;180;53;86;75;120;44;25;16;171;175;113;56;196;81;40;185;165;90;27;71;164;7;21;14;144;62;9;15;176;149;35;84;4;112;127;70;135;162;65;116;42;41;193;139;68;0;89;186;23;137;51;43;160;184;177;54;48;34;146;22;159;18;108;140;93;117;143;183;46;115;118;151;80;167;55;52;106;178;49;148;154;101;78;145;92;129;152;79;59;133;63;94;57;179,9027808678451547330,0.050370,12
LNS_no_search_intra:edges_start:random,90,79673,32576,47097,0,0,14;138;106;144;62;9;15;114;186;23;137;46;193;41;59;51;176;80;148;167;178;185;40;196;81;90;27;164;39;165;57;152;26;53;180;123;35;184;54;177;10;190;4;112;127;70;135;154;101;2;129;92;145;78;120;1;97;94;63;79;162;149;65;116;43;42;181;160;34;146;18;108;140;93;117;143;183;89;0;68;22;159;139;115;118;151;133;86;75;44;25;16;171;175;113;31;179;55;52;49,4392272192272073505,0.112434,24
LNS_no_search_intra:edges_start:random,91,75913,28303,47610,0,0,14;2;120;167;62;9;148;80;176;51;118;46;115;108;18;159;22;146;181;34;160;48;54;177;10;190;4;112;84;184;116;65;59;162;151;133;79;63;97;129;78;25;44;75;86;154;180;94;124;137;23;89;183;143;0;117;93;140;68;139;193;41;42;43;131;149;123;127;70;135;53;100;26;101;1;152;178;106;185;40;165;90;81;196;157;31;56;113;175;171;16;145;179;92;57;55;52;49;102;144,4595701466273757690,0.081946,15
LNS_no_search_intra:edges_start:random,92,79402,31831,47571,0,0,89;183;143;117;68;139;115;51;80;152;31;56;113;175;171;16;44;120;57;55;52;179;78;25;75;1;97;26;100;180;154;135;70;127;149;131;43;41;193;46;118;79;63;53;86;101;2;129;92;145;196;81;90;165;40;185;106;178;102;15;114;186;0;93;140;108;18;159;22;146;34;54;177;48;160;181;42;116;151;148;9;62;144;14;49;167;124;94;133;162;123;112;4;84;184;65;59;176;137;23,3783429614142503376,0.090049,18
LNS_no_search_intra:edges_start:random,93,84490,37029,47461,0,0,145;129;152;63;79;133;162;42;181;146;22;18;108;159;193;41;115;116;160;34;65;151;80;94;124;55;52;102;15;114;186;23;89;183;143;117;0;118;59;123;127;70;53;101;44;25;171;175;113;56;31;92;167;148;137;46;68;139;43;35;84;112;4;190;10;177;54;184;131;149;51;176;9;62;144;14;178;106;179;78;16;75;2;49;185;40;196;81;90;165;57;1;97;26;100;180;135;154;86;120,2539373337896876326,0.069705,11
LNS_no_search_intra:edges_start:random,94,87952,41057,46895,0,0,78;92;57;148;137;59;176;116;43;184;35;180;101;31;113;175;171;44;75;86;53;162;41;159;146;22;18;108;139;46;149;123;94;124;55;52;40;196;81;90;165;95;164;7;21;14;49;185;106;178;144;62;9;15;114;186;23;89;183;143;0;117;93;140;68;193;115;118;51;80;152;120;97;133;65;42;181;34;160;48;54;177;10;190;4;112;127;70;135;154;26;1;2;145;129;79;151;63;25;16,8072795975259019304,0.091211,16
LNS_no_search_intra:edges_start:random,95,84867,37194,47673,0,0,59;151;133;86;101;75;120;1;97;26;100;53;154;135;70;127;123;112;4;84;35;184;177;54;48;160;34;181;42;116;65;51;178;106;14;49;102;144;137;46;139;193;43;149;162;180;79;80;0;117;143;23;167;129;25;16;44;2;152;94;176;118;115;62;9;15;114;183;89;186;148;57;92;179;145;78;171;175;113;56;31;157;196;81;90;165;40;185;52;55;63;68;93;140;108;18;22;146;159;41,7132030244361281653,0.095037,17
LNS_no_search_intra:edges_start:random,96,78605,31353,47252,0,0,97;26;100;53;180;154;135;70;127;123;35;184;54;177;10;190;4;112;84;42;65;149;162;151;133;79;94;152;2;129;92;145;196;81;90;27;164;7;21;183;89;186;15;144;14;138;165;40;185;106;178;49;102;9;137;46;115;139;68;140;93;117;143;0;23;148;167;25;16;171;175;113;31;78;44;120;57;55;52;62;176;59;116;43;160;34;146;22;18;159;193;41;118;51;80;63;86;75;101;1,224942145084379333,0.110554,31
LNS_no_search_intra:edges_start:random,97,85864,38519,47345,0,0,75;44;25;16;171;175;113;56;31;157;196;106;178;49;102;62;9;148;63;26;1;101;53;133;115;18;108;140;93;117;143;89;114;15;144;52;55;179;78;2;152;80;118;137;23;183;0;68;139;41;65;149;123;127;70;135;154;180;167;14;21;7;164;27;90;165;40;185;57;129;120;145;92;94;59;43;184;54;177;10;190;4;112;162;176;97;151;116;193;159;22;146;34;160;181;42;46;51;79;86,5463299191961033080,0.038940,10
LNS_no_search_intra:edges_start:random,98,78440,30911,47529,0,0,52;106;178;14;144;62;9;148;176;51;59;116;42;43;35;84;4;112;123;127;70;135;154;86;75;120;44;25;16;31;56;113;175;171;78;145;57;49;102;15;114;186;23;0;68;46;151;133;53;63;79;118;115;139;41;193;159;181;160;184;177;54;48;34;146;22;18;108;140;93;117;143;183;89;137;94;97;152;129;92;179;196;81;90;165;40;185;167;124;80;65;149;162;180;100;26;101;1;2;55,2073708122696202979,0.117203,22
LNS_no_search_intra:edges_start:random,99,89456,41312,48144,0,0,171;44;120;137;0;117;143;183;89;23;186;114;15;14;138;165;90;27;71;164;7;21;144;9;148;94;154;135;63;46;193;41;115;59;118;51;176;129;92;145;78;2;1;26;53;86;75;16;175;113;31;157;196;81;40;57;151;80;55;52;185;106;178;62;152;101;70;127;123;180;49;79;133;112;4;84;35;42;5;139;68;93;140;108;18;22;146;34;160;48;54;177;184;43;116;65;149;162;97;25,8308401389612256311,0.089324,13
LNS_no_search_intra:edges_start:random,100,78609,31713,46896,0,0,193;41;139;68;143;183;89;23;186;9;62;52;55;57;92;145;196;81;40;185;106;178;148;176;137;21;7;164;27;90;165;138;14;144;49;167;124;94;63;79;59;65;42;181;146;22;18;108;140;93;117;0;46;116;43;184;35;149;162;180;53;86;75;120;44;25;16;171;175;113;31;78;129;2;152;133;151;118;115;51;80;97;1;101;26;154;135;70;127;123;112;4;190;10;177;54;48;160;34;159,6236165532467108601,0.068497,17
LNS_no_search_intra:edges_start:random,101,81379,33779,47600,0,0,180;135;154;86;75;44;16;171;175;113;56;31;25;120;101;97;80;51;118;115;46;0;117;143;133;79;94;124;167;52;185;40;165;90;81;196;179;92;129;152;162;43;149;123;35;184;160;34;48;54;177;10;190;4;112;127;70;53;100;26;1;2;63;151;65;116;139;68;93;140;108;18;22;146;159;193;41;42;59;176;148;9;62;102;49;55;57;78;145;106;178;138;14;144;15;186;89;183;23;137,8653029956544833529,0.055468,11
LNS_no_search_intra:edges_start:random,102,80748,33398,47350,0,0,176;94;152;2;120;179;196;81;90;165;40;185;138;14;144;15;137;0;143;117;93;140;68;193;181;42;43;116;65;79;63;154;149;35;184;160;34;54;177;10;190;4;112;127;135;180;100;26;97;1;55;52;106;178;49;102;62;9;186;183;89;23;148;167;57;92;78;129;124;80;51;46;139;108;18;22;146;159;41;115;118;59;151;133;53;86;75;44;25;16;171;175;113;56;31;145;101;70;123;162,1363008020032618038,0.099596,20
LNS_no_search_intra:edges_start:random,103,81575,34419,47156,0,0,165;14;49;102;62;15;114;186;23;89;183;143;0;117;93;140;108;18;22;146;34;54;177;10;190;4;112;123;26;1;2;78;129;152;79;151;162;149;65;116;59;51;176;94;124;167;92;145;16;25;44;75;86;180;133;115;41;193;139;68;46;80;63;97;120;101;53;154;135;70;127;35;184;160;42;43;118;137;148;9;144;21;7;164;27;90;106;178;55;57;179;31;171;175;113;81;196;52;185;40,8157233529481694283,0.056723,15
LNS_no_search_intra:edges_start:random,104,79799,33012,46787,0,0,185;40;196;81;90;165;106;178;52;55;57;179;145;78;129;152;63;79;151;116;65;149;127;70;135;154;180;53;86;101;75;44;49;14;144;62;9;148;137;51;59;118;115;41;22;159;193;139;68;0;183;46;43;184;160;181;42;176;80;94;124;92;31;113;175;171;16;25;120;2;1;97;26;100;133;162;123;112;4;190;10;177;54;34;146;18;108;140;93;117;143;89;23;186;114;15;21;7;164;95,6012490719382266042,0.080509,13
LNS_no_search_intra:edges_start:random,105,81239,34124,47115,0,0,193;23;186;21;7;164;27;90;81;196;179;92;129;2;1;97;26;121;63;151;59;65;116;43;42;181;160;34;146;22;18;159;41;118;180;53;154;135;70;127;123;112;4;190;10;177;54;184;35;149;162;133;79;94;55;52;178;106;185;40;165;138;14;144;183;89;152;101;86;75;120;44;25;31;113;175;171;16;78;145;57;80;176;51;46;68;140;93;117;143;0;15;9;62;102;49;148;137;115;139,6529459631149334425,0.105956,17
LNS_no_search_intra:edges_start:random,106,76308,28621,47687,0,0,51;80;94;152;2;57;179;196;81;157;31;56;113;175;171;16;25;44;120;78;145;92;129;75;86;101;1;97;26;100;53;133;118;115;139;108;18;22;146;159;46;68;140;93;117;0;143;183;89;23;186;114;15;62;102;178;106;185;52;55;49;165;27;90;40;14;144;9;148;137;176;59;162;180;154;135;70;127;123;112;4;84;35;184;177;54;48;160;34;181;193;41;42;43;116;65;149;63;79;151,2474264387940648620,0.118938,26
LNS_no_search_intra:edges_start:random,107,78631,31378,47253,0,0,62;102;49;14;138;40;81;196;157;31;113;175;171;16;25;44;120;78;145;92;57;148;186;23;183;89;114;144;21;7;164;27;90;165;185;52;55;129;2;1;97;180;154;135;70;127;123;112;4;84;184;177;54;48;160;34;146;18;108;140;93;117;143;0;137;176;80;86;75;101;26;133;51;46;68;139;193;59;151;162;149;65;116;43;42;181;22;159;41;115;118;79;63;53;152;106;178;124;94;9,7902743800225687596,0.084597,19
LNS_no_search_intra:edges_start:random,108,80602,33214,47388,0,0,22;18;108;69;159;193;41;139;115;118;51;80;152;2;120;101;26;100;53;180;123;35;184;54;177;10;190;4;112;127;70;135;154;86;75;44;25;16;171;175;113;56;31;145;57;55;52;167;148;186;23;89;183;114;144;14;49;102;62;9;15;137;0;143;117;93;140;68;46;176;178;106;185;40;165;90;81;196;179;92;63;133;162;149;65;151;79;97;1;78;129;94;59;116;43;42;181;160;34;146,3094546602386658967,0.118960,26
LNS_no_search_intra:edges_start:random,109,75690,28052,47638,0,0,18;22;146;34;160;184;54;177;10;190;4;112;123;127;70;135;154;180;53;100;26;97;63;79;151;59;46;68;139;193;41;115;118;51;176;80;148;167;57;92;78;145;179;55;52;178;106;185;40;81;196;157;31;113;175;171;16;25;44;75;86;101;1;94;137;0;117;143;183;89;23;186;114;15;9;62;14;138;165;90;27;71;164;7;21;144;49;129;120;2;152;133;162;149;65;116;43;42;181;159,2717818591089081807,0.108013,21
LNS_no_search_intra:edges_start:random,110,81598,33699,47899,0,0,135;70;154;94;9;62;144;14;21;7;164;71;27;90;165;40;106;178;46;139;108;18;22;146;159;193;41;115;59;118;51;176;148;49;102;15;186;23;89;183;162;123;127;112;4;84;35;184;177;54;48;34;160;181;42;43;116;65;149;151;133;79;53;180;100;26;97;1;55;52;185;57;92;44;25;145;78;16;171;175;113;56;31;129;80;68;140;93;117;143;0;137;124;152;2;120;75;101;86;63,3220589306020084162,0.090964,19
LNS_no_search_intra:edges_start:random,111,85403,37459,47944,0,0,135;151;51;137;15;144;14;49;9;186;89;114;21;7;164;71;27;90;165;106;167;124;94;133;162;149;35;184;177;54;48;160;34;181;42;43;65;116;139;140;93;117;0;143;183;23;148;40;81;196;157;31;113;175;171;16;44;120;1;176;46;68;108;18;193;159;22;41;115;118;80;59;79;63;152;2;78;25;75;86;154;70;127;123;180;53;100;26;97;57;185;178;62;52;55;179;145;92;129;101,5401640142980536940,0.063321,9
LNS_no_search_intra:edges_start:random,112,85074,37654,47420,0,0,44;75;70;127;35;184;160;116;65;59;176;63;53;180;133;151;118;115;51;80;152;2;78;120;101;1;97;26;100;137;183;89;114;144;14;49;178;55;57;92;129;46;68;139;18;108;140;93;117;0;143;23;186;15;62;9;148;135;154;86;16;171;175;113;56;31;179;52;106;167;94;123;112;4;190;10;177;54;48;34;41;193;159;22;146;181;42;43;131;149;162;79;185;40;165;90;81;196;145;25,718809714423399781,0.056079,13
LNS_no_search_intra:edges_start:random,113,79996,32483,47513,0,0,97;1;129;57;55;52;178;106;185;40;165;138;14;49;63;123;162;151;23;186;15;62;9;148;94;180;79;80;176;51;118;115;41;193;159;22;146;34;160;48;54;177;184;35;84;4;112;127;70;135;154;53;86;101;75;44;25;31;113;175;171;16;120;2;152;46;139;68;143;183;89;114;144;21;7;164;71;27;90;81;196;145;78;92;137;0;117;93;140;108;18;181;42;43;116;65;59;133;100;26,4084058504209193615,0.083413,14
LNS_no_search_intra:edges_start:random,114,81052,32736,48316,0,0,78;129;80;118;115;193;41;42;65;162;180;63;167;178;106;185;40;165;90;27;71;164;7;21;14;144;9;148;51;116;43;35;84;4;112;123;127;70;135;154;100;26;97;1;2;145;31;56;113;175;171;16;25;44;75;86;133;151;59;149;131;184;190;10;177;54;48;160;34;146;22;159;18;108;139;46;176;94;152;120;101;53;79;137;0;117;143;183;89;23;186;114;15;62;102;49;52;55;57;92,406269640274067409,0.085530,19
LNS_no_search_intra:edges_start:random,115,80755,32458,48297,0,0,53;167;49;102;148;9;62;144;14;138;106;52;55;57;120;78;129;124;137;46;68;139;159;22;146;34;160;48;54;177;184;35;84;4;112;123;162;151;80;94;92;145;2;152;79;63;97;1;26;100;133;65;116;43;42;5;118;51;176;178;185;40;165;90;81;196;157;31;56;113;175;171;16;25;44;75;101;86;180;154;135;70;127;59;115;41;193;18;108;140;93;117;0;143;183;89;23;186;114;15,1591508062262599330,0.083426,10
LNS_no_search_intra:edges_start:random,116,77086,29633,47453,0,0,97;1;120;26;100;63;79;151;94;129;92;145;31;56;113;175;171;16;78;25;44;75;86;101;2;57;179;196;81;90;27;71;164;7;21;144;14;138;165;40;185;55;52;106;178;49;102;62;9;148;51;59;65;116;184;54;177;10;190;4;112;123;127;70;135;154;180;53;80;176;0;117;93;140;108;18;193;41;115;118;133;162;149;43;42;181;160;34;146;22;159;139;46;143;183;89;23;137;124;152,3702751781586968995,0.139555,25
LNS_no_search_intra:edges_start:random,117,82683,35121,47562,0,0,16;75;86;154;53;152;55;185;49;102;89;143;117;93;140;108;18;22;146;159;193;41;139;68;0;23;186;178;106;52;57;129;2;1;100;180;135;70;127;123;162;151;80;124;167;92;78;145;179;196;81;90;40;165;138;14;62;9;148;176;51;118;59;63;97;94;183;144;15;137;46;115;65;116;43;42;181;34;160;48;54;177;184;35;84;4;112;149;133;79;26;101;120;44;25;171;175;113;56;31,6065010448417234417,0.067990,18
LNS_no_search_intra:edges_start:random,118,80131,32707,47424,0,0,42;43;149;162;79;63;152;2;1;97;101;86;75;120;129;92;57;55;49;178;106;52;179;145;78;16;171;175;113;196;185;40;165;39;164;27;90;81;31;25;44;26;100;80;118;193;41;116;65;176;137;9;62;15;186;23;143;0;51;180;53;133;151;59;115;139;108;18;159;22;146;34;160;48;54;177;184;35;84;4;112;123;127;70;135;154;94;124;148;102;14;144;114;89;183;117;93;140;68;46,3960339208090228626,0.079038,14
LNS_no_search_intra:edges_start:random,119,78549,30987,47562,0,0,78;145;179;92;129;2;26;80;176;51;118;115;159;146;22;18;108;59;65;116;43;42;193;46;137;15;9;62;49;178;106;52;55;57;94;79;133;151;162;123;154;180;53;23;89;183;143;0;117;93;140;68;139;41;181;34;160;48;54;177;184;35;84;4;112;127;70;135;63;148;14;138;165;40;185;196;56;113;175;171;16;31;81;90;27;71;164;7;21;144;167;152;97;1;101;86;75;120;44;25,3456679724294927419,0.102993,25
LNS_no_search_intra:edges_start:random,120,84425,36566,47859,0,0,116;65;151;79;2;129;78;167;89;183;144;14;40;185;57;152;180;135;70;154;53;86;178;106;92;94;80;59;118;51;176;63;26;97;1;101;75;120;44;25;16;171;175;113;56;31;145;179;55;52;49;9;15;186;23;0;143;117;93;140;108;18;146;34;160;48;54;177;10;190;4;112;127;162;133;148;21;7;164;71;27;90;165;102;62;137;46;68;139;22;159;193;41;115;149;123;35;184;42;43,7382559462394988178,0.049865,11
LNS_no_search_intra:edges_start:random,121,82396,34949,47447,0,0,137;15;49;14;178;167;94;123;127;70;135;154;180;53;133;162;149;65;43;42;181;22;159;41;59;79;97;1;44;16;75;101;86;26;100;63;152;2;129;78;145;179;124;176;51;193;139;46;0;117;143;183;89;23;186;114;144;102;106;185;40;165;90;81;196;157;31;56;113;175;171;25;120;92;57;55;52;62;9;148;80;151;112;4;190;10;177;54;184;160;34;146;18;108;140;93;68;115;116;118,459985574608336018,0.094769,17
LNS_no_search_intra:edges_start:random,122,74498,26701,47797,0,0,120;75;86;53;180;154;135;70;101;1;57;55;52;185;40;196;81;90;165;138;14;144;62;9;148;137;176;80;51;118;59;115;139;41;193;159;108;18;22;146;181;34;160;48;54;177;184;35;84;4;112;127;123;162;79;63;94;124;152;167;106;178;49;102;15;114;186;23;89;183;143;117;0;68;46;65;116;42;43;131;149;151;133;100;26;97;2;129;92;179;145;78;31;56;113;175;171;16;25;44,2234317289075763688,0.103793,20
LNS_no_search_intra:edges_start:random,123,81512,34330,47182,0,0,152;120;1;97;63;137;89;183;143;117;93;140;108;18;22;146;159;46;51;176;144;21;7;164;71;27;90;81;196;157;31;113;175;171;16;25;44;75;86;133;151;118;115;41;193;181;34;160;43;65;162;26;2;78;145;179;185;40;165;138;14;15;186;23;0;68;139;42;149;123;79;148;9;62;49;178;106;52;55;57;92;129;101;53;180;154;135;70;127;112;4;190;10;177;54;184;116;59;80;94,7971879729902495356,0.074609,20
LNS_no_search_intra:edges_start:random,124,81957,34160,47797,0,0,115;118;51;80;26;44;25;16;171;175;113;31;2;1;97;63;55;52;185;40;165;90;27;71;164;7;21;14;102;62;9;148;135;70;154;53;86;101;75;120;145;179;106;178;49;144;15;114;186;23;89;183;143;0;117;93;140;108;18;22;146;159;139;68;46;133;180;162;116;43;42;41;193;181;34;160;48;54;177;184;59;176;137;167;57;78;92;129;152;94;79;151;65;35;84;4;112;127;123;149,8418200292244817822,0.056665,13
LNS_no_search_intra:edges_start:random,125,80636,32943,47693,0,0,78;86;53;180;154;123;149;65;59;162;135;70;127;112;4;84;35;184;177;54;48;34;146;22;18;108;159;193;41;115;118;51;137;102;49;40;185;52;148;23;143;117;0;46;68;139;181;160;42;43;116;151;133;79;63;124;167;106;165;39;95;7;164;27;90;81;196;145;25;44;120;1;97;101;75;16;171;175;113;56;31;129;2;152;94;80;176;9;62;15;186;89;183;114;144;14;178;55;57;92,424355014486714945,0.079812,17
LNS_no_search_intra:edges_start:random,126,74218,26523,47695,0,0,143;0;117;93;140;108;18;22;146;159;193;42;43;116;65;149;162;151;133;79;63;124;167;106;178;49;102;62;9;148;137;51;118;59;115;46;68;139;41;181;34;160;48;54;177;184;35;84;4;112;123;127;70;135;154;180;53;86;75;25;78;92;2;152;94;176;80;100;26;97;1;101;44;16;171;175;113;56;31;145;120;129;57;55;52;185;40;196;81;90;165;138;14;144;15;114;186;23;89;183,6431491828488858704,0.101531,23
LNS_no_search_intra:edges_start:random,127,82171,34783,47388,0,0,53;152;49;14;144;15;23;0;140;93;117;143;183;89;186;148;57;92;145;31;56;113;175;171;25;120;2;1;97;79;162;123;149;59;118;46;68;108;18;22;146;34;42;43;116;65;51;176;94;129;78;196;81;90;27;164;7;95;39;165;40;185;52;55;63;26;101;44;16;75;86;154;135;70;127;112;4;84;35;184;177;54;48;160;181;159;41;193;139;115;137;9;62;102;178;106;80;151;133;180,746474644382164263,0.076654,18
LNS_no_search_intra:edges_start:random,128,87373,40144,47229,0,0,135;70;127;112;4;190;10;177;54;184;35;162;9;62;15;186;23;89;183;143;0;117;93;140;108;18;22;159;139;68;46;57;179;145;92;129;2;101;26;100;53;86;75;120;78;152;80;51;115;193;41;59;79;63;97;1;44;25;16;171;175;113;31;157;196;81;40;185;52;55;94;133;151;43;160;34;181;118;49;148;176;65;149;123;116;42;137;144;14;21;7;164;71;27;90;165;106;178;180;154,1934881936898118486,0.126051,22
LNS_no_search_intra:edges_start:random,129,84750,38052,46698,0,0,1;120;101;53;86;75;25;78;129;152;133;116;42;139;149;123;35;184;54;177;10;190;4;112;127;70;135;162;181;159;22;146;34;160;43;65;80;178;106;185;40;165;14;144;183;89;23;186;15;9;62;102;49;21;7;164;27;90;81;196;179;52;55;94;176;51;118;115;193;41;59;151;79;63;97;2;44;16;171;175;113;56;31;145;92;57;148;137;46;68;18;108;140;93;117;143;0;180;154;26,724483197149200411,0.085450,20
LNS_no_search_intra:edges_start:random,130,86086,38420,47666,0,0,97;57;40;165;90;81;196;120;2;124;137;46;139;193;108;18;22;146;159;41;118;51;94;92;145;179;106;178;49;102;148;144;14;138;185;52;55;26;100;154;135;70;127;79;123;112;4;84;184;59;176;9;62;15;114;186;23;89;183;143;117;0;93;140;68;115;65;162;180;53;101;25;31;56;113;175;171;16;44;75;86;80;151;116;42;181;34;54;177;48;160;43;131;149;133;63;152;129;78;1,7201615841504652699,0.068992,13
LNS_no_search_intra:edges_start:random,131,74742,27325,47417,0,0,193;139;68;46;137;15;144;14;49;148;80;133;162;184;160;48;54;177;10;190;4;112;84;43;42;181;34;146;22;18;108;140;93;117;0;143;183;89;23;186;9;62;102;178;106;52;55;185;40;165;39;95;164;27;90;81;196;157;31;113;175;171;16;78;145;179;57;92;129;2;152;63;79;151;116;65;149;123;127;70;135;154;180;53;86;75;44;25;120;101;1;97;26;94;176;51;118;59;115;41,5398390303926853956,0.163331,26
LNS_no_search_intra:edges_start:random,132,86488,39112,47376,0,0,116;65;149;162;180;80;137;115;5;42;181;34;160;35;123;135;154;86;75;44;25;16;171;175;113;56;31;152;63;94;124;49;14;62;9;176;43;184;54;177;10;190;4;112;127;70;100;26;97;167;102;144;15;186;23;0;46;68;139;159;146;22;18;108;140;93;117;143;183;89;120;145;196;81;90;165;40;185;179;92;129;2;1;133;151;118;41;193;59;51;148;178;106;52;55;57;78;101;53;79,7979067557278442505,0.086418,15
LNS_no_search_intra:edges_start:random,133,76008,28654,47354,0,0,144;15;137;176;63;135;70;127;112;4;190;10;177;54;48;34;160;184;35;123;154;180;53;86;75;101;1;129;92;145;2;79;151;59;118;51;80;94;124;57;78;31;56;113;175;171;16;25;44;120;179;196;81;90;165;40;185;55;52;106;178;102;62;9;186;23;89;183;143;0;117;93;140;68;46;115;139;41;193;159;69;108;18;22;146;181;42;43;116;65;149;162;133;100;26;97;152;148;49;14,396947807041552901,0.134806,24
LNS_no_search_intra:edges_start:random,134,81077,33243,47834,0,0,123;133;79;152;57;179;145;78;92;129;124;68;69;18;108;140;93;117;0;143;183;89;23;186;63;97;1;2;120;75;86;180;162;65;116;43;42;193;41;115;118;51;176;167;55;52;196;81;157;31;56;113;175;171;16;25;44;101;26;94;137;46;139;159;22;146;181;34;160;48;54;177;184;84;4;112;149;59;151;80;148;9;62;144;102;49;14;138;165;90;40;185;106;178;100;53;154;135;70;127,7714569482885645933,0.089543,18
LNS_no_search_intra:edges_start:random,135,79622,32107,47515,0,0,78;129;94;80;51;118;41;159;22;146;181;42;43;116;65;151;133;79;63;86;101;75;145;92;57;55;52;167;148;186;23;89;183;143;117;93;140;108;18;115;59;162;135;70;127;123;112;4;190;10;177;54;48;34;160;184;35;149;176;15;144;14;138;165;90;81;196;157;31;56;113;175;171;16;25;44;120;2;1;26;180;154;53;97;152;46;139;193;68;0;137;9;62;102;49;178;106;40;185;179,3472292204009991452,0.127600,25
LNS_no_search_intra:edges_start:random,136,76725,30103,46622,0,0,145;78;196;81;40;185;52;55;1;86;101;75;120;44;25;16;171;175;113;31;179;57;49;102;89;183;143;0;117;93;140;108;18;159;22;146;34;160;184;123;127;70;135;154;180;53;94;148;9;62;15;186;23;137;176;144;14;21;7;164;27;90;165;106;178;167;80;151;162;59;116;43;42;181;48;54;177;10;190;4;112;149;65;115;41;193;139;68;46;118;51;133;79;63;26;97;152;2;129;92,747230468476546156,0.110850,19
LNS_no_search_intra:edges_start:random,137,77123,29179,47944,0,0,62;144;14;49;102;15;114;186;23;89;183;143;0;117;93;140;68;193;18;108;139;115;118;151;79;63;180;53;100;26;97;1;101;120;75;86;154;70;135;133;176;94;152;2;129;57;92;145;78;31;56;113;175;171;16;44;25;196;81;90;27;39;165;40;185;55;52;106;178;167;124;80;149;42;43;116;65;59;51;137;46;41;159;22;146;34;160;48;54;177;184;35;84;4;112;127;123;162;148;9,2533606342861293079,0.105518,22
LNS_no_search_intra:edges_start:random,138,92736,45800,46936,0,0,185;176;118;116;151;79;152;2;120;44;16;171;175;113;31;25;75;86;180;70;127;112;4;190;10;177;54;184;35;123;135;154;101;26;63;53;162;149;43;42;146;22;159;68;143;183;89;186;148;129;145;196;81;179;57;97;49;51;59;133;1;78;92;94;46;18;108;140;93;117;0;23;9;62;102;178;106;40;165;90;27;71;164;7;21;14;144;15;115;137;139;41;193;181;34;160;65;80;55;52,1423757371474278441,0.070392,10
LNS_no_search_intra:edges_start:random,139,82937,35554,47383,0,0,154;135;70;127;112;4;190;10;177;54;48;160;184;116;65;162;79;63;55;52;167;176;152;2;120;92;57;151;137;183;89;114;144;14;185;106;178;62;9;148;44;25;16;171;175;113;56;31;78;145;129;94;80;117;93;140;108;18;159;22;146;34;181;42;43;131;149;123;180;53;86;100;26;97;1;101;75;179;196;81;90;40;165;49;102;15;186;23;143;0;118;59;115;41;193;139;68;46;51;133,7739381116816616191,0.126661,17
LNS_no_search_intra:edges_start:random,140,80373,32807,47566,0,0,78;129;152;94;80;51;46;68;139;193;41;42;59;116;184;160;34;48;54;177;10;190;4;112;162;149;43;181;146;22;159;18;108;140;93;117;143;0;148;49;102;62;186;23;118;65;151;133;26;101;120;75;86;180;154;135;70;127;123;115;137;144;14;138;185;40;165;90;81;196;157;31;56;113;175;171;16;25;44;2;1;97;100;53;63;79;176;183;89;114;15;9;178;106;52;55;57;92;179;145,3504722953391249111,0.084888,17
LNS_no_search_intra:edges_start:random,141,83180,35892,47288,0,0,129;152;79;133;151;162;149;65;116;43;42;181;160;34;54;177;184;35;84;4;112;123;127;70;135;154;180;53;26;101;1;97;80;46;68;139;159;146;22;18;108;140;93;117;0;143;23;186;15;62;9;148;63;86;75;44;31;113;175;171;16;25;2;51;118;115;193;41;59;94;57;40;165;138;14;49;102;89;183;137;178;106;185;52;55;167;176;144;21;7;164;71;27;90;81;196;145;92;120;78,1915711121104824382,0.056975,15
LNS_no_search_intra:edges_start:random,142,77640,29861,47779,0,0,120;25;44;75;101;86;26;100;53;63;97;1;129;145;196;81;157;31;56;113;175;171;16;78;92;57;55;52;49;102;15;186;89;183;23;137;176;123;149;65;139;68;0;143;117;93;140;108;18;46;133;180;154;70;135;59;42;43;116;151;162;127;112;4;84;35;184;177;54;48;160;34;181;146;22;159;193;41;115;118;51;80;79;94;124;167;178;106;185;40;90;165;138;14;144;62;9;148;152;2,2469470354683001736,0.110201,22
LNS_no_search_intra:edges_start:random,143,84279,36166,48113,0,0,183;137;176;80;79;63;53;94;124;9;62;55;179;145;78;129;2;1;101;180;100;26;97;152;120;75;86;154;135;70;127;123;162;133;149;131;42;65;151;167;52;185;106;178;148;46;115;41;193;139;68;0;23;186;144;21;7;164;71;27;90;165;14;89;143;117;93;140;108;18;159;22;146;34;48;54;177;184;160;43;116;59;118;51;49;40;81;196;157;31;56;113;175;171;16;44;25;92;57;15,2239119586849463614,0.098330,18
LNS_no_search_intra:edges_start:random,144,77830,30290,47540,0,0,176;80;94;180;162;151;133;79;53;86;75;44;25;16;171;175;113;31;78;92;129;152;63;97;1;101;26;100;154;135;70;127;123;112;4;84;35;184;177;54;48;34;160;42;115;46;0;23;15;144;14;165;40;185;106;178;49;102;62;9;137;51;118;59;65;116;43;181;146;22;18;159;193;41;139;68;140;93;117;143;183;89;186;148;2;120;145;179;196;81;90;27;71;164;7;21;52;55;57;124,4690421223610629185,0.063317,15
LNS_no_search_intra:edges_start:random,145,82274,34756,47518,0,0,185;176;51;118;65;149;123;127;70;135;154;180;53;86;75;44;120;2;1;97;63;80;137;183;89;23;94;26;101;25;16;171;175;113;31;157;196;81;40;106;178;148;49;9;62;14;138;165;90;27;71;164;7;21;144;15;114;186;143;0;117;93;140;68;139;115;46;57;179;145;78;92;129;152;79;151;59;116;181;146;22;18;159;193;41;42;43;184;160;34;54;177;10;190;4;112;162;133;55;52,8558095348247571752,0.080219,15
LNS_no_search_intra:edges_start:random,146,76342,28668,47674,0,0,62;176;80;94;152;63;79;133;151;162;59;115;118;51;137;15;144;14;49;178;106;185;40;165;39;95;7;164;71;27;90;81;196;179;145;120;92;57;55;52;97;26;180;154;135;86;75;44;25;16;171;175;113;56;31;78;129;2;1;101;53;70;127;123;35;184;160;34;54;177;10;190;4;112;149;65;116;43;42;41;108;18;22;146;159;193;139;46;68;140;93;117;0;143;183;89;23;186;148;9,8071295686255883004,0.074214,19
LNS_no_search_intra:edges_start:random,147,77260,29455,47805,0,0,115;41;193;139;46;0;23;186;15;62;9;167;124;180;135;154;100;26;101;120;25;171;16;44;75;86;53;70;127;123;149;65;43;42;181;146;22;18;108;140;93;117;143;183;89;114;144;14;49;102;148;80;176;137;94;152;57;55;52;178;106;185;40;165;90;81;196;157;113;175;31;78;145;179;92;129;2;1;97;63;79;133;162;151;51;118;59;184;160;34;48;54;177;10;190;4;112;84;35;116,7500386338791056729,0.123795,23
LNS_no_search_intra:edges_start:random,148,77210,29883,47327,0,0,63;1;120;2;97;26;100;53;180;154;70;127;112;4;190;10;177;54;48;34;160;184;116;65;118;94;124;152;129;57;55;52;185;40;196;81;90;165;106;178;167;148;80;176;137;183;89;23;186;114;15;9;62;102;144;14;49;92;179;145;78;31;56;113;175;171;16;25;44;75;101;86;133;151;59;41;193;139;115;162;135;123;149;43;42;181;146;22;159;18;108;140;93;117;143;0;68;46;51;79,7863798640701352868,0.102403,19
LNS_no_search_intra:edges_start:random,149,77478,29404,48074,0,0,165;90;27;71;164;7;21;14;144;114;186;23;89;183;143;0;117;93;140;68;139;46;118;162;135;70;127;112;4;84;35;123;154;180;152;55;52;185;40;81;196;157;31;56;113;175;171;25;44;120;75;101;86;53;94;124;148;9;62;15;137;59;80;176;51;115;41;193;159;18;22;146;34;160;48;54;177;184;42;43;116;65;151;133;79;63;26;97;1;2;129;92;145;16;78;179;57;49;178;106,4599920735075911974,0.068012,16
LNS_no_search_intra:edges_start:random,150,78770,30954,47816,0,0,79;133;149;65;116;59;118;51;176;80;92;145;78;31;56;113;175;171;16;25;44;75;86;70;135;154;26;2;129;57;40;165;90;81;196;185;52;55;97;1;120;101;100;53;167;178;106;152;180;63;94;124;148;102;49;14;144;62;9;15;114;186;23;137;68;139;41;193;159;146;22;18;69;108;140;93;117;89;183;143;0;46;115;5;42;43;184;160;34;48;54;177;10;190;4;112;127;123;162;151,5128233128980508127,0.082311,14
LNS_no_search_intra:edges_start:random,151,82476,34575,47901,0,0,120;101;162;65;43;42;116;59;137;9;62;144;14;178;55;97;26;100;53;152;129;179;40;165;39;90;81;196;145;78;92;57;15;114;186;23;89;183;0;68;139;46;143;117;93;140;108;18;181;160;48;177;54;34;146;22;159;193;41;115;118;51;176;94;124;167;52;185;106;49;102;148;80;151;149;131;184;84;4;112;123;133;79;63;1;2;25;171;175;113;56;31;16;44;75;86;154;135;70;180,2530334463633821490,0.051820,13
LNS_no_search_intra:edges_start:random,152,87661,40843,46818,0,0,162;149;35;184;54;177;10;190;4;112;127;70;135;123;154;180;86;101;167;144;62;9;63;75;120;1;151;59;41;193;115;178;106;165;40;185;52;55;57;26;100;53;79;80;94;129;92;145;196;81;90;27;95;164;7;21;14;137;46;139;68;183;143;117;93;108;18;0;89;23;186;15;102;49;148;176;51;118;116;43;160;34;146;22;159;181;42;65;133;97;44;25;16;171;175;113;31;78;2;152,650445367182915881,0.064482,14
LNS_no_search_intra:edges_start:random,153,85863,37786,48077,0,0,18;22;146;34;181;123;70;86;75;120;1;97;26;100;53;154;135;127;112;4;190;10;177;54;48;42;116;80;167;178;106;185;40;165;90;27;71;164;7;21;14;144;114;89;183;143;117;0;137;63;79;151;59;51;148;49;102;62;9;15;186;23;46;68;139;193;115;118;124;52;55;57;179;145;31;56;113;175;171;16;25;44;101;180;162;149;184;160;43;65;176;94;129;92;78;2;152;133;41;159,556086042975087027,0.123458,24
LNS_no_search_intra:edges_start:random,154,74498,26504,47994,0,0,183;114;49;178;106;52;55;129;92;179;40;185;124;94;80;176;51;118;59;115;46;68;139;193;41;42;43;116;65;149;162;151;133;79;63;86;75;101;1;2;152;97;26;100;53;180;154;135;70;127;123;112;4;84;35;184;177;54;48;160;34;146;22;159;18;108;140;93;117;143;0;137;144;14;138;165;90;81;196;157;31;56;113;175;171;16;44;120;25;78;145;57;148;9;62;102;15;186;23;89,3025534138532000906,0.131593,26
LNS_no_search_intra:edges_start:random,155,78824,31005,47819,0,0,4;84;35;184;177;54;48;160;34;159;139;68;0;23;186;15;102;62;137;46;193;41;115;118;51;176;80;124;167;178;49;106;52;55;57;92;171;175;113;56;31;157;196;81;90;165;40;185;138;14;144;148;152;97;1;2;78;129;94;133;151;162;59;65;116;43;42;181;146;22;18;108;140;93;117;143;183;89;9;179;145;16;25;44;120;75;101;86;26;100;53;63;79;180;154;135;70;127;123;112,9164891490807107158,0.119123,22
LNS_no_search_intra:edges_start:random,156,79443,31985,47458,0,0,144;114;89;183;143;0;68;139;159;22;146;34;54;177;10;190;4;112;123;162;151;51;117;93;140;108;18;41;115;118;176;148;178;106;185;40;165;90;81;196;157;31;56;113;175;171;16;25;44;75;86;53;26;57;55;52;102;62;9;15;186;23;137;46;193;59;80;63;97;2;120;78;145;179;92;129;124;94;79;133;149;65;116;43;42;181;160;184;35;127;70;135;154;180;101;1;152;167;49;14,2819152931381399310,0.110890,27
LNS_no_search_intra:edges_start:random,157,78833,31882,46951,0,0,116;42;181;34;160;48;54;177;10;190;4;112;127;70;63;80;162;123;135;154;180;53;86;101;75;25;78;152;94;176;51;115;46;137;148;9;62;144;14;21;7;164;27;90;81;196;157;31;113;175;171;16;44;120;1;97;26;133;149;184;43;65;151;79;2;129;92;57;179;145;40;165;185;55;52;106;178;49;102;15;114;186;23;0;68;139;41;193;159;22;18;108;140;93;117;143;183;89;118;59,7799343322102482129,0.103520,16
LNS_no_search_intra:edges_start:random,158,74303,26796,47507,0,0,65;149;162;133;79;63;97;26;100;86;53;180;154;135;70;127;123;112;4;190;10;177;54;48;34;160;184;43;42;41;193;159;146;22;18;108;140;93;117;143;0;46;139;115;59;118;51;80;94;152;2;129;92;57;55;52;165;90;27;71;164;7;21;14;144;102;49;178;106;185;40;81;196;179;145;78;31;56;113;175;171;16;25;44;120;75;101;1;124;186;89;183;23;137;176;62;9;148;151;116,6203098324090632586,0.097566,21
LNS_no_search_intra:edges_start:random,159,79725,31930,47795,0,0,144;14;138;165;90;40;179;120;25;171;175;113;56;31;129;2;152;97;26;100;53;180;154;162;149;131;43;42;116;65;59;51;94;124;167;178;106;185;81;196;78;145;55;52;49;102;62;15;23;0;143;117;93;140;108;18;139;115;118;151;133;79;1;101;86;75;44;16;92;57;148;186;89;183;137;63;135;70;127;123;112;4;84;35;184;177;54;48;160;34;181;146;22;159;193;41;46;176;80;9,7346376511359050149,0.076452,18
LNS_no_search_intra:edges_start:random,160,95682,48401,47281,0,0,193;181;42;23;183;143;0;116;65;51;144;15;186;89;117;93;140;108;18;22;146;159;41;59;151;80;49;14;102;9;115;118;79;63;97;120;154;135;70;127;112;4;190;10;177;54;48;34;160;43;162;180;53;86;75;25;31;56;113;175;171;16;44;101;100;133;123;152;129;92;179;145;196;81;90;165;40;178;148;46;139;176;94;62;57;78;2;1;26;35;184;149;124;167;55;52;185;106;137;68,7040765375452270868,0.032458,8
LNS_no_search_intra:edges_start:random,161,92179,45342,46837,0,0,176;26;86;75;120;55;152;53;180;162;41;9;62;46;139;68;0;21;7;164;27;90;165;57;52;49;102;15;186;143;117;93;140;108;18;159;22;146;42;43;116;151;133;63;97;1;44;16;25;148;137;183;89;144;14;138;185;179;92;129;2;101;79;178;106;40;81;196;157;31;113;175;171;78;145;94;80;59;149;112;4;190;10;177;54;184;65;118;51;23;115;193;181;34;160;123;127;70;135;154,7304996923921842106,0.062322,8
LNS_no_search_intra:edges_start:random,162,75867,28265,47602,0,0,176;80;148;9;144;14;167;94;63;79;133;151;162;149;65;116;139;18;108;140;93;117;0;143;183;89;23;186;124;1;101;120;78;145;179;57;92;129;2;152;97;26;100;53;180;154;70;127;112;4;190;10;177;54;48;160;181;41;193;159;22;146;34;184;35;123;135;86;75;44;25;16;171;175;113;56;31;157;196;81;90;165;40;185;55;52;106;178;49;102;62;15;137;51;118;59;43;42;115;46,1005176569759197832,0.080008,22
LNS_no_search_intra:edges_start:random,163,79475,32035,47440,0,0,78;145;57;15;186;23;89;183;143;0;117;93;140;108;18;22;146;34;54;177;10;190;4;112;123;127;70;135;154;180;53;26;97;55;52;40;165;90;27;71;164;7;21;144;62;9;137;59;65;116;43;184;160;181;42;149;162;133;79;94;124;178;106;185;138;14;49;148;152;129;16;175;171;113;31;157;81;196;179;92;1;101;75;2;63;151;46;68;139;193;41;115;118;51;176;80;86;120;44;25,2664808254703918707,0.133831,27
LNS_no_search_intra:edges_start:random,164,81921,34199,47722,0,0,167;52;55;57;2;1;101;120;44;16;171;175;113;31;157;196;81;40;185;106;178;165;90;27;71;164;7;21;14;144;186;23;0;46;139;108;18;22;146;34;160;48;54;177;10;190;4;112;123;133;79;80;148;49;62;9;15;89;143;117;93;140;68;193;41;115;137;183;176;51;118;59;65;151;63;152;129;92;179;145;78;25;75;86;180;35;184;42;43;116;162;53;26;97;154;135;70;127;94;124,5860844661846623107,0.052579,12
LNS_no_search_intra:edges_start:random,165,83639,36159,47480,0,0,137;118;65;43;184;54;177;10;190;4;112;123;127;70;135;154;180;53;100;26;152;49;148;176;59;133;79;63;97;1;101;86;75;167;9;62;102;178;106;52;55;179;145;16;171;175;113;56;31;157;90;165;138;14;144;15;46;193;41;115;51;80;94;129;78;196;81;40;185;92;57;186;89;183;23;25;44;120;2;124;0;143;117;93;140;68;139;108;18;159;22;146;34;160;181;42;116;149;162;151,1983673600092141268,0.061745,8
LNS_no_search_intra:edges_start:random,166,73954,26146,47808,0,0,0;143;183;89;23;186;114;15;144;14;178;106;52;55;179;16;25;120;78;145;31;56;113;175;171;44;75;101;86;63;80;176;137;46;68;139;159;146;34;160;48;54;177;184;35;84;4;112;123;127;70;135;154;180;53;100;26;97;1;152;2;129;92;57;185;40;196;81;90;165;138;49;102;62;9;148;124;94;79;133;162;151;51;118;59;115;193;41;116;65;43;42;181;22;18;69;108;140;93;117,8907326638265700085,0.103564,25
LNS_no_search_intra:edges_start:random,167,87253,39757,47496,0,0,115;59;151;86;75;25;16;171;175;113;56;31;179;55;52;49;79;133;123;35;184;54;177;10;190;4;112;127;70;135;154;180;101;78;196;81;90;40;165;14;144;9;148;124;53;100;26;120;152;94;139;42;43;116;65;80;167;178;106;185;102;62;15;114;186;23;137;68;22;159;41;118;51;176;57;145;92;129;2;44;1;97;63;162;149;131;160;34;181;46;0;89;183;143;117;93;140;108;18;193,5250655434060510780,0.047398,12
LNS_no_search_intra:edges_start:random,168,82193,34834,47359,0,0,185;106;178;148;176;80;53;180;162;65;42;181;146;22;159;139;115;51;79;63;100;26;97;1;2;120;25;31;56;113;175;171;44;101;135;70;127;112;4;190;10;177;54;184;118;137;15;9;62;102;49;14;144;114;186;23;89;183;143;0;117;93;140;108;18;193;41;68;46;94;124;167;55;52;40;165;90;81;196;179;129;152;133;151;59;116;43;34;160;131;149;123;154;86;75;16;78;145;92;57,747602540768074866,0.116886,20
LNS_no_search_intra:edges_start:random,169,75970,27632,48338,0,0,14;144;62;9;15;114;186;23;89;183;143;0;117;93;140;68;46;65;116;43;42;184;177;54;48;160;34;181;146;22;18;108;69;159;193;41;139;115;59;118;51;80;94;124;55;185;57;152;26;100;53;180;154;135;70;127;123;162;151;133;79;63;97;1;129;92;78;31;56;113;175;171;16;25;44;2;148;137;176;86;101;75;120;145;179;40;165;39;95;7;164;71;27;90;81;196;52;106;178;49,4524475016638209390,0.113456,23
LNS_no_search_intra:edges_start:random,170,78862,31066,47796,0,0,137;0;143;117;93;140;68;46;139;108;18;22;159;181;42;160;34;48;54;177;184;35;84;4;112;123;180;101;1;133;53;86;75;120;44;25;171;16;175;113;56;31;157;40;185;52;55;57;167;124;94;63;79;162;65;116;43;149;127;70;135;154;100;26;97;176;51;118;115;193;41;59;151;80;152;2;129;92;78;145;179;196;81;90;165;106;178;49;62;9;15;186;23;89;183;114;144;14;102;148,6981421375586992801,0.173551,28
LNS_no_search_intra:edges_start:random,171,82708,35310,47398,0,0,139;46;137;15;21;7;164;71;27;90;81;196;157;31;113;175;171;16;25;44;101;97;63;151;41;193;115;51;62;9;148;80;133;127;70;135;154;180;53;100;26;1;2;78;145;179;92;129;152;94;176;178;49;14;144;114;89;183;143;117;0;118;59;43;184;54;177;10;190;4;112;123;162;79;124;106;165;40;185;52;55;57;120;75;86;149;65;116;42;181;160;34;146;22;159;18;108;140;93;68,8303071650013458018,0.073949,17
LNS_no_search_intra:edges_start:random,172,78473,30806,47667,0,0,59;162;151;133;63;97;1;120;25;113;175;171;16;44;75;86;53;26;152;129;145;92;57;167;148;94;51;118;115;116;149;123;127;112;4;190;10;177;54;48;34;160;184;43;65;176;79;180;135;70;154;101;2;78;31;157;196;81;90;27;39;165;40;185;55;52;106;178;49;14;144;62;9;15;114;186;23;89;183;143;68;46;139;42;181;41;193;159;146;22;18;69;108;140;93;117;0;137;124;80,1820372505489187492,0.114034,17
LNS_no_search_intra:edges_start:random,173,75377,27648,47729,0,0,193;41;139;68;46;115;151;94;129;92;179;145;78;31;56;113;175;171;16;25;44;120;2;1;97;63;152;57;55;52;178;106;185;40;196;81;90;165;138;14;49;102;144;15;137;149;131;43;42;116;65;59;118;51;176;80;100;26;101;75;86;53;180;154;135;70;127;112;4;190;10;177;54;48;34;160;184;35;123;162;133;79;148;9;62;186;23;89;183;143;0;117;93;140;108;69;18;22;146;159,4527610783203888768,0.094048,20
LNS_no_search_intra:edges_start:random,174,83533,35865,47668,0,0,31;101;1;97;26;100;53;180;154;123;149;131;43;42;51;148;9;62;144;14;138;165;185;40;90;81;196;179;57;79;133;151;116;65;176;94;152;2;44;16;75;86;63;80;137;23;186;114;15;102;49;178;106;52;55;145;78;92;129;124;46;68;139;41;159;146;22;18;108;69;193;181;34;160;184;48;54;177;10;190;4;112;127;70;135;162;115;59;118;89;183;143;117;0;120;25;171;175;113;56,491230502551176602,0.079795,16
LNS_no_search_intra:edges_start:random,175,82024,34762,47262,0,0,59;80;92;179;196;81;90;27;95;164;7;21;144;62;9;129;120;1;26;53;154;123;162;94;178;106;55;57;152;133;65;116;118;51;176;137;148;49;52;145;78;25;75;101;86;180;135;70;127;112;4;84;184;177;54;48;181;159;193;41;46;68;93;117;0;143;183;89;23;186;114;15;14;138;165;185;40;157;31;113;175;171;16;44;2;97;63;79;151;149;43;42;160;34;146;22;18;108;139;115,8714851913776348774,0.080339,15
LNS_no_search_intra:edges_start:random,176,77193,29419,47774,0,0,135;70;154;180;53;121;144;102;120;44;25;16;171;175;113;56;31;78;145;57;55;52;106;178;14;49;148;80;176;51;59;65;116;43;42;181;160;34;48;54;177;184;35;84;4;112;127;123;162;133;79;63;94;124;185;40;165;90;81;196;179;92;129;2;1;101;75;86;100;26;97;152;167;9;62;15;114;186;23;137;139;193;41;46;0;89;183;143;117;93;140;159;146;22;18;108;68;115;118;151,2750461187149491534,0.105516,21
LNS_no_search_intra:edges_start:random,177,79161,31587,47574,0,0,63;23;89;183;143;0;117;93;140;68;46;51;97;1;44;25;78;129;75;86;133;118;115;139;41;193;159;69;108;18;22;146;34;160;181;42;43;116;149;162;151;176;80;79;53;100;26;101;120;2;152;124;137;62;9;148;94;180;154;135;70;127;123;112;4;190;10;177;54;184;65;59;186;15;144;14;138;165;185;40;90;81;196;157;31;56;113;175;171;16;145;179;92;57;55;52;106;178;49;167,1516523896447488388,0.125728,21
LNS_no_search_intra:edges_start:random,178,79261,30950,48311,0,0,97;26;100;53;180;154;135;70;127;123;112;4;84;35;184;177;54;48;160;34;146;22;18;159;181;42;43;116;65;59;51;0;117;143;183;89;23;186;15;144;176;148;9;62;49;57;129;120;92;52;55;167;124;94;79;133;86;75;16;31;157;196;81;90;27;164;7;95;39;165;40;185;106;178;138;14;102;137;46;115;41;193;139;118;162;151;80;63;152;2;145;78;56;113;175;171;25;44;101;1,1591026632172292373,0.079754,21
LNS_no_search_intra:edges_start:random,179,79870,32544,47326,0,0,152;2;120;44;16;171;175;113;31;25;75;101;86;154;180;63;80;46;68;143;183;89;114;15;9;102;49;178;106;55;57;145;78;196;81;185;52;167;124;94;79;133;151;162;149;65;116;41;193;139;115;137;62;53;100;26;97;1;129;92;179;40;90;165;138;14;144;148;176;51;118;59;43;42;181;160;184;35;123;135;70;127;112;4;190;10;177;54;34;146;22;159;18;108;140;93;117;0;23;186,8162140822171626680,0.086605,16
LNS_no_search_intra:edges_start:random,180,78263,31237,47026,0,0,160;34;159;139;68;46;0;183;23;137;9;62;102;49;14;138;185;40;196;81;90;165;95;164;7;21;144;114;89;143;117;93;140;108;18;22;146;181;42;43;116;65;149;162;180;53;63;79;151;59;41;193;115;118;51;176;94;124;167;55;57;92;120;25;31;113;175;171;16;44;75;101;86;70;127;135;154;26;97;1;152;2;129;78;145;179;52;106;178;148;80;133;123;112;4;190;10;177;54;184,5931360061618798811,0.085626,21
LNS_no_search_intra:edges_start:random,181,75440,28465,46975,0,0,57;120;44;25;16;171;175;113;31;78;145;129;80;176;118;59;65;116;43;42;181;34;146;22;18;108;140;93;117;0;143;183;89;23;186;15;144;21;7;164;27;90;165;138;14;49;102;62;9;148;137;115;41;193;139;68;46;51;151;63;180;154;135;70;127;123;112;4;190;10;177;54;48;160;184;149;162;133;79;94;124;55;52;178;106;185;40;81;196;179;92;152;97;26;53;86;75;101;1;2,1611170382969843267,0.147943,30
LNS_no_search_intra:edges_start:random,182,79491,31910,47581,0,0,115;68;140;93;117;143;0;23;148;167;92;129;152;94;63;79;80;176;46;139;41;193;159;18;22;146;34;160;48;54;184;149;162;151;133;53;86;75;44;25;16;171;175;113;31;78;145;2;1;97;26;180;123;84;177;10;190;4;112;127;70;135;154;101;120;57;55;52;185;138;14;144;183;89;186;9;62;102;49;178;106;165;40;196;81;90;27;71;164;7;21;15;137;51;118;42;43;116;65;59,3105864126387334309,0.082190,18
LNS_no_search_intra:edges_start:random,183,80772,32813,47959,0,0,116;115;59;43;42;46;0;117;143;183;89;114;15;62;9;148;124;94;53;75;120;1;26;100;63;79;133;151;118;139;108;18;22;146;34;48;54;177;10;190;4;112;123;127;70;135;154;86;101;2;152;80;176;193;41;162;180;97;55;185;40;196;81;90;165;138;14;178;106;52;179;145;78;92;31;56;113;175;171;16;25;44;82;129;57;49;102;144;186;23;137;51;149;131;35;184;160;181;159;65,8334950786617480946,0.060136,10
LNS_no_search_intra:edges_start:random,184,80992,33675,47317,0,0,176;51;59;65;116;43;42;139;68;46;118;151;133;180;86;120;75;154;70;135;79;80;23;183;89;186;114;15;144;14;49;102;62;9;149;35;184;54;177;10;190;4;112;127;123;162;63;94;124;167;55;52;40;165;90;81;196;179;57;92;129;97;53;100;26;2;31;56;113;175;171;16;25;44;101;1;152;78;145;185;106;178;148;115;41;193;159;181;160;34;146;22;18;108;140;93;117;143;0;137,3161355272706598876,0.079764,13
LNS_no_search_intra:edges_start:random,185,84467,37268,47199,0,0,185;40;196;81;90;165;106;178;49;148;133;53;86;97;137;0;117;143;183;89;114;144;21;7;164;95;14;102;62;9;15;186;23;176;152;2;25;171;175;113;56;31;145;179;92;57;124;151;59;65;116;43;42;5;139;68;46;79;63;1;120;75;154;135;70;127;112;4;190;10;177;54;184;160;34;181;146;22;18;108;159;193;41;115;118;51;80;94;129;78;16;44;101;26;100;180;162;123;55;52,9157638054656348372,0.064432,13
LNS_no_search_intra:edges_start:random,186,76439,28691,47748,0,0,193;139;68;46;176;51;118;65;116;43;42;181;160;34;146;22;159;18;108;140;93;117;0;143;183;89;23;137;94;97;101;1;152;167;49;102;62;178;106;185;52;55;57;180;53;86;75;2;26;100;154;135;70;127;123;112;4;190;10;177;54;48;184;35;131;149;162;133;80;148;9;144;14;138;90;165;40;81;196;157;31;56;113;175;171;16;25;44;120;78;145;179;92;129;63;79;151;59;115;41,5175583633914182652,0.087286,20
LNS_no_search_intra:edges_start:random,187,83011,35111,47900,0,0,62;15;186;23;89;0;118;59;51;176;148;49;178;179;145;78;25;44;120;75;101;86;63;133;162;65;184;43;116;80;144;21;7;164;71;27;90;81;196;157;31;113;175;171;16;92;57;55;106;129;2;152;1;97;26;100;53;180;154;135;70;127;123;112;4;190;10;177;54;48;160;34;146;22;18;108;115;9;102;14;138;165;40;185;52;167;124;94;79;151;42;68;117;143;183;139;193;41;46;137,8471541595129533603,0.085798,14
LNS_no_search_intra:edges_start:random,188,82435,34929,47506,0,0,40;145;78;152;94;63;79;133;151;118;115;41;193;139;46;0;89;183;143;117;93;140;108;18;22;146;181;116;80;121;100;26;97;1;120;129;49;52;55;92;16;196;81;185;178;148;15;186;23;137;51;59;42;34;160;43;65;162;180;53;154;135;70;127;123;112;4;190;10;177;54;184;35;149;176;9;62;102;144;14;165;90;27;71;164;7;21;106;179;31;113;175;171;25;44;75;86;101;2;57,3511248363505819174,0.050769,12
LNS_no_search_intra:edges_start:random,189,84184,36667,47517,0,0,145;57;148;186;23;118;42;43;116;65;151;79;63;26;101;185;49;62;15;114;89;183;143;0;117;93;140;139;193;41;115;137;9;124;53;97;152;106;40;165;90;81;196;179;120;129;55;52;178;14;144;102;167;1;2;78;25;44;75;86;180;154;135;70;127;123;35;184;131;149;162;133;112;4;190;10;177;54;48;160;34;181;159;22;18;108;68;46;176;51;59;80;94;92;31;56;113;175;171;16,893937351644239061,0.107951,16
LNS_no_search_intra:edges_start:random,190,78252,30816,47436,0,0,144;114;186;23;80;94;51;139;115;137;15;9;62;102;49;148;176;59;65;116;43;42;181;160;34;146;22;159;18;108;140;93;117;143;183;89;0;46;68;193;41;118;151;133;79;63;26;101;44;16;31;56;113;175;171;25;120;75;86;180;162;123;149;35;184;48;54;177;10;190;4;112;127;70;135;154;53;100;97;1;152;2;129;92;78;145;179;57;55;52;40;196;81;90;165;185;106;178;138;14,8349764794673805857,0.118268,16
LNS_no_search_intra:edges_start:random,191,78148,30859,47289,0,0,22;146;34;54;177;10;190;4;112;127;70;154;100;26;101;1;129;78;145;179;196;81;185;40;165;90;27;71;164;7;21;14;144;9;148;46;139;59;162;151;133;79;63;97;25;31;113;175;171;16;44;75;86;53;180;135;123;35;184;160;181;18;108;140;93;117;143;183;89;0;115;42;43;116;65;118;51;176;80;94;152;2;120;92;57;55;52;106;178;49;102;62;15;114;186;23;137;193;41;159,1037347751487889080,0.109230,23
LNS_no_search_intra:edges_start:random,192,84017,36687,47330,0,0,63;79;51;46;176;152;2;120;1;97;133;65;184;177;54;34;146;22;18;108;140;93;117;143;23;186;114;15;102;49;178;106;185;40;81;196;78;25;75;86;154;135;70;127;112;4;84;160;181;159;139;68;0;183;89;137;53;101;44;16;171;175;113;56;31;145;92;129;94;80;118;115;193;41;43;149;123;162;180;100;26;57;55;52;165;90;27;71;164;7;21;14;144;62;9;148;59;42;116;151,3859701888276551173,0.074993,17
LNS_no_search_intra:edges_start:random,193,81466,33986,47480,0,0,183;89;118;59;80;124;167;106;178;49;14;144;15;137;46;68;139;193;41;115;51;176;94;57;55;52;185;40;165;90;81;196;157;31;16;44;75;86;70;127;112;4;190;10;177;54;184;35;131;149;162;100;26;152;2;129;92;179;145;78;56;113;175;171;25;120;101;1;97;79;151;65;116;43;42;181;160;34;146;22;159;18;108;140;93;117;63;53;180;154;135;123;133;148;9;62;186;23;0;143,4626212028379228720,0.085455,20
LNS_no_search_intra:edges_start:random,194,79790,32404,47386,0,0,1;120;44;25;16;171;175;113;31;145;57;55;52;102;14;138;165;40;179;92;129;152;101;2;78;196;81;90;27;71;164;7;21;144;62;9;80;133;127;112;4;84;184;177;54;34;160;181;42;41;193;159;22;18;108;140;93;117;0;143;183;89;23;186;114;15;178;185;106;176;59;65;116;43;149;123;162;79;94;124;49;148;137;46;68;139;115;118;51;151;63;86;75;70;135;154;180;53;26;97,9188979962146649645,0.098723,17
LNS_no_search_intra:edges_start:random,195,85247,37698,47549,0,0,185;31;171;175;113;81;90;40;196;16;25;44;152;148;115;41;159;69;108;18;22;146;34;54;177;48;160;181;193;137;49;102;62;15;183;23;186;9;178;106;167;124;63;79;133;151;59;42;116;65;149;162;180;86;75;120;2;94;176;46;68;140;93;117;0;143;89;144;14;138;165;179;145;78;97;26;100;80;51;118;139;43;184;35;84;4;112;123;127;70;135;154;53;101;1;129;92;57;55;52,1265707852828825374,0.046995,9
LNS_no_search_intra:edges_start:random,196,86172,38954,47218,0,0,123;94;124;55;185;52;97;53;86;75;25;171;175;113;56;31;78;179;106;178;102;62;9;186;89;183;23;148;57;145;129;152;151;149;65;116;43;184;160;181;42;117;143;0;133;154;180;79;80;176;51;118;41;193;159;22;146;34;54;177;10;190;4;112;127;70;1;120;2;63;26;101;44;16;92;49;14;21;7;164;71;27;90;81;196;40;165;138;144;15;137;46;68;108;18;139;115;59;162;135,9014718167647056278,0.090542,11
LNS_no_search_intra:edges_start:random,197,76789,29344,47445,0,0,160;34;159;68;46;0;117;143;183;89;23;137;186;114;15;102;49;14;144;62;9;148;124;94;180;154;135;70;127;123;149;65;115;139;108;18;22;146;181;42;43;116;151;79;63;152;1;97;26;100;80;51;118;193;41;59;133;53;86;101;75;2;120;44;25;16;171;175;113;31;157;196;81;90;27;164;39;165;40;185;106;178;52;55;57;179;145;78;92;129;167;176;162;112;4;84;184;177;54;48,3283454797405047634,0.112357,22
LNS_no_search_intra:edges_start:random,198,85907,38432,47475,0,0,145;92;129;152;94;79;133;162;112;127;70;135;154;53;120;78;57;9;186;23;46;193;41;115;51;176;59;118;183;89;15;102;49;14;138;165;40;81;196;157;31;113;175;171;16;25;44;86;180;123;80;62;144;21;7;164;71;27;90;185;106;178;148;137;68;139;159;146;22;18;108;140;93;117;143;0;97;1;101;26;65;116;43;42;181;34;160;48;54;177;184;35;149;151;63;75;2;55;52;179,6024571946604351056,0.078340,12
LNS_no_search_intra:edges_start:random,199,79665,32187,47478,0,0,78;113;175;171;25;44;2;97;63;79;133;151;162;59;115;46;68;139;41;193;159;181;42;43;116;65;118;51;137;176;80;26;101;1;152;49;14;21;7;164;71;27;90;165;52;55;148;86;75;16;31;157;196;81;40;185;106;178;102;62;9;15;186;23;183;144;89;143;0;117;93;140;108;18;22;146;34;160;48;54;177;184;35;84;4;112;123;127;70;135;154;180;53;120;145;92;57;124;94;129,1031948654627443161,0.073608,13
