method,run,objective,tour_length,selected_costs,evaluations,improvements,final_selected,seed,duration_s,main_loop_iterations
LNS_with_search_intra:edges_start:random,0,46255,20493,25762,0,2,36;61;91;141;97;146;187;163;89;127;103;113;176;194;166;86;95;130;185;179;172;57;66;94;47;148;60;20;28;149;4;140;183;152;170;34;55;18;62;124;106;143;153;81;77;82;21;8;104;138;33;160;29;0;35;109;69;189;155;3;70;15;145;168;195;13;132;169;188;6;147;51;90;122;107;40;63;135;38;27;1;156;198;117;193;190;80;136;73;31;54;19;112;121;158;25;177;5;78;175,3114174550558578792,0.055890,3
LNS_with_search_intra:edges_start:random,1,45548,21472,24076,0,5,1;156;198;117;193;31;54;73;136;190;80;45;142;175;78;5;36;61;177;25;182;138;139;11;33;160;29;0;109;35;111;144;104;8;82;141;77;81;187;165;127;89;103;163;153;143;106;124;128;176;113;194;166;86;185;179;94;47;148;60;20;28;149;140;183;95;62;18;55;34;170;152;184;155;3;70;15;145;168;195;13;132;169;188;6;147;191;90;51;121;131;135;122;133;107;40;100;63;38;27,4862109939537662376,0.037205,1
LNS_with_search_intra:edges_start:random,2,45192,20389,24803,0,0,168;195;13;145;15;3;70;132;169;188;6;147;71;51;121;131;90;122;107;40;63;135;38;27;16;1;156;198;117;193;31;54;73;136;190;80;45;175;78;5;177;36;61;91;141;21;82;8;111;77;81;153;187;165;127;89;103;163;106;124;128;86;176;113;194;166;185;95;130;99;22;179;66;94;47;148;60;20;28;149;4;140;183;152;170;34;55;18;62;143;35;109;0;29;160;33;138;11;139;43,3771662554336262988,0.066750,6
LNS_with_search_intra:edges_start:random,3,44452,20096,24356,0,1,33;138;11;139;134;6;147;10;133;107;40;63;135;122;90;51;121;131;1;156;198;117;193;31;54;73;136;190;80;162;45;175;78;5;177;36;61;91;141;77;81;153;187;163;89;127;103;113;176;194;166;179;66;94;47;148;60;20;28;149;4;140;183;95;130;99;185;86;128;106;124;62;18;55;34;170;152;184;155;189;145;15;3;70;188;169;132;13;195;168;29;0;109;35;111;82;8;104;144;160,1770093505500343120,0.084487,5
LNS_with_search_intra:edges_start:random,4,45057,21089,23968,0,0,63;38;27;16;1;156;198;117;193;31;54;73;136;190;80;45;175;78;5;177;25;182;138;33;160;144;104;8;82;21;61;36;141;77;81;153;187;163;89;127;103;113;176;194;166;86;128;106;124;62;18;34;55;95;130;185;179;66;94;47;148;60;20;28;149;4;140;183;152;184;155;189;145;15;3;70;188;169;132;13;195;168;109;35;0;29;11;139;134;6;147;90;51;121;131;135;122;133;107;40,149205787101316928,0.053532,5
LNS_with_search_intra:edges_start:random,5,44931,20370,24561,0,3,141;91;61;36;5;78;175;45;80;190;136;73;54;31;193;117;198;156;1;38;135;122;63;40;107;133;10;147;6;188;169;132;70;3;15;145;13;195;168;43;139;11;33;138;182;118;51;90;131;121;158;25;177;21;82;8;104;144;160;29;0;109;35;143;106;124;62;18;55;34;170;152;183;140;4;149;28;20;60;148;47;94;66;179;185;130;95;86;166;194;176;113;103;127;89;163;187;153;81;77,4044948257174340933,0.057037,5
LNS_with_search_intra:edges_start:random,6,46460,22462,23998,0,3,160;144;104;8;82;21;177;36;61;91;141;77;97;187;165;127;137;114;194;166;176;113;103;89;163;153;81;111;29;0;109;35;143;106;124;128;86;95;185;179;94;47;148;60;20;28;140;183;62;18;55;34;152;184;155;3;70;15;145;195;168;132;169;188;6;147;10;133;122;107;40;100;63;135;38;1;156;198;117;193;190;80;45;175;78;5;73;31;54;112;121;131;90;191;51;134;139;11;138;33,9181994450345088761,0.060248,1
LNS_with_search_intra:edges_start:random,7,44004,19381,24623,0,1,190;80;162;45;142;175;78;5;177;36;61;21;82;8;111;77;81;153;187;163;103;89;127;137;114;113;176;194;166;86;95;130;99;185;179;172;66;94;47;148;60;20;28;149;4;140;183;152;170;34;55;18;62;124;106;143;35;109;0;29;160;33;138;11;139;43;168;195;13;145;15;3;70;132;169;188;6;147;90;51;121;131;135;122;133;107;40;63;38;27;16;1;156;198;117;193;31;54;73;136,53136923400806130,0.070920,6
LNS_with_search_intra:edges_start:random,8,45789,20662,25127,0,0,185;179;22;99;130;95;183;140;199;148;47;94;60;20;28;149;4;152;170;34;55;18;62;124;106;143;35;109;0;29;111;82;21;8;104;144;160;33;138;11;139;43;168;195;13;145;15;3;70;132;169;188;6;147;10;133;122;63;135;131;121;90;51;118;74;25;177;5;45;136;73;31;54;117;193;190;80;162;175;78;36;61;91;141;77;81;153;187;165;163;103;89;127;137;114;113;176;194;166;86,433765371144231345,0.064839,3
LNS_with_search_intra:edges_start:random,9,45304,21438,23866,0,2,122;90;51;147;6;188;134;139;11;29;0;109;35;143;106;124;128;62;18;55;34;189;15;145;13;195;168;169;132;70;3;155;184;152;183;140;4;149;28;20;60;148;47;94;66;179;185;130;95;86;166;194;176;113;103;163;89;127;165;187;153;81;77;141;91;36;61;21;82;111;8;104;144;160;33;138;182;25;177;5;78;175;45;80;190;136;73;54;31;193;117;198;156;1;121;131;135;63;40;107,57160977268955194,0.045724,3
LNS_with_search_intra:edges_start:random,10,44875,20448,24427,0,1,166;194;176;113;114;137;127;89;103;163;187;153;81;77;141;91;36;61;21;177;5;78;175;142;45;80;190;136;73;54;31;193;117;198;156;1;27;38;135;63;40;107;122;90;131;121;51;71;147;6;188;169;132;70;3;15;145;13;195;168;43;139;11;138;104;8;111;144;33;160;29;0;109;35;143;106;124;62;18;55;34;170;152;4;149;28;20;199;140;183;95;185;99;148;60;47;94;66;179;86,6915373927739557147,0.048642,2
LNS_with_search_intra:edges_start:random,11,45448,21060,24388,0,1,33;160;144;111;77;81;153;143;106;124;62;18;55;95;130;99;185;86;176;113;103;163;89;127;137;114;194;166;179;66;94;47;148;60;20;28;149;4;140;183;152;170;34;35;109;0;29;168;195;13;145;15;3;70;132;169;188;6;134;139;11;138;182;25;158;121;51;90;122;133;107;40;63;135;38;27;16;1;156;198;117;193;31;54;73;136;190;80;45;175;78;5;177;36;61;141;21;82;8;104,1114240243684993469,0.054023,4
LNS_with_search_intra:edges_start:random,12,45152,20263,24889,0,3,3;15;145;13;195;168;43;139;11;138;33;160;29;0;109;35;34;55;18;62;124;106;128;86;95;130;183;140;152;4;149;28;59;20;60;148;47;94;66;99;22;185;179;166;194;176;113;103;127;89;163;187;153;81;111;8;21;82;77;97;141;91;61;36;177;5;78;175;45;80;190;136;73;54;31;193;117;198;156;1;16;27;38;135;63;40;107;10;133;122;131;121;51;90;147;6;188;169;132;70,1708153210381805380,0.042479,2
LNS_with_search_intra:edges_start:random,13,46308,21579,24729,0,4,193;117;198;121;131;1;27;38;63;135;122;133;90;51;147;6;134;139;11;168;195;145;13;132;169;188;70;3;15;155;184;152;183;140;4;149;28;20;60;148;47;94;99;130;95;83;18;55;34;62;124;128;86;185;179;166;194;176;180;113;114;137;127;89;103;163;187;153;106;159;143;35;109;0;29;160;33;138;104;8;82;111;81;77;141;91;61;36;177;5;78;175;45;162;80;190;136;73;54;31,852155546091542126,0.045986,1
LNS_with_search_intra:edges_start:random,14,45654,19760,25894,0,1,130;99;22;179;172;66;94;47;148;60;20;28;149;4;140;183;152;184;155;3;70;15;145;168;195;13;132;169;188;6;147;51;125;90;191;10;133;122;63;135;131;121;1;156;198;117;193;31;54;73;136;190;80;162;45;175;78;5;177;36;61;91;141;97;146;187;165;127;89;103;113;163;153;81;77;82;8;104;138;182;139;11;33;160;29;0;109;35;34;55;18;62;124;106;176;194;166;86;185;95,5386229184552317058,0.087353,5
LNS_with_search_intra:edges_start:random,15,44714,20425,24289,0,2,82;8;104;144;160;33;138;11;139;134;6;188;169;132;70;3;15;145;13;195;168;29;0;109;35;143;106;124;62;18;55;34;170;152;183;140;4;149;28;20;60;148;47;94;66;179;185;130;95;86;166;194;176;113;103;127;89;163;187;153;81;77;141;91;61;36;5;78;175;45;162;80;190;136;73;54;31;193;117;198;156;1;27;38;135;122;63;40;107;133;10;147;51;90;131;121;158;25;177;21,6259233561489777317,0.042077,3
LNS_with_search_intra:edges_start:random,16,46128,20493,25635,0,2,111;35;109;0;29;160;33;144;8;82;141;91;61;36;5;78;175;45;80;190;136;73;164;31;54;193;117;198;156;1;27;38;63;135;122;131;121;125;90;191;51;118;74;25;177;21;104;138;11;139;43;168;195;145;13;132;169;188;70;3;15;155;184;152;170;34;143;106;124;62;18;55;183;140;4;149;28;20;60;148;47;94;66;179;185;130;95;86;166;194;176;113;103;127;89;163;187;153;81;77,7317823572117087601,0.037330,2
LNS_with_search_intra:edges_start:random,17,46553,20817,25736,0,0,168;195;13;145;29;0;109;35;111;77;81;153;187;163;89;127;103;113;176;194;166;86;185;95;130;99;22;179;66;94;47;148;60;20;28;149;4;140;183;152;170;34;55;18;62;124;106;143;189;155;15;3;70;132;169;188;6;147;191;90;122;133;107;40;63;135;38;27;16;1;156;198;117;54;31;193;190;80;136;73;19;112;121;51;118;25;177;36;61;21;82;8;104;144;160;33;138;11;139;43,9080452691111025032,0.049855,4
LNS_with_search_intra:edges_start:random,18,45354,20712,24642,0,0,135;38;27;1;156;198;117;193;31;54;73;136;190;80;162;45;175;78;5;177;36;61;91;141;21;82;8;111;77;81;153;187;163;89;127;103;113;194;176;106;124;62;18;95;130;99;185;86;166;179;66;94;47;148;60;20;28;149;4;140;183;55;34;170;152;184;155;189;69;109;35;0;29;160;33;138;11;139;43;168;195;13;145;15;3;70;132;169;188;6;147;90;51;121;131;122;133;107;40;63,320152778808705305,0.048630,4
LNS_with_search_intra:edges_start:random,19,45986,21719,24267,0,2,62;124;106;86;95;130;185;179;166;194;176;113;103;127;89;163;187;153;81;77;141;36;61;21;82;8;104;144;160;33;138;11;139;134;118;51;90;122;131;121;158;25;177;5;78;175;45;80;190;136;73;54;31;193;117;198;156;1;27;38;135;63;40;107;133;10;147;6;188;169;132;70;3;15;145;13;195;168;29;0;35;109;189;155;184;152;140;4;149;28;20;60;94;47;148;9;183;34;55;18,4183079460293781038,0.082856,5
LNS_with_search_intra:edges_start:random,20,46214,22306,23908,0,2,77;81;153;187;165;127;89;163;103;113;176;194;166;86;128;106;124;62;18;34;55;95;130;185;179;66;94;47;148;60;20;28;149;4;140;183;152;184;155;3;70;15;145;13;132;169;188;195;168;11;139;134;6;147;10;133;122;107;40;63;135;38;27;1;156;198;117;54;31;193;190;80;136;73;112;121;131;90;51;118;25;177;5;78;175;36;61;21;82;8;104;138;33;160;29;0;109;35;111;141,4339637502789834553,0.046268,3
LNS_with_search_intra:edges_start:random,21,45695,22232,23463,0,1,62;18;34;55;95;130;99;185;86;176;103;163;89;127;137;114;113;194;166;179;66;94;47;148;60;20;28;149;4;140;183;152;184;155;189;145;15;3;70;188;169;132;13;195;168;29;109;35;0;160;33;138;11;139;134;6;147;51;121;131;90;133;40;107;122;135;63;38;27;16;1;156;198;117;193;31;54;73;136;190;80;45;175;78;5;177;36;61;21;82;8;111;81;77;141;187;153;143;106;124,5949471029367008087,0.052340,2
LNS_with_search_intra:edges_start:random,22,45432,21226,24206,0,1,94;47;148;60;20;28;149;4;140;183;152;184;155;3;70;132;169;188;6;147;51;121;131;90;133;40;107;122;135;63;38;27;16;1;156;198;117;193;31;54;73;136;190;80;45;175;78;5;177;36;61;21;8;82;141;77;81;111;35;109;0;29;160;33;138;11;139;43;168;195;13;145;15;189;34;55;18;62;124;106;143;153;187;163;89;127;103;113;176;194;166;86;95;130;99;185;179;172;57;66,3045761469024163397,0.048914,3
LNS_with_search_intra:edges_start:random,23,45148,20817,24331,0,2,104;8;82;21;177;25;182;138;33;11;139;43;168;195;145;15;3;70;132;169;188;6;147;10;133;107;40;63;135;122;90;191;51;121;131;1;156;198;117;193;31;54;73;136;190;80;45;175;78;5;36;61;91;141;97;77;81;153;187;163;89;127;103;113;176;194;166;86;185;179;66;94;47;148;60;20;28;149;140;183;95;128;124;106;143;62;18;55;34;170;152;184;155;189;29;0;109;35;111;144,1376553799324494558,0.041483,1
LNS_with_search_intra:edges_start:random,24,45671,20904,24767,0,4,1;131;121;112;198;117;193;31;54;73;136;190;80;45;175;78;5;177;36;61;91;141;77;97;187;163;89;127;103;113;194;166;176;153;81;111;82;21;8;104;138;182;139;11;33;160;29;0;109;35;143;106;124;62;18;34;55;95;86;185;99;179;172;57;66;94;47;148;60;20;28;149;4;140;183;152;184;155;3;70;15;145;168;195;13;132;169;188;6;147;51;90;10;133;122;135;63;38;27;16,1197515932682362962,0.050958,3
LNS_with_search_intra:edges_start:random,25,45424,20650,24774,0,1,168;43;134;118;51;121;158;25;21;82;8;104;144;160;33;138;182;139;11;29;0;109;35;143;106;124;62;34;55;18;128;86;185;95;183;140;4;149;28;20;60;148;47;94;66;179;166;194;176;113;114;137;127;89;103;163;187;153;81;77;141;91;61;36;177;5;78;175;45;80;190;73;54;31;193;117;198;156;1;27;38;135;63;40;107;133;122;90;191;147;6;188;169;132;70;3;15;145;13;195,7940079410465802066,0.045883,2
LNS_with_search_intra:edges_start:random,26,44717,19223,25494,0,0,27;38;135;63;40;107;122;90;51;121;158;25;182;138;104;8;82;111;144;160;33;11;139;43;168;195;13;132;169;188;70;3;15;145;29;0;109;35;143;106;124;62;18;55;34;170;152;183;140;4;149;28;20;60;148;47;94;66;57;172;179;185;99;130;95;86;166;194;176;113;103;127;89;163;187;153;81;77;141;91;61;36;177;5;78;175;45;162;80;190;136;73;54;31;193;117;198;156;1;16,3578771969565875911,0.059529,3
LNS_with_search_intra:edges_start:random,27,45810,21031,24779,0,2,117;198;156;1;27;38;63;135;122;100;40;107;133;90;51;121;158;25;182;138;11;139;134;147;6;188;169;132;13;195;168;145;15;70;3;155;184;152;140;4;149;28;59;20;60;148;47;94;66;179;185;95;183;55;18;34;35;109;0;29;160;33;104;8;111;143;159;106;124;62;128;86;166;194;176;113;103;127;89;163;187;153;81;77;141;91;61;36;177;5;78;175;45;80;190;136;73;54;31;193,308802712396567639,0.050890,1
LNS_with_search_intra:edges_start:random,28,46344,21687,24657,0,5,10;133;122;90;191;147;6;188;169;132;13;195;168;145;15;70;3;155;184;152;170;34;55;18;62;183;140;149;28;20;60;148;47;94;66;179;185;86;128;124;106;143;35;109;0;29;111;81;153;176;166;194;113;103;127;89;163;187;97;77;141;91;61;36;177;21;82;8;104;144;160;33;138;11;139;134;118;51;121;112;54;31;73;136;5;78;175;45;80;190;193;117;198;156;1;38;135;63;40;107,5973559817327001326,0.070281,2
LNS_with_search_intra:edges_start:random,29,45626,20267,25359,0,4,117;198;156;1;16;27;38;63;135;122;133;90;51;147;6;188;169;132;13;195;168;145;15;70;3;155;189;69;109;35;0;29;11;33;160;144;111;143;106;124;62;18;55;34;170;152;183;140;4;149;28;20;60;148;47;94;66;179;185;130;95;86;166;194;176;113;103;127;89;163;187;153;81;77;141;91;61;36;175;78;5;177;21;82;8;104;138;182;25;158;121;112;19;54;31;73;136;80;190;193,1115491202130908607,0.058493,5
LNS_with_search_intra:edges_start:random,30,45229,19933,25296,0,2,47;94;66;57;172;179;185;99;130;95;86;166;194;176;113;103;127;89;163;187;153;81;77;141;82;8;21;61;36;78;175;142;5;177;25;158;121;112;19;54;31;73;136;80;190;193;117;198;156;1;16;27;38;135;63;40;107;133;122;90;51;147;6;188;169;132;70;3;15;145;13;195;168;43;139;11;138;33;160;29;0;109;35;143;106;124;62;18;55;34;170;152;183;140;4;149;28;20;60;148,7509593028610255485,0.061872,5
LNS_with_search_intra:edges_start:random,31,45243,20631,24612,0,2,111;35;109;0;29;160;33;138;11;139;134;51;121;112;54;73;5;78;175;45;80;190;193;31;117;198;156;1;27;38;135;63;40;107;133;122;90;191;147;6;188;169;132;13;195;168;145;15;70;3;155;184;152;170;34;55;18;62;124;106;128;95;130;22;99;9;183;140;4;149;28;20;60;148;47;94;66;179;185;86;166;194;176;113;103;127;89;163;187;153;81;77;141;91;61;36;177;21;82;8,864123482606491475,0.053440,1
LNS_with_search_intra:edges_start:random,32,44877,20471,24406,0,2,121;1;156;198;117;193;31;54;73;136;190;80;162;45;175;78;5;177;36;61;91;141;77;81;153;187;163;89;127;103;113;176;194;166;86;185;179;22;99;130;95;183;140;199;148;47;94;60;20;28;149;4;152;184;155;170;34;55;18;62;124;106;143;35;109;0;29;160;33;144;111;82;21;8;104;138;11;139;43;168;195;13;145;15;3;70;132;169;188;6;147;51;90;122;133;107;40;63;135;131,8821761460541215744,0.054749,2
LNS_with_search_intra:edges_start:random,33,44814,20501,24313,0,0,147;6;188;169;132;70;3;15;145;13;195;168;43;139;11;138;33;160;29;0;109;35;34;170;152;183;140;4;149;28;20;60;148;47;94;66;179;86;185;99;130;95;55;18;62;124;106;176;166;194;113;114;137;127;89;103;163;187;153;81;111;144;104;8;82;77;141;91;61;36;177;5;78;175;45;162;80;190;136;73;54;31;193;117;198;156;1;27;38;135;63;40;107;133;122;131;121;51;90;191,6633248239711543721,0.047632,3
LNS_with_search_intra:edges_start:random,34,45729,21235,24494,0,3,185;179;66;94;47;148;60;20;28;149;4;140;183;55;18;34;170;152;184;155;3;70;15;145;168;195;13;132;169;188;6;147;191;90;122;107;40;63;135;38;27;1;156;198;117;193;190;80;136;73;31;54;19;112;121;51;134;139;11;138;33;160;144;104;8;82;21;177;5;78;175;36;61;91;141;77;81;111;29;0;109;35;143;106;124;62;128;176;163;153;187;165;127;89;103;113;194;166;86;95,98393361221972315,0.089358,7
LNS_with_search_intra:edges_start:random,35,45242,20237,25005,0,2,145;13;195;168;43;139;11;138;33;160;29;0;35;109;69;189;155;184;152;170;34;55;18;62;124;106;86;185;99;130;95;183;140;4;149;28;20;60;148;47;94;66;179;166;194;176;113;103;127;89;163;187;153;81;111;8;82;77;141;91;61;36;177;5;78;175;45;80;190;136;73;54;31;193;117;198;156;1;27;38;135;63;40;107;122;90;131;121;51;118;74;134;147;6;188;169;132;70;3;15,2028888039455764445,0.050325,4
LNS_with_search_intra:edges_start:random,36,44454,19346,25108,0,1,54;31;193;117;198;156;1;16;27;38;63;135;122;133;10;147;191;90;51;121;158;25;177;21;82;8;104;144;160;33;138;11;139;134;6;188;169;132;70;3;15;145;13;195;168;29;0;109;35;143;106;124;62;18;55;34;170;152;183;140;4;149;28;20;60;148;47;94;66;179;22;99;130;95;185;86;166;194;176;113;103;127;89;163;187;153;81;77;141;91;61;36;5;78;175;45;80;190;136;73,7887365978948816262,0.054452,3
LNS_with_search_intra:edges_start:random,37,46117,20610,25507,0,7,169;188;6;147;51;121;131;90;10;133;44;122;135;100;107;40;63;38;27;1;156;198;117;193;31;54;73;136;190;80;45;175;78;5;177;36;61;91;141;77;82;21;8;111;143;106;124;62;18;55;183;140;9;99;130;95;185;86;176;113;103;163;89;127;137;114;194;166;179;66;94;154;47;148;60;20;28;149;4;152;170;34;35;109;0;29;160;33;138;11;139;43;168;195;13;145;15;3;70;132,2087311573814352,0.047619,1
LNS_with_search_intra:edges_start:random,38,45504,20137,25367,0,1,38;135;63;40;107;122;90;131;121;51;71;147;6;188;169;132;70;3;15;145;13;195;168;43;139;11;138;33;160;29;0;109;35;143;124;62;18;55;34;170;152;183;140;4;149;28;20;60;148;47;94;66;57;172;179;99;130;95;185;166;194;114;137;127;89;163;103;113;176;86;128;106;153;81;77;111;8;82;21;61;36;177;5;78;175;45;162;80;190;136;73;54;31;193;117;198;156;1;16;27,4294682072838860223,0.053914,5
LNS_with_search_intra:edges_start:random,39,44542,19634,24908,0,2,89;103;163;187;153;81;77;141;91;36;61;21;82;8;104;138;182;118;51;121;158;25;177;5;78;175;45;80;190;136;73;54;31;193;117;198;156;1;27;38;63;135;122;133;90;191;147;6;188;169;132;70;3;15;145;13;195;168;43;139;11;33;160;29;0;109;35;143;106;124;62;18;55;34;170;152;183;140;4;149;28;20;60;148;47;94;66;179;99;130;95;185;86;166;194;176;113;114;137;127,4899507480883631132,0.046907,3
LNS_with_search_intra:edges_start:random,40,44088,19728,24360,0,2,117;193;31;54;73;136;190;80;45;175;78;5;177;36;61;91;141;77;82;8;111;81;153;187;165;163;89;127;137;114;103;113;176;194;166;86;95;130;185;179;172;57;66;94;47;148;60;20;28;149;4;140;183;152;170;34;55;18;62;124;106;143;35;109;0;29;160;33;138;11;139;43;168;195;13;145;15;3;70;132;169;188;6;147;90;51;121;131;135;122;133;107;40;63;38;27;16;1;156;198,6094569204063824158,0.044670,3
LNS_with_search_intra:edges_start:random,41,45428,20353,25075,0,3,185;86;106;124;62;18;55;34;170;152;184;155;3;70;15;145;168;195;13;132;169;188;6;147;191;90;122;135;63;38;27;16;1;156;198;117;54;31;193;190;80;162;175;78;5;45;136;73;121;51;118;134;139;11;138;182;25;177;36;61;91;141;77;82;8;104;33;160;29;0;109;35;111;81;153;187;165;127;89;163;103;113;176;194;166;179;66;94;47;148;60;20;28;149;4;140;183;95;130;99,3495533506095311532,0.055993,3
LNS_with_search_intra:edges_start:random,42,44981,19836,25145,0,0,169;188;6;147;51;90;135;122;133;107;40;63;38;27;16;1;131;121;112;198;117;193;31;54;73;136;190;80;45;142;175;78;5;177;36;61;21;82;8;111;77;81;153;187;163;103;89;127;137;114;113;176;194;166;86;95;130;185;179;172;66;94;47;148;60;20;28;149;4;140;183;152;170;34;55;18;62;124;106;143;35;109;0;29;160;33;138;11;139;43;168;195;126;13;145;15;3;70;161;132,7703861454854098674,0.045132,1
LNS_with_search_intra:edges_start:random,43,45984,21355,24629,0,1,77;82;21;141;91;61;36;177;5;78;175;45;80;190;136;73;54;31;193;117;198;156;1;16;27;38;63;135;122;131;121;51;90;147;6;134;139;11;29;109;35;0;160;33;138;104;8;111;143;159;106;124;128;86;185;99;130;95;183;62;18;55;34;189;15;145;168;195;13;132;169;188;70;3;155;184;152;140;4;149;28;20;60;148;47;94;66;179;166;194;176;113;103;163;89;127;165;187;153;81,1864641728807928560,0.082396,4
LNS_with_search_intra:edges_start:random,44,45339,19526,25813,0,2,168;195;13;132;169;188;6;147;90;51;121;131;135;122;133;107;40;63;102;38;27;16;1;156;198;117;193;31;54;73;136;190;80;45;175;78;5;177;36;61;91;141;97;77;82;8;104;144;160;33;138;182;139;11;29;0;109;35;143;106;124;62;18;55;34;183;95;130;99;185;86;176;163;89;127;103;113;194;166;179;172;57;66;94;47;148;60;20;59;28;149;4;140;152;184;155;3;70;15;145,2638088329197521365,0.051759,2
LNS_with_search_intra:edges_start:random,45,45150,20089,25061,0,6,0;29;160;33;138;11;139;168;195;134;74;118;51;121;158;25;177;5;78;175;45;80;190;136;73;54;31;193;117;198;156;1;16;27;38;63;135;122;133;90;147;6;188;169;132;13;145;15;70;3;155;184;152;170;34;55;18;62;124;106;128;183;140;4;149;28;20;60;148;47;94;66;179;99;130;95;185;86;166;194;176;113;103;127;89;163;187;153;81;77;141;91;36;61;21;82;8;111;35;109,3390534325380494061,0.047321,3
LNS_with_search_intra:edges_start:random,46,48594,21425,27169,0,2,63;135;122;133;10;90;191;147;134;139;11;168;195;13;132;169;6;188;70;3;15;145;155;189;29;12;0;109;35;111;81;153;163;89;103;113;176;86;128;106;124;62;18;55;34;170;152;140;183;95;130;185;179;166;194;114;137;127;165;187;97;77;141;91;61;36;177;21;82;8;104;144;160;33;138;182;118;51;121;158;25;5;78;175;142;45;80;190;136;73;54;31;193;117;198;156;1;16;27;38,984720831103027262,0.053751,2
LNS_with_search_intra:edges_start:random,47,44563,19522,25041,0,1,175;78;5;177;36;61;21;104;8;82;141;77;81;153;187;163;89;127;103;113;176;194;166;86;95;130;99;185;179;172;57;66;94;47;148;60;20;59;28;149;4;140;183;152;170;34;55;18;62;124;106;143;35;109;0;29;160;33;138;11;139;43;168;195;13;145;15;3;70;132;169;188;6;147;71;51;121;131;90;122;133;107;40;63;135;38;27;16;1;156;198;117;193;31;54;73;136;190;80;45,8853883478228782755,0.080268,3
LNS_with_search_intra:edges_start:random,48,44160,20047,24113,0,4,124;62;18;55;34;170;152;183;140;4;149;28;20;60;148;47;94;66;172;179;185;130;95;86;166;194;176;113;103;127;89;163;187;153;81;77;141;91;36;61;21;82;8;104;144;160;33;138;11;139;182;25;177;5;78;175;45;80;190;136;73;54;31;193;117;198;156;1;16;27;38;63;135;131;121;51;90;122;107;40;133;10;147;6;188;169;132;70;3;15;145;13;195;168;29;0;109;35;143;106,4792535642823500987,0.058929,3
LNS_with_search_intra:edges_start:random,49,46693,22666,24027,0,5,177;5;36;61;141;21;82;8;104;144;160;29;0;109;35;111;77;81;153;187;163;103;89;127;137;114;113;176;194;166;179;185;95;86;106;124;62;18;55;34;183;9;148;47;94;60;20;28;149;4;140;152;184;155;3;70;15;145;168;195;13;132;169;188;6;147;90;122;135;107;40;63;38;27;16;1;156;198;117;193;190;80;162;175;78;45;136;73;31;54;112;121;51;134;139;11;33;138;182;25,5105059251466168585,0.049363,3
LNS_with_search_intra:edges_start:random,50,46482,21695,24787,0,3,168;195;13;145;15;189;34;55;18;62;124;106;176;113;103;163;89;127;137;114;194;166;86;179;172;57;66;94;47;60;20;148;99;185;130;95;183;140;152;184;155;3;70;132;169;188;6;147;51;90;122;133;10;107;40;100;63;102;135;131;121;1;156;198;117;193;31;54;73;136;190;80;45;175;78;5;177;36;61;91;141;187;153;81;77;82;111;35;109;0;29;160;33;144;8;104;138;11;139;43,289698833939465026,0.062028,7
LNS_with_search_intra:edges_start:random,51,45446,20266,25180,0,5,62;18;55;34;35;109;0;29;168;195;13;145;15;3;70;132;169;188;6;147;178;10;133;107;40;100;63;135;122;90;51;121;131;1;156;198;117;193;31;54;73;136;190;80;45;175;78;5;177;25;182;138;139;11;33;160;144;104;8;82;21;61;36;91;141;77;81;143;106;153;187;163;89;127;103;113;176;194;166;172;179;66;94;47;148;60;20;59;28;149;4;140;183;95;130;99;185;86;128;124,1513592564635058872,0.060414,3
LNS_with_search_intra:edges_start:random,52,45249,20321,24928,0,1,8;104;138;182;25;158;121;51;90;133;122;135;63;38;27;16;1;156;198;117;193;31;54;73;136;190;80;45;175;78;5;177;21;61;36;91;141;77;81;153;187;165;127;89;163;103;113;176;194;166;86;128;106;124;62;18;55;34;183;95;185;179;172;66;94;47;148;60;20;28;149;4;140;152;184;155;3;70;15;145;168;195;13;132;169;188;6;147;134;43;139;11;33;160;29;0;109;35;111;82,7178789976559289880,0.061475,2
LNS_with_search_intra:edges_start:random,53,45528,20685,24843,0,1,190;80;45;175;78;5;25;158;121;131;90;51;118;74;182;138;104;177;36;61;21;82;8;111;77;81;153;187;163;89;127;103;113;176;194;166;86;95;130;185;179;66;94;47;148;60;20;28;149;4;140;183;152;170;34;55;18;62;124;106;143;35;109;0;29;160;33;11;139;43;168;195;13;145;15;3;70;132;169;188;6;147;10;133;122;107;40;63;135;38;27;1;156;198;117;193;31;54;73;136,4024541165319838290,0.053375,3
LNS_with_search_intra:edges_start:random,54,46206,21001,25205,0,2,176;194;166;86;106;124;62;18;34;55;95;130;185;179;66;94;47;148;60;20;28;149;4;140;183;152;184;155;189;145;15;3;70;188;169;132;13;195;168;43;139;11;138;182;118;51;90;122;107;40;63;135;38;27;1;156;198;117;193;190;80;45;175;78;5;136;73;31;54;19;112;121;158;25;177;36;61;91;141;77;82;8;104;33;160;29;0;109;35;111;81;153;187;163;103;89;127;137;114;113,7446564736126631512,0.063169,4
LNS_with_search_intra:edges_start:random,55,44762,20660,24102,0,1,40;63;135;122;90;125;121;131;1;156;198;117;193;31;54;73;136;190;80;45;175;78;5;177;36;61;91;141;21;104;138;139;11;33;160;144;111;8;82;77;81;153;187;163;103;89;127;137;114;113;176;194;166;86;95;130;185;179;66;94;47;148;60;20;28;149;4;140;183;152;170;34;55;18;62;124;106;143;35;109;0;29;168;195;13;145;15;3;70;132;169;188;6;134;51;147;178;10;133;107,9186813424031482768,0.046816,3
LNS_with_search_intra:edges_start:random,56,44473,20433,24040,0,1,138;182;25;177;5;78;175;45;162;80;190;136;73;54;31;193;117;198;156;27;38;1;121;131;135;63;40;107;133;122;90;51;147;134;6;188;169;132;70;3;15;145;13;195;168;139;11;33;160;29;0;109;35;143;106;124;62;18;55;34;170;152;183;140;4;149;28;20;60;148;47;94;66;172;179;185;130;95;86;166;194;176;113;103;114;137;127;89;163;153;81;77;141;91;36;61;21;82;8;104,2675438640821241404,0.052359,2
LNS_with_search_intra:edges_start:random,57,46222,21611,24611,0,2,124;62;18;34;55;95;130;99;185;86;176;113;103;89;163;153;187;165;127;137;114;194;166;179;66;94;47;148;60;20;28;149;4;140;183;152;184;155;15;3;70;188;169;132;13;145;195;168;11;139;134;6;147;51;90;122;107;40;63;135;38;27;16;1;156;198;117;193;190;80;136;73;31;54;19;112;121;158;25;177;5;78;175;36;61;91;141;77;82;8;104;138;33;160;29;0;109;35;143;106,891939423988245480,0.039182,2
LNS_with_search_intra:edges_start:random,58,44550,19413,25137,0,1,3;70;132;169;188;6;134;147;51;125;90;191;10;133;122;63;135;131;121;1;156;198;117;193;31;54;73;136;190;80;45;175;78;5;177;36;61;91;141;77;81;153;187;163;89;127;103;113;176;194;166;86;185;95;130;99;22;179;172;66;94;47;148;60;20;28;149;4;140;183;152;170;34;55;18;62;124;106;143;35;109;0;29;160;33;144;111;82;21;8;104;138;11;139;43;168;195;13;145;15,1770141685959745378,0.055473,3
LNS_with_search_intra:edges_start:random,59,44205,20086,24119,0,1,51;121;131;135;63;38;27;1;156;198;117;193;31;54;73;136;190;80;45;175;78;5;177;25;182;138;139;11;33;160;29;0;109;35;111;8;82;21;61;36;91;141;77;81;153;187;163;103;89;127;137;114;113;176;194;166;86;185;179;172;66;94;47;148;60;20;28;149;4;140;183;130;95;128;106;124;62;18;55;34;170;152;184;155;3;70;15;145;168;195;13;132;169;188;6;147;10;133;122;90,4598247144620526362,0.051464,3
LNS_with_search_intra:edges_start:random,60,45717,21673,24044,0,1,140;183;152;184;155;3;70;15;145;29;0;109;35;111;8;104;144;160;33;11;139;43;168;195;13;132;169;188;6;147;90;51;121;131;135;122;133;107;40;63;38;27;16;1;156;198;117;193;31;54;73;136;190;80;45;142;175;78;5;25;182;138;177;36;61;91;141;21;82;77;81;153;187;163;89;127;103;113;194;166;176;106;124;62;18;34;55;95;86;185;179;66;94;47;148;60;20;28;149;4,432059437305409545,0.067169,3
LNS_with_search_intra:edges_start:random,61,46334,21264,25070,0,4,144;8;82;77;141;91;36;61;21;177;5;78;175;142;45;80;190;136;73;54;31;193;117;198;112;121;131;1;38;63;135;122;90;51;147;134;6;188;169;132;13;195;168;145;15;70;3;155;184;170;152;4;149;28;20;60;94;47;148;199;140;183;34;55;18;62;124;106;180;176;86;185;95;130;99;179;172;166;194;113;26;103;114;137;127;89;163;187;153;81;111;35;109;0;29;160;33;11;138;104,1951144816913268990,0.037963,1
LNS_with_search_intra:edges_start:random,62,44825,21204,23621,0,2,90;131;121;51;147;134;6;188;169;132;13;195;168;145;15;70;3;155;184;152;183;140;4;149;28;20;60;148;47;94;66;179;185;99;130;95;86;166;194;176;113;114;137;127;89;103;163;106;124;62;18;55;34;143;153;81;77;141;91;36;61;21;82;8;104;144;111;35;109;0;29;160;33;11;138;182;25;177;5;78;175;45;80;190;136;73;54;31;193;117;198;156;1;27;38;135;63;40;107;122,8566740131302353877,0.065316,6
LNS_with_search_intra:edges_start:random,63,45073,19739,25334,0,5,121;131;135;102;63;40;107;133;122;90;51;147;6;188;169;132;70;3;15;145;13;195;168;29;0;109;35;143;106;124;62;18;34;55;128;86;185;99;130;95;183;140;4;149;28;59;20;60;148;47;94;66;179;172;166;194;176;113;103;127;89;163;187;153;81;77;141;91;36;61;21;82;8;104;144;160;33;11;139;138;182;25;177;5;45;142;78;175;162;80;190;136;73;54;31;193;117;198;156;1,8995630131697159403,0.080369,5
LNS_with_search_intra:edges_start:random,64,45381,21031,24350,0,1,127;89;163;103;113;176;194;166;179;66;94;47;148;60;20;28;149;4;140;183;95;130;99;185;86;128;106;124;62;18;55;34;170;152;184;155;3;70;15;145;168;195;13;132;169;188;6;147;51;90;122;133;107;40;63;135;38;1;156;198;117;131;121;158;25;182;138;139;11;33;160;29;0;109;35;111;8;82;21;177;5;73;54;31;193;190;80;162;45;175;78;36;61;91;141;77;81;153;187;165,5443590652325292928,0.043096,2
LNS_with_search_intra:edges_start:random,65,45300,20392,24908,0,1,51;191;90;122;135;107;40;63;38;27;16;1;156;198;117;193;31;54;73;136;190;80;45;175;78;5;36;61;91;141;77;81;153;187;163;103;89;127;137;114;113;176;194;166;86;95;130;185;179;172;66;94;47;148;60;20;28;149;4;140;183;152;170;34;55;18;62;124;106;143;35;0;109;69;189;155;3;70;15;145;13;132;169;188;195;168;139;11;138;33;160;29;111;8;82;21;177;25;158;121,5143172682241451519,0.050453,3
LNS_with_search_intra:edges_start:random,66,45901,21679,24222,0,2,63;122;135;38;27;1;156;198;117;193;31;54;73;136;190;80;45;175;78;5;177;104;138;182;25;158;121;51;134;195;168;139;11;33;160;29;0;109;35;111;8;82;21;61;36;91;141;77;81;153;143;106;124;62;18;34;55;95;130;99;185;86;176;163;89;127;103;113;194;166;179;66;94;47;148;60;20;28;149;4;140;183;152;184;155;3;70;15;145;13;132;169;188;6;147;191;90;133;107;40,6792654293810803355,0.045731,2
LNS_with_search_intra:edges_start:random,67,45226,20191,25035,0,2,168;195;13;132;169;188;6;147;191;90;10;133;122;135;63;38;27;16;1;156;198;117;193;31;54;73;136;190;80;45;175;78;5;177;25;158;121;51;118;134;139;11;138;33;160;29;0;109;35;111;8;82;21;61;36;91;141;77;81;153;187;163;89;127;103;113;194;166;176;106;124;62;18;34;55;86;185;95;130;99;22;179;66;94;47;148;60;20;28;149;4;140;183;152;184;155;3;70;15;145,9108318061257598497,0.056398,3
LNS_with_search_intra:edges_start:random,68,46493,22418,24075,0,0,3;70;132;169;188;6;147;191;90;122;133;10;107;40;63;135;38;27;1;156;198;117;193;31;54;73;136;190;80;45;175;78;5;25;158;121;51;134;139;11;168;195;13;145;109;29;160;144;33;138;104;8;82;21;177;36;61;91;141;77;153;81;111;0;35;34;55;18;62;124;106;176;113;103;163;89;127;137;114;194;166;86;95;185;179;66;94;47;148;60;20;28;149;4;140;183;152;184;155;15,7463668331866851057,0.048200,2
LNS_with_search_intra:edges_start:random,69,44131,20329,23802,0,1,117;193;31;54;73;136;190;80;45;142;175;78;5;177;25;104;8;82;21;61;36;141;77;81;153;187;163;103;89;127;137;114;113;176;194;166;86;185;95;130;99;179;66;94;47;148;60;20;28;149;4;140;183;152;170;34;55;18;62;124;106;143;35;109;0;29;160;33;138;11;139;43;168;195;13;145;15;3;70;132;169;188;6;147;10;133;122;90;51;121;131;135;107;40;63;38;27;1;156;198,3385895323358282418,0.046973,2
LNS_with_search_intra:edges_start:random,70,45818,20365,25453,0,1,11;139;43;168;195;13;132;169;188;70;3;15;145;189;155;184;152;140;4;149;28;20;60;148;47;94;66;57;172;179;185;130;183;95;86;166;194;176;113;103;127;89;163;187;153;143;106;124;62;18;55;34;35;109;0;29;160;33;144;104;8;21;82;77;141;91;61;36;177;5;78;175;45;80;190;136;73;54;31;193;117;198;156;1;121;131;135;63;40;107;10;133;122;90;191;51;118;74;182;138,395840734197741801,0.050870,2
LNS_with_search_intra:edges_start:random,71,44479,21041,23438,0,2,117;198;156;1;121;131;122;135;63;40;107;133;90;51;147;6;188;169;132;13;195;168;145;15;70;3;155;184;152;170;34;143;106;124;62;18;55;183;140;4;149;28;20;60;148;47;94;66;179;185;130;95;86;166;194;176;113;114;137;127;89;103;163;187;153;81;77;141;91;36;61;21;82;111;8;104;144;0;35;109;29;160;33;11;139;138;182;25;177;5;78;175;45;80;190;136;73;54;31;193,6806743216080226236,0.044729,3
LNS_with_search_intra:edges_start:random,72,45073,19835,25238,0,0,73;136;190;80;162;45;175;78;5;177;36;61;91;141;77;81;153;187;163;89;127;103;113;176;194;166;86;95;130;185;179;66;94;47;148;60;20;28;149;4;140;183;128;106;124;62;18;55;34;170;152;184;155;189;145;15;3;70;188;169;132;13;195;168;43;139;11;138;33;160;29;0;109;35;111;82;8;104;25;158;121;51;90;10;133;122;135;107;40;63;38;27;16;1;156;198;117;193;31;54,944789524580953078,0.066002,2
LNS_with_search_intra:edges_start:random,73,44720,20340,24380,0,4,198;156;1;121;131;135;63;40;107;133;122;90;191;51;147;6;188;169;132;70;3;15;145;13;195;168;29;0;109;35;143;106;124;62;18;55;34;170;152;183;140;4;149;28;20;60;148;47;94;66;57;172;179;185;99;130;95;86;166;194;176;113;103;127;89;163;187;153;81;77;141;91;36;61;21;82;8;104;144;160;33;138;11;139;134;182;25;177;5;78;175;45;80;190;136;73;54;31;193;117,2972101654103049616,0.050243,2
LNS_with_search_intra:edges_start:random,74,46272,20594,25678,0,5,11;139;43;168;195;13;145;15;3;70;132;169;188;6;147;191;90;122;63;135;131;121;125;51;118;25;173;73;164;31;54;117;198;156;1;16;38;27;42;193;136;190;80;45;175;78;5;177;36;61;91;141;187;153;163;89;127;103;113;176;194;166;86;95;130;185;179;66;94;47;148;60;20;28;149;4;140;183;152;170;34;55;18;62;124;106;143;81;77;82;21;8;111;35;109;0;29;160;33;138,1964880260190369904,0.045214,1
LNS_with_search_intra:edges_start:random,75,44910,20553,24357,0,2,29;0;109;35;111;8;104;25;158;121;131;1;156;198;117;193;31;54;73;136;190;80;162;45;175;78;5;177;36;61;91;141;77;81;153;187;163;89;127;137;114;103;113;176;194;166;179;66;94;47;148;60;20;28;149;4;140;183;95;185;86;128;106;124;62;18;55;34;170;152;184;155;3;70;15;145;168;195;13;132;169;188;6;147;10;133;107;40;63;135;122;90;51;118;134;139;11;138;33;160,6793460263562425175,0.051147,2
LNS_with_search_intra:edges_start:random,76,44770,20180,24590,0,2,155;184;152;140;4;149;28;20;60;148;47;94;66;57;172;179;185;130;95;183;34;55;18;62;124;106;128;86;166;194;176;113;103;127;89;163;187;153;81;77;141;91;36;61;21;82;111;35;109;0;29;160;33;11;139;182;138;104;8;177;5;78;175;142;45;80;190;136;73;54;31;193;117;198;156;1;131;121;51;90;122;135;63;40;107;133;10;178;147;6;188;169;132;13;195;168;145;15;70;3,7795870534747079226,0.075337,5
LNS_with_search_intra:edges_start:random,77,45928,21096,24832,0,2,145;13;132;169;188;6;147;10;133;122;135;63;38;27;16;1;156;198;117;193;31;54;73;136;190;80;45;142;175;78;5;177;25;158;121;131;90;51;118;134;195;168;139;11;138;33;104;8;144;160;29;0;109;35;111;82;21;61;36;141;77;81;153;143;106;124;34;55;18;62;128;176;163;89;127;103;113;194;166;86;95;185;179;66;94;47;148;60;20;28;149;4;140;183;152;184;155;3;70;15,3647999981117439983,0.057451,3
LNS_with_search_intra:edges_start:random,78,44720,20797,23923,0,2,169;132;70;3;15;145;13;195;168;29;0;109;35;143;106;124;62;18;55;34;170;152;183;140;4;149;28;20;60;148;47;94;66;179;185;130;95;86;166;194;176;113;114;137;127;89;103;163;187;153;81;77;141;111;144;160;33;104;8;82;21;61;36;177;5;78;175;45;80;190;136;73;54;31;193;117;198;156;1;27;38;63;40;107;133;122;135;131;90;51;121;158;25;182;138;11;139;134;6;188,8665633128918793297,0.039969,2
LNS_with_search_intra:edges_start:random,79,44747,20344,24403,0,2,86;185;99;130;95;183;140;4;149;28;20;60;148;47;94;66;179;166;194;176;113;103;127;89;163;187;153;81;77;141;91;61;36;177;5;78;175;45;162;80;190;136;73;54;31;193;117;198;156;1;121;131;135;63;40;107;133;122;90;51;147;6;188;169;132;13;195;168;43;139;11;138;104;8;21;82;111;144;33;160;29;0;35;109;189;145;15;70;3;155;184;152;170;34;55;18;62;124;106;128,8120029412855487822,0.060393,4
LNS_with_search_intra:edges_start:random,80,45314,21097,24217,0,3,94;47;148;199;140;183;95;86;185;179;166;194;176;113;114;137;127;89;103;163;187;153;81;77;141;91;36;61;21;82;8;104;138;182;25;177;5;78;175;45;162;80;190;136;73;54;31;193;117;198;156;1;121;131;135;63;40;107;133;122;90;51;147;6;188;169;132;13;70;3;15;145;195;168;43;139;11;33;160;29;109;35;0;144;111;143;159;106;124;62;18;55;34;170;152;4;149;28;20;60,7905147266085937343,0.042723,2
LNS_with_search_intra:edges_start:random,81,45114,20993,24121,0,4,25;177;21;82;8;104;144;160;33;138;11;139;134;147;6;188;169;132;13;70;3;15;145;195;168;29;0;109;35;143;106;124;62;18;55;34;170;152;183;140;4;149;28;20;60;148;47;94;66;179;185;99;130;95;86;166;194;176;113;103;127;89;163;187;153;81;77;141;91;61;36;5;78;175;45;80;190;136;73;54;31;193;117;198;112;121;131;1;27;38;63;135;122;107;40;133;10;90;51;118,4394757572670893541,0.036662,1
LNS_with_search_intra:edges_start:random,82,45076,21367,23709,0,2,166;179;66;94;47;148;60;20;28;149;4;140;183;95;185;86;128;62;18;55;34;170;152;184;155;3;70;15;145;168;195;13;132;169;188;6;147;90;122;107;40;63;135;38;27;1;156;198;117;193;31;54;73;136;190;80;45;175;78;5;177;25;158;121;51;134;139;11;138;33;160;29;0;109;35;111;144;104;8;82;21;61;36;141;77;81;143;124;106;153;187;163;103;89;127;137;114;113;176;194,4710371082110113475,0.060281,4
LNS_with_search_intra:edges_start:random,83,44446,19723,24723,0,2,90;122;133;10;147;6;188;169;132;13;195;168;145;15;70;3;155;189;69;29;0;109;35;143;106;124;62;18;55;34;170;152;183;140;4;149;28;20;60;148;47;94;66;179;185;130;95;86;166;194;176;113;103;127;89;163;187;153;81;77;141;91;36;61;21;82;8;104;144;160;33;11;139;138;182;25;177;5;78;175;45;162;80;190;136;73;54;31;193;117;198;156;1;27;38;63;135;131;121;51,8377266020375940734,0.047199,3
LNS_with_search_intra:edges_start:random,84,45950,21730,24220,0,3,137;165;187;97;141;77;81;153;163;176;86;185;130;95;55;18;62;124;106;143;35;109;0;111;144;104;8;82;21;61;36;177;5;78;175;142;45;80;190;136;73;54;31;193;117;198;156;1;27;38;63;135;122;107;40;133;90;121;51;147;6;188;169;132;70;3;15;145;13;195;168;43;139;11;138;33;160;29;189;155;184;152;183;140;4;149;28;20;60;148;47;94;66;179;166;194;113;103;89;127,7011352121984640075,0.044808,2
LNS_with_search_intra:edges_start:random,85,43886,19646,24240,0,0,8;21;82;111;144;33;160;29;0;109;35;143;106;124;62;18;55;34;170;152;183;140;4;149;28;20;60;148;47;94;66;57;172;179;185;99;130;95;86;166;194;176;113;103;127;89;163;187;153;81;77;141;91;61;36;177;5;78;175;45;80;190;136;73;54;31;193;117;198;156;1;27;38;63;40;107;133;122;135;131;121;51;90;147;6;188;169;132;70;3;15;145;13;195;168;43;139;11;138;104,6224703774934343030,0.038043,2
LNS_with_search_intra:edges_start:random,86,44635,19966,24669,0,2,168;195;13;132;169;188;6;147;71;51;121;131;90;133;122;135;63;38;27;16;1;156;198;117;193;31;54;73;136;190;80;45;175;78;5;177;36;61;21;8;104;144;160;33;138;182;139;11;29;0;109;35;111;82;141;77;81;153;187;163;89;127;103;113;176;194;166;86;185;95;130;99;22;179;66;94;47;148;60;20;28;149;4;140;183;55;18;62;124;106;143;34;170;152;184;155;3;70;15;145,2566779166233876831,0.057166,5
LNS_with_search_intra:edges_start:random,87,45606,20937,24669,0,4,78;175;142;162;80;190;193;117;54;31;73;136;45;5;177;21;82;8;104;144;160;33;11;139;138;182;25;158;121;131;135;63;40;107;10;133;122;90;51;147;6;188;169;132;70;3;15;145;13;195;168;29;0;109;35;143;106;124;62;18;34;55;86;185;99;130;95;183;140;152;4;149;28;20;60;148;47;94;66;179;172;166;194;176;180;113;114;137;127;89;103;163;187;153;81;77;141;91;61;36,7621351091586273406,0.042642,2
LNS_with_search_intra:edges_start:random,88,45173,20198,24975,0,3,77;81;153;187;163;89;127;103;113;176;194;166;86;95;185;179;172;66;94;47;148;60;20;28;149;4;140;183;152;170;34;55;18;62;124;106;143;35;109;0;29;189;155;3;70;15;145;168;195;13;132;169;188;6;147;191;90;133;122;135;63;38;27;16;1;156;198;117;193;31;54;73;190;80;162;45;175;78;5;25;158;121;51;134;139;182;138;11;33;160;144;104;8;82;21;177;36;61;91;141,2275705938072561142,0.042598,2
LNS_with_search_intra:edges_start:random,89,45458,20552,24906,0,1,18;55;34;170;152;183;140;4;149;28;20;60;148;47;94;66;57;172;179;185;99;130;95;86;128;106;153;163;176;166;194;113;103;89;127;165;187;81;77;141;91;61;36;177;5;78;175;45;80;190;136;73;54;31;193;117;198;156;1;16;27;38;63;135;122;133;90;131;121;51;147;134;6;188;169;132;70;3;15;145;13;195;168;139;11;138;33;160;144;104;8;82;111;29;0;109;35;143;124;62,2902555529050665448,0.041713,3
LNS_with_search_intra:edges_start:random,90,45761,20830,24931,0,5,168;139;11;138;33;160;29;0;109;35;34;55;18;62;143;111;82;8;104;25;158;121;51;191;90;122;133;10;107;40;63;135;38;27;1;156;198;117;193;31;54;73;136;190;80;45;175;78;5;177;36;61;91;141;77;81;153;187;163;89;127;103;113;194;166;176;106;124;128;86;95;130;99;185;179;172;57;66;94;47;148;60;20;28;149;4;140;183;152;184;155;3;70;15;145;13;132;169;188;195,2636390244174523601,0.048986,4
LNS_with_search_intra:edges_start:random,91,45365,19622,25743,0,0,94;66;57;172;179;166;194;113;103;127;89;163;176;86;185;99;130;95;55;18;62;124;106;143;153;81;77;111;144;104;8;82;21;141;91;61;36;177;5;45;142;78;175;162;80;190;136;73;54;31;193;117;198;156;1;16;27;38;63;135;122;131;121;51;90;147;6;188;169;132;70;3;15;145;13;195;168;43;139;11;138;33;160;29;0;109;35;34;170;152;183;140;4;149;28;59;20;60;148;47,2369104486795635288,0.047502,4
LNS_with_search_intra:edges_start:random,92,45963,20374,25589,0,2,127;89;163;187;153;106;124;143;35;109;0;29;160;33;11;139;182;138;104;8;82;77;141;91;61;36;78;175;162;80;190;136;45;5;177;25;158;121;112;73;54;31;193;117;198;156;1;16;27;38;63;135;122;133;90;51;147;6;188;169;132;13;195;168;145;15;70;3;155;184;152;183;140;4;149;28;20;60;148;47;94;66;57;172;179;185;99;130;95;55;34;18;62;128;86;166;194;176;113;103,5090663240493857947,0.055954,5
LNS_with_search_intra:edges_start:random,93,45461,20475,24986,0,0,51;121;131;122;133;107;40;63;135;38;27;16;1;156;198;117;193;31;54;164;73;136;190;80;162;45;175;78;5;177;36;61;21;82;8;111;141;77;81;153;163;89;127;103;113;176;194;166;86;128;106;124;62;18;34;55;95;130;99;185;179;172;57;66;94;47;148;60;20;28;149;140;183;152;184;155;3;70;15;145;189;109;35;0;29;160;33;138;11;139;43;168;195;13;132;169;188;6;147;90,7083718925157066610,0.052269,2
LNS_with_search_intra:edges_start:random,94,45654,20910,24744,0,1,190;136;73;54;31;193;117;198;156;1;16;27;38;135;63;40;107;122;133;10;147;6;188;169;132;70;3;15;145;13;195;168;11;139;134;118;98;51;90;131;121;158;25;21;82;8;104;138;33;160;29;0;109;35;143;106;124;62;18;34;55;86;185;95;183;140;4;149;28;20;60;148;47;94;66;179;166;194;176;113;103;163;89;127;137;165;187;153;81;77;141;91;61;36;177;5;78;175;45;80,6291229639431180688,0.051892,4
LNS_with_search_intra:edges_start:random,95,44543,19444,25099,0,1,142;175;78;5;36;61;91;141;77;81;153;187;163;89;127;103;113;176;194;166;86;95;130;99;185;179;172;57;66;94;47;148;60;20;28;149;4;140;183;152;170;34;55;18;62;124;106;143;35;109;0;29;160;33;11;168;195;13;145;15;3;70;132;169;188;6;134;139;182;138;104;8;82;21;177;25;158;121;51;90;122;107;40;63;135;38;27;16;1;156;198;117;193;31;54;73;136;190;80;45,8010821042924789901,0.059929,5
LNS_with_search_intra:edges_start:random,96,44520,19960,24560,0,2,190;136;73;54;31;193;117;198;156;1;16;27;38;63;135;131;121;51;90;122;107;40;133;10;147;6;188;169;132;70;3;15;145;13;195;168;43;139;11;138;33;160;144;104;8;82;111;29;0;109;35;143;106;124;62;18;55;34;170;152;4;149;28;20;60;94;47;148;199;140;183;95;130;99;179;185;86;166;194;176;113;103;127;89;163;187;153;81;77;141;91;61;36;177;5;78;175;45;162;80,3011435089381058371,0.074123,5
LNS_with_search_intra:edges_start:random,97,44068,19561,24507,0,0,121;51;90;147;6;188;169;132;70;3;15;145;13;195;168;43;139;11;138;33;160;29;0;109;35;143;106;124;62;18;55;34;170;152;183;140;4;149;28;20;60;148;47;94;66;172;179;185;130;95;86;166;194;176;113;103;127;89;163;187;153;81;77;141;91;36;61;21;82;8;104;25;177;5;78;175;142;45;162;80;190;136;73;54;31;193;117;198;156;1;16;27;38;63;40;107;133;122;135;131,4375980913892006898,0.059469,4
LNS_with_search_intra:edges_start:random,98,44753,20366,24387,0,2,168;195;13;132;169;188;6;134;139;11;138;33;160;29;0;109;35;111;82;8;104;25;158;121;51;90;133;40;107;122;135;63;38;27;16;1;156;198;117;193;31;54;73;136;190;80;45;175;78;5;177;21;61;36;91;141;77;81;153;187;163;89;127;103;113;176;194;166;179;66;94;47;148;60;20;28;149;4;140;183;95;130;185;86;128;124;106;143;62;18;55;34;170;152;184;155;3;70;15;145,6439270329060678549,0.042594,2
LNS_with_search_intra:edges_start:random,99,45579,21054,24525,0,3,156;198;117;193;31;54;73;136;190;80;162;45;142;175;78;5;36;61;21;177;25;182;138;139;11;33;160;144;104;8;111;29;0;109;35;143;124;106;81;77;141;153;187;165;127;89;163;103;113;176;194;166;86;185;179;66;94;47;148;60;20;28;149;4;140;183;62;18;55;34;170;152;184;155;3;70;15;145;168;195;13;132;169;188;6;147;51;121;131;125;90;122;107;40;100;63;135;38;27;1,1569756462491124500,0.040461,2
LNS_with_search_intra:edges_start:random,100,45831,20800,25031,0,0,94;47;148;60;20;28;149;4;140;152;184;155;3;70;15;145;13;132;169;188;195;168;139;11;138;33;160;144;104;8;82;21;177;5;45;136;73;31;54;19;112;121;51;90;122;133;107;40;63;135;38;27;16;1;156;198;117;193;190;80;162;175;78;36;61;91;141;77;111;29;0;109;35;34;55;18;62;124;106;143;81;153;187;163;89;127;103;113;176;194;166;86;185;95;183;130;99;22;179;66,6302307188378536457,0.055456,3
LNS_with_search_intra:edges_start:random,101,44403,19662,24741,0,0,33;11;139;138;182;25;177;5;45;142;78;175;162;80;190;136;73;54;31;193;117;198;156;1;16;27;38;63;135;122;131;121;51;90;147;6;188;169;132;70;3;15;145;13;195;168;29;0;109;35;143;106;124;128;86;185;99;130;95;62;18;55;34;170;152;183;140;4;149;28;20;60;148;47;94;66;179;166;194;176;113;103;127;89;163;187;153;81;77;141;91;36;61;21;82;111;8;104;144;160,3237215626379405491,0.044400,3
LNS_with_search_intra:edges_start:random,102,44383,20682,23701,0,1,3;70;132;169;188;6;147;10;133;107;40;63;135;122;90;191;51;121;131;38;27;1;156;198;117;193;31;54;73;190;80;45;175;78;5;36;61;91;141;97;77;81;153;187;163;103;89;127;137;114;113;180;176;194;166;86;185;95;130;99;179;94;47;148;60;20;28;140;183;152;170;34;55;18;62;124;106;143;35;109;0;29;160;33;104;8;111;82;21;177;25;182;138;11;139;168;195;13;145;15,2229375862859987878,0.036452,1
LNS_with_search_intra:edges_start:random,103,44975,20648,24327,0,1,15;145;13;195;168;43;139;11;138;33;104;8;111;144;160;29;0;35;109;69;189;155;184;152;140;4;149;28;20;60;148;47;94;66;99;130;95;183;34;55;18;62;124;106;86;185;179;166;194;176;113;114;137;127;89;103;163;187;153;81;77;141;91;61;36;177;5;78;175;45;80;190;136;73;54;31;193;117;198;156;1;27;38;63;40;107;133;122;135;131;121;51;90;147;6;188;169;132;70;3,3489131479518872851,0.045508,3
LNS_with_search_intra:edges_start:random,104,46544,21902,24642,0,6,144;111;77;81;153;106;124;143;35;109;0;29;160;33;138;11;139;134;118;51;121;131;122;135;102;63;40;107;133;10;90;147;6;188;169;132;13;195;168;145;15;70;3;155;184;152;4;149;28;20;60;148;47;94;66;179;185;130;95;183;140;34;55;18;62;128;86;166;194;176;113;103;127;89;163;187;97;141;91;61;36;78;175;142;45;80;190;193;198;117;54;31;73;136;5;177;21;82;8;104,898080507893731555,0.042835,1
LNS_with_search_intra:edges_start:random,105,45336,21207,24129,0,0,175;78;5;177;36;61;91;141;77;81;143;34;55;18;62;124;106;153;187;163;89;127;103;113;176;194;166;86;95;130;99;185;179;172;57;66;94;47;148;60;20;28;149;4;140;183;152;184;155;3;70;15;145;13;132;169;188;195;168;29;0;109;35;111;82;21;8;104;144;160;33;138;11;139;134;6;147;51;90;122;133;107;40;63;135;131;121;1;156;198;117;193;31;54;73;136;190;80;162;45,2625126193745464985,0.061288,4
LNS_with_search_intra:edges_start:random,106,44363,20853,23510,0,1,135;122;63;40;107;133;90;131;121;51;147;6;188;169;132;70;3;155;15;145;13;195;168;43;139;11;33;160;29;0;109;35;143;106;124;62;18;55;34;170;152;183;140;4;149;28;20;60;148;47;94;66;179;185;130;95;86;166;194;176;113;114;137;127;89;103;163;187;153;81;77;141;91;36;61;21;82;8;104;138;182;25;177;5;78;175;45;80;190;136;73;54;31;193;117;198;156;1;27;38,6474194048560601234,0.045215,3
LNS_with_search_intra:edges_start:random,107,45444,20518,24926,0,4,62;128;124;106;143;153;163;103;176;86;185;99;130;95;183;140;149;28;20;60;148;47;94;66;179;172;166;194;113;114;137;127;89;165;187;81;77;141;91;61;36;177;5;78;175;45;80;190;136;73;54;31;193;117;198;156;1;38;63;135;122;131;121;51;125;90;191;147;6;188;169;132;70;3;15;145;13;195;168;43;139;11;138;104;8;111;144;33;160;29;0;35;109;189;155;184;152;34;55;18,7010005870903319490,0.038405,1
LNS_with_search_intra:edges_start:random,108,44855,21403,23452,0,2,62;18;34;55;95;86;185;179;66;94;47;148;60;20;28;149;4;140;183;152;184;155;3;70;15;145;168;195;13;132;169;188;6;147;90;51;121;131;135;122;133;107;40;63;38;27;16;1;156;198;117;193;31;54;73;136;190;80;45;175;78;5;177;25;182;138;139;11;33;160;29;0;109;35;111;8;82;21;61;36;91;141;77;81;187;165;89;127;137;114;113;194;166;176;103;163;153;143;106;124,4446501474593859692,0.043042,2
LNS_with_search_intra:edges_start:random,109,45209,20468,24741,0,0,40;107;122;90;51;121;158;25;177;21;82;8;104;33;138;182;11;139;134;6;188;169;132;13;195;168;145;15;70;3;155;184;152;183;140;4;149;28;20;60;148;47;94;66;179;166;194;113;103;127;89;163;176;86;185;99;130;95;55;34;18;62;124;106;143;35;109;0;29;160;144;111;81;153;77;141;91;61;36;5;78;175;142;45;80;190;136;73;54;31;193;117;198;156;1;16;27;38;135;63,8144054175960482601,0.045813,3
LNS_with_search_intra:edges_start:random,110,45933,20592,25341,0,2,35;34;55;18;62;95;86;128;124;106;143;81;153;187;163;89;127;103;113;176;194;166;185;179;172;57;66;94;47;148;60;20;28;149;4;140;183;152;184;155;189;145;15;3;70;188;169;132;13;195;168;139;11;33;138;182;74;134;6;147;191;90;51;121;131;122;135;63;38;27;16;1;156;198;117;193;31;54;73;136;190;80;45;175;78;5;177;36;61;91;141;77;82;8;104;144;160;29;0;109,7023280704352068003,0.055268,5
LNS_with_search_intra:edges_start:random,111,44469,20060,24409,0,1,89;127;103;113;176;194;166;86;185;179;22;99;130;95;183;140;199;148;47;94;60;20;28;149;4;152;170;34;55;18;62;124;106;143;35;109;0;29;160;33;11;139;43;168;195;13;145;15;3;70;132;169;188;6;147;90;51;121;131;135;122;133;107;40;63;38;27;16;1;156;198;117;193;31;54;73;136;190;80;45;175;78;5;177;25;182;138;104;8;82;21;61;36;91;141;77;81;153;187;163,7437175053983484690,0.072663,3
LNS_with_search_intra:edges_start:random,112,45693,20833,24860,0,1,10;133;122;90;51;121;158;25;182;138;104;21;82;8;111;144;160;33;11;139;134;6;188;169;132;70;3;15;145;13;195;168;29;0;109;35;34;170;152;183;140;4;149;28;20;60;148;47;94;66;57;172;179;185;166;86;95;55;18;62;124;106;176;194;113;103;127;89;163;187;153;81;77;141;91;61;36;177;5;78;175;45;80;190;136;73;54;31;193;117;198;156;1;16;27;38;135;63;40;107,5123289795993248146,0.044667,3
LNS_with_search_intra:edges_start:random,113,44228,19682,24546,0,1,77;81;153;187;163;89;127;103;113;176;194;166;86;95;130;185;179;172;57;66;94;47;148;60;20;28;149;4;140;183;152;170;34;55;18;62;124;106;143;35;109;0;29;160;33;144;111;82;8;104;138;11;139;43;168;195;13;145;15;3;70;132;169;188;6;147;51;121;131;90;10;133;40;107;122;135;63;38;27;16;1;156;198;117;193;31;54;73;136;190;80;45;175;78;5;177;36;61;91;141,4801571191948305581,0.043339,3
LNS_with_search_intra:edges_start:random,114,44318,19544,24774,0,1,90;131;121;51;71;147;6;188;169;132;70;3;15;145;13;195;168;43;139;11;138;33;160;29;0;109;35;143;106;124;62;18;55;34;170;152;183;140;4;149;28;20;60;148;47;94;66;172;179;185;99;130;95;86;166;194;176;113;103;114;127;89;163;187;153;81;77;111;144;104;8;82;21;61;36;177;5;78;175;45;80;190;136;73;54;31;193;117;198;156;1;16;27;38;135;63;40;107;133;122,4480069314503797950,0.046463,2
LNS_with_search_intra:edges_start:random,115,45700,21455,24245,0,4,121;1;198;117;193;31;54;73;136;190;80;45;175;78;5;25;182;139;11;138;104;8;82;21;177;36;61;91;141;77;153;81;111;144;33;160;29;0;109;35;143;106;124;128;86;176;163;89;127;103;113;194;166;185;179;172;57;66;94;47;148;60;20;28;149;4;140;183;130;95;62;18;55;34;170;152;184;155;3;70;15;145;168;195;13;132;169;188;6;147;51;90;122;133;10;107;40;63;135;131,4850054451553550262,0.097176,7
LNS_with_search_intra:edges_start:random,116,45176,20857,24319,0,3,38;135;63;40;107;133;122;90;51;147;6;188;169;132;70;3;15;145;13;195;168;29;160;33;11;139;182;138;104;8;82;111;0;109;35;143;106;124;62;18;55;34;170;152;183;140;4;149;28;20;60;148;47;94;66;179;185;130;95;86;166;194;176;113;114;137;127;89;103;163;187;153;81;77;141;91;61;36;177;25;158;121;112;73;136;5;78;175;45;162;80;190;193;31;54;117;198;156;1;27,1004550813879130154,0.044231,3
LNS_with_search_intra:edges_start:random,117,45208,20622,24586,0,3,135;131;121;51;90;147;6;188;169;132;13;195;168;43;139;11;138;33;160;29;0;35;109;145;15;70;3;155;184;152;183;140;4;149;28;20;60;148;47;94;66;57;172;179;185;99;130;95;86;166;194;176;113;103;127;89;163;106;124;62;18;55;34;143;153;81;77;111;8;82;21;141;91;61;36;177;5;78;175;142;45;80;190;136;73;54;31;193;117;198;156;1;16;27;38;63;40;107;133;122,4801043061191552081,0.043347,3
LNS_with_search_intra:edges_start:random,118,46132,20516,25616,0,2,185;86;55;34;18;62;124;106;143;35;109;0;29;160;33;138;182;11;139;74;118;51;90;134;43;168;195;13;145;15;3;70;132;169;188;6;147;10;133;122;135;63;38;27;16;1;131;121;112;151;198;117;193;31;54;73;136;190;80;45;175;78;5;177;25;104;8;82;21;61;36;91;141;77;81;153;187;163;89;127;103;113;176;194;166;179;66;94;47;148;60;20;28;149;4;140;183;95;130;99,9004516543478114699,0.049442,3
LNS_with_search_intra:edges_start:random,119,44974,21293,23681,0,2,195;13;145;15;3;70;132;169;188;6;134;182;138;104;8;82;21;177;25;118;51;147;10;133;107;40;63;122;90;121;131;135;38;27;1;156;198;117;193;31;54;73;136;190;80;45;175;78;5;36;61;91;141;77;81;153;187;163;103;89;127;137;114;113;176;194;166;86;95;185;179;66;94;47;148;60;20;28;149;4;140;183;152;170;34;55;18;62;124;106;143;35;109;0;29;160;33;11;139;168,5657475286771596105,0.040022,2
LNS_with_search_intra:edges_start:random,120,44547,20758,23789,0,4,95;130;99;179;66;94;47;148;60;20;28;149;140;183;152;170;34;55;18;62;124;106;143;111;144;160;33;138;139;11;29;0;35;109;69;189;155;3;70;15;145;168;195;13;132;169;188;6;147;90;51;121;131;122;133;107;40;63;135;38;27;1;156;198;117;193;31;54;73;136;190;80;45;142;175;78;5;177;36;61;21;8;82;141;77;81;153;187;163;103;89;127;137;114;113;176;194;166;86;185,8045728493870627625,0.043606,1
LNS_with_search_intra:edges_start:random,121,44735,20024,24711,0,1,153;187;165;127;89;163;103;114;113;176;194;166;86;95;130;185;179;172;66;94;47;148;60;20;28;149;4;140;183;152;170;34;55;18;62;124;106;143;35;109;0;29;160;33;11;139;43;168;195;145;15;3;70;13;132;169;188;6;147;51;121;131;90;10;133;122;135;63;38;27;16;1;156;198;117;193;31;54;73;136;190;80;45;175;78;5;36;61;177;25;182;138;104;8;82;21;91;141;77;81,3236164788886281566,0.042495,2
LNS_with_search_intra:edges_start:random,122,44807,20423,24384,0,1,3;70;15;145;168;195;13;132;169;188;6;147;90;51;121;131;135;122;133;107;40;63;38;27;16;1;156;198;117;193;31;54;73;136;190;80;162;45;175;78;5;177;25;182;138;139;11;33;160;29;0;109;35;111;8;82;21;61;36;91;141;77;81;153;143;106;124;62;18;34;55;95;130;99;185;86;176;163;89;127;103;113;194;166;179;66;94;47;148;60;20;59;28;149;4;140;183;152;184;155,6832514252854615013,0.045758,4
LNS_with_search_intra:edges_start:random,123,45058,20800,24258,0,6,95;130;99;66;94;47;148;60;20;28;149;4;140;183;152;184;155;3;70;15;145;168;195;13;132;169;188;6;147;90;51;121;131;122;135;63;38;27;1;156;198;117;193;31;54;73;136;190;80;45;175;78;5;177;25;182;138;139;11;33;160;144;104;8;82;21;61;36;91;141;97;77;153;81;111;29;0;109;35;143;106;124;34;55;18;62;128;86;176;103;163;89;127;137;114;113;194;166;179;185,9029413364687231563,0.048937,4
LNS_with_search_intra:edges_start:random,124,44648,20392,24256,0,2,36;61;91;141;97;77;81;153;187;163;103;89;127;137;114;113;176;194;166;86;185;179;66;94;47;148;60;20;28;149;4;140;183;95;128;106;124;62;18;55;34;170;152;184;155;3;70;15;145;168;195;13;132;169;188;6;147;134;139;11;138;33;160;29;0;109;35;111;8;82;21;177;25;158;121;51;90;122;107;40;63;135;38;27;1;156;198;117;193;31;54;73;136;190;80;162;45;175;78;5,2858667182178381390,0.054248,3
LNS_with_search_intra:edges_start:random,125,45460,20332,25128,0,3,8;21;82;111;35;109;0;29;160;33;11;139;43;168;195;13;169;188;132;145;15;70;3;155;184;152;183;140;4;149;28;20;60;148;47;94;66;179;185;86;95;55;34;18;62;124;106;176;166;194;113;103;127;89;163;187;153;81;77;141;91;61;36;177;5;78;175;45;162;80;190;136;73;54;31;193;117;198;156;1;16;27;38;63;40;107;133;10;191;90;122;135;131;121;51;118;74;182;138;104,2576212774597052913,0.045912,3
LNS_with_search_intra:edges_start:random,126,45626,21074,24552,0,3,147;191;90;122;133;107;40;100;63;135;38;1;156;198;117;54;31;193;190;80;136;73;121;51;118;134;139;11;138;33;160;144;111;8;104;25;5;175;78;177;21;61;36;91;141;97;77;81;153;187;163;89;127;103;113;176;194;166;86;95;130;185;179;172;66;94;47;148;60;20;28;149;4;140;183;152;170;34;55;18;62;128;124;106;143;35;109;0;29;168;195;13;145;15;3;70;132;169;188;6,7466512361266082885,0.040869,1
LNS_with_search_intra:edges_start:random,127,46805,21627,25178,0,4,99;130;95;183;140;199;148;47;94;60;20;28;149;4;152;170;34;35;109;0;29;160;33;11;138;182;25;158;121;131;90;51;118;134;139;168;195;13;145;15;3;70;132;169;188;6;147;10;133;122;135;63;38;27;16;1;156;198;117;193;31;54;73;136;190;80;45;175;78;5;177;36;61;91;21;8;82;141;97;77;81;153;187;163;89;127;103;113;194;166;176;106;143;124;62;18;55;86;185;179,125331164214941350,0.047803,2
LNS_with_search_intra:edges_start:random,128,46754,22042,24712,0,5,51;121;158;25;177;61;36;5;78;175;45;80;190;136;73;54;31;193;117;198;156;1;27;38;135;63;100;40;107;122;90;191;147;6;188;169;132;13;145;15;70;3;155;184;152;183;140;4;149;28;20;60;148;47;94;66;179;166;194;113;103;176;86;185;99;130;95;55;34;18;62;124;106;143;153;163;187;81;77;141;91;21;82;8;104;144;111;35;109;0;29;160;33;138;11;139;168;195;134;118,1920059271893816327,0.045522,3
LNS_with_search_intra:edges_start:random,129,45049,20502,24547,0,0,31;54;73;136;190;80;45;175;78;5;177;36;61;91;141;77;81;153;187;163;89;127;137;114;103;113;176;194;166;179;185;86;128;106;124;62;18;55;34;183;95;130;99;66;94;47;148;60;20;28;149;4;140;152;184;155;3;70;15;145;13;132;169;188;195;168;29;0;109;35;111;82;8;104;144;160;33;11;139;138;182;25;158;121;51;90;122;133;107;40;63;135;38;27;16;1;156;198;117;193,2086161939466905712,0.066259,3
LNS_with_search_intra:edges_start:random,130,45739,20856,24883,0,0,188;169;132;70;3;15;145;13;195;168;43;139;11;138;33;160;29;0;109;35;34;55;18;62;124;128;95;130;183;140;152;4;149;28;20;60;148;47;94;66;57;172;179;185;86;166;194;176;113;114;103;163;89;127;165;187;153;106;143;81;77;141;91;36;61;82;8;21;177;5;78;175;45;80;190;136;73;54;31;193;117;198;156;1;16;27;38;135;63;40;107;133;122;90;131;121;51;71;147;6,8967346324490602699,0.048933,4
LNS_with_search_intra:edges_start:random,131,46131,21891,24240,0,4,113;176;194;166;86;95;130;185;179;66;94;47;148;60;20;28;149;4;140;183;62;18;55;34;170;152;184;155;3;70;15;145;168;195;13;132;169;188;6;147;90;51;121;118;134;139;11;138;33;160;29;0;109;35;124;106;143;111;8;82;21;177;5;73;151;131;135;122;133;107;40;63;38;27;1;156;198;117;54;31;193;190;80;162;45;175;78;36;61;91;141;77;81;153;187;165;127;89;163;103,3449185603732248298,0.040698,2
LNS_with_search_intra:edges_start:random,132,45528,20596,24932,0,2,183;140;4;149;28;20;60;148;47;94;66;179;185;130;95;86;166;194;176;113;103;127;89;163;106;124;143;153;81;77;141;91;36;61;21;82;8;104;144;160;33;11;138;182;139;134;118;51;121;158;25;177;5;78;175;45;162;80;190;136;73;54;31;193;117;198;156;1;27;38;135;63;40;107;133;122;90;191;147;6;188;169;132;70;3;15;145;13;195;168;29;0;109;35;62;18;55;34;170;152,7328429011087763548,0.039128,2
LNS_with_search_intra:edges_start:random,133,45958,21491,24467,0,4,156;1;131;121;51;191;90;135;63;40;107;100;122;133;10;147;6;188;169;132;70;3;15;155;184;152;170;34;55;18;95;183;140;4;149;28;20;60;148;47;94;66;172;179;185;86;166;194;176;113;114;137;127;89;103;163;187;153;81;106;124;62;143;35;0;109;145;13;195;168;43;139;11;138;33;160;29;111;8;82;77;141;91;61;36;177;5;78;175;45;162;80;190;136;73;54;31;193;117;198,6528400022157113512,0.062597,2
LNS_with_search_intra:edges_start:random,134,45125,20309,24816,0,0,169;132;13;195;168;43;139;11;138;33;160;29;0;109;35;111;8;82;21;177;25;158;121;51;90;122;133;107;40;63;135;38;27;16;1;156;198;117;193;31;54;73;136;190;80;45;175;78;5;36;61;91;141;77;81;153;143;34;55;18;62;124;106;163;103;89;127;137;114;113;176;194;166;86;185;95;130;99;22;179;66;94;47;148;60;20;28;149;4;140;183;152;184;155;189;145;15;3;70;188,6417105922919086265,0.056387,6
LNS_with_search_intra:edges_start:random,135,44566,20388,24178,0,2,122;135;63;40;107;133;10;178;147;6;188;169;132;13;195;168;145;15;70;3;155;184;152;183;140;4;149;28;20;60;148;47;94;66;179;185;99;130;95;55;34;18;62;124;106;128;86;166;194;176;113;114;137;127;89;103;163;187;153;81;77;111;35;109;0;29;160;33;11;139;182;138;104;8;82;21;61;36;177;5;78;175;45;80;190;136;73;54;31;193;117;198;156;27;38;1;131;121;51;90,2090128254007334738,0.048120,4
LNS_with_search_intra:edges_start:random,136,44850,20577,24273,0,1,117;198;156;1;16;27;38;63;40;107;133;122;135;131;121;51;90;147;6;188;169;132;13;195;168;145;15;70;3;155;184;152;170;34;55;18;62;95;130;183;140;4;149;28;20;60;148;47;94;66;57;172;179;185;86;166;194;176;113;103;127;89;163;153;141;77;81;106;124;143;35;109;0;29;160;33;11;139;182;138;104;144;111;8;82;21;61;36;177;5;78;175;45;80;190;136;73;54;31;193,8645982138179695169,0.054303,3
LNS_with_search_intra:edges_start:random,137,44212,19400,24812,0,0,78;175;45;80;190;136;73;54;31;193;117;198;156;1;27;38;63;135;122;90;131;121;51;71;147;6;188;169;132;70;3;15;145;13;195;168;43;139;11;138;33;160;144;104;8;82;111;29;0;109;35;143;106;124;62;18;55;34;170;152;183;140;4;149;28;20;60;148;47;94;66;57;172;179;185;99;130;95;86;166;194;176;113;114;137;127;89;103;163;187;153;81;77;141;91;36;61;21;177;5,5231040489929684540,0.039590,2
LNS_with_search_intra:edges_start:random,138,45138,21594,23544,0,3,29;160;144;111;81;77;141;36;61;21;82;8;104;33;11;139;138;25;177;5;78;175;45;80;190;136;73;54;31;193;117;198;156;1;131;121;51;191;90;122;135;63;40;107;133;10;147;6;188;169;132;13;195;168;145;15;70;3;155;184;152;170;34;55;183;140;4;149;28;20;60;148;47;94;66;179;185;95;86;166;194;114;137;127;89;165;187;153;163;103;113;176;106;124;62;18;143;35;109;0,7845598608002998089,0.056202,2
LNS_with_search_intra:edges_start:random,139,44596,19815,24781,0,1,190;136;73;54;31;193;117;198;156;1;16;27;38;63;135;122;131;121;51;90;147;6;188;169;132;13;195;168;43;139;11;138;104;8;21;82;111;144;33;160;29;0;109;35;143;106;124;62;18;55;34;189;145;15;70;3;155;184;152;183;140;4;149;28;20;60;148;47;94;66;57;172;179;185;99;130;95;86;166;194;176;113;103;127;89;163;187;153;81;77;141;91;61;36;177;5;78;175;45;80,9120426477693251893,0.064631,3
LNS_with_search_intra:edges_start:random,140,45978,21159,24819,0,4,28;20;60;148;47;94;66;179;185;130;95;86;166;194;176;113;103;127;89;163;187;153;81;77;97;141;91;61;36;177;5;78;175;45;80;190;136;73;54;31;193;117;198;121;158;25;182;138;33;11;139;134;118;51;90;131;1;16;27;38;135;63;40;107;122;133;10;178;147;6;188;169;132;70;3;15;145;13;195;168;29;0;109;35;111;8;82;143;106;124;62;18;55;34;170;152;183;140;4;149,5926771232159163105,0.036067,1
LNS_with_search_intra:edges_start:random,141,44387,19450,24937,0,7,124;106;159;143;111;8;104;144;0;35;109;29;160;33;138;11;139;43;168;195;13;145;15;3;70;132;169;188;6;147;51;121;131;90;10;133;122;135;63;38;27;16;1;156;198;117;193;31;54;73;136;190;80;45;142;175;78;5;177;21;82;61;36;91;141;77;81;153;187;163;89;127;103;113;176;194;166;86;185;95;130;99;179;66;94;47;148;60;20;28;149;4;140;183;152;170;34;55;18;62,6000925558504781354,0.040476,2
LNS_with_search_intra:edges_start:random,142,44424,19607,24817,0,1,168;195;13;145;15;155;3;70;132;169;188;6;147;10;133;122;90;51;121;131;135;63;38;27;16;1;156;198;117;193;31;54;73;136;190;80;45;175;78;5;177;36;61;91;141;77;82;21;8;111;81;153;187;163;89;127;103;113;180;176;194;166;86;95;130;99;185;179;172;57;66;94;47;148;60;20;28;149;4;140;183;152;170;34;55;18;62;124;106;143;35;109;0;29;160;33;138;11;139;43,8820315509490021267,0.053538,3
LNS_with_search_intra:edges_start:random,143,44971,20190,24781,0,2,169;188;6;134;43;139;11;138;33;160;29;0;109;35;111;144;104;8;82;21;177;25;121;51;90;10;133;122;135;63;38;27;1;156;198;117;193;31;54;164;73;136;190;80;45;175;78;5;36;61;91;141;77;81;153;187;163;89;127;137;114;103;113;180;176;194;166;179;185;99;66;94;47;148;60;20;28;149;140;183;95;86;128;106;124;62;18;55;34;152;184;155;3;70;15;145;168;195;13;132,3945430687961190999,0.039409,1
LNS_with_search_intra:edges_start:random,144,45514,20697,24817,0,2,198;156;1;16;27;38;135;63;40;107;133;122;90;147;6;188;169;132;70;3;15;145;13;195;168;29;0;109;35;62;18;55;34;170;152;183;140;4;149;28;20;60;148;47;94;66;99;130;95;185;179;166;194;113;103;127;89;163;176;86;128;124;106;143;153;81;77;141;91;36;61;21;82;8;104;144;160;33;138;11;139;134;51;121;158;25;177;5;78;175;45;162;80;190;136;73;54;31;193;117,4124104871512290753,0.045262,3
LNS_with_search_intra:edges_start:random,145,45141,19274,25867,0,2,140;183;95;130;99;185;86;128;106;124;62;18;55;34;35;109;0;29;160;33;144;111;82;8;104;138;11;139;43;168;195;13;145;15;3;70;132;169;188;6;134;74;118;51;121;131;90;191;147;10;133;122;135;63;38;27;16;1;156;198;117;193;31;54;73;136;190;80;162;45;175;78;5;177;36;61;91;141;77;81;153;187;163;89;127;103;113;176;194;166;179;66;94;47;148;60;20;28;149;4,2065144389288996478,0.047811,3
LNS_with_search_intra:edges_start:random,146,46012,21290,24722,0,2,77;141;91;61;36;78;175;80;190;45;5;177;21;82;8;104;138;11;139;182;25;158;121;73;54;31;193;117;198;156;1;16;27;38;63;135;122;90;191;51;118;134;147;6;188;169;132;13;70;3;15;145;195;168;109;35;0;29;160;33;144;111;143;106;124;62;18;55;34;170;152;4;149;28;20;60;148;47;94;66;179;185;130;140;183;95;86;166;194;176;113;114;137;127;89;103;163;187;153;81,2807586545026521809,0.039095,1
LNS_with_search_intra:edges_start:random,147,45833,20968,24865,0,2,40;100;63;102;135;131;121;1;156;198;117;193;31;54;73;136;190;80;162;45;175;78;5;36;61;21;177;25;182;138;139;11;33;160;29;0;109;35;111;8;82;141;77;81;153;187;163;89;127;103;113;194;176;106;124;62;18;34;55;95;130;99;185;86;166;179;172;57;66;94;47;148;60;20;59;28;149;4;140;183;152;184;155;3;70;15;145;168;195;13;132;169;188;6;147;51;90;122;133;107,596249249511281003,0.045133,3
LNS_with_search_intra:edges_start:random,148,45326,20630,24696,0,2,147;51;90;133;122;135;63;38;27;16;1;156;198;117;54;31;193;190;80;162;175;78;5;45;136;73;121;158;25;177;104;138;182;139;11;33;160;29;0;109;35;111;8;82;21;61;36;91;141;77;81;153;187;163;89;127;103;113;176;194;166;86;185;95;130;99;179;66;94;47;148;60;20;28;149;4;140;183;55;18;62;124;106;143;34;170;152;184;155;3;70;15;145;168;195;13;132;169;188;6,813028650033728369,0.045407,3
LNS_with_search_intra:edges_start:random,149,44756,20915,23841,0,2,156;1;27;38;63;40;107;133;122;135;131;121;51;90;191;147;6;188;169;132;13;195;168;145;15;70;3;155;184;152;4;149;28;140;183;34;55;18;62;124;106;128;95;130;99;148;20;60;47;94;66;179;185;86;166;194;176;180;113;103;114;137;127;89;163;187;153;81;77;141;36;61;21;82;8;111;35;109;0;29;160;33;11;138;182;25;177;5;78;175;45;80;190;136;73;54;31;193;117;198,7647044188724674872,0.045595,1
LNS_with_search_intra:edges_start:random,150,45792,20627,25165,0,2,133;122;135;63;38;27;16;1;156;198;117;193;31;54;73;136;190;80;45;175;78;5;177;36;61;91;141;77;81;153;187;163;89;127;103;113;176;194;166;179;66;94;47;148;60;20;28;149;4;152;140;183;95;130;99;185;86;55;34;18;62;124;106;143;111;82;21;8;104;144;160;35;109;0;29;145;15;3;70;188;169;132;13;195;168;43;139;11;33;138;182;74;118;51;121;131;90;191;147;10,6872111054192074722,0.057405,5
LNS_with_search_intra:edges_start:random,151,44929,19502,25427,0,0,144;111;82;21;61;36;91;141;97;77;81;153;187;163;103;89;127;137;114;113;180;176;194;166;86;95;130;185;179;172;57;66;94;47;148;60;20;28;149;4;140;183;152;170;34;55;18;62;124;106;143;35;109;0;29;160;33;138;11;139;43;168;195;13;145;15;3;70;132;169;188;6;147;90;122;63;135;125;51;121;131;1;156;198;117;193;31;54;73;136;190;80;45;175;78;5;177;8;104;56,8415051195802632571,0.034952,1
LNS_with_search_intra:edges_start:random,152,45033,20474,24559,0,2,31;54;73;136;190;80;45;175;78;5;177;36;61;91;141;77;81;111;82;21;8;104;138;182;139;11;33;160;29;0;109;35;34;55;18;62;124;106;128;95;130;99;185;86;176;163;153;187;165;127;89;103;113;194;166;179;66;94;47;148;60;20;59;28;149;4;140;183;152;184;155;3;70;15;145;168;195;13;132;169;188;6;147;178;10;133;107;40;63;135;122;90;51;121;131;1;156;198;117;193,121705885720967195,0.040655,2
LNS_with_search_intra:edges_start:random,153,45358,20184,25174,0,2,0;109;35;111;144;104;8;82;21;177;25;158;121;51;90;122;133;107;40;63;135;38;27;1;156;198;117;193;31;54;73;136;190;80;45;175;78;5;36;61;91;141;77;81;153;143;124;106;163;89;127;103;113;176;194;166;86;95;130;99;185;179;172;57;66;94;47;148;60;20;28;149;4;140;183;174;55;18;62;34;170;152;184;155;3;70;15;145;13;132;169;188;195;168;139;11;138;33;160;29,5222943632045506147,0.059516,4
LNS_with_search_intra:edges_start:random,154,45237,20914,24323,0,0,3;70;188;169;132;13;145;195;168;43;134;6;147;10;133;107;40;63;135;122;90;51;121;131;1;156;198;117;193;31;54;73;136;190;80;162;45;175;78;5;177;36;61;91;141;77;82;8;104;138;139;11;33;160;29;0;109;35;143;106;124;62;18;34;55;128;176;113;103;89;163;153;187;165;127;137;114;194;166;86;185;95;130;99;179;66;94;47;148;60;20;28;149;4;140;183;152;184;155;15,3318688076736092026,0.069963,4
LNS_with_search_intra:edges_start:random,155,45469,20755,24714,0,4,8;82;111;81;153;77;141;91;36;61;21;177;5;78;175;45;162;80;190;136;73;54;31;193;117;198;156;1;16;27;38;63;135;122;131;121;51;90;133;10;147;6;134;139;11;168;195;188;169;132;13;145;15;70;3;155;184;152;183;140;4;149;28;59;20;60;148;47;94;66;179;99;130;95;185;86;166;194;114;137;127;89;163;103;113;176;106;124;62;18;55;34;35;109;0;29;160;33;138;104,1244882859215437682,0.046055,2
LNS_with_search_intra:edges_start:random,156,44781,20614,24167,0,1,18;55;34;170;152;184;155;3;70;15;145;168;195;13;132;169;188;6;147;51;90;122;63;135;131;121;1;38;27;156;198;117;193;31;54;73;136;190;80;45;175;78;5;177;25;104;138;182;139;11;33;160;29;0;109;35;111;8;82;21;61;36;91;141;77;81;153;187;163;103;89;165;127;137;114;113;176;194;166;86;185;179;172;66;94;47;148;60;20;28;149;4;140;183;130;95;128;106;124;62,8691486669738132623,0.051730,4
LNS_with_search_intra:edges_start:random,157,44366,20195,24171,0,1,183;152;170;34;55;18;62;124;106;143;35;109;0;29;168;195;13;145;15;3;70;132;169;188;6;134;139;11;138;182;25;158;121;51;90;122;107;40;63;135;38;27;1;156;198;117;193;31;54;73;136;190;80;45;175;78;5;177;104;33;160;144;111;8;82;21;61;36;91;141;77;81;153;187;163;103;89;127;137;114;113;176;194;166;86;185;95;130;99;179;66;94;47;148;60;20;28;149;4;140,7595674651132390570,0.045552,2
LNS_with_search_intra:edges_start:random,158,44704,20324,24380,0,2,134;74;118;121;51;191;90;122;133;107;40;63;135;38;27;1;156;198;117;193;31;54;73;136;190;80;45;175;78;5;177;36;61;21;104;138;182;139;11;33;160;29;0;109;35;111;8;82;141;77;81;153;187;163;103;89;127;137;114;113;176;194;166;86;185;179;66;94;47;148;60;20;28;149;4;140;183;95;128;106;124;62;18;55;34;170;152;184;155;3;70;15;145;168;195;13;132;169;188;6,3193794424172407996,0.055466,3
LNS_with_search_intra:edges_start:random,159,44799,20886,23913,0,3,117;198;156;1;27;38;135;63;40;107;133;122;90;191;147;6;188;169;132;13;195;168;145;15;70;3;155;184;152;183;140;4;149;28;20;60;148;47;94;66;179;185;130;95;55;34;18;62;124;106;86;166;194;176;113;114;137;127;89;103;163;187;153;81;77;141;91;36;61;21;82;8;111;35;109;0;29;160;33;11;138;182;139;134;51;121;158;25;177;5;78;175;45;80;190;136;73;54;31;193,5169854844465772010,0.048001,3
LNS_with_search_intra:edges_start:random,160,45646,20797,24849,0,2,90;51;147;6;188;169;132;13;195;168;145;15;70;3;155;189;29;0;109;35;143;106;124;62;18;55;34;170;152;183;140;4;149;28;20;60;148;47;94;66;179;185;130;95;86;166;194;176;113;103;127;89;163;187;153;81;77;141;91;21;82;8;104;144;160;33;11;138;182;25;158;121;112;19;54;31;73;136;5;177;61;36;78;175;45;162;80;190;193;117;198;156;1;27;38;135;63;40;107;122,5493869069086513927,0.060154,5
LNS_with_search_intra:edges_start:random,161,45118,20932,24186,0,1,175;45;80;190;136;73;54;31;193;117;198;156;1;121;131;135;63;40;107;133;122;90;51;147;6;188;169;132;70;3;15;145;13;195;168;29;109;35;0;160;33;11;139;138;182;25;177;21;82;8;111;81;153;143;106;124;62;18;55;34;170;152;183;140;4;149;28;20;60;148;47;94;66;57;172;179;185;130;95;86;166;194;176;180;113;114;137;127;89;103;163;187;97;77;141;91;61;36;5;78,1538162106532155843,0.069725,4
LNS_with_search_intra:edges_start:random,162,44999,19873,25126,0,2,188;6;147;51;90;122;107;40;63;135;38;27;1;156;198;117;193;190;80;136;73;31;54;19;112;121;158;25;177;5;78;175;36;61;91;141;77;81;153;187;163;89;127;103;113;176;194;166;86;95;130;99;185;179;172;57;66;94;47;148;60;20;28;149;4;140;183;152;170;34;55;18;62;124;106;143;35;109;0;29;111;82;8;104;144;160;33;138;11;139;43;168;195;13;145;15;3;70;132;169,8913467104270071972,0.045287,3
LNS_with_search_intra:edges_start:random,163,45933,21460,24473,0,1,127;137;114;113;194;166;176;103;89;163;153;81;111;8;104;33;160;0;35;109;29;168;195;13;145;15;189;34;55;18;62;124;106;86;95;130;185;179;66;94;47;148;60;20;28;149;4;140;183;152;184;155;3;70;132;169;188;6;134;139;11;138;182;25;158;121;51;90;122;133;107;40;63;135;38;27;1;156;198;117;193;31;54;73;136;190;80;45;175;78;5;177;36;61;91;141;77;97;187;165,1369178578624932099,0.046980,4
LNS_with_search_intra:edges_start:random,164,44049,20041,24008,0,2,63;40;107;133;122;135;131;121;51;90;147;6;188;169;132;13;195;168;145;15;70;3;155;184;152;170;34;55;18;62;124;106;128;86;185;99;130;95;183;140;4;149;28;20;60;148;47;94;66;179;166;194;176;113;103;127;89;163;187;153;81;77;111;35;109;0;29;160;33;11;139;182;138;104;8;82;21;141;91;61;36;177;5;78;175;45;80;190;136;73;54;31;193;117;198;156;1;16;27;38,120682702646230978,0.063280,5
LNS_with_search_intra:edges_start:random,165,44905,20830,24075,0,3,152;170;34;143;106;124;62;18;55;183;140;149;28;20;60;148;47;94;66;179;185;130;95;86;166;194;176;113;103;127;89;163;187;146;153;81;77;141;91;61;36;177;21;82;8;104;144;111;35;109;0;29;160;33;138;11;139;182;25;5;78;175;45;80;190;136;73;54;31;193;117;198;156;1;121;131;135;63;40;107;10;133;122;90;191;51;147;6;188;169;132;13;195;168;145;15;70;3;155;184,1751904258886369624,0.040248,1
LNS_with_search_intra:edges_start:random,166,45259,21539,23720,0,1,127;137;114;113;176;194;166;86;185;179;66;94;47;148;60;20;28;149;140;183;95;62;18;55;34;170;152;184;155;3;70;15;145;168;195;13;132;169;188;6;134;51;71;147;10;133;107;40;63;135;122;90;121;131;1;156;198;117;193;31;54;73;136;190;80;45;175;78;5;177;25;182;138;11;33;160;144;104;8;82;21;61;36;91;141;77;81;111;29;0;109;35;143;124;106;153;187;163;103;89,4747530745582360771,0.038303,1
LNS_with_search_intra:edges_start:random,167,44973,19017,25956,0,1,104;8;82;87;21;177;5;142;175;78;36;61;91;141;77;81;153;187;165;127;89;163;103;113;176;194;166;86;185;95;130;99;22;179;66;94;47;148;60;20;28;149;4;140;183;152;170;34;55;18;62;124;106;143;35;109;0;29;168;195;13;145;15;3;70;132;169;188;6;147;191;90;122;133;107;40;63;135;38;27;16;1;156;198;117;193;31;54;73;19;112;121;51;134;139;11;138;33;160;144,5469140303586433770,0.045159,2
LNS_with_search_intra:edges_start:random,168,45242,19547,25695,0,1,29;168;195;188;169;132;13;145;15;70;3;155;189;69;109;0;35;143;106;124;62;18;55;34;170;152;183;140;4;149;28;20;60;148;47;94;66;179;22;99;130;95;185;86;166;194;176;113;103;127;89;163;187;153;81;77;141;91;36;61;21;177;5;78;175;45;162;80;190;136;73;54;31;193;117;198;156;1;16;27;38;63;135;122;90;51;121;158;25;182;139;11;138;33;160;144;104;8;82;111,6992455698743770473,0.057988,2
LNS_with_search_intra:edges_start:random,169,45109,19871,25238,0,1,177;5;78;175;45;162;80;190;136;73;54;31;193;117;198;156;1;16;27;38;63;135;122;131;121;51;90;147;6;188;169;132;13;195;168;145;15;70;3;155;184;152;170;34;109;0;35;143;106;124;62;18;55;174;183;140;4;149;28;20;60;148;47;94;66;57;172;179;185;99;130;95;86;166;194;176;113;103;127;89;163;187;153;81;77;141;91;36;61;21;82;8;104;33;160;29;11;138;182;25,4891514115977411474,0.052072,3
LNS_with_search_intra:edges_start:random,170,45326,20818,24508,0,1,113;176;194;166;86;128;124;62;18;34;55;95;130;185;179;172;57;66;94;47;148;60;20;28;149;4;140;183;152;184;155;3;70;15;145;168;195;13;132;169;188;6;147;71;51;121;131;90;122;133;107;40;63;135;38;27;1;156;198;117;193;31;54;73;136;190;80;45;175;78;5;177;36;61;21;82;8;104;138;182;139;11;33;160;29;0;109;35;143;106;153;81;77;141;97;187;163;89;127;103,8585294322930255587,0.052135,3
LNS_with_search_intra:edges_start:random,171,45823,20835,24988,0,0,8;104;138;182;25;177;21;61;36;5;78;175;45;80;190;136;73;54;31;193;117;198;156;1;16;27;38;63;40;107;133;122;135;131;121;51;90;147;6;188;169;132;70;3;15;145;13;195;168;43;139;11;33;160;29;0;35;109;69;189;155;184;152;183;140;4;149;28;20;60;148;47;94;66;179;172;166;86;185;99;130;95;55;34;18;62;124;106;176;194;113;103;127;89;163;187;153;81;77;82,1429945310187267165,0.047690,2
LNS_with_search_intra:edges_start:random,172,45994,20726,25268,0,2,8;82;111;81;153;143;106;124;128;62;18;55;34;35;109;0;29;168;195;6;188;169;132;13;145;15;70;3;155;184;152;183;95;130;99;140;4;149;28;20;60;148;47;94;66;172;179;185;86;166;194;176;113;103;127;89;163;187;97;77;141;91;61;36;177;5;78;175;45;80;190;136;73;54;31;193;117;198;156;1;16;27;38;63;135;122;133;90;51;121;158;25;182;138;139;11;33;160;144;104,476989961438982245,0.058237,1
LNS_with_search_intra:edges_start:random,173,44962,20932,24030,0,1,169;132;13;145;15;70;3;155;184;152;183;140;4;149;28;20;60;148;47;94;66;179;185;130;95;86;166;194;176;113;103;127;89;163;187;153;143;106;124;62;18;55;34;35;109;0;29;111;81;77;141;91;36;61;21;82;8;104;144;160;33;11;195;168;139;138;182;25;177;5;78;175;142;45;80;190;136;73;54;31;193;117;198;156;1;131;121;51;90;122;135;63;40;107;133;10;178;147;6;188,2882889477614027159,0.075678,7
LNS_with_search_intra:edges_start:random,174,45895,21299,24596,0,4,63;135;38;27;1;156;198;117;193;190;80;45;175;78;5;73;31;54;112;121;158;25;177;36;61;21;8;82;77;81;153;187;163;89;127;137;114;103;113;176;194;166;179;66;94;47;148;60;20;28;149;4;140;183;95;130;99;185;86;106;124;62;18;55;34;170;152;184;155;3;70;15;145;29;0;109;35;111;144;160;33;138;11;139;43;168;195;13;132;169;188;6;147;51;90;122;133;10;107;40,693947139098866567,0.041609,2
LNS_with_search_intra:edges_start:random,175,45868,20897,24971,0,3,43;139;11;138;33;160;29;0;109;35;111;8;82;81;153;163;89;103;113;176;106;124;62;18;55;34;170;152;183;140;4;149;28;20;60;148;47;94;66;172;179;185;130;95;86;166;194;114;137;127;165;187;97;77;141;91;61;36;175;78;5;177;25;158;121;112;19;54;31;73;136;80;190;193;117;198;156;1;27;38;135;63;40;107;133;122;90;51;147;6;188;169;132;70;3;15;145;13;195;168,3082545861803819381,0.043577,2
LNS_with_search_intra:edges_start:random,176,45317,19915,25402,0,1,144;111;81;153;187;163;89;127;103;113;176;194;166;86;95;130;185;179;172;66;94;47;148;60;20;28;149;4;140;183;152;170;34;55;18;62;124;106;143;35;109;0;29;145;15;3;70;188;169;132;13;195;168;43;139;11;33;138;182;25;158;121;51;125;191;90;131;135;122;133;107;40;63;38;27;1;156;198;117;193;31;54;73;136;190;80;162;45;175;78;5;177;36;61;91;141;77;82;8;104,8661650144877673876,0.047578,2
LNS_with_search_intra:edges_start:random,177,43830,19667,24163,0,2,113;176;194;166;86;185;95;130;99;179;66;94;47;148;60;20;28;149;4;140;183;152;170;34;55;18;62;124;106;143;35;109;0;29;168;195;13;145;15;3;70;132;169;188;6;147;191;90;51;121;131;135;122;133;107;40;63;38;27;16;1;156;198;117;193;31;54;73;136;190;80;45;175;78;5;177;25;182;138;139;11;33;160;144;104;8;82;21;61;36;91;141;77;81;153;187;163;89;127;103,8411508083926451656,0.066632,4
LNS_with_search_intra:edges_start:random,178,46244,19421,26823,0,0,28;149;4;140;183;152;184;155;3;70;15;145;168;195;13;132;169;188;6;147;51;125;90;191;10;133;122;135;63;38;27;16;1;156;198;117;193;31;54;73;19;112;121;158;25;177;5;78;175;36;61;91;141;77;82;8;104;138;182;139;11;33;160;29;0;109;35;34;55;18;62;124;106;143;81;153;187;163;89;127;103;113;176;194;166;86;95;130;99;185;179;172;57;66;94;47;148;60;23;20,1033466346311861300,0.065395,3
LNS_with_search_intra:edges_start:random,179,45512,20782,24730,0,6,60;20;148;99;185;130;95;183;140;152;170;34;55;18;62;124;106;143;35;109;0;29;168;195;13;145;15;3;70;132;169;188;6;147;10;133;122;107;40;63;135;38;27;16;1;131;90;51;121;112;151;198;117;193;31;54;73;136;190;80;45;175;78;5;177;36;61;91;141;21;82;8;104;138;182;139;11;33;160;144;111;77;81;153;187;163;89;127;103;113;176;194;166;86;179;172;57;66;94;47,1671374969206978754,0.059427,6
LNS_with_search_intra:edges_start:random,180,45513,21717,23796,0,1,188;70;3;15;145;155;189;109;35;0;29;111;8;104;21;82;77;81;153;143;106;124;62;18;55;34;170;152;183;140;4;149;28;20;60;148;47;94;66;179;185;130;95;86;166;194;176;180;113;114;137;127;89;103;163;187;141;91;61;36;177;5;78;175;45;80;190;73;54;31;193;117;198;156;1;27;38;135;63;40;107;10;133;122;90;131;121;51;134;139;182;138;33;11;168;195;13;132;169;6,3849394953424222165,0.039855,1
LNS_with_search_intra:edges_start:random,181,45077,21173,23904,0,2,145;195;168;11;139;134;6;147;90;51;121;131;135;122;133;107;40;63;38;27;1;156;198;117;193;31;54;73;136;190;80;45;142;175;78;5;36;61;177;25;182;138;33;160;29;0;109;35;111;8;82;21;91;141;77;81;153;187;163;89;127;103;113;176;194;166;86;185;179;66;94;47;148;60;20;28;149;4;140;183;130;95;128;106;124;62;18;55;34;170;152;184;155;15;3;70;188;169;132;13,5756588639892939846,0.049696,4
LNS_with_search_intra:edges_start:random,182,45486,21447,24039,0,7,38;27;1;131;121;198;117;193;31;54;73;136;190;80;45;175;78;5;177;36;61;21;82;8;104;138;182;139;11;33;160;29;0;109;35;34;55;18;62;124;106;176;113;103;163;153;81;77;141;97;187;165;89;127;137;114;194;166;86;95;130;99;185;179;172;57;66;94;47;148;60;20;28;149;4;140;183;152;184;155;3;70;15;145;168;195;13;132;169;188;6;134;147;51;90;122;107;40;63;135,7057717968309521047,0.040669,1
LNS_with_search_intra:edges_start:random,183,45478,20662,24816,0,4,104;8;111;143;106;124;62;18;55;34;170;152;183;140;4;149;28;20;60;148;47;94;66;172;179;185;130;95;86;166;194;176;113;114;137;127;89;103;163;187;153;81;77;141;82;21;61;36;177;5;78;175;45;80;190;136;73;54;31;193;117;198;156;1;38;63;135;131;121;122;133;10;90;191;51;118;182;138;33;11;139;43;168;195;13;132;169;188;70;3;15;145;155;189;109;35;0;29;160;144,4083356893924151474,0.038302,1
LNS_with_search_intra:edges_start:random,184,44073,19577,24496,0,0,35;0;160;33;11;139;182;138;104;8;82;111;143;106;124;62;18;55;34;170;152;183;140;4;149;28;20;60;148;47;94;66;57;172;179;185;99;130;95;86;166;194;176;113;103;127;89;163;187;153;81;77;141;91;61;36;177;5;78;175;45;80;190;136;73;54;31;193;117;198;156;1;16;27;38;63;40;107;133;122;135;131;121;51;90;191;147;6;188;169;132;70;3;15;145;13;195;168;29;109,8614556231453420090,0.042354,2
LNS_with_search_intra:edges_start:random,185,46675,21539,25136,0,3,35;109;0;29;168;195;145;13;132;169;188;70;3;15;155;184;152;183;140;4;149;28;20;60;148;47;94;66;179;185;130;95;55;18;62;128;86;166;194;176;113;114;137;127;89;103;163;165;187;97;141;77;81;153;106;124;143;159;111;144;56;104;8;82;21;61;36;177;5;78;175;45;80;190;136;193;117;54;31;164;73;112;121;131;135;63;100;40;107;122;90;51;147;6;134;139;11;138;33;160,2536934353773960703,0.034036,1
LNS_with_search_intra:edges_start:random,186,45314,20717,24597,0,2,127;89;103;163;187;153;81;77;141;36;61;21;82;8;104;33;160;35;109;0;29;195;168;139;11;138;182;118;51;121;158;25;177;5;78;175;45;162;80;190;136;73;54;31;193;117;198;156;1;27;38;135;63;40;107;122;90;191;147;6;188;169;132;70;3;15;145;189;155;184;152;170;34;55;18;62;124;106;128;95;183;140;4;149;28;20;60;148;47;94;66;179;185;86;166;194;176;113;114;137,232265165937673858,0.044886,3
LNS_with_search_intra:edges_start:random,187,46414,20982,25432,0,2,121;112;73;54;31;193;117;198;156;1;16;27;38;135;63;40;107;122;90;191;147;6;188;169;132;70;3;15;145;189;155;184;152;183;140;4;149;28;20;60;148;47;94;66;172;179;185;130;95;55;34;18;62;124;106;128;86;166;194;176;113;103;127;89;163;187;153;159;143;35;109;0;29;111;81;77;141;91;61;36;175;78;5;177;21;82;8;104;144;160;33;138;11;139;168;195;13;134;118;51,2641645309136202547,0.067955,3
LNS_with_search_intra:edges_start:random,188,44363,19719,24644,0,1,33;160;29;0;109;35;111;77;81;153;187;163;89;127;103;113;176;194;166;179;66;94;47;148;60;20;28;149;4;140;183;95;130;99;185;86;128;106;124;62;18;55;34;170;152;184;155;3;70;15;145;168;195;13;132;169;188;6;147;51;121;131;90;191;10;133;122;135;63;38;27;16;1;156;198;117;193;31;54;73;136;190;80;45;175;78;5;177;36;61;91;141;21;82;8;104;138;182;139;11,6700921983936955887,0.050454,3
LNS_with_search_intra:edges_start:random,189,44883,20243,24640,0,2,15;70;3;155;184;152;183;140;4;149;28;20;60;148;47;94;66;179;166;194;113;103;89;127;165;187;153;163;176;86;185;99;130;95;55;34;18;62;124;106;143;35;109;0;29;160;33;11;139;182;138;104;8;82;77;141;91;61;36;177;5;78;175;45;80;190;136;73;54;31;193;117;198;156;1;16;27;38;135;63;40;107;122;133;10;178;191;90;131;121;51;147;6;188;169;132;13;195;168;145,1306974879034340536,0.065753,2
LNS_with_search_intra:edges_start:random,190,44980,20466,24514,0,4,8;111;35;109;0;29;160;33;138;11;139;43;134;51;121;112;19;54;31;73;136;80;190;193;117;198;156;1;27;38;135;63;40;107;122;90;191;147;6;188;169;132;13;195;168;145;15;70;3;155;184;152;170;34;55;18;62;124;106;128;95;183;140;4;149;28;20;60;148;47;94;66;179;99;185;86;166;194;176;113;114;137;127;89;103;163;187;153;81;77;141;91;61;36;175;78;5;177;21;82,6082221852604827302,0.037899,2
LNS_with_search_intra:edges_start:random,191,45301,20496,24805,0,0,183;152;170;34;55;18;62;124;106;143;35;109;0;29;160;33;144;111;82;21;8;104;138;11;139;43;168;195;13;145;15;155;3;70;132;169;188;6;147;51;90;122;133;107;40;63;135;131;121;158;25;177;5;45;136;73;164;31;54;117;193;190;80;162;175;78;36;61;91;141;77;81;153;187;163;89;127;103;113;176;194;166;86;95;130;99;185;179;172;57;66;94;47;148;60;20;28;149;4;140,8384611971664672745,0.071141,3
LNS_with_search_intra:edges_start:random,192,45945,22016,23929,0,0,11;33;160;29;109;35;0;144;104;8;111;81;77;82;21;61;36;91;141;187;153;143;34;55;18;62;124;106;176;163;89;127;103;113;194;166;86;95;130;185;179;66;94;47;148;60;20;28;149;140;183;152;184;155;3;70;15;145;168;195;13;132;169;188;6;134;51;147;10;133;107;40;63;135;122;90;125;121;131;1;156;198;117;193;31;54;73;136;190;80;162;45;175;78;5;177;25;182;138;139,3050524801656395013,0.043385,2
LNS_with_search_intra:edges_start:random,193,46737,22147,24590,0,2,1;156;198;117;193;31;54;73;136;190;80;45;175;78;5;177;36;61;91;141;77;97;187;163;89;127;103;113;194;166;172;179;66;94;47;60;20;148;99;185;86;176;153;81;143;106;124;62;18;34;55;95;183;140;152;184;155;3;70;15;145;13;132;169;188;6;147;134;43;168;195;29;0;109;35;111;82;21;8;104;144;160;33;11;139;138;182;25;158;121;51;90;122;107;40;63;135;38;27;16,7765330293322204179,0.063029,5
LNS_with_search_intra:edges_start:random,194,45718,19336,26382,0,1,21;177;25;182;138;11;139;43;168;195;13;145;15;3;70;132;169;188;6;134;74;118;51;90;125;121;131;122;135;63;38;27;16;1;156;198;117;193;31;54;73;136;190;80;45;175;78;5;36;61;91;141;77;81;153;187;163;89;127;103;113;180;176;194;166;179;185;99;66;94;47;148;60;20;28;149;4;140;183;9;130;95;86;128;106;124;62;18;55;34;35;109;0;29;160;33;144;104;8;82,9025833692488759460,0.046004,2
LNS_with_search_intra:edges_start:random,195,46210,22542,23668,0,3,141;91;61;36;5;78;175;45;80;190;136;73;54;31;193;117;198;156;1;16;27;38;63;40;107;133;122;135;131;121;51;90;147;134;6;188;169;132;70;3;15;145;13;195;168;139;11;160;29;0;109;35;34;170;152;183;140;149;28;20;60;148;47;94;66;179;185;86;95;55;18;62;124;106;143;111;144;33;138;182;25;177;21;8;82;77;81;153;176;166;194;113;114;137;127;89;103;163;187;97,8563575022395842286,0.044444,2
LNS_with_search_intra:edges_start:random,196,45498,20543,24955,0,3,185;86;128;106;124;62;18;34;55;95;130;99;66;94;47;148;60;20;59;28;149;4;140;183;152;184;155;189;145;15;3;70;188;169;132;13;195;168;29;109;35;0;160;33;138;11;139;43;134;6;147;191;90;51;121;131;122;135;63;38;27;16;1;156;198;117;193;31;54;73;136;190;80;45;175;78;5;177;36;61;21;104;8;82;141;77;81;153;187;163;103;89;127;137;114;113;176;194;166;179,3638734059902600786,0.044218,3
LNS_with_search_intra:edges_start:random,197,45291,20372,24919,0,1,190;136;73;54;31;193;117;198;156;1;131;121;51;90;122;135;63;40;107;133;10;147;6;188;169;132;70;3;15;145;13;195;168;43;139;11;138;33;160;29;0;35;109;69;189;155;184;152;170;34;55;18;62;95;130;183;140;4;149;28;20;60;148;47;94;66;172;179;185;86;166;194;176;113;103;127;89;163;106;124;143;153;81;77;141;91;36;61;21;82;8;104;25;177;5;78;175;142;45;80,8108863364413269757,0.072169,6
LNS_with_search_intra:edges_start:random,198,45256,19402,25854,0,0,20;60;148;47;94;66;57;172;179;185;86;166;194;176;113;103;127;89;163;187;153;81;111;35;109;0;29;160;33;11;139;182;138;104;8;82;77;141;91;61;36;177;5;78;175;45;162;80;190;136;73;54;31;193;117;198;156;27;38;1;121;131;135;63;122;90;51;98;118;74;134;6;188;169;132;13;195;168;145;15;70;3;155;184;152;170;34;55;18;62;124;106;128;95;130;183;140;4;149;28,2827217099274512630,0.072214,3
LNS_with_search_intra:edges_start:random,199,45176,20616,24560,0,2,122;90;131;121;51;71;147;6;188;169;132;13;195;168;43;139;11;138;33;160;144;104;8;21;82;111;35;109;0;29;145;15;70;3;155;184;152;170;34;55;18;62;183;140;4;149;28;20;60;148;47;94;66;172;179;185;99;130;95;86;166;194;113;103;127;89;163;176;106;124;143;153;81;77;141;91;61;36;177;5;78;175;45;80;190;136;73;54;31;193;117;198;156;1;27;38;135;63;40;107,9050619438479698524,0.053232,2
LNS_no_search_intra:edges_start:random,0,61946,37812,24134,0,0,117;193;175;78;36;61;91;77;111;29;145;70;3;15;0;109;34;124;153;86;62;183;176;106;13;132;169;188;6;147;10;133;40;107;122;121;1;16;38;63;135;90;51;118;134;43;168;195;155;184;4;149;28;20;199;140;55;35;144;104;25;190;80;5;177;8;138;11;139;33;160;18;130;99;94;47;148;179;114;137;127;89;165;187;141;143;170;152;95;185;166;194;113;103;163;81;82;21;31;54,3614505411936554424,0.054839,13
LNS_no_search_intra:edges_start:random,1,51830,26782,25048,0,0,121;51;147;90;122;135;63;38;27;16;1;156;198;117;193;31;54;73;173;25;182;139;168;195;13;70;3;155;152;183;95;185;86;99;148;60;47;94;66;179;166;194;113;176;106;124;62;18;143;111;8;177;5;45;190;80;175;78;36;61;21;104;11;134;6;188;169;132;145;15;189;170;4;149;28;20;199;140;55;34;35;109;0;29;77;141;146;187;165;127;89;103;163;153;81;144;160;33;138;118,8694476546279273484,0.117928,25
LNS_no_search_intra:edges_start:random,2,61030,36390,24640,0,0,141;77;81;143;183;140;4;149;28;20;60;148;47;94;66;57;172;179;185;99;130;95;124;160;33;138;182;121;168;195;13;145;15;3;70;132;169;188;6;147;10;133;134;11;104;21;82;153;111;8;131;135;63;122;90;51;34;18;62;109;25;117;193;31;54;139;189;155;184;152;170;55;113;176;194;166;86;35;0;29;136;190;80;162;175;78;5;177;36;61;91;146;187;163;103;89;127;137;114;106,405963270471408958,0.085877,19
LNS_no_search_intra:edges_start:random,3,52724,27180,25544,0,0,70;15;145;189;106;153;111;144;33;104;8;82;146;187;163;89;127;103;113;176;194;166;124;143;160;138;182;25;158;121;122;63;135;90;51;118;74;139;11;29;109;18;62;95;130;179;66;94;47;199;140;183;55;34;35;0;168;195;13;132;169;188;6;147;131;1;156;198;117;193;31;54;73;136;190;80;162;175;78;5;177;36;61;91;141;77;81;86;185;99;148;60;20;28;149;4;152;184;155;3,4590077101197337171,0.094985,23
LNS_no_search_intra:edges_start:random,4,55525,31576,23949,0,0,21;177;111;143;124;86;185;179;99;130;95;8;5;45;80;190;175;78;36;61;91;141;187;103;127;89;163;153;81;77;82;104;182;51;122;135;63;40;107;133;10;147;6;188;169;132;13;195;168;134;90;139;11;29;109;34;183;18;55;140;9;148;47;94;60;20;28;149;4;152;184;155;3;70;15;145;189;62;166;194;113;176;106;35;0;160;33;138;25;121;131;1;156;198;117;193;31;54;73;173,5286023364666118214,0.071224,17
LNS_no_search_intra:edges_start:random,5,58347,34346,24001,0,0,121;112;117;54;5;36;61;82;111;18;183;130;185;94;179;194;113;103;127;89;163;187;141;78;175;162;80;190;136;25;138;33;160;0;29;109;35;106;176;166;153;77;81;143;55;140;4;149;28;20;60;47;148;95;124;21;177;73;31;193;198;156;1;131;90;134;168;195;189;34;62;86;152;184;155;3;70;15;145;13;132;169;188;139;11;144;8;104;182;118;51;122;135;63;40;107;133;10;147;6,3435502008875690461,0.073319,10
LNS_no_search_intra:edges_start:random,6,58279,34465,23814,0,0,113;114;137;127;89;103;163;153;29;168;195;15;152;155;3;70;169;188;0;143;176;81;77;141;35;11;139;74;51;121;177;21;8;106;124;128;185;86;95;130;183;140;160;33;138;182;25;73;31;54;117;193;136;142;175;78;36;61;91;82;111;18;62;55;34;189;145;13;132;6;147;10;133;107;40;63;135;122;90;131;1;156;198;190;80;5;104;144;109;149;28;20;60;148;47;94;66;179;166;194,3354021231228967103,0.039123,10
LNS_no_search_intra:edges_start:random,7,52523,26345,26178,0,0,18;95;185;194;113;103;127;89;163;187;146;91;61;36;175;78;5;25;182;138;11;139;43;168;195;109;143;124;106;176;166;86;153;81;77;141;82;21;177;173;73;31;54;117;19;121;51;90;122;63;135;38;27;16;1;156;198;193;136;190;80;162;45;8;104;33;160;29;0;35;62;9;20;60;148;47;94;66;179;99;130;183;140;28;149;4;152;184;155;3;70;188;169;132;13;145;15;189;34;55,4951228962993879507,0.126608,23
LNS_no_search_intra:edges_start:random,8,55096,30676,24420,0,0,18;176;163;153;97;141;91;61;36;78;175;80;190;45;5;177;104;8;111;143;106;166;194;113;103;89;127;165;187;81;144;160;33;138;25;131;1;156;198;117;193;31;54;73;173;21;82;77;35;145;13;195;168;43;134;121;182;11;29;109;34;62;185;179;57;66;94;47;148;60;20;28;199;183;95;86;124;0;139;51;90;133;107;40;63;135;122;147;6;188;169;132;70;3;15;155;184;152;140;55,2351538108717952080,0.093675,24
LNS_no_search_intra:edges_start:random,9,53952,29504,24448,0,0,90;51;139;11;29;111;82;21;177;5;45;136;73;31;54;117;25;138;33;160;0;109;35;18;55;152;34;62;143;176;194;86;95;130;9;199;28;20;60;148;47;94;66;179;185;166;128;124;106;113;103;127;89;163;187;153;81;77;141;91;61;36;78;175;162;80;190;193;198;156;1;27;38;63;135;131;8;104;122;133;10;147;6;188;169;132;70;3;155;140;183;189;15;145;13;195;168;43;134;121,4220458075065701672,0.062702,16
LNS_no_search_intra:edges_start:random,10,53755,29416,24339,0,0,168;109;33;11;139;138;182;25;158;121;122;135;63;40;107;133;10;147;6;188;70;3;155;152;140;183;62;81;77;141;91;61;36;5;21;144;29;160;104;177;78;175;162;80;190;136;73;54;31;193;117;198;156;1;131;90;51;118;134;169;132;13;145;15;4;149;28;20;60;148;47;94;66;179;185;130;95;128;124;143;111;8;82;153;106;18;35;0;163;89;127;103;113;176;194;166;86;55;34;195,6275868816029680591,0.075028,16
LNS_no_search_intra:edges_start:random,11,53255,29228,24027,0,0,198;156;1;27;38;135;63;40;107;122;90;71;147;6;188;132;13;145;29;0;109;34;4;149;28;20;60;94;47;148;9;18;62;124;35;160;33;138;182;121;104;111;143;106;128;183;140;152;189;195;169;70;3;15;155;55;95;130;99;185;179;166;194;114;137;127;89;103;113;86;176;163;187;153;81;77;141;91;61;36;78;175;162;80;190;136;25;139;168;11;8;82;21;177;5;73;54;31;193;117,5186895990893395171,0.074881,18
LNS_no_search_intra:edges_start:random,12,62849,37712,25137,0,0,109;35;153;141;77;187;165;127;89;163;103;113;194;166;176;138;182;121;36;61;91;81;106;95;130;99;22;179;66;94;47;148;9;183;189;15;145;132;169;188;6;147;115;10;133;107;40;63;135;122;90;51;134;139;11;160;144;8;177;168;195;13;70;3;155;184;152;199;20;28;149;4;29;33;25;117;54;104;111;143;124;185;18;0;73;31;193;190;80;162;175;78;5;21;82;86;62;55;140;34,1497631428482530317,0.087711,17
LNS_no_search_intra:edges_start:random,13,59442,34895,24547,0,0,190;80;175;78;36;61;91;141;77;97;146;187;163;86;113;103;89;127;137;114;194;166;185;179;172;57;66;94;47;148;60;20;28;149;4;140;183;62;18;55;34;189;70;169;132;13;195;109;134;147;182;82;21;138;139;6;188;29;81;153;106;143;160;33;1;156;198;117;193;31;54;73;168;145;15;3;155;184;152;95;176;111;144;104;25;121;131;135;63;122;90;51;11;0;35;124;8;177;5;45,508351112603597096,0.067020,13
LNS_no_search_intra:edges_start:random,14,51649,26505,25144,0,0,106;124;62;18;55;86;185;179;22;99;130;95;183;140;199;148;47;94;60;20;28;149;4;152;170;34;35;109;0;160;33;104;8;82;146;187;165;127;89;103;113;194;166;176;163;153;111;138;182;131;135;63;40;107;122;90;134;139;11;29;144;21;177;5;45;73;31;54;193;117;151;43;168;195;13;145;15;3;70;132;169;188;6;147;51;121;25;136;190;80;162;175;78;36;61;91;141;77;81;143,5909726958114081433,0.137743,26
LNS_no_search_intra:edges_start:random,15,59274,34716,24558,0,0,106;153;81;8;25;158;121;131;63;40;107;133;90;51;182;138;33;160;111;113;163;187;141;36;61;176;103;127;89;77;82;21;173;151;1;38;27;156;198;117;193;31;54;73;136;190;80;162;175;78;5;177;104;144;109;18;166;194;124;143;168;195;13;132;169;188;6;147;122;135;134;139;11;62;185;179;66;94;47;148;55;34;35;0;29;145;15;70;3;155;184;152;140;4;149;28;20;183;95;86,1623925702798262237,0.062186,12
LNS_no_search_intra:edges_start:random,16,56191,32525,23666,0,0,109;170;152;140;4;149;28;20;60;148;47;94;66;179;166;194;113;103;127;89;163;187;141;36;61;77;81;143;18;55;183;62;111;177;21;82;106;128;95;130;99;185;86;176;124;34;3;70;132;169;188;6;168;195;13;145;15;155;35;144;5;190;80;175;78;136;31;193;117;54;173;25;33;29;0;153;160;11;139;134;147;10;133;122;107;40;63;135;38;27;1;131;121;90;51;118;182;138;104;8,8166236214824838959,0.065245,14
LNS_no_search_intra:edges_start:random,17,56099,31831,24268,0,0,40;107;133;10;147;6;188;169;132;70;155;184;152;4;149;28;20;199;140;55;18;62;0;35;168;139;11;25;136;190;80;162;175;78;5;21;82;81;153;187;163;89;127;137;114;103;113;189;145;15;3;13;195;134;121;131;1;156;198;117;193;31;54;73;104;144;143;106;86;124;109;29;111;77;141;91;61;36;177;8;176;194;166;185;179;66;94;47;148;9;183;34;160;33;138;51;90;122;135;63,798643599761334577,0.140532,18
LNS_no_search_intra:edges_start:random,18,61357,36803,24554,0,0,152;140;183;62;106;153;185;99;130;95;55;34;145;13;132;169;188;168;33;144;8;177;111;86;124;81;77;104;25;173;54;117;31;73;136;45;5;21;82;176;143;35;160;138;182;51;90;122;133;107;40;63;135;38;27;1;156;198;193;190;80;162;175;78;36;61;91;113;103;89;127;165;187;141;163;194;166;179;66;94;47;148;60;20;28;199;9;18;15;70;3;155;109;0;29;11;139;121;134;195,5877934565775851250,0.115741,17
LNS_no_search_intra:edges_start:random,19,62424,37552,24872,0,0,36;91;141;77;153;187;165;127;89;103;113;176;81;82;21;177;5;78;175;162;80;190;193;31;73;111;163;194;166;179;185;86;128;124;106;143;15;152;140;34;109;29;139;51;135;131;121;182;138;35;18;95;130;99;66;94;47;148;9;183;170;189;195;11;0;160;25;54;117;33;168;134;90;122;63;40;107;133;10;115;147;6;132;13;145;62;55;199;20;28;149;4;155;3;70;169;188;104;8;61,9210863630369051588,0.059228,11
LNS_no_search_intra:edges_start:random,20,54061,30036,24025,0,0,135;131;121;122;63;40;107;133;10;147;6;188;169;132;34;55;86;183;18;62;143;111;8;82;21;177;104;160;29;145;15;3;70;13;195;168;155;152;140;199;148;47;94;66;179;185;176;113;163;187;77;141;91;61;36;5;78;175;162;80;190;193;117;54;31;73;173;25;182;138;0;35;109;170;4;149;28;20;60;99;130;95;124;106;103;89;127;137;114;194;166;153;81;33;11;139;134;118;51;90,4821524151730269144,0.090115,15
LNS_no_search_intra:edges_start:random,21,53376,28687,24689,0,0,193;31;182;138;139;11;33;160;29;8;78;175;80;190;45;5;21;82;111;34;55;18;62;124;106;176;86;185;95;183;170;189;15;145;13;195;168;109;35;143;103;89;127;165;187;146;77;141;91;61;36;136;73;54;117;198;156;1;27;38;63;135;122;133;90;125;25;177;104;144;0;81;153;163;113;194;166;179;66;94;47;148;60;20;28;149;4;140;152;184;155;3;70;132;169;188;6;147;51;121,3870858918474165762,0.113331,20
LNS_no_search_intra:edges_start:random,22,54756,31125,23631,0,0,29;111;77;141;91;61;36;78;175;80;190;25;139;168;195;134;121;104;8;187;163;89;127;103;113;18;86;166;194;176;153;81;82;21;177;5;73;54;31;193;117;198;156;1;16;27;38;63;40;107;133;10;147;6;188;169;132;13;145;15;70;3;155;184;152;183;9;148;47;94;66;179;185;62;109;11;51;90;122;135;131;138;33;160;0;35;34;55;140;4;149;28;20;60;99;130;95;106;124;143,3783201680603276445,0.070542,19
LNS_no_search_intra:edges_start:random,23,64021,38875,25146,0,0,134;183;124;152;55;128;176;143;0;168;189;140;199;20;28;149;4;155;13;132;169;195;29;163;187;81;104;25;131;135;63;122;90;51;11;34;9;148;60;47;94;66;179;166;194;113;114;137;127;89;103;111;160;138;182;121;151;117;193;54;31;73;142;175;78;36;61;91;141;8;144;33;77;153;35;109;18;62;95;130;99;185;86;106;82;21;177;5;45;162;80;190;136;139;145;15;3;70;188;6,6042510036527286371,0.065923,10
LNS_no_search_intra:edges_start:random,24,57166,31519,25647,0,0,141;91;61;177;21;82;153;176;106;189;13;169;132;145;15;3;155;184;152;183;140;4;149;28;20;60;148;47;179;166;194;113;103;127;89;163;0;34;55;18;95;130;99;94;66;185;86;128;124;143;81;77;111;29;109;62;35;160;33;11;139;25;73;117;193;31;54;112;51;6;188;70;195;168;43;134;147;90;178;10;133;122;63;135;131;121;118;74;182;138;5;8;104;136;190;80;162;175;78;36,3983826849680154101,0.086644,20
LNS_no_search_intra:edges_start:random,25,55186,30333,24853,0,0,177;11;13;132;169;6;147;90;122;135;63;38;27;16;1;131;121;138;33;160;18;95;130;99;148;47;94;66;179;185;128;35;0;34;155;3;70;188;134;51;139;29;109;62;124;106;143;168;195;145;15;189;152;4;149;28;20;199;140;183;55;111;8;104;25;173;73;54;31;117;193;190;80;162;175;78;5;36;61;91;141;146;187;165;103;113;176;86;166;194;114;137;127;89;163;153;81;77;82;21,5345277752151272816,0.055689,13
LNS_no_search_intra:edges_start:random,26,56695,31202,25493,0,0,3;155;152;140;29;35;143;176;163;153;81;77;82;21;78;175;162;80;190;136;73;54;31;193;117;198;156;1;131;90;147;6;188;168;195;15;170;183;4;149;28;20;9;62;160;33;0;18;130;99;148;47;94;66;179;166;194;113;103;89;127;165;187;146;141;91;61;36;5;177;8;111;109;11;139;25;158;121;122;63;135;51;118;182;138;104;144;106;124;128;86;185;95;55;34;145;13;132;169;70,1471229514100610501,0.082807,13
LNS_no_search_intra:edges_start:random,27,52034,27218,24816,0,0,106;176;166;194;113;143;35;109;29;0;124;128;86;185;130;95;55;34;189;15;145;13;195;168;43;139;11;177;5;78;175;162;80;190;136;73;54;31;193;117;198;156;1;27;38;122;90;51;74;182;138;33;160;62;18;183;28;20;60;148;47;94;9;140;152;184;155;3;70;132;169;188;6;147;10;133;107;40;63;135;131;121;158;25;104;8;82;187;165;127;89;103;163;153;21;61;36;141;77;81,1271838327007855419,0.147088,29
LNS_no_search_intra:edges_start:random,28,51267,26775,24492,0,0,141;82;8;144;160;168;195;169;132;13;145;15;189;34;55;18;62;35;33;138;25;136;190;80;162;175;78;36;61;91;153;163;103;89;127;137;114;113;176;86;166;194;143;111;104;121;51;134;139;11;29;109;0;21;177;5;45;73;54;31;193;117;198;156;1;16;27;38;63;135;122;90;147;6;188;70;3;155;184;152;183;140;4;149;28;20;60;148;47;94;66;179;185;130;95;128;124;106;81;77,4103279214450432025,0.122425,30
LNS_no_search_intra:edges_start:random,29,57063,32611,24452,0,0,176;106;35;33;138;182;121;139;11;29;111;77;141;146;187;165;127;89;103;113;194;166;82;173;73;54;31;193;117;198;156;1;27;38;63;135;133;10;147;6;188;169;132;13;189;34;18;62;86;185;179;66;94;47;148;60;20;28;149;4;140;183;55;109;0;15;3;70;160;144;8;21;61;36;78;175;80;190;45;5;177;143;124;95;152;184;155;145;195;168;134;51;90;122;131;25;104;81;153;163,8766463278731344717,0.095447,23
LNS_no_search_intra:edges_start:random,30,52346,27485,24861,0,0,77;61;36;21;82;104;11;168;195;132;188;169;13;145;55;86;185;166;194;176;113;103;127;89;153;81;35;62;18;34;15;70;3;155;184;152;183;140;4;149;28;20;60;148;47;94;66;179;99;130;95;128;124;106;143;111;8;144;160;0;109;29;139;134;6;147;51;90;133;122;135;63;38;27;16;1;156;198;117;193;31;54;151;19;121;158;25;182;138;33;177;5;45;190;80;175;78;141;187;163,260913873300750135,0.131882,30
LNS_no_search_intra:edges_start:random,31,58381,34291,24090,0,0,152;183;0;160;144;104;177;5;78;175;162;80;190;136;33;138;182;121;25;21;82;153;163;89;127;103;113;176;128;62;18;55;140;34;35;109;29;13;132;169;188;6;147;10;133;122;36;61;141;51;90;134;168;145;15;189;4;149;28;20;60;148;47;94;179;185;95;86;166;194;114;137;165;187;146;77;81;106;124;143;111;8;73;54;31;193;117;198;156;1;27;38;63;135;131;139;195;70;3;155,4692824212128712460,0.088135,19
LNS_no_search_intra:edges_start:random,32,55529,30524,25005,0,0,168;134;121;131;122;135;63;38;27;16;1;156;198;117;193;31;54;73;173;25;33;160;0;35;34;4;149;28;20;60;148;47;94;66;57;172;179;86;166;194;113;140;18;106;124;143;111;8;144;55;183;170;189;15;145;13;132;169;188;70;3;155;152;95;185;62;109;29;195;6;147;90;51;182;104;82;77;81;153;176;103;127;89;163;187;146;141;91;61;36;78;175;80;190;45;5;177;138;11;139,8265763454232029209,0.099065,18
LNS_no_search_intra:edges_start:random,33,51767,26702,25065,0,0,62;86;124;35;109;0;160;33;177;21;111;143;18;183;152;184;155;3;70;15;145;29;168;195;13;132;169;188;6;147;51;121;158;25;82;153;163;103;89;127;165;187;146;77;8;104;138;11;139;134;191;90;122;135;63;38;27;16;1;156;198;117;193;54;31;73;136;190;80;162;175;78;5;36;61;91;141;81;106;34;140;4;149;28;20;60;148;47;94;66;179;176;113;194;166;185;99;130;95;55,3330673869184565074,0.134769,23
LNS_no_search_intra:edges_start:random,34,52701,28223,24478,0,0,169;188;6;147;10;133;107;40;63;135;122;90;51;118;5;45;190;80;175;78;36;61;91;141;77;146;187;165;127;89;103;163;153;183;130;95;62;111;8;82;21;177;73;54;31;193;117;198;156;1;131;121;25;104;144;143;106;86;185;179;172;57;66;94;47;148;60;20;28;149;4;140;152;34;55;18;109;29;0;35;166;194;113;176;124;184;155;3;70;15;145;13;195;168;139;11;33;138;182;134,4416870532440877869,0.055146,13
LNS_no_search_intra:edges_start:random,35,55639,30682,24957,0,0,109;170;140;20;28;99;86;176;113;194;166;128;124;106;143;144;104;25;73;54;31;193;117;182;138;33;160;29;34;148;47;94;66;57;172;179;185;130;95;62;35;11;139;51;90;122;135;63;40;107;133;10;147;6;188;169;132;13;70;3;15;145;189;155;184;152;183;55;18;111;8;177;5;45;190;80;175;78;36;61;91;141;146;187;165;127;89;103;163;153;81;77;82;21;121;134;43;168;195;0,7337902357729641708,0.119314,21
LNS_no_search_intra:edges_start:random,36,57819,33567,24252,0,0,176;113;62;185;106;124;183;28;20;60;148;47;94;66;179;99;130;95;18;55;189;15;145;195;168;188;13;29;111;8;104;5;136;73;31;54;117;198;156;1;16;38;63;135;122;133;10;147;6;169;132;70;3;155;184;152;140;34;35;109;11;138;182;121;90;51;25;177;36;61;91;187;165;89;127;103;163;81;144;33;160;0;139;134;131;193;190;80;162;175;78;21;82;143;86;166;194;141;77;153,6150328207160942363,0.072382,11
LNS_no_search_intra:edges_start:random,37,58943,35327,23616,0,0,29;121;104;8;111;153;163;109;145;15;70;13;195;168;25;5;78;175;162;80;190;193;198;156;1;27;38;135;63;40;107;122;133;10;134;139;11;0;35;124;95;183;152;130;99;185;86;77;141;81;106;176;194;166;179;66;94;47;148;60;20;28;149;4;140;34;54;117;31;73;177;36;61;21;82;144;160;33;138;51;90;147;6;188;169;132;3;155;184;170;55;18;62;113;114;137;127;89;103;143,8848580067654089173,0.060246,14
LNS_no_search_intra:edges_start:random,38,52816,27493,25323,0,0,146;187;165;127;89;103;113;194;166;95;183;34;35;0;29;33;160;109;124;86;152;184;155;189;3;70;15;145;134;118;51;121;112;5;175;80;190;78;36;61;91;141;77;81;153;163;176;62;130;99;179;172;66;94;47;148;60;20;28;149;4;140;55;18;185;106;143;111;8;21;177;73;31;54;193;117;198;156;1;16;27;38;63;135;122;90;71;147;6;188;169;132;13;195;168;139;11;138;104;82,5936180574308466023,0.101415,24
LNS_no_search_intra:edges_start:random,39,53959,29806,24153,0,0,29;33;25;78;175;162;80;190;193;117;31;73;177;21;82;187;165;103;176;62;34;189;155;184;152;183;55;18;143;153;106;124;128;86;166;194;113;114;137;127;89;163;81;8;104;138;182;51;90;133;122;135;63;38;27;1;156;198;54;136;5;36;61;91;141;77;111;144;160;168;195;145;15;3;70;132;169;188;6;147;121;139;11;109;140;4;149;28;20;60;148;47;94;66;179;185;130;95;35;0,561778614574360176,0.098999,24
LNS_no_search_intra:edges_start:random,40,51220,26250,24970,0,0,20;60;148;47;94;66;179;166;194;113;106;35;0;109;34;183;140;155;3;70;132;169;188;6;147;115;10;133;107;40;63;135;122;90;51;139;11;29;160;104;8;141;91;61;36;78;175;162;80;190;136;193;117;198;54;31;73;173;5;177;21;82;77;81;153;187;163;89;127;103;176;128;62;18;55;152;189;15;145;13;195;168;43;134;121;25;182;138;33;144;111;143;124;86;185;95;130;9;199;28,1788156313157473067,0.114637,21
LNS_no_search_intra:edges_start:random,41,54048,29876,24172,0,0,117;198;156;1;121;182;138;33;160;124;95;130;99;185;86;106;143;35;0;29;13;132;169;188;6;147;71;90;122;107;40;63;135;131;25;104;8;77;81;163;103;113;176;62;18;55;152;184;155;189;153;109;145;15;3;70;195;168;139;11;177;5;45;190;80;175;78;36;61;91;141;187;165;89;127;137;114;194;166;179;66;94;47;148;60;20;28;149;4;140;183;34;111;82;21;173;73;54;31;193,3243701242741980935,0.128950,25
LNS_no_search_intra:edges_start:random,42,59734,35195,24539,0,0,29;140;20;28;149;4;152;155;3;70;132;169;188;6;147;115;10;133;107;40;63;135;122;90;51;134;43;139;11;34;148;18;109;128;166;95;55;168;195;13;145;15;189;130;99;47;94;66;179;185;86;153;81;77;61;36;141;187;163;89;127;103;113;176;194;183;62;106;82;21;78;175;80;190;45;5;177;8;111;143;124;35;0;160;33;138;182;121;131;1;156;198;117;193;31;54;73;173;25;104,7334677522859719530,0.058791,14
LNS_no_search_intra:edges_start:random,43,63505,39320,24185,0,0,140;148;47;94;66;179;166;194;176;124;15;70;188;6;10;133;122;63;40;107;135;38;27;1;156;198;117;182;138;33;29;0;109;35;18;81;97;141;91;61;36;78;175;162;80;190;136;193;31;54;131;90;147;134;11;160;144;111;153;187;163;89;127;103;113;3;155;34;55;95;185;62;168;195;169;132;13;145;86;106;82;21;5;177;8;183;20;28;149;4;143;77;104;25;121;51;118;74;139;152,8029211238948523637,0.065068,13
LNS_no_search_intra:edges_start:random,44,59777,35473,24304,0,0,190;80;175;78;61;187;165;127;89;103;163;106;124;35;0;160;33;138;131;135;63;38;27;16;1;156;198;117;193;31;54;73;173;25;104;111;81;176;113;194;166;55;34;15;70;3;155;152;183;195;168;43;134;121;182;29;109;140;4;149;28;20;60;148;47;94;66;179;99;130;95;145;13;132;169;188;6;147;10;133;122;90;51;139;11;18;185;86;153;77;141;36;21;82;143;62;8;177;5;45,7917597645350707712,0.124146,19
LNS_no_search_intra:edges_start:random,45,55239,30955,24284,0,0,33;160;143;106;81;77;141;8;104;25;139;168;195;6;147;10;133;122;63;135;38;27;1;156;198;117;193;31;54;73;5;177;21;82;124;62;18;185;179;166;194;113;103;89;127;165;187;153;111;144;138;182;121;131;90;51;11;29;0;35;170;4;149;28;20;60;94;47;148;199;140;152;184;155;3;70;15;145;13;132;169;188;134;136;190;80;162;175;78;36;61;91;163;176;86;95;183;55;34;109,2086608079081675403,0.080948,17
LNS_no_search_intra:edges_start:random,46,52954,27557,25397,0,0,82;8;104;11;55;183;140;28;149;4;152;29;0;35;143;176;166;194;113;103;127;89;163;187;146;141;77;81;153;106;124;62;34;155;15;3;70;13;195;168;43;139;25;5;78;175;162;80;190;193;117;198;156;1;16;27;38;63;135;122;133;90;71;147;6;188;169;132;145;109;18;95;130;9;20;60;148;47;94;66;179;185;86;128;111;144;160;33;138;118;51;121;19;54;31;73;177;36;61;21,2183612636858228845,0.097227,23
LNS_no_search_intra:edges_start:random,47,54450,29799,24651,0,0,106;176;153;81;77;82;21;5;78;175;162;80;190;136;193;117;31;54;73;173;134;169;132;70;3;155;184;152;183;95;185;179;66;94;47;148;60;20;28;149;4;140;8;111;104;51;90;131;1;27;38;63;135;122;133;10;147;6;188;168;195;13;145;15;189;34;55;18;62;109;29;11;139;33;160;143;113;194;166;86;128;124;35;0;138;182;121;25;177;36;61;91;141;146;187;165;127;89;103;163,724209113818609347,0.105716,19
LNS_no_search_intra:edges_start:random,48,53803,29444,24359,0,0,117;198;156;1;16;38;63;40;107;133;10;147;6;188;169;132;145;15;155;184;152;140;183;55;18;143;81;77;141;146;187;165;127;89;163;34;189;3;70;13;195;168;43;134;51;90;122;135;131;54;31;193;190;80;162;175;78;5;177;36;61;21;82;153;103;113;194;176;106;111;8;104;121;139;11;0;35;62;95;130;9;199;28;20;60;148;47;94;66;179;166;185;86;124;109;29;160;33;138;25,3448554475487153081,0.097934,16
LNS_no_search_intra:edges_start:random,49,48815,23776,25039,0,0,29;160;33;11;139;138;182;74;118;51;121;158;25;177;21;77;82;8;104;144;143;176;86;95;130;185;179;166;194;113;103;127;89;163;106;124;62;18;55;34;183;9;148;47;94;60;20;28;149;4;140;152;184;155;3;70;132;169;188;6;147;90;133;122;135;63;38;27;16;1;156;198;117;193;31;54;73;136;190;80;162;175;78;5;36;61;91;141;187;153;81;111;35;0;109;15;145;13;195;168,6630782395767740011,0.144809,17
LNS_no_search_intra:edges_start:random,50,54725,29096,25629,0,0,176;194;166;86;152;113;103;127;89;163;106;183;140;4;149;28;20;9;124;153;81;77;141;91;61;36;5;78;175;162;80;190;136;193;31;54;121;51;118;182;138;33;160;29;0;109;18;35;144;104;177;21;82;8;111;143;130;99;148;47;94;66;179;185;95;55;189;15;145;13;195;168;43;139;11;25;117;198;156;1;16;27;38;63;135;122;133;90;71;147;6;188;169;132;70;3;155;184;34;62,4541803834140301310,0.134223,30
LNS_no_search_intra:edges_start:random,51,59484,34339,25145,0,0,168;163;89;127;137;114;166;111;8;25;173;73;54;31;193;117;198;156;1;16;27;38;63;135;131;121;21;82;77;81;153;141;187;176;86;128;106;11;122;133;10;147;6;188;169;132;70;3;189;34;124;103;113;194;143;35;29;62;18;55;95;185;130;183;140;199;148;47;94;60;20;28;149;4;152;184;155;15;145;13;195;139;61;36;78;175;45;5;177;104;144;109;0;160;33;138;182;51;90;134,1358575290227944780,0.058505,12
LNS_no_search_intra:edges_start:random,52,55795,31823,23972,0,0,86;128;62;29;0;35;34;18;55;183;140;199;20;28;149;4;152;184;155;15;145;13;188;6;147;90;122;107;40;63;135;38;27;1;156;198;117;193;31;54;73;21;82;81;163;113;194;185;95;130;99;148;60;47;94;66;179;166;153;77;5;138;33;160;109;3;70;132;169;134;51;121;139;168;195;11;182;25;136;190;80;162;175;78;177;104;8;111;143;124;106;61;36;141;187;165;127;89;103;176,4259999343539753584,0.067999,16
LNS_no_search_intra:edges_start:random,53,65243,41131,24112,0,0,141;77;18;62;176;124;34;70;188;147;10;133;122;90;51;134;168;195;170;140;152;145;13;132;169;6;139;11;0;138;182;121;8;21;144;29;160;104;5;45;190;80;175;78;36;61;91;187;163;89;127;103;113;194;166;86;143;111;177;54;117;198;156;1;16;27;38;63;135;131;82;81;153;55;183;199;20;28;149;4;155;3;15;33;25;31;193;109;35;185;179;66;94;47;60;148;99;130;95;106,6441545653015070164,0.054883,9
LNS_no_search_intra:edges_start:random,54,57341,31998,25343,0,0,121;125;90;122;63;135;131;112;25;182;138;29;109;35;34;183;9;148;60;47;94;66;179;166;18;145;160;33;11;139;6;188;169;132;70;3;189;55;194;113;176;86;62;0;144;104;141;77;81;185;99;130;95;143;111;8;177;5;78;175;162;80;190;136;31;193;117;54;73;45;36;61;21;82;153;187;163;89;127;137;114;103;106;124;140;199;20;28;149;4;152;184;155;15;13;195;168;134;118;51,6517711518813563829,0.057508,14
LNS_no_search_intra:edges_start:random,55,51119,25778,25341,0,0,121;158;25;182;138;11;139;195;13;132;70;3;15;145;29;109;35;143;106;124;62;18;55;34;170;152;183;140;4;149;28;20;60;148;47;94;66;57;172;179;185;99;130;95;86;166;194;113;103;153;81;77;61;78;175;36;141;146;187;165;127;89;163;0;168;33;160;144;176;111;8;82;21;177;5;45;162;80;190;136;73;54;31;193;117;198;156;1;27;38;63;135;122;90;147;6;188;169;134;51,322144485906047911,0.124769,30
LNS_no_search_intra:edges_start:random,56,59091,35219,23872,0,0,29;11;139;51;90;122;63;135;131;0;160;33;138;121;134;168;117;54;31;73;136;5;177;21;77;81;35;109;145;15;3;189;34;55;185;62;18;195;133;107;40;10;147;6;188;169;132;70;155;184;152;183;140;4;149;28;20;60;47;94;66;179;86;166;194;176;95;148;99;130;128;124;153;187;163;89;127;103;113;106;143;111;104;25;1;156;198;193;190;80;162;175;78;36;61;91;141;82;8;144,7246085315317549912,0.090975,16
LNS_no_search_intra:edges_start:random,57,56385,30954,25431,0,0,188;70;3;15;145;189;155;184;152;170;55;18;62;176;163;148;60;20;28;149;4;140;183;34;109;0;89;127;103;35;29;77;141;91;61;36;78;175;80;190;45;5;177;104;8;111;143;124;95;130;99;47;94;66;179;33;138;182;118;51;121;131;90;133;122;135;63;38;27;16;1;156;198;117;193;31;54;73;173;25;21;82;81;113;194;166;86;185;106;153;144;160;11;139;43;168;195;13;132;169,7868843489835197392,0.072480,17
LNS_no_search_intra:edges_start:random,58,55436,31614,23822,0,0,152;184;155;3;70;15;145;134;51;121;104;8;81;153;77;5;136;73;31;193;117;54;25;33;160;29;109;106;176;113;103;89;163;111;144;138;182;118;90;131;135;63;40;107;122;133;10;147;6;188;169;132;13;195;168;139;11;177;21;143;124;95;130;185;179;172;57;66;94;47;148;60;20;28;149;4;140;183;34;35;0;82;61;36;175;80;190;78;141;187;165;127;137;114;194;166;86;62;18;55,4071085230573035222,0.134365,27
LNS_no_search_intra:edges_start:random,59,55821,31608,24213,0,0,10;133;122;135;63;38;27;16;1;156;198;190;80;162;175;78;5;177;8;35;34;183;62;143;81;77;61;36;141;146;187;165;103;176;194;166;179;66;94;47;148;60;20;9;99;185;95;124;106;82;21;121;90;51;134;13;152;140;28;149;4;155;15;145;195;168;139;11;29;109;0;144;104;25;54;31;193;117;182;138;33;160;111;153;163;89;127;137;114;113;86;18;55;3;70;132;169;188;6;147,8200146677946765273,0.118309,24
LNS_no_search_intra:edges_start:random,60,57598,34025,23573,0,0,38;27;1;156;198;193;190;80;5;36;61;91;141;111;29;168;147;10;133;40;107;122;134;195;13;145;15;189;4;149;28;20;60;148;47;94;66;179;185;130;95;124;106;35;0;109;170;152;155;3;70;132;169;188;6;90;51;182;138;104;8;82;77;81;153;187;163;89;127;103;113;62;86;166;194;176;143;144;25;117;121;54;31;73;136;175;78;177;33;160;18;55;183;140;34;11;139;131;135;63,8907450825462830092,0.052575,13
LNS_no_search_intra:edges_start:random,61,64814,41310,23504,0,0,141;8;81;153;176;86;82;21;177;5;190;80;175;78;61;77;146;187;165;127;137;114;113;194;166;124;109;29;168;106;143;33;138;131;135;90;6;188;169;132;70;3;155;184;152;140;4;149;28;20;60;148;47;94;66;179;99;95;55;34;189;15;145;13;195;121;54;25;160;35;18;183;185;62;0;133;107;40;10;147;134;139;11;103;89;163;111;104;51;122;63;38;16;1;156;198;117;193;31;36,186010973656327528,0.066530,13
LNS_no_search_intra:edges_start:random,62,70511,46231,24280,0,0,124;194;166;130;183;148;47;94;66;179;185;95;170;155;13;132;169;188;147;10;133;107;40;63;135;122;6;70;140;34;35;82;91;61;36;175;78;33;160;143;106;195;168;134;131;1;156;198;117;193;31;54;73;173;21;176;113;103;77;8;144;29;109;86;11;90;51;182;138;104;177;5;45;190;80;162;111;55;20;28;149;4;152;139;121;25;81;163;89;127;165;187;141;153;62;18;0;145;15;3,2008205656465480358,0.086737,10
LNS_no_search_intra:edges_start:random,63,52022,27708,24314,0,0,20;60;148;47;94;66;179;166;194;113;103;127;89;163;187;153;81;82;21;177;5;45;136;31;54;25;104;8;144;35;62;18;55;34;170;152;176;95;183;140;0;160;33;11;138;182;121;51;147;6;188;169;132;13;195;168;43;134;90;122;107;40;63;135;38;27;1;156;198;117;193;190;80;162;175;78;36;61;91;141;77;111;189;155;3;70;15;145;29;109;143;106;124;128;86;185;99;9;199;28,4057194994186056638,0.123247,21
LNS_no_search_intra:edges_start:random,64,56578,33084,23494,0,0,20;28;149;4;155;70;3;189;34;124;176;113;103;127;89;163;187;153;81;77;21;25;121;182;138;33;160;35;62;18;95;130;47;94;66;179;166;194;106;143;0;11;139;51;122;63;40;107;133;10;134;104;82;141;91;61;36;5;73;54;31;193;117;198;156;1;27;38;135;90;147;6;188;169;132;13;168;195;145;15;152;140;183;55;111;8;177;78;175;80;190;144;29;109;128;86;185;99;148;60,2303283039272680635,0.093538,25
LNS_no_search_intra:edges_start:random,65,63270,39484,23786,0,0,166;106;143;35;0;51;90;122;133;107;40;63;135;131;104;8;111;176;86;55;18;34;11;121;38;27;1;156;198;31;5;61;141;36;78;175;80;190;136;168;109;62;185;99;66;94;47;60;148;179;194;113;163;153;81;82;21;138;139;195;13;145;15;189;183;140;4;149;28;20;9;130;95;103;89;127;165;187;146;97;77;177;193;117;54;25;33;160;29;152;155;3;70;132;169;188;6;147;134;124,7160495982051226447,0.038737,10
LNS_no_search_intra:edges_start:random,66,55822,31272,24550,0,0,94;47;148;60;20;149;4;155;3;70;132;169;188;6;147;115;10;133;107;40;63;135;122;90;51;139;11;138;33;160;29;35;143;106;128;86;185;99;9;28;140;34;109;0;18;55;152;189;15;145;13;195;168;43;134;121;25;104;8;111;153;77;78;175;36;187;165;89;127;137;114;113;176;95;183;62;124;81;141;61;5;45;162;80;190;193;117;54;31;73;173;177;21;82;163;103;194;166;179;66,1652116295718088217,0.092033,18
LNS_no_search_intra:edges_start:random,67,57443,33254,24189,0,0,20;60;47;94;148;199;140;183;95;130;99;185;179;166;34;184;155;145;13;195;134;90;122;63;135;131;51;139;11;29;144;104;8;82;111;143;18;0;182;121;138;109;15;3;70;132;169;188;6;147;10;40;107;133;168;86;194;114;137;127;89;103;62;35;160;33;25;173;73;31;54;117;193;136;190;80;162;175;78;5;177;36;61;91;141;77;81;153;187;163;113;176;106;124;55;170;152;4;149;28,8889644672797243799,0.109497,19
LNS_no_search_intra:edges_start:random,68,57264,32297,24967,0,0,113;103;89;163;81;77;91;61;36;78;175;80;190;45;5;21;82;104;144;0;55;183;18;62;95;130;99;185;179;172;57;66;94;47;148;9;34;8;111;176;106;143;109;139;134;90;122;63;135;131;177;138;11;168;195;13;145;15;189;170;152;140;199;20;28;149;4;155;3;70;132;169;188;6;147;51;121;117;193;31;54;73;25;182;33;160;29;35;124;128;86;166;194;153;141;187;165;127;137;114,3653048822987395866,0.110838,19
LNS_no_search_intra:edges_start:random,69,71834,46837,24997,0,0,176;143;35;29;168;195;70;3;15;145;13;188;6;147;10;133;122;135;131;11;0;130;99;179;172;57;66;94;47;148;9;18;140;20;28;183;121;33;109;141;36;5;45;193;117;155;139;54;31;73;104;144;106;124;185;95;55;34;189;132;169;134;136;190;80;162;175;78;61;91;77;86;62;177;21;82;111;170;152;166;194;160;138;182;51;90;63;38;27;16;1;25;8;81;153;163;89;127;103;113,2700815850242281689,0.035404,8
LNS_no_search_intra:edges_start:random,70,56130,31270,24860,0,0,20;28;149;4;152;184;155;189;109;33;11;145;13;132;169;188;6;147;115;10;133;107;40;63;135;122;90;51;182;138;160;106;176;62;86;124;29;18;55;130;99;185;194;113;103;127;89;163;187;146;36;61;91;141;77;81;153;143;35;0;144;104;177;78;175;5;25;139;168;195;15;3;70;134;121;19;73;31;54;117;193;136;190;80;162;21;82;8;111;34;140;183;95;166;179;66;94;47;148;60,7703987119171823627,0.058215,15
LNS_no_search_intra:edges_start:random,71,59985,36476,23509,0,0,8;111;34;86;109;29;139;134;51;90;122;135;131;177;21;82;77;163;176;62;18;0;35;185;179;66;94;47;148;60;20;140;183;55;153;141;187;165;127;89;103;113;194;166;106;168;195;13;132;169;188;6;147;10;133;107;40;63;38;27;1;156;198;117;193;31;54;25;11;189;152;160;33;138;121;136;190;80;162;175;78;5;36;61;91;81;143;124;95;130;28;149;4;155;15;3;70;145;144;104,2960460224402872480,0.065799,17
LNS_no_search_intra:edges_start:random,72,63103,39658,23445,0,0,33;138;25;175;78;111;18;95;130;99;148;60;47;94;66;179;106;8;0;29;11;139;118;51;90;121;131;135;122;133;107;40;63;38;27;1;156;198;117;193;177;77;127;89;103;163;153;81;21;54;31;36;61;141;187;137;114;113;194;166;185;86;124;82;5;80;190;104;160;35;34;140;199;20;28;149;4;152;184;155;132;169;13;195;168;109;143;176;183;55;62;43;134;147;6;188;70;3;15;145,3984359489947085907,0.051212,11
LNS_no_search_intra:edges_start:random,73,56116,32018,24098,0,0,29;177;21;82;8;62;18;55;34;183;140;152;184;155;3;70;15;145;195;43;139;25;104;111;143;124;128;95;130;185;99;148;20;60;47;94;66;179;166;106;109;168;13;132;169;188;6;147;10;133;122;107;40;63;135;38;27;1;156;198;117;193;54;31;73;136;5;61;141;77;81;153;35;0;144;45;190;80;175;78;36;146;187;163;89;127;103;113;194;86;176;160;33;138;182;51;90;131;121;11,7850775468977941398,0.169804,29
LNS_no_search_intra:edges_start:random,74,53553,29250,24303,0,0,106;128;95;130;99;94;47;148;60;20;28;149;4;140;183;55;18;111;82;21;61;36;141;146;187;163;86;185;179;166;194;113;103;127;89;124;62;34;170;152;184;155;15;3;70;188;169;132;13;145;195;168;0;109;35;176;153;81;77;8;138;182;121;131;135;63;38;27;16;1;156;198;117;193;31;54;73;177;104;29;160;5;45;190;80;175;78;25;51;90;122;133;10;147;6;134;139;11;33;143,3925265601947140267,0.120646,20
LNS_no_search_intra:edges_start:random,75,49066,24500,24566,0,0,70;3;15;145;189;155;184;152;170;34;55;18;62;128;86;166;179;66;94;47;148;60;20;28;149;4;140;183;95;185;194;176;113;103;127;89;163;187;153;35;109;0;29;160;144;82;21;36;61;91;141;77;81;106;124;143;111;8;5;45;190;80;175;78;177;104;33;138;121;51;134;169;188;6;147;90;133;122;135;63;38;27;16;1;156;198;117;193;31;54;73;173;25;182;11;139;168;195;13;132,2093157565935160945,0.140484,25
LNS_no_search_intra:edges_start:random,76,66745,43146,23599,0,0,183;168;43;134;51;90;122;135;63;38;27;1;131;182;138;33;160;143;166;185;194;113;103;127;89;163;141;91;61;36;78;175;80;190;45;5;8;177;77;153;187;195;13;15;176;81;82;21;54;117;193;31;73;111;86;62;18;55;34;145;132;6;147;133;107;40;10;188;169;70;3;155;152;140;199;148;47;94;66;179;124;95;130;99;60;20;28;149;4;109;29;0;35;106;144;104;25;121;139;11,3390967773655374637,0.056897,15
LNS_no_search_intra:edges_start:random,77,49615,24795,24820,0,0,86;185;99;130;95;62;18;55;34;109;33;168;195;13;15;145;139;11;0;35;106;194;166;179;66;94;47;148;60;20;28;149;140;183;152;184;155;3;70;132;169;188;6;147;90;133;122;135;63;38;27;16;1;156;198;117;193;54;31;73;136;190;80;162;175;78;5;177;21;82;8;104;138;182;74;51;121;158;25;36;61;91;141;77;81;153;187;163;89;127;103;113;176;143;29;160;144;111;124;128,7125776200104969372,0.105508,21
LNS_no_search_intra:edges_start:random,78,51960,27274,24686,0,0,29;139;51;90;122;107;40;63;135;38;27;16;1;156;198;117;193;31;54;73;136;190;80;162;175;78;5;177;25;169;132;13;195;168;33;160;144;111;81;187;163;89;127;103;113;194;166;86;185;179;172;57;66;94;47;148;60;20;28;199;9;130;95;62;18;55;184;155;145;15;3;70;188;6;134;138;104;8;82;21;61;36;91;141;77;153;176;124;106;143;35;152;140;183;34;109;0;11;121;182,2911729450600097363,0.180638,28
LNS_no_search_intra:edges_start:random,79,59960,36394,23566,0,0,190;80;175;78;141;187;165;89;127;137;114;194;166;179;185;18;109;29;35;143;176;113;103;163;153;77;82;25;121;131;135;122;147;6;188;169;132;70;3;155;4;149;28;20;199;140;152;189;15;145;13;195;168;134;90;51;177;104;144;0;124;86;106;111;8;173;73;54;31;193;117;198;156;1;16;38;63;40;107;133;139;11;33;21;36;61;81;62;183;95;148;60;47;94;55;34;160;138;5;45,4588251254849843578,0.109871,17
LNS_no_search_intra:edges_start:random,80,57506,33014,24492,0,0,29;109;145;13;132;169;188;6;147;10;133;40;107;122;90;51;11;183;9;148;47;94;66;179;185;86;106;143;35;0;144;104;5;61;141;36;78;175;80;190;45;177;8;111;124;153;163;176;194;166;95;55;34;195;168;139;121;134;70;3;15;155;184;152;4;149;28;20;199;140;18;62;113;103;89;127;165;187;146;97;77;82;21;131;135;63;38;27;1;156;198;117;193;31;54;73;25;138;33;160,5775473229891705392,0.070200,16
LNS_no_search_intra:edges_start:random,81,57776,33037,24739,0,0,8;5;45;190;80;175;78;61;91;77;138;182;134;6;188;169;132;13;195;168;109;34;55;95;130;99;185;166;194;113;176;103;114;137;127;89;163;187;153;119;143;106;170;152;184;155;3;70;15;145;11;139;121;21;131;135;63;40;107;122;90;51;29;62;124;128;86;179;172;57;66;94;47;148;60;20;28;149;4;140;183;18;35;160;25;54;117;193;31;73;136;36;141;82;111;0;144;177;104;33,1533466398201334692,0.066605,13
LNS_no_search_intra:edges_start:random,82,60945,36285,24660,0,0,169;132;13;145;15;183;34;109;33;138;136;190;80;162;175;78;5;21;82;111;143;106;124;128;86;185;166;194;114;137;127;163;153;81;77;8;104;51;90;122;135;63;38;27;1;156;198;117;193;31;54;73;160;62;95;130;99;148;60;20;28;149;4;155;70;3;152;9;47;94;66;179;176;113;103;89;165;187;146;141;91;61;36;25;177;144;35;55;140;195;168;134;121;11;18;0;29;139;6;188,5032447343085982242,0.076496,14
LNS_no_search_intra:edges_start:random,83,53919,29904,24015,0,0,177;104;29;144;8;0;109;160;33;138;182;25;173;73;54;31;117;193;136;190;80;162;175;78;5;36;61;91;141;77;81;153;95;130;185;179;114;137;89;127;165;187;143;62;18;55;34;140;4;149;28;20;60;94;47;148;9;183;152;184;155;3;15;145;13;195;168;169;6;122;90;51;134;132;70;188;147;10;133;107;40;63;135;131;121;139;11;124;86;166;194;113;103;163;176;106;35;111;82;21,1969239908116646005,0.049104,13
LNS_no_search_intra:edges_start:random,84,52965,28936,24029,0,0,0;35;143;176;109;11;139;168;195;132;169;188;6;147;10;133;122;107;40;63;135;38;27;1;156;198;117;193;31;54;73;173;182;138;33;160;189;155;184;152;183;140;4;149;28;20;60;148;47;94;66;179;124;106;153;81;77;61;36;78;175;80;190;45;5;177;104;8;111;62;185;95;55;34;18;86;166;194;113;103;163;89;127;165;187;146;141;21;25;121;131;90;51;134;13;15;3;70;145;29,9189157352721175322,0.118302,22
LNS_no_search_intra:edges_start:random,85,61406,37020,24386,0,0,121;139;11;140;183;155;70;4;149;28;20;60;148;47;94;66;179;166;194;160;33;138;182;51;8;111;143;62;18;35;0;82;61;36;78;175;162;80;190;193;198;156;1;16;27;38;135;63;40;107;122;133;10;90;147;6;188;169;132;13;15;3;152;29;144;104;177;173;73;31;117;54;136;45;5;21;141;97;153;163;89;127;103;113;176;124;185;106;109;168;195;145;189;34;95;55;86;81;77;25,6280180222496676928,0.038481,8
LNS_no_search_intra:edges_start:random,86,55698,30893,24805,0,0,51;182;138;144;81;176;163;153;124;62;18;55;34;134;121;104;143;106;111;8;82;21;177;5;45;80;190;136;25;139;11;29;0;109;35;160;33;168;195;189;170;140;9;94;47;148;60;20;28;149;4;155;3;70;188;147;10;133;122;135;63;38;27;16;1;156;198;117;193;31;54;73;175;78;36;61;91;141;77;146;187;165;127;89;103;113;194;166;86;185;95;183;152;15;145;13;132;169;6;90,7072107762906506015,0.069672,15
LNS_no_search_intra:edges_start:random,87,59474,34113,25361,0,0,106;128;95;130;99;66;94;47;60;20;148;179;86;124;35;0;13;132;169;6;147;188;70;3;189;34;18;185;166;194;176;113;114;103;163;153;81;82;21;73;31;193;117;54;182;138;33;160;89;127;165;187;146;97;91;61;177;121;134;43;168;195;145;15;155;184;152;140;183;55;143;77;141;36;5;78;175;162;80;190;136;104;144;62;109;29;11;139;51;125;90;10;133;122;63;135;131;25;8;111,3929204705555742639,0.078631,20
LNS_no_search_intra:edges_start:random,88,52776,28738,24038,0,0,121;193;190;80;162;175;78;5;177;21;82;77;141;91;36;61;8;73;31;54;117;198;156;1;27;38;133;10;147;6;188;168;195;170;183;140;152;155;15;145;13;132;169;70;3;34;55;18;62;109;29;11;139;134;51;90;122;107;40;63;135;131;25;104;144;111;81;153;124;128;86;185;95;130;9;199;28;20;60;148;47;94;66;179;166;194;113;103;127;89;163;176;106;143;35;0;160;33;138;182,2055299281811703699,0.153952,33
LNS_no_search_intra:edges_start:random,89,60540,34964,25576,0,0,145;106;176;143;13;132;169;188;6;136;190;80;162;175;78;36;61;91;146;187;163;127;89;103;113;194;166;95;140;34;29;138;182;121;131;135;63;122;133;10;115;147;134;139;11;33;160;35;124;128;99;179;172;57;66;94;47;60;148;170;189;195;168;90;51;104;8;25;54;117;193;31;73;45;5;177;21;82;141;77;81;153;86;185;18;62;0;109;55;183;20;28;149;4;152;184;155;3;70;15,335804079590315524,0.079140,18
LNS_no_search_intra:edges_start:random,90,58577,34148,24429,0,0,166;152;140;4;149;28;20;199;183;124;179;194;113;103;127;89;163;187;141;91;61;36;78;175;80;190;45;5;177;21;77;153;176;106;86;35;0;11;139;134;51;90;63;122;133;10;147;6;188;169;132;145;15;155;184;34;62;185;81;82;8;111;143;95;148;60;47;94;66;99;130;109;182;121;131;135;38;27;1;156;198;117;193;31;54;73;173;25;138;33;160;29;168;195;13;70;3;189;55;18,1787707754942499398,0.078578,14
LNS_no_search_intra:edges_start:random,91,55791,30758,25033,0,0,62;82;21;177;104;8;111;18;55;183;34;11;109;143;194;113;103;89;127;165;187;77;81;35;0;128;185;179;172;57;66;94;47;148;60;20;28;149;4;189;145;13;132;169;188;6;147;10;133;107;40;63;135;122;90;51;134;43;168;195;15;3;70;155;152;140;9;130;95;86;166;176;163;29;160;33;138;182;25;158;121;19;136;80;190;193;117;54;31;73;5;78;175;36;61;91;141;153;106;124,970706139732535806,0.053250,13
LNS_no_search_intra:edges_start:random,92,70327,46533,23794,0,0,113;194;166;86;124;109;29;149;152;15;132;62;95;130;99;22;179;66;94;47;148;60;20;28;34;35;144;104;111;176;160;33;11;139;51;90;135;63;122;134;18;3;70;188;147;133;107;40;10;6;169;13;145;183;55;82;21;61;36;78;175;136;73;31;54;173;25;182;138;140;0;153;155;195;168;121;131;1;156;198;117;193;190;80;45;5;177;8;143;106;185;81;77;89;127;165;187;141;163;103,1263049778217751637,0.066033,10
LNS_no_search_intra:edges_start:random,93,55428,30854,24574,0,0,169;168;160;144;111;77;82;21;177;61;91;146;187;165;127;89;103;176;179;66;94;47;9;140;145;195;134;51;131;135;63;38;27;1;156;198;117;193;31;54;73;136;190;80;162;175;78;5;36;141;143;106;124;55;152;155;3;70;188;6;147;10;133;122;90;139;11;29;0;35;62;109;33;138;182;121;25;104;8;81;153;163;113;194;166;86;185;99;148;60;20;28;149;4;183;18;34;15;13;132,5393344806287885744,0.064619,13
LNS_no_search_intra:edges_start:random,94,56272,31423,24849,0,0,35;15;3;70;4;149;28;20;60;148;47;94;66;99;130;62;111;54;117;193;31;73;25;182;138;11;168;195;34;55;95;185;86;128;124;106;82;21;61;36;78;175;80;190;45;5;177;104;160;29;0;81;153;143;155;152;140;183;9;179;166;194;176;113;103;127;89;163;187;146;141;77;8;144;33;139;74;118;51;121;131;135;63;40;107;133;122;90;191;71;147;6;188;169;132;13;145;189;18;109,4321394319518079996,0.121798,22
LNS_no_search_intra:edges_start:random,95,52798,28177,24621,0,0,8;144;160;145;13;195;168;134;121;25;21;77;81;153;163;103;89;127;165;187;146;97;61;78;175;162;80;190;136;73;54;31;193;117;198;156;1;27;38;135;63;40;107;122;90;51;182;138;33;0;35;34;183;140;199;20;99;185;95;55;109;29;104;177;5;36;141;82;11;139;6;188;169;132;70;3;15;155;184;152;4;149;28;60;148;47;94;66;179;166;194;113;176;86;18;62;124;106;143;111,869764912907275720,0.101439,23
LNS_no_search_intra:edges_start:random,96,54652,30143,24509,0,0,135;38;27;1;156;198;117;193;31;54;73;136;190;80;162;175;78;5;36;61;91;141;187;176;143;35;29;168;195;13;132;169;188;70;3;155;152;140;4;149;28;20;60;148;47;94;66;179;185;130;95;55;34;109;138;182;118;51;121;158;25;33;160;0;111;8;177;21;82;77;81;163;103;127;89;145;15;189;170;183;18;106;86;166;194;113;153;124;62;11;139;134;6;147;71;90;122;107;40;63,6378584990897164629,0.091291,18
LNS_no_search_intra:edges_start:random,97,58167,33796,24371,0,0,80;190;136;193;31;54;121;139;11;0;109;35;143;106;194;166;86;153;61;36;141;81;176;163;62;113;103;89;127;165;187;77;82;21;131;122;133;10;147;6;188;169;132;195;29;160;138;25;117;198;156;1;16;27;38;63;135;90;51;182;33;168;13;70;3;155;184;152;4;149;28;20;199;140;183;130;185;18;145;15;189;34;55;95;179;66;94;47;60;148;99;124;111;8;104;177;5;78;175;162,8708893165296445946,0.082442,13
LNS_no_search_intra:edges_start:random,98,52662,27314,25348,0,0,152;184;155;15;145;195;43;134;121;139;11;29;168;13;132;169;188;70;3;189;34;55;86;113;103;127;89;163;187;153;18;183;4;149;28;20;60;148;47;94;66;179;166;194;176;128;62;124;106;143;109;0;111;8;21;177;5;45;190;80;175;78;36;61;91;141;77;82;104;182;51;90;10;133;122;135;63;38;27;16;1;156;198;117;193;31;54;73;173;25;138;33;160;35;95;130;185;99;9;140,2099378638446126801,0.127338,25
LNS_no_search_intra:edges_start:random,99,64151,39501,24650,0,0,0;11;139;134;147;115;10;133;107;40;63;135;122;121;177;175;78;104;29;35;89;127;103;113;194;86;106;111;8;33;82;141;91;61;36;5;45;162;80;190;193;117;54;31;73;21;77;97;146;187;163;176;62;155;3;70;188;195;168;124;166;185;143;109;18;9;148;47;94;60;20;28;149;4;140;183;153;81;144;138;182;51;90;6;132;15;152;130;99;179;95;55;34;189;145;13;169;131;25;160,3547316598084187819,0.045881,8
LNS_no_search_intra:edges_start:random,100,63751,39722,24029,0,0,35;134;147;182;21;141;81;106;111;54;193;117;198;156;1;131;6;188;169;132;70;13;160;144;18;34;189;195;168;121;25;82;153;77;29;33;138;31;73;136;190;80;162;175;78;5;36;61;104;145;15;3;155;184;152;95;130;99;185;128;124;143;177;8;55;183;140;4;149;28;20;60;148;47;94;66;179;166;194;113;103;127;89;163;176;86;62;109;11;51;90;122;135;63;40;107;133;10;139;0,7710104597487412697,0.053399,10
LNS_no_search_intra:edges_start:random,101,52088,26943,25145,0,0,91;77;81;153;176;194;166;86;128;34;189;15;145;13;195;168;109;143;163;89;127;103;113;106;124;18;62;35;0;29;11;139;134;51;121;1;156;198;117;193;31;54;73;173;25;182;138;33;160;144;111;55;183;140;4;149;28;20;60;148;47;94;66;57;172;179;185;99;130;95;152;184;155;3;70;132;169;188;6;147;191;90;122;63;135;131;104;8;82;141;21;177;5;45;190;80;175;78;36;61,5265548858529704101,0.135860,27
LNS_no_search_intra:edges_start:random,102,51662,26791,24871,0,0,193;31;136;190;80;162;175;78;5;36;61;91;141;146;187;163;89;127;103;176;143;35;109;29;168;195;13;145;15;189;170;183;140;34;55;18;62;124;106;113;114;194;166;179;185;86;153;81;77;82;21;177;8;111;128;95;130;99;66;94;47;148;60;20;28;149;4;152;155;3;70;132;169;188;6;147;71;90;122;135;63;40;107;133;131;121;51;118;182;138;11;33;160;0;144;104;25;173;54;117,1609132544186185244,0.141782,21
LNS_no_search_intra:edges_start:random,103,55718,32051,23667,0,0,122;135;156;198;117;193;5;36;61;91;77;86;185;124;143;111;8;82;21;141;187;165;127;89;103;113;176;163;153;81;104;138;177;78;175;162;80;190;31;54;25;182;33;160;34;55;183;140;4;149;28;20;60;148;47;94;66;179;99;130;95;18;35;109;29;184;155;3;70;13;195;168;134;121;131;1;38;63;40;107;133;10;147;6;188;169;132;145;15;189;152;62;166;194;106;0;11;139;51;90,2769721174750051806,0.090607,15
LNS_no_search_intra:edges_start:random,104,55525,30335,25190,0,0,183;55;111;82;21;78;175;5;177;8;144;0;35;143;106;128;95;130;99;66;94;47;148;60;20;28;149;4;155;3;70;132;169;188;6;147;10;133;122;135;63;38;27;16;1;156;198;117;193;31;54;73;173;25;160;109;81;153;124;62;18;140;152;189;15;145;13;195;168;104;61;36;91;141;77;146;187;176;86;185;179;166;194;113;103;127;89;163;29;33;138;182;121;131;90;51;134;139;11;34,9134429714536729876,0.120473,24
LNS_no_search_intra:edges_start:random,105,53780,29737,24043,0,0,117;193;31;54;139;168;195;13;145;15;70;3;155;184;152;4;149;28;20;199;140;183;124;106;143;111;8;21;5;177;104;160;29;0;109;62;35;34;55;18;86;185;179;66;94;47;148;99;130;95;113;103;89;127;137;114;194;166;176;163;187;153;81;144;33;138;182;51;90;133;107;40;63;38;27;16;1;156;198;190;80;162;175;78;36;61;91;141;77;82;25;131;135;122;147;6;188;169;134;121,5774012128395396532,0.077241,19
LNS_no_search_intra:edges_start:random,106,69411,45311,24100,0,0,62;104;117;8;111;143;106;86;55;34;195;33;77;91;61;36;78;175;5;25;134;188;169;132;13;18;139;51;90;11;29;89;127;165;187;146;141;82;145;70;3;15;0;109;140;199;20;28;149;4;155;152;130;179;66;94;47;148;99;185;124;35;138;131;1;156;198;31;73;177;21;81;153;163;103;113;176;194;166;95;183;168;6;147;10;133;122;107;40;63;135;38;27;42;80;190;193;54;121;160,8176328381419765495,0.065532,9
LNS_no_search_intra:edges_start:random,107,68321,44386,23935,0,0,113;194;166;179;66;94;47;60;20;28;149;4;155;3;70;188;6;147;10;133;107;40;63;135;122;90;191;182;138;176;106;35;18;8;160;13;132;169;134;51;131;1;156;198;54;25;33;0;55;148;29;109;62;185;128;124;143;111;177;73;31;117;193;36;141;146;187;165;127;89;103;86;95;183;140;152;189;15;145;195;168;139;136;190;80;5;21;153;77;61;175;78;104;144;34;11;121;82;81;163,890609414905052804,0.052801,10
LNS_no_search_intra:edges_start:random,108,54543,30067,24476,0,0,141;91;61;177;5;136;73;31;193;117;54;173;25;138;33;160;35;143;86;185;166;194;113;103;127;89;163;176;179;66;94;47;148;60;20;28;149;4;15;132;169;70;3;155;152;140;183;130;95;124;81;77;153;106;62;18;55;34;189;145;13;188;6;147;115;10;133;107;40;63;38;27;16;1;121;182;11;195;168;134;51;90;122;135;131;118;139;109;29;0;111;8;82;21;45;190;80;175;78;36,5653823243647880400,0.096706,18
LNS_no_search_intra:edges_start:random,109,72910,49706,23204,0,0,0;18;166;194;113;114;137;127;89;165;187;61;36;78;175;136;193;117;138;29;34;35;144;104;80;190;31;54;25;140;152;155;3;15;13;195;134;51;90;122;63;135;131;8;111;81;153;109;183;20;33;168;121;160;124;86;11;139;62;185;95;55;189;145;132;169;6;177;141;163;103;176;77;82;21;5;73;198;156;1;16;38;40;107;133;10;147;188;70;4;149;28;60;148;47;94;66;179;106;143,6179450043775427445,0.070682,9
LNS_no_search_intra:edges_start:random,110,54441,30211,24230,0,0,183;145;15;70;3;155;152;4;149;28;20;130;95;34;35;0;111;8;104;25;131;135;122;90;51;182;138;33;160;143;176;124;62;109;29;11;139;13;132;169;188;6;147;10;133;107;40;63;38;16;1;156;198;117;193;31;54;73;136;190;80;162;175;78;5;177;21;82;77;81;153;163;103;89;127;165;187;146;141;91;61;36;121;134;168;195;140;148;47;94;66;179;185;86;166;194;113;106;18;55,6590112842494481455,0.090139,24
LNS_no_search_intra:edges_start:random,111,59840,35084,24756,0,0,176;106;145;15;189;34;55;18;8;78;175;162;80;190;136;25;33;29;152;140;183;199;28;20;60;148;47;94;66;179;166;86;62;195;168;43;134;51;90;122;135;63;40;107;133;10;115;147;6;188;169;132;13;70;3;155;184;95;130;99;185;128;124;143;82;177;21;77;187;165;127;89;103;163;0;160;138;182;121;139;11;109;35;81;153;141;91;61;36;5;45;73;31;193;117;54;104;111;113;194,7442668140041277883,0.114890,18
LNS_no_search_intra:edges_start:random,112,61174,36142,25032,0,0,141;77;29;145;13;132;188;6;147;71;90;122;107;40;63;135;131;121;51;118;74;139;11;109;124;86;185;179;172;57;66;94;47;60;148;99;130;95;55;34;189;168;33;160;143;106;111;8;25;31;193;117;54;73;21;82;81;153;187;163;89;127;103;176;62;18;183;199;20;28;149;4;140;152;184;155;15;3;70;169;195;113;144;104;5;78;175;162;80;190;136;0;35;166;194;138;177;36;61;91,8540072453668370809,0.111410,24
LNS_no_search_intra:edges_start:random,113,50799,26463,24336,0,0,70;3;155;184;152;170;34;35;109;0;29;168;147;122;135;63;40;107;133;90;51;182;138;33;11;139;195;13;132;169;188;6;131;1;156;198;117;193;31;54;73;136;190;80;162;175;78;5;177;36;61;91;141;163;113;103;89;127;165;187;77;81;143;106;124;18;55;183;140;4;149;28;20;60;148;47;94;66;57;172;179;185;130;95;62;128;86;166;194;176;153;111;82;8;104;25;121;134;145;15,7579349934306404037,0.133466,22
LNS_no_search_intra:edges_start:random,114,57335,33053,24282,0,0,166;95;183;152;130;99;179;66;94;47;148;60;20;28;149;4;140;34;109;0;11;139;168;195;145;15;70;3;155;184;170;55;18;124;81;141;21;25;121;104;8;163;127;137;114;113;176;106;35;13;132;169;188;6;147;131;117;54;31;73;173;177;51;90;122;135;63;38;27;16;1;156;198;193;190;80;162;175;78;5;182;138;33;160;29;111;77;153;86;185;62;143;82;61;36;187;165;89;103;194,1016395485224990315,0.054831,12
LNS_no_search_intra:edges_start:random,115,52924,27918,25006,0,0,117;193;31;54;73;136;190;80;162;175;78;5;21;82;77;81;163;176;143;35;109;168;139;29;11;74;118;121;25;182;138;33;160;0;195;169;132;13;145;15;189;34;18;86;153;106;124;62;95;130;99;94;47;148;60;20;28;149;4;140;183;55;111;8;104;177;36;61;91;141;146;187;165;127;89;103;113;194;166;179;185;152;184;155;3;70;188;6;147;51;90;122;135;63;38;27;16;1;156;198,4042210235905258896,0.139621,21
LNS_no_search_intra:edges_start:random,116,55770,30556,25214,0,0,175;78;21;8;111;143;124;128;185;99;130;95;62;109;118;51;121;112;151;117;198;156;1;16;27;38;63;135;122;90;147;134;139;11;106;35;0;18;55;155;15;145;13;195;168;177;5;45;162;80;190;193;31;54;73;173;25;138;33;160;29;34;183;86;176;113;194;166;179;66;94;47;148;60;20;28;149;4;140;152;3;70;132;169;188;6;104;82;77;187;165;127;89;103;163;153;141;91;61;36,2234543328108913602,0.095984,18
LNS_no_search_intra:edges_start:random,117,60440,36156,24284,0,0,20;18;62;185;55;34;109;0;182;121;160;143;106;176;113;103;127;89;153;77;8;177;5;78;175;162;80;190;136;33;25;54;117;193;31;73;82;81;194;166;179;66;94;47;148;183;152;184;155;3;70;15;145;13;132;169;188;6;147;10;133;40;107;122;90;51;138;144;111;163;187;146;141;91;36;61;21;104;11;168;195;134;135;63;38;27;16;1;131;139;29;35;124;128;86;95;140;4;149;28,1651436193805215078,0.103158,19
LNS_no_search_intra:edges_start:random,118,61256,36085,25171,0,0,176;143;35;29;0;124;166;194;113;103;163;89;127;165;187;146;97;77;61;175;80;190;78;36;141;82;8;104;5;177;21;111;95;130;185;179;66;94;47;148;140;152;155;3;70;145;34;55;18;86;13;147;6;188;169;132;15;4;149;28;20;183;170;189;195;168;43;134;121;139;11;109;62;106;153;81;144;138;25;173;73;54;31;193;117;198;156;1;16;27;38;63;135;122;131;90;51;182;33;160,2577741133675075059,0.076168,15
LNS_no_search_intra:edges_start:random,119,56781,32724,24057,0,0,175;78;177;21;8;111;143;124;62;18;55;140;4;149;28;20;60;148;47;94;66;179;166;194;114;137;127;89;103;95;183;130;99;185;113;106;109;11;134;51;121;117;54;25;138;104;77;141;82;144;160;33;70;145;29;86;34;170;152;184;155;189;0;35;176;163;187;153;81;91;61;36;5;73;31;193;198;156;1;27;38;63;135;122;90;147;6;188;169;132;13;3;15;195;168;139;136;190;80;162,7041537199629270177,0.104824,16
LNS_no_search_intra:edges_start:random,120,70553,46534,24019,0,0,182;1;156;198;136;97;146;187;163;89;127;103;18;109;34;55;0;147;134;139;11;144;124;62;111;5;45;190;80;175;78;21;82;143;160;138;121;104;153;113;33;145;13;195;168;177;95;185;179;22;99;140;4;149;28;20;60;94;47;148;183;152;184;155;15;3;70;132;169;188;6;51;90;122;10;133;107;40;63;135;131;141;8;73;31;193;117;54;25;29;35;106;176;194;166;86;81;77;61;36,4715433465466186764,0.038519,7
LNS_no_search_intra:edges_start:random,121,67135,43802,23333,0,0,86;62;189;3;70;13;145;170;94;47;148;152;55;18;153;81;8;121;141;106;124;183;34;109;29;182;131;1;156;198;117;193;31;54;73;25;138;0;35;95;185;60;20;28;149;4;155;15;140;99;179;166;194;114;137;127;89;165;187;36;21;190;80;5;78;175;61;77;176;111;144;104;177;82;163;103;113;143;160;33;11;139;43;134;51;90;122;135;63;40;107;133;10;147;6;188;169;132;195;168,6358117330324232193,0.072847,13
LNS_no_search_intra:edges_start:random,122,57361,32902,24459,0,0,121;51;147;6;188;169;132;70;3;155;184;152;140;148;94;66;57;172;179;185;130;95;124;82;21;36;141;61;5;45;73;193;31;54;138;33;160;29;109;18;111;8;104;177;78;175;162;80;190;136;25;182;139;11;106;166;176;143;35;62;86;194;113;103;127;89;163;187;153;81;77;0;34;55;183;28;20;60;47;170;189;15;145;13;195;168;43;134;90;133;122;135;63;38;27;1;156;198;117;131,1770769754420742961,0.119584,16
LNS_no_search_intra:edges_start:random,123,66071,42100,23971,0,0,90;122;135;63;40;107;133;10;115;147;6;188;169;132;70;3;15;109;35;77;187;165;127;89;103;113;176;81;82;21;177;73;31;193;117;198;156;1;131;139;29;106;143;160;138;121;11;34;183;152;55;62;185;166;194;153;141;91;61;36;5;54;25;189;4;149;28;20;60;148;99;130;95;8;78;175;80;190;104;111;124;18;0;163;144;33;86;179;66;94;47;199;140;155;145;13;195;168;134;51,2192044740544947041,0.073109,13
LNS_no_search_intra:edges_start:random,124,60117,36051,24066,0,0,80;190;177;138;11;182;121;25;77;153;187;141;91;61;36;5;136;193;117;198;156;1;131;139;33;160;194;166;179;66;94;47;148;60;28;149;4;152;184;155;15;145;13;195;134;90;122;135;63;40;107;133;10;115;147;168;0;35;18;183;140;199;20;99;185;95;124;143;111;8;104;73;31;54;51;6;188;169;132;70;3;189;34;55;62;86;109;29;81;163;89;127;103;113;176;106;82;21;78;175,5719668977440772528,0.079072,12
LNS_no_search_intra:edges_start:random,125,61086,35441,25645,0,0,33;138;25;136;190;80;162;175;78;5;21;82;77;153;176;128;62;86;185;130;140;4;149;28;20;183;152;184;155;15;3;70;13;195;109;187;106;143;35;0;29;43;134;51;121;182;160;144;111;113;194;166;124;168;189;170;148;47;94;66;179;22;99;95;18;55;34;11;139;151;117;193;31;54;73;177;36;61;91;141;165;127;89;103;163;81;8;104;131;135;63;122;90;191;147;6;188;169;132;145,1186550088982379302,0.073848,15
LNS_no_search_intra:edges_start:random,126,50722,26202,24520,0,0,70;132;169;188;6;147;10;133;122;135;63;38;27;1;131;90;51;134;43;139;11;29;0;163;103;113;194;166;185;86;128;124;143;111;82;21;177;5;73;31;54;117;193;190;80;162;175;78;36;61;91;141;146;187;165;127;89;176;35;109;160;33;138;182;121;25;104;8;77;81;153;106;62;34;55;18;95;130;99;179;66;94;47;148;60;20;28;149;4;140;183;152;184;155;3;15;145;168;195;13,4899636418700641163,0.126932,26
LNS_no_search_intra:edges_start:random,127,61021,36826,24195,0,0,20;60;148;47;94;66;179;82;198;156;1;131;182;138;33;160;0;35;62;109;29;11;134;51;90;135;63;122;133;10;147;6;188;169;132;145;15;155;184;152;140;183;124;106;153;141;177;5;73;54;117;193;31;8;143;86;81;91;61;36;78;175;162;80;190;136;139;168;195;13;70;3;189;34;55;18;176;111;144;104;121;25;21;77;187;163;103;89;127;137;114;113;194;166;185;95;130;9;199;28,4331271898447646280,0.094595,19
LNS_no_search_intra:edges_start:random,128,60474,36698,23776,0,0,106;124;13;132;169;11;104;77;187;165;137;114;194;166;86;163;89;127;103;113;176;81;82;21;73;31;54;117;193;136;175;78;36;61;91;141;185;130;140;152;184;155;188;6;147;51;90;122;107;40;63;135;38;27;1;131;121;118;182;138;33;160;170;4;149;28;20;55;18;0;29;34;183;148;47;94;66;179;99;95;62;8;177;5;45;80;190;25;139;168;195;145;15;3;70;109;35;153;111;143,6755766650241279191,0.071593,17
LNS_no_search_intra:edges_start:random,129,60043,35701,24342,0,0,176;194;166;124;168;139;182;25;136;190;80;162;175;78;5;36;61;91;8;0;11;134;122;135;63;40;107;133;90;131;1;156;198;117;193;31;54;73;33;160;77;141;187;153;18;55;95;130;99;179;66;94;47;148;9;183;163;89;127;103;113;189;3;70;13;195;138;177;21;82;143;106;86;185;62;35;29;109;34;140;199;20;28;149;4;152;184;155;15;145;132;169;188;6;147;51;121;104;111;81,7912425883771120913,0.054898,12
LNS_no_search_intra:edges_start:random,130,63662,39245,24417,0,0,176;153;61;45;190;80;175;78;36;141;77;152;55;62;106;168;139;25;5;177;104;144;183;140;9;148;47;94;60;20;28;149;4;34;8;111;143;185;95;184;155;15;145;132;188;6;147;115;10;133;107;40;63;135;122;90;51;118;11;29;109;18;35;0;195;13;169;70;3;189;113;103;163;81;86;124;160;33;138;121;131;1;156;198;117;193;31;54;73;173;21;82;187;165;89;127;137;114;194;166,949426565592315345,0.055382,11
LNS_no_search_intra:edges_start:random,131,54551,31053,23498,0,0,185;163;187;153;81;77;141;91;61;36;25;121;138;29;109;34;55;18;95;86;128;124;143;111;8;82;21;177;5;78;175;162;80;190;136;73;54;31;193;117;198;156;1;131;6;188;169;132;13;195;168;106;113;194;166;179;66;94;47;148;60;20;28;149;4;140;183;152;184;155;3;70;15;145;33;160;0;62;144;104;51;90;122;135;63;40;107;133;10;147;134;139;11;35;176;103;89;127;137;114,332518554640981896,0.093619,16
LNS_no_search_intra:edges_start:random,132,55678,31284,24394,0,0,47;148;60;20;28;149;4;155;3;70;132;169;188;6;147;10;133;122;90;51;134;195;145;34;18;62;176;106;143;0;35;124;86;185;179;166;194;113;103;127;89;163;153;187;141;91;61;36;175;78;21;104;33;160;183;140;152;15;13;168;11;139;121;151;117;193;31;54;73;173;182;138;177;5;45;162;80;190;198;156;1;27;38;63;135;131;25;8;82;77;81;111;29;109;55;95;130;99;66;94,6919467522918487238,0.137621,24
LNS_no_search_intra:edges_start:random,133,65840,42007,23833,0,0,148;183;34;11;121;134;169;188;6;90;122;107;40;133;10;147;13;55;18;62;124;153;106;176;143;29;0;73;54;31;193;117;198;156;1;4;149;28;20;140;155;70;132;51;135;63;131;138;160;35;111;8;82;21;61;36;5;78;175;162;190;80;136;25;139;168;195;3;15;145;33;177;104;144;109;152;81;77;141;146;187;165;89;127;137;114;179;66;94;47;130;95;163;103;113;194;166;86;185;99,1924757517507966195,0.041773,10
LNS_no_search_intra:edges_start:random,134,52087,27737,24350,0,0,111;145;15;70;3;155;184;152;183;140;4;149;28;20;60;148;47;94;66;179;185;176;143;35;160;33;138;182;25;158;121;51;118;74;139;11;104;8;177;78;175;5;21;82;77;153;187;141;91;61;36;162;80;190;136;73;54;31;193;117;198;156;1;27;38;135;63;40;107;122;90;147;6;188;169;132;13;195;168;189;34;55;18;62;166;106;0;29;109;124;86;194;113;114;137;127;89;103;163;81,1388860527221503795,0.098335,23
LNS_no_search_intra:edges_start:random,135,55450,31238,24212,0,0,86;185;99;130;95;55;34;168;134;90;51;118;139;11;0;35;170;4;149;28;20;183;18;62;109;29;33;160;176;194;113;103;127;89;163;187;146;141;77;81;153;82;21;177;5;45;190;80;175;78;36;61;121;25;104;8;111;143;106;124;145;13;132;169;188;6;147;10;133;122;107;40;63;135;38;27;1;156;198;117;193;31;54;73;182;138;195;15;70;3;155;184;152;140;148;47;94;66;179;166,8940715693988328593,0.128844,18
LNS_no_search_intra:edges_start:random,136,55926,31398,24528,0,0,8;111;18;55;183;34;109;29;11;121;134;145;189;155;184;152;170;106;176;82;21;177;5;45;73;31;193;117;54;25;138;33;160;0;35;124;128;95;130;99;185;86;153;141;77;81;143;62;140;4;149;28;20;60;148;47;94;66;179;166;194;113;103;127;89;163;187;91;61;36;78;175;162;80;190;136;182;139;168;195;13;15;3;70;132;169;188;6;147;115;10;133;107;40;63;135;122;90;51;104,8548321853851497216,0.114186,20
LNS_no_search_intra:edges_start:random,137,60408,36900,23508,0,0,77;82;144;160;145;15;70;169;6;131;135;38;1;156;198;117;193;31;54;73;136;190;80;162;175;78;5;177;25;121;138;109;95;130;185;86;103;163;153;81;8;111;143;124;62;18;55;28;60;148;47;94;66;179;166;176;168;29;11;139;90;51;33;0;35;106;194;113;114;137;127;89;165;187;146;61;36;141;21;104;195;134;122;63;40;107;133;10;147;188;132;13;3;155;184;140;20;183;152;34,1921397195978063973,0.048702,9
LNS_no_search_intra:edges_start:random,138,54767,29939,24828,0,0,113;103;127;89;163;187;153;81;111;144;138;182;118;98;51;125;122;135;63;40;107;133;10;90;147;6;188;169;132;13;195;168;43;139;11;5;175;78;177;36;61;91;77;82;8;33;160;29;35;62;176;86;183;20;140;152;170;189;145;15;70;3;155;184;4;149;28;60;148;47;94;66;179;22;99;130;95;18;55;34;109;0;141;21;25;121;136;80;190;193;117;31;54;104;143;106;124;185;166;194,8065671608742834058,0.093073,16
LNS_no_search_intra:edges_start:random,139,54565,30455,24110,0,0,183;140;170;11;34;55;18;143;77;141;91;36;61;21;8;144;0;160;33;138;25;54;31;193;117;198;156;1;131;121;136;190;80;162;175;78;5;177;82;111;124;128;95;148;60;20;28;149;4;62;130;99;47;94;66;179;185;86;166;194;113;103;127;89;163;187;153;81;104;182;118;51;90;122;135;63;40;107;133;10;147;6;188;169;132;13;195;168;29;109;35;176;106;145;15;70;3;155;184;152,8168300749667627505,0.088214,17
LNS_no_search_intra:edges_start:random,140,64748,38884,25864,0,0,121;182;170;4;149;28;20;60;148;47;179;185;109;29;138;25;112;131;135;63;122;90;51;139;35;124;128;86;106;166;194;113;114;103;163;153;77;55;183;34;111;8;104;146;187;165;127;89;0;62;160;33;11;195;145;189;152;155;70;188;169;132;13;15;3;140;199;9;94;66;99;130;95;18;143;81;141;91;61;36;78;175;162;80;190;193;117;54;31;73;136;45;5;177;21;82;176;168;43;134,5392224274088561026,0.042032,11
LNS_no_search_intra:edges_start:random,141,54113,30403,23710,0,0,29;138;25;131;122;107;40;133;10;147;6;188;169;132;13;195;168;145;15;70;3;155;184;152;4;149;28;20;60;148;47;94;99;130;95;111;8;21;61;36;141;153;163;103;89;127;165;187;77;82;177;73;31;54;117;121;182;33;160;143;106;124;18;55;140;183;34;0;144;104;5;78;175;162;80;190;193;198;156;1;16;27;38;63;135;90;51;134;139;11;109;62;86;185;179;166;194;113;176;35,2738553548103993729,0.061074,12
LNS_no_search_intra:edges_start:random,142,59514,35167,24347,0,0,183;95;185;99;20;28;149;4;140;152;168;134;90;51;11;35;143;106;111;8;144;155;15;132;6;147;10;133;122;135;63;38;27;1;156;198;117;193;54;31;73;136;190;80;162;175;78;36;61;91;141;77;146;187;165;127;89;103;113;176;153;81;33;0;160;25;121;182;138;139;169;13;145;62;86;179;66;94;47;60;148;130;163;194;166;18;55;34;3;70;188;195;109;29;104;177;5;21;82;124,7574702311592508408,0.046076,9
LNS_no_search_intra:edges_start:random,143,55469,29657,25812,0,0,141;91;61;36;175;78;45;5;177;21;77;81;153;163;103;113;194;166;176;106;143;35;0;89;127;137;114;95;183;130;99;22;179;66;94;47;148;140;152;155;3;15;132;169;188;6;134;139;138;104;8;144;160;195;145;189;34;55;185;86;128;124;109;29;33;182;118;51;121;131;90;133;122;135;63;38;27;16;1;156;198;117;193;31;54;73;173;25;11;168;13;70;4;149;28;20;18;62;111;82,8991691614084736756,0.122532,20
LNS_no_search_intra:edges_start:random,144,69512,45351,24161,0,0,33;109;86;18;189;3;70;195;139;182;177;36;5;162;80;190;31;117;54;138;34;183;184;155;15;168;134;131;38;27;1;11;0;35;185;99;148;47;199;140;152;55;106;153;21;51;90;122;63;135;156;198;193;73;25;104;144;29;4;149;28;20;60;94;66;179;103;163;141;77;81;124;95;143;111;8;82;89;127;137;165;187;91;61;78;175;121;147;6;188;169;132;13;145;62;166;194;113;176;160,5979775030842572553,0.061593,9
LNS_no_search_intra:edges_start:random,145,65020,40296,24724,0,0,183;4;149;28;20;60;99;185;166;194;113;189;3;70;13;139;138;61;36;91;141;187;163;103;176;128;62;18;152;184;155;15;145;132;169;188;195;111;86;124;35;29;11;182;121;104;77;89;127;165;153;81;8;25;135;63;122;90;191;147;6;168;134;51;131;1;156;198;117;193;54;31;73;136;190;80;162;175;78;21;82;143;95;130;179;66;94;47;148;9;55;0;33;140;106;177;5;160;109;34,1822297440590515882,0.110131,14
LNS_no_search_intra:edges_start:random,146,50665,26329,24336,0,0,185;95;183;99;179;66;94;47;148;60;20;28;149;4;140;152;184;155;3;70;15;145;13;132;169;188;168;139;11;25;136;190;80;162;175;78;36;61;91;141;146;187;163;89;127;103;113;176;194;166;86;124;106;143;111;8;104;131;135;122;133;107;40;63;38;27;16;1;156;198;117;193;31;54;73;5;177;21;82;77;81;153;35;109;0;29;160;33;138;121;51;90;147;6;195;69;34;55;18;62,4517384666257208552,0.088016,19
LNS_no_search_intra:edges_start:random,147,62595,38622,23973,0,0,70;3;15;145;33;153;163;89;103;113;35;0;139;51;90;122;38;1;156;198;117;193;31;54;73;82;106;86;185;166;194;114;137;127;165;187;146;91;61;36;177;8;111;143;124;95;130;148;47;94;66;179;109;182;121;138;29;160;176;34;155;152;149;28;20;199;183;62;18;140;55;81;77;141;21;104;11;169;188;6;147;10;133;107;40;63;135;131;5;78;175;162;80;190;136;25;168;195;13;132,3333077985031664056,0.064942,14
LNS_no_search_intra:edges_start:random,148,58231,34124,24107,0,0,90;51;139;18;55;34;184;155;3;70;15;145;13;195;168;160;144;82;141;91;61;36;78;175;80;190;45;5;8;111;176;103;89;163;153;81;104;131;135;63;38;27;1;182;138;0;35;33;25;54;117;193;31;73;177;21;77;97;146;187;165;127;137;114;113;194;166;185;152;140;95;86;62;183;4;149;28;20;60;148;47;94;66;179;99;124;106;143;109;29;11;121;134;169;188;6;147;10;133;122,7167881029390253896,0.086285,19
LNS_no_search_intra:edges_start:random,149,56089,31925,24164,0,0,0;62;124;82;21;177;8;34;55;183;140;199;20;28;149;4;152;184;155;189;145;15;3;70;132;169;188;6;147;10;133;40;107;122;90;51;134;11;29;109;106;143;160;33;195;13;168;139;138;144;111;81;187;77;61;78;175;162;80;190;193;131;135;63;38;16;1;156;198;117;54;31;73;5;36;141;25;121;104;153;163;89;127;103;176;113;194;166;86;185;179;66;94;47;148;99;130;95;18;35,2256053078127019894,0.061907,16
LNS_no_search_intra:edges_start:random,150,57007,32231,24776,0,0,141;77;81;153;163;194;179;66;94;47;148;60;20;28;149;4;152;55;18;62;145;13;132;169;188;6;147;10;133;122;135;63;38;27;16;1;131;90;51;134;43;168;195;124;106;143;35;109;11;29;144;82;21;78;175;162;80;190;45;5;61;146;187;165;127;89;103;113;176;86;183;140;184;155;3;70;15;189;34;95;185;166;111;8;104;73;31;193;117;54;25;33;160;0;138;182;121;177;36;91,5375083277930114439,0.087136,18
LNS_no_search_intra:edges_start:random,151,61526,37640,23886,0,0,13;132;169;195;168;134;121;1;156;198;117;193;31;54;73;173;21;82;106;109;29;139;122;133;107;40;63;135;131;25;104;8;81;176;143;0;55;183;124;140;4;149;28;20;60;148;47;94;66;185;86;153;62;18;111;5;45;80;190;175;78;177;36;61;91;77;187;141;144;33;160;35;170;152;184;155;15;3;70;188;6;147;90;51;182;138;11;34;95;130;99;179;166;194;113;103;127;89;163;145,333858181192125200,0.045147,12
LNS_no_search_intra:edges_start:random,152,56917,32926,23991,0,0,31;54;73;25;160;29;35;0;109;62;55;34;145;189;183;20;60;148;47;94;66;179;166;194;113;176;163;153;141;91;61;36;5;45;190;80;175;78;177;21;82;8;104;121;131;1;27;38;63;135;122;133;90;182;138;33;144;111;143;124;128;185;114;103;89;127;165;187;77;81;106;86;18;95;130;99;28;149;4;140;155;3;70;13;195;168;43;134;51;147;6;188;169;132;15;152;11;139;117;193,4222134399331520014,0.062943,16
LNS_no_search_intra:edges_start:random,153,54955,30061,24894,0,0,176;82;21;5;45;78;175;162;80;190;136;193;117;31;54;73;173;25;33;177;36;61;91;141;77;81;143;106;128;185;179;22;99;130;152;4;149;28;20;60;94;47;148;199;140;184;155;3;70;15;145;13;132;169;188;6;147;10;40;107;133;134;43;168;195;29;0;35;109;160;138;182;51;90;139;11;122;63;135;131;121;104;8;111;153;163;89;127;103;113;124;62;18;55;34;183;95;86;166;194,560521226790095573,0.074521,17
LNS_no_search_intra:edges_start:random,154,54962,30419,24543,0,0,117;54;5;177;36;61;91;141;146;187;163;113;194;166;86;35;106;124;62;18;183;34;109;0;11;139;51;90;63;131;182;29;160;33;138;25;121;134;43;168;195;13;145;15;155;184;152;140;4;149;28;20;60;148;47;94;66;179;128;143;111;8;82;77;81;153;176;103;89;127;137;114;185;95;55;189;3;70;132;169;188;6;147;10;133;122;135;38;27;1;156;198;31;45;78;175;162;80;190;193,4934606980810219058,0.076018,19
LNS_no_search_intra:edges_start:random,155,64148,39952,24196,0,0,0;8;36;104;33;168;35;176;18;55;34;11;139;121;134;43;195;145;189;170;140;199;20;28;149;4;3;15;13;132;169;6;147;133;107;40;10;188;70;155;152;183;130;185;153;77;141;91;61;5;73;31;193;117;54;25;29;109;62;95;99;148;60;47;94;66;179;166;194;113;103;127;89;163;187;81;111;144;138;182;51;90;122;63;135;131;160;143;106;86;124;82;21;177;78;175;162;80;190;136,4471537780050089012,0.088091,19
LNS_no_search_intra:edges_start:random,156,54644,30208,24436,0,0,185;95;183;170;189;15;145;13;195;168;33;160;144;141;146;187;165;127;89;103;113;194;166;86;106;82;21;177;78;175;162;80;190;121;51;118;139;11;109;34;55;18;62;130;99;179;66;94;47;148;60;20;28;149;4;140;152;155;3;70;132;169;188;6;147;10;133;122;90;131;135;63;38;27;1;25;182;138;29;0;35;143;176;163;153;81;77;91;61;36;5;73;31;193;117;54;104;8;111;124,5251081501699736278,0.161968,31
LNS_no_search_intra:edges_start:random,157,53197,28539,24658,0,0,153;21;73;54;31;193;117;198;156;1;16;27;38;63;135;122;133;90;51;147;6;188;169;132;13;3;15;145;195;168;0;35;106;109;29;160;33;11;139;182;138;104;61;36;78;175;80;190;45;5;177;8;111;176;113;194;166;179;99;9;140;4;149;28;20;60;148;47;94;66;86;185;130;95;183;152;184;155;70;189;34;55;18;62;124;143;81;77;82;25;121;91;141;146;187;165;127;89;103;163,913111767782009381,0.101132,20
LNS_no_search_intra:edges_start:random,158,55661,30875,24786,0,0,113;62;95;130;99;22;179;66;94;47;148;60;20;28;149;4;140;183;18;189;15;145;13;169;188;6;147;191;90;122;135;63;38;27;16;1;156;198;117;54;31;193;190;80;136;173;25;139;168;195;29;109;143;176;111;8;104;33;160;0;35;166;34;184;155;3;70;132;134;51;121;182;138;11;152;55;124;153;81;77;141;91;61;36;175;78;5;177;21;82;106;185;86;194;163;187;165;127;89;103,7014418851983565550,0.095185,25
LNS_no_search_intra:edges_start:random,159,54372,29549,24823,0,0,117;198;156;1;27;38;63;135;122;133;90;147;6;188;169;132;70;3;189;124;113;103;127;89;163;187;153;35;109;34;55;62;86;185;179;166;194;160;33;11;139;138;182;74;118;51;121;158;25;104;111;176;143;0;82;21;61;36;91;141;77;81;106;95;130;99;66;94;47;148;60;20;28;149;4;140;183;152;184;155;15;145;13;195;168;29;18;8;177;5;78;175;162;80;190;136;73;54;31;193,4415498425275302750,0.123058,23
LNS_no_search_intra:edges_start:random,160,55665,31147,24518,0,0,20;199;140;183;34;109;29;111;106;124;168;195;55;95;130;99;148;47;94;66;179;185;166;194;176;163;153;81;77;91;61;36;5;136;190;80;162;175;78;177;21;8;143;128;86;113;103;89;127;165;187;146;141;82;0;11;139;90;122;135;63;40;107;133;10;147;6;188;169;132;13;145;15;170;18;62;35;160;33;138;182;25;121;54;31;193;117;198;156;1;131;51;134;70;3;155;152;4;149;28,9193919292646364637,0.054370,13
LNS_no_search_intra:edges_start:random,161,56257,32277,23980,0,0,86;176;185;179;66;94;47;148;60;20;28;149;4;152;170;109;0;144;104;177;82;77;153;141;91;36;61;21;8;29;145;15;189;34;55;18;62;35;11;131;1;27;38;135;63;40;107;122;133;10;147;6;90;188;169;132;70;3;155;184;140;183;95;166;194;113;103;127;89;163;187;81;160;33;138;182;121;51;134;195;168;139;25;5;78;175;162;80;190;136;31;193;117;54;173;111;143;106;124;128,4503280313003475613,0.107613,23
LNS_no_search_intra:edges_start:random,162,54477,30315,24162,0,0,3;155;15;145;13;195;168;121;25;182;138;33;160;143;106;86;124;35;0;134;147;10;133;107;40;63;135;122;90;51;139;11;29;144;8;177;36;21;82;111;185;99;130;95;18;55;34;109;163;103;113;153;62;183;140;4;149;28;20;60;148;47;94;66;179;166;194;176;114;137;127;89;165;187;146;77;141;91;61;5;78;175;162;80;190;136;73;54;31;193;117;198;156;1;131;6;188;169;132;70,1695512783672700089,0.120063,20
LNS_no_search_intra:edges_start:random,163,54410,29765,24645,0,0,66;179;55;34;35;109;29;11;139;121;25;138;33;160;0;168;195;145;13;132;169;188;70;3;15;189;155;184;152;183;86;166;194;113;103;127;89;153;81;8;104;182;51;90;122;133;107;40;63;135;38;27;16;1;156;198;117;193;31;54;73;136;190;80;162;175;78;5;177;21;176;163;187;146;91;36;61;82;111;143;62;18;140;4;149;28;20;60;148;47;99;130;95;128;124;106;141;77;185;94,4150933166134226786,0.142087,29
LNS_no_search_intra:edges_start:random,164,60920,36642,24278,0,0,176;86;185;95;34;155;145;132;169;188;6;147;121;25;21;82;153;163;103;113;106;124;168;139;182;177;8;104;131;135;63;38;27;16;1;156;198;117;193;31;54;73;136;190;80;162;45;5;11;195;13;70;3;15;29;111;77;143;18;81;141;61;78;175;36;146;187;165;89;127;137;114;194;166;179;35;0;160;138;51;122;90;134;33;109;170;152;183;9;47;94;148;60;20;28;149;4;140;55;62,7946862425240423164,0.060599,15
LNS_no_search_intra:edges_start:random,165,55039,30724,24315,0,0,20;28;149;140;183;34;29;0;109;35;18;55;152;184;155;3;70;132;169;188;6;147;10;133;122;107;40;63;135;38;27;42;190;80;162;175;78;177;8;111;62;189;15;145;13;195;168;11;139;54;31;193;117;198;156;1;131;90;51;118;182;138;33;160;144;104;82;141;146;187;165;127;89;103;113;194;166;185;86;81;77;91;61;36;5;121;25;21;143;106;124;176;163;153;179;66;94;47;148;60,1161432136060118225,0.101571,18
LNS_no_search_intra:edges_start:random,166,51952,27115,24837,0,0,141;91;61;36;78;175;136;73;31;54;117;193;190;80;45;5;177;144;160;0;109;170;152;183;140;4;149;28;20;9;130;95;185;18;106;128;86;99;148;47;94;66;179;166;194;113;103;127;89;163;187;153;81;35;29;15;3;70;13;195;168;33;11;139;134;51;90;122;135;63;40;107;133;10;115;147;6;188;169;132;145;189;155;184;34;55;62;124;176;143;111;8;104;138;182;121;25;21;82;77,8514452281138468534,0.150395,27
LNS_no_search_intra:edges_start:random,167,55378,31054,24324,0,0,29;168;139;11;33;160;144;111;89;127;103;113;194;166;179;185;176;86;95;140;4;149;28;20;60;148;47;94;99;130;128;124;106;143;82;177;8;62;18;55;34;183;152;184;155;15;3;70;134;121;25;21;77;153;81;104;138;182;51;90;133;10;147;6;195;109;0;35;163;187;141;91;61;36;5;78;175;162;80;190;136;73;31;54;193;117;198;156;1;16;27;38;63;135;122;188;169;132;13;145,7539256072178581692,0.079225,15
LNS_no_search_intra:edges_start:random,168,56188,32723,23465,0,0,0;109;143;106;176;77;141;187;165;127;137;114;113;194;166;124;145;15;3;70;132;169;188;6;147;10;133;107;40;63;135;122;90;121;138;11;33;160;35;18;62;95;130;99;179;66;94;47;148;60;20;28;149;4;140;183;55;34;144;104;8;21;61;36;78;175;162;80;190;136;25;139;155;184;152;185;86;81;82;177;5;73;54;31;193;117;198;156;1;131;51;134;168;195;29;111;153;89;103;163,1934038907248870339,0.062495,14
LNS_no_search_intra:edges_start:random,169,61329,37892,23437,0,0,177;21;82;106;86;185;99;28;20;140;183;34;11;1;27;38;135;63;40;107;122;133;10;147;168;111;143;124;95;130;148;60;47;94;66;179;166;194;163;153;77;104;121;134;6;188;169;132;3;155;184;152;170;55;18;109;29;33;160;176;81;8;144;145;15;70;13;195;139;25;80;190;54;131;90;51;182;138;0;35;62;113;103;89;127;165;187;141;91;61;36;5;73;31;117;193;136;45;175;78,5834440567066083752,0.069132,15
LNS_no_search_intra:edges_start:random,170,61036,36095,24941,0,0,62;81;77;141;91;61;36;78;175;80;190;45;5;177;21;104;33;168;195;13;70;3;15;189;34;55;18;176;103;89;127;165;187;146;82;8;111;143;124;185;35;163;153;106;139;51;90;122;133;107;40;63;102;135;134;43;86;166;194;113;95;183;9;148;47;94;60;20;28;149;4;140;152;184;155;11;182;25;173;73;54;31;193;117;198;156;1;131;147;6;188;169;132;145;0;160;138;121;29;109,7097985344776757551,0.060626,11
LNS_no_search_intra:edges_start:random,171,59524,35567,23957,0,0,183;18;144;8;177;5;173;73;54;31;193;117;198;156;1;131;138;15;70;3;155;184;124;113;176;143;168;169;132;13;145;189;34;55;95;86;153;81;29;11;139;134;51;90;122;135;63;40;107;133;10;147;6;188;195;109;35;106;194;166;185;179;66;94;47;148;60;20;28;149;4;140;152;170;0;160;33;121;25;104;82;77;163;103;89;127;165;187;141;91;61;36;78;175;80;190;45;21;111;62,6367275960285142933,0.082648,13
LNS_no_search_intra:edges_start:random,172,55699,30827,24872,0,0,0;143;153;81;77;82;31;193;117;54;5;36;61;91;141;146;187;163;89;127;103;113;194;176;106;124;189;145;70;13;195;168;29;35;111;8;21;78;175;162;80;190;136;112;121;139;11;109;34;55;18;62;128;185;86;95;183;4;149;28;20;60;148;99;166;179;66;94;47;9;140;152;184;155;3;15;132;169;188;6;147;90;10;133;122;135;63;38;27;1;156;198;177;104;33;138;182;51;25;160,5776550653783206248,0.062729,16
LNS_no_search_intra:edges_start:random,173,52453,27515,24938,0,0,152;184;155;3;70;188;147;6;169;132;195;29;109;0;35;34;62;18;55;183;170;189;15;145;13;90;51;134;168;139;11;33;138;182;121;131;122;135;63;38;27;16;1;156;198;117;193;31;54;73;173;25;104;8;141;146;187;163;89;127;103;113;194;166;128;124;143;111;82;61;36;78;175;190;80;45;5;177;21;77;81;153;106;176;86;95;130;185;179;57;66;94;47;148;60;20;28;149;4;140,5657730608789554314,0.068953,18
LNS_no_search_intra:edges_start:random,174,55650,30824,24826,0,0,132;169;70;3;189;34;18;62;86;124;35;160;33;138;182;121;25;104;8;82;77;141;91;61;36;78;175;80;190;45;5;177;21;144;0;4;149;28;20;199;140;152;184;155;15;145;195;168;188;6;147;90;133;122;135;63;38;27;1;156;198;117;193;31;54;73;173;139;11;183;9;148;47;94;66;179;166;194;176;106;185;99;130;95;55;109;29;111;81;153;187;163;103;89;127;137;114;113;143;13,7255423386224461755,0.093723,25
LNS_no_search_intra:edges_start:random,175,58175,33766,24409,0,0,29;109;34;140;199;20;28;149;4;152;184;155;3;70;15;145;13;195;168;139;11;177;5;73;31;54;193;117;198;156;1;27;38;63;40;107;133;10;147;6;188;169;134;51;90;122;135;131;25;8;81;153;113;176;86;185;99;130;95;128;124;160;138;121;182;33;143;106;194;166;179;66;94;47;148;9;183;55;18;62;111;82;21;78;61;77;141;91;36;175;80;190;104;144;0;35;163;127;89;103,3591842004664783872,0.084286,21
LNS_no_search_intra:edges_start:random,176,64804,39498,25306,0,0,61;36;141;91;121;131;135;63;122;90;51;98;118;74;11;185;194;176;113;103;163;153;77;45;162;80;190;136;73;31;193;117;54;25;138;160;143;106;166;124;13;132;169;188;6;147;134;139;29;8;78;175;5;21;82;62;111;177;104;144;0;35;89;127;165;187;81;33;109;34;140;95;86;183;55;18;195;15;155;184;152;4;149;28;20;60;148;47;94;66;179;22;99;130;170;189;3;70;145;168,2201822926635174449,0.047344,13
LNS_no_search_intra:edges_start:random,177,58237,33353,24884,0,0,8;144;160;15;3;189;34;18;95;130;185;62;109;29;0;138;25;136;190;80;162;175;78;61;141;77;81;143;106;124;128;86;176;113;194;166;179;66;94;47;148;60;20;9;183;55;35;139;51;135;63;122;90;134;145;155;184;4;149;28;140;152;170;121;177;21;82;33;111;153;163;103;89;127;165;187;146;36;5;45;73;54;31;193;117;198;156;1;131;147;6;188;169;132;70;13;195;168;11;104,5230933813386594560,0.072072,18
LNS_no_search_intra:edges_start:random,178,60579,36513,24066,0,0,0;145;15;155;86;103;89;127;165;187;146;141;77;81;143;18;148;47;94;60;20;28;149;4;152;34;153;163;176;113;194;166;130;140;55;106;183;3;70;132;169;188;6;147;10;133;107;40;63;38;16;1;156;198;117;121;168;195;13;90;134;124;111;82;21;61;36;177;5;78;175;162;80;190;193;31;54;73;173;25;104;8;144;160;33;138;182;131;135;122;51;139;11;29;109;62;95;185;179;35,8472642941952152495,0.056256,13
LNS_no_search_intra:edges_start:random,179,49540,25001,24539,0,0,135;122;133;90;134;195;189;155;184;152;183;140;4;149;28;20;60;148;47;94;66;179;166;194;113;103;127;89;163;187;153;81;29;109;35;124;106;176;86;185;99;130;95;55;34;18;62;143;111;8;104;11;139;168;13;145;15;3;70;132;169;188;6;147;51;121;177;61;36;91;141;77;82;144;0;160;33;138;182;25;73;54;31;190;80;162;175;78;5;45;136;193;117;198;156;1;16;27;38;63,8939449919903699270,0.077333,20
LNS_no_search_intra:edges_start:random,180,61783,37268,24515,0,0,127;165;187;77;170;152;15;13;169;188;6;147;191;90;122;63;135;131;182;138;33;160;143;106;176;86;185;128;124;111;8;117;54;21;82;81;153;163;103;113;194;166;179;66;94;99;130;95;55;34;189;145;195;168;134;51;1;156;198;193;31;132;70;3;155;4;149;28;20;60;47;148;9;140;183;18;62;35;109;29;11;139;25;136;190;80;73;121;5;78;175;36;61;91;141;0;144;104;177;89,6021349088932949985,0.039009,10
LNS_no_search_intra:edges_start:random,181,57145,32150,24995,0,0,0;35;106;113;194;166;95;152;184;155;3;70;132;169;188;6;147;121;182;138;33;111;81;153;163;176;103;89;127;165;187;146;97;141;91;36;61;21;8;144;160;145;15;13;195;168;77;82;51;90;133;122;135;63;38;27;16;1;156;198;31;73;177;143;124;86;18;109;104;5;78;175;162;80;190;193;117;54;25;139;11;29;34;55;183;140;4;149;28;20;60;148;47;94;66;57;172;179;185;62,3128538236792166977,0.067320,17
LNS_no_search_intra:edges_start:random,182,59399,34767,24632,0,0,0;160;25;173;73;117;198;156;1;16;27;38;63;135;122;51;134;11;35;106;86;55;145;132;169;188;6;147;90;131;54;31;193;190;80;162;175;78;5;36;61;91;77;81;153;152;4;149;28;20;60;148;47;94;66;57;172;179;185;143;33;138;177;21;141;82;8;144;168;195;70;3;155;34;18;62;109;29;182;121;104;111;124;113;103;163;89;127;137;114;194;166;176;95;183;140;170;15;13;139,889653030700634126,0.049056,12
LNS_no_search_intra:edges_start:random,183,53063,27379,25684,0,0,35;0;29;160;33;138;25;121;136;190;80;162;175;78;36;61;91;141;146;187;165;127;89;103;176;81;77;82;8;104;182;74;118;98;51;90;133;122;135;63;38;27;1;156;198;117;193;31;54;73;5;177;21;111;143;106;124;86;18;55;189;145;13;132;169;188;195;168;139;11;109;34;183;140;28;149;4;152;184;155;3;70;15;153;163;113;194;166;185;179;66;94;47;148;60;20;9;130;95;62,2025031763372694874,0.106682,26
LNS_no_search_intra:edges_start:random,184,56719,32440,24279,0,0,0;144;104;177;8;111;18;55;183;184;155;145;195;168;51;90;122;63;135;133;10;147;6;188;169;132;70;3;15;29;35;163;103;89;127;137;114;165;187;153;97;141;91;61;36;5;78;175;162;80;190;136;73;54;31;193;117;198;156;1;131;121;134;13;106;124;9;148;47;60;20;28;4;140;152;34;185;179;94;99;130;95;62;109;33;160;143;176;113;194;166;86;81;77;82;21;25;182;138;11,6296676613199909162,0.060969,16
LNS_no_search_intra:edges_start:random,185,65458,41354,24104,0,0,137;127;89;165;187;141;106;86;18;160;25;54;31;193;117;90;6;188;169;132;13;145;15;70;3;155;184;95;130;99;179;185;124;143;111;8;177;78;175;36;61;91;163;194;166;172;66;94;47;148;60;20;28;149;4;140;29;34;183;152;55;62;35;33;138;182;121;82;77;153;0;11;139;51;135;131;104;113;176;81;21;5;45;162;80;190;156;1;16;38;63;122;133;10;147;195;168;109;103;114,5922073883869870911,0.083381,16
LNS_no_search_intra:edges_start:random,186,54977,29809,25168,0,0,185;95;170;184;155;3;15;13;195;168;160;144;82;11;139;134;147;51;90;122;63;135;38;27;16;1;156;198;190;80;162;175;78;5;25;6;188;169;132;70;145;29;0;35;153;106;124;86;143;111;8;33;104;21;177;73;31;193;117;54;19;112;121;182;138;109;34;183;199;28;20;60;148;47;94;66;179;166;194;176;113;103;127;89;163;187;146;91;61;36;141;77;81;62;18;55;140;152;130;99,7439005555955434095,0.049016,12
LNS_no_search_intra:edges_start:random,187,52392,26779,25613,0,0,141;91;61;36;78;175;162;80;190;193;31;54;19;121;51;90;133;122;135;63;38;27;16;1;156;198;117;73;136;45;5;177;21;82;77;81;153;176;143;160;33;11;139;134;6;188;169;132;13;70;3;15;145;189;155;184;152;140;183;55;34;35;111;8;104;138;168;195;29;109;124;62;18;106;113;194;179;66;94;47;148;60;20;28;199;9;130;95;185;166;86;128;0;163;103;89;127;165;187;146,4447264940551904301,0.126759,24
LNS_no_search_intra:edges_start:random,188,57112,32588,24524,0,0,183;34;11;121;51;6;188;169;132;70;3;189;106;143;29;0;35;153;163;103;89;127;165;187;146;61;36;177;5;78;175;162;80;190;193;117;131;135;122;90;139;109;62;95;130;185;179;66;94;47;148;60;20;28;149;4;140;152;184;155;15;145;13;195;168;104;8;82;21;141;77;81;124;18;86;166;194;113;176;111;160;134;147;115;10;133;107;40;63;38;16;1;54;31;73;173;25;138;33;55,7043718935051167374,0.084608,15
LNS_no_search_intra:edges_start:random,189,55159,31284,23875,0,0,177;21;82;153;163;89;127;103;113;194;166;185;18;55;34;109;160;33;29;138;182;25;158;121;90;198;117;193;31;54;73;136;190;80;162;175;78;5;36;61;91;141;77;81;124;62;183;95;86;176;143;35;11;139;6;147;10;133;122;107;40;63;135;38;27;1;131;51;134;168;195;0;187;145;13;132;169;188;70;3;15;155;184;152;140;4;149;28;20;60;148;47;94;66;179;128;106;111;8;104,7270057683318054165,0.089420,18
LNS_no_search_intra:edges_start:random,190,57116,32958,24158,0,0,20;199;140;183;153;106;124;62;176;18;111;21;78;175;80;190;5;82;143;86;166;194;113;103;89;163;81;77;8;104;11;139;134;147;51;90;122;133;107;40;63;135;131;121;158;25;29;168;195;13;132;169;188;6;182;138;160;0;109;35;34;55;95;130;99;148;60;47;94;66;179;185;114;137;127;165;187;146;141;91;61;36;136;193;117;54;31;73;177;33;145;15;70;3;155;184;152;4;149;28,4529564831020963574,0.061347,14
LNS_no_search_intra:edges_start:random,191,60086,35762,24324,0,0,73;31;54;117;193;190;80;162;175;78;36;61;21;82;144;0;35;95;130;66;94;47;60;28;149;4;145;15;3;153;86;185;148;20;55;18;124;106;81;77;141;146;187;165;89;127;137;114;194;166;179;99;140;152;29;109;62;11;139;51;90;131;1;27;38;63;135;122;133;10;147;6;188;169;132;13;70;155;183;34;160;33;138;182;25;121;134;43;168;195;143;176;113;103;163;111;8;177;5;173,2181504725192772150,0.078892,18
LNS_no_search_intra:edges_start:random,192,53603,29219,24384,0,0,6;188;169;132;70;3;155;184;152;183;140;4;149;28;20;60;148;47;94;66;179;185;130;95;18;109;29;144;8;21;177;5;45;190;80;175;78;36;61;91;141;77;81;106;124;62;176;143;33;138;25;121;131;135;133;10;147;134;54;31;193;117;198;156;1;27;38;63;122;90;51;182;104;82;146;187;163;89;127;103;113;194;166;86;55;34;189;15;145;13;195;168;0;35;153;111;160;11;139;43,8072005404193020590,0.106403,24
LNS_no_search_intra:edges_start:random,193,54796,30338,24458,0,0,8;82;21;177;5;80;190;136;25;182;139;168;195;29;109;35;153;187;165;127;89;103;163;0;160;33;138;121;90;51;188;70;3;155;184;152;183;62;18;166;194;113;176;81;77;141;91;61;36;78;175;131;122;135;63;38;27;1;156;198;117;193;31;54;73;104;111;143;106;124;185;179;172;57;66;94;47;148;60;20;28;149;4;140;9;130;95;86;55;34;189;15;145;13;132;169;6;147;134;11,5432282089414101967,0.147024,23
LNS_no_search_intra:edges_start:random,194,56183,32226,23957,0,0,3;70;13;195;168;160;82;77;141;91;61;78;175;162;80;190;198;156;1;27;38;135;63;40;107;122;90;51;118;139;11;35;143;106;124;18;55;34;189;15;145;132;169;188;6;134;182;138;81;187;165;89;127;137;114;194;166;8;21;54;117;193;31;5;36;177;121;25;104;111;176;113;103;163;153;33;0;29;109;62;130;99;179;66;94;47;148;60;20;28;149;4;140;183;86;185;95;152;184;155,7130175925915563472,0.052463,13
LNS_no_search_intra:edges_start:random,195,53781,28694,25087,0,0,185;166;194;113;103;127;89;163;187;77;177;5;136;73;31;117;198;156;1;16;27;38;63;135;122;133;90;158;25;104;144;111;81;176;106;35;0;29;168;195;13;188;6;147;51;121;19;54;193;190;80;162;175;78;36;61;21;8;82;141;153;143;34;152;140;4;149;28;20;60;148;9;183;124;86;179;66;94;47;99;130;95;62;109;160;33;138;11;139;43;169;132;145;15;70;3;155;184;55;18,5259512796163577067,0.073252,20
LNS_no_search_intra:edges_start:random,196,59614,34461,25153,0,0,190;193;117;198;156;1;38;135;63;40;107;133;10;115;147;6;188;169;132;13;106;176;163;141;187;165;127;89;103;113;194;166;179;66;94;47;148;140;152;4;149;28;20;183;55;8;177;21;82;185;95;62;170;184;155;3;70;195;168;43;134;51;90;131;54;31;73;173;25;104;143;86;124;35;0;138;182;121;139;11;29;109;18;34;189;15;145;33;111;81;153;77;91;61;36;5;78;175;162;80,6571634758600679663,0.073506,13
LNS_no_search_intra:edges_start:random,197,66955,42523,24432,0,0,35;33;8;82;141;77;160;13;169;132;70;3;155;152;140;18;109;138;131;122;135;63;38;27;1;156;198;54;73;21;81;153;163;103;89;127;165;187;146;91;61;36;5;136;31;193;117;25;62;168;147;6;188;121;182;0;143;111;177;78;175;80;190;104;144;55;183;189;15;145;195;134;90;51;139;11;124;128;86;185;95;130;9;20;60;148;47;94;66;179;166;194;176;113;106;29;4;149;28;34,5741323487883225527,0.071112,12
LNS_no_search_intra:edges_start:random,198,54449,29518,24931,0,0,113;103;127;89;163;153;141;77;81;95;130;185;179;66;94;47;148;60;20;28;149;4;140;183;152;184;155;3;70;15;124;35;0;33;144;8;104;182;118;98;51;90;131;121;112;54;31;73;25;138;160;109;18;11;139;134;6;147;10;133;122;135;63;38;27;16;1;156;198;117;193;190;80;162;175;78;5;177;36;61;21;82;111;29;143;176;106;168;195;188;169;132;13;145;34;55;62;86;166;194,1644449679306514451,0.072980,16
LNS_no_search_intra:edges_start:random,199,64530,40371,24159,0,0,113;194;166;179;66;94;47;148;60;20;28;149;4;155;3;70;15;29;43;134;131;135;63;38;27;16;1;156;198;117;193;190;80;162;175;78;5;36;61;97;153;163;89;127;103;176;62;55;152;11;182;54;31;73;25;138;140;34;35;111;8;82;141;177;51;90;122;107;40;133;10;147;6;188;169;132;13;95;130;99;185;124;160;33;0;18;183;139;121;21;77;81;106;86;189;145;195;168;109;143,2351092146212335171,0.105969,18
