run,objective,seed,path
0,72092,1764959463310643620,139 46 0 117 143 183 89 23 137 186 15 148 9 62 102 49 178 106 3 144 14 138 165 119 40 27 90 81 196 185 52 55 57 92 179 145 31 113 175 171 16 78 25 44 120 129 2 75 101 86 121 100 26 97 1 152 124 94 63 79 80 176 51 151 162 133 53 180 154 135 70 127 123 112 4 84 184 10 177 54 48 160 34 181 42 115 118 59 149 131 65 116 43 41 193 159 146 22 18 108
1,73220,1764959463310643621,119 40 27 90 81 196 31 113 175 171 16 25 129 152 97 1 101 26 124 94 63 122 79 80 176 151 51 137 23 89 183 143 170 0 117 93 140 108 18 159 22 146 34 160 181 42 193 41 115 139 68 46 118 59 65 116 43 184 54 177 4 112 149 131 123 162 133 135 70 154 180 158 53 121 100 86 75 2 120 44 78 145 179 92 57 55 52 106 178 3 49 102 148 9 62 144 14 138 185 165
2,73506,1764959463310643622,137 186 114 15 37 9 62 144 102 49 14 164 27 90 165 119 40 185 106 3 178 52 55 57 92 179 196 31 56 113 175 171 16 78 145 25 44 120 82 129 2 75 86 101 1 152 167 148 124 94 97 26 100 53 158 180 154 135 127 123 162 151 133 79 63 80 176 51 59 65 116 43 131 149 112 4 10 177 54 184 160 34 22 159 193 41 42 115 139 18 108 93 117 68 46 0 143 183 89 23
3,73756,1764959463310643623,94 124 148 167 129 2 74 152 1 97 100 26 86 101 75 120 44 16 171 175 113 31 81 196 179 145 78 25 82 92 57 55 52 106 178 49 102 14 185 40 119 165 90 27 164 7 21 144 62 9 186 89 183 143 0 117 108 18 22 146 34 160 54 177 10 190 184 35 131 149 47 65 116 43 42 159 193 41 139 68 46 115 59 51 151 133 162 123 127 70 135 154 180 53 63 122 79 80 176 137
4,73473,1764959463310643624,165 90 40 185 179 145 78 31 56 113 175 171 16 25 44 120 129 92 57 55 52 106 178 167 37 148 176 80 79 122 63 94 124 152 2 1 101 75 86 97 26 100 121 53 158 180 154 135 70 127 123 162 133 151 51 109 118 59 116 65 149 131 112 4 190 177 10 54 48 184 43 42 181 160 34 22 159 193 41 139 115 46 18 108 93 117 0 170 143 183 137 23 186 15 9 62 102 49 144 14
5,73199,1764959463310643625,137 23 89 183 143 0 46 139 115 116 65 59 118 109 51 176 80 133 151 162 149 43 42 181 41 193 159 18 22 146 34 160 184 54 177 10 190 4 112 123 127 70 135 154 180 53 97 26 100 121 63 79 94 124 167 49 3 178 106 185 52 55 57 179 145 92 129 82 2 152 1 101 86 75 120 44 25 78 16 171 175 113 31 81 196 40 119 165 90 27 164 21 14 144 62 9 37 148 15 186
6,74402,1764959463310643626,122 63 79 80 151 162 133 94 189 152 2 120 75 86 101 1 97 26 100 53 158 180 154 135 70 194 127 123 131 149 59 65 116 43 184 177 54 160 34 181 42 115 41 193 22 159 18 108 139 68 93 117 143 0 46 118 51 176 137 183 89 23 186 114 15 9 62 144 14 165 185 40 119 90 81 196 31 56 113 175 171 16 44 25 78 145 179 92 129 57 55 52 106 178 49 102 37 148 124 12
7,73878,1764959463310643627,27 90 81 196 157 78 31 113 175 171 16 25 44 120 129 2 1 101 75 86 53 121 100 26 97 152 94 63 180 154 135 70 127 123 149 131 184 177 54 34 146 22 18 159 193 181 160 42 43 47 65 116 59 115 41 139 198 46 68 117 0 143 183 89 186 23 137 51 118 72 151 162 133 79 122 80 176 124 148 9 62 102 49 144 14 138 3 178 55 57 92 145 179 52 106 185 40 119 165 39
8,73679,1764959463310643628,165 90 27 164 7 21 144 102 49 14 3 178 106 52 55 179 145 92 57 129 2 152 167 148 15 62 9 176 51 137 23 186 89 183 143 117 0 46 139 68 140 108 18 22 159 193 41 115 5 43 42 181 34 160 184 54 177 4 112 123 149 65 116 59 118 151 162 135 70 154 180 63 79 133 80 94 53 100 26 97 1 101 86 75 120 44 25 82 78 16 171 175 113 56 31 196 81 185 40 119
9,73147,1764959463310643629,115 139 41 193 159 18 22 146 181 34 160 184 54 177 4 112 35 131 149 123 127 162 151 133 135 154 180 158 53 121 189 152 1 97 100 26 86 101 75 2 120 129 92 57 55 52 179 145 78 25 44 16 171 175 113 31 196 81 40 119 90 165 185 106 178 3 14 49 102 144 62 9 15 148 124 94 63 122 79 80 176 51 137 23 186 114 89 183 143 0 117 46 118 59 65 116 43 42 5 96
10,74973,1764959463310643630,127 70 158 53 121 100 26 86 97 1 101 75 2 120 44 25 145 78 16 171 175 113 31 196 81 90 165 40 185 52 55 57 92 129 152 19 189 94 124 137 148 9 62 102 49 178 106 14 144 15 114 186 23 89 183 143 0 117 108 18 139 41 193 159 22 146 195 181 34 160 42 115 46 118 59 116 65 47 43 184 48 54 177 112 123 131 149 72 51 176 80 151 162 133 79 63 180 154 135 194
11,74686,1764959463310643631,46 115 118 59 116 43 65 149 123 162 133 151 72 51 176 137 23 183 143 0 89 186 15 144 102 49 14 3 178 106 185 40 165 90 81 196 179 92 52 55 57 129 25 78 145 31 113 171 175 16 44 120 75 86 100 26 101 1 2 152 97 189 167 62 9 37 148 124 94 122 80 79 63 121 53 154 180 135 70 127 112 4 190 10 177 54 48 184 160 34 146 22 18 159 181 42 41 193 139 68
12,72763,1764959463310643632,41 193 139 68 69 18 108 140 93 117 143 0 153 183 89 23 137 46 115 118 59 65 116 43 131 149 123 162 151 51 176 80 133 79 122 63 94 124 148 15 9 62 144 14 138 102 49 178 106 185 165 90 40 196 31 113 175 171 16 78 145 92 57 52 55 129 82 25 44 120 2 152 97 1 101 75 86 26 100 121 53 158 180 154 135 70 127 112 84 184 177 54 48 160 34 146 22 159 181 42
13,73738,1764959463310643633,176 137 148 167 152 124 94 122 63 53 121 100 26 86 75 101 97 1 2 129 82 120 25 44 16 171 175 113 31 196 40 90 27 165 185 179 145 78 92 57 55 52 106 178 3 14 144 49 102 62 9 15 186 23 89 183 143 0 117 93 108 18 69 68 46 139 41 193 22 146 34 160 48 54 177 184 42 43 149 65 116 115 59 118 51 151 162 123 35 84 112 127 194 135 70 154 180 133 79 80
14,74595,1764959463310643634,75 86 101 2 152 1 97 26 100 53 158 154 180 121 94 63 79 133 151 51 59 118 46 139 115 116 65 43 131 149 162 135 127 123 112 184 10 177 54 34 160 42 41 193 22 18 108 140 93 117 0 170 143 183 89 114 186 23 137 176 80 124 148 15 9 62 102 49 144 21 164 90 165 119 40 81 196 179 185 138 14 3 178 106 52 55 57 129 82 92 145 31 113 175 171 16 78 25 44 120
15,73311,1764959463310643635,151 162 133 79 63 94 97 1 152 148 167 55 52 106 178 3 49 102 9 62 144 14 165 90 40 185 196 31 56 113 175 171 16 78 145 179 57 92 129 25 44 120 2 75 101 86 26 100 53 158 180 154 135 70 127 123 149 131 35 112 84 184 177 54 48 34 160 42 43 47 65 116 59 51 118 115 5 181 195 103 146 22 159 18 108 69 193 41 139 68 46 0 143 183 89 186 23 137 176 80
16,73479,1764959463310643636,184 54 177 10 4 112 123 127 70 135 154 180 53 121 100 26 86 75 101 1 97 152 2 82 129 167 55 57 92 179 145 78 25 120 44 16 171 175 113 31 196 81 90 27 165 119 40 185 52 106 178 3 138 14 144 49 102 62 9 148 23 89 183 137 124 94 63 122 176 80 79 133 162 151 51 118 59 46 68 0 143 117 108 18 69 139 198 115 116 47 65 43 42 181 41 193 159 22 34 160
17,73314,1764959463310643637,162 151 51 176 80 148 167 129 2 152 124 94 63 53 100 26 97 1 101 86 75 120 44 25 16 171 175 113 31 78 145 92 57 55 52 185 40 81 90 27 165 106 178 49 14 144 102 62 9 15 114 89 183 143 117 0 23 186 137 118 59 116 65 149 43 42 5 96 115 139 198 46 68 140 108 18 22 159 193 41 181 34 160 48 54 177 10 184 35 84 4 112 123 127 70 135 154 180 79 133
18,74466,1764959463310643638,137 51 176 80 122 79 133 151 118 59 65 47 116 43 160 42 115 198 46 0 143 117 68 139 41 193 159 108 18 22 146 34 54 184 177 10 190 84 4 112 127 123 131 149 162 194 135 70 154 180 158 53 63 94 124 189 121 100 26 97 86 75 101 1 152 2 82 120 44 25 78 31 16 171 175 113 81 196 179 145 92 129 57 55 52 185 40 165 106 178 49 14 144 62 9 148 15 186 89 183
19,74511,1764959463310643639,31 78 145 179 92 57 196 40 165 185 55 52 106 178 3 14 144 49 102 9 62 148 186 23 89 183 143 0 117 46 115 68 139 5 42 116 118 59 149 65 47 43 181 41 193 159 18 22 146 34 160 48 54 177 10 190 184 35 84 4 112 127 123 162 133 151 72 51 137 176 80 79 135 70 154 158 86 75 101 1 152 97 26 100 121 53 180 63 94 124 167 129 2 120 44 25 16 171 175 113
20,73748,1764959463310643640,181 42 184 160 34 54 177 10 4 112 84 35 131 149 47 65 116 43 115 59 118 51 176 80 79 133 151 162 123 127 70 135 154 180 158 53 136 63 94 124 189 152 97 1 101 26 100 121 86 75 2 129 120 44 25 16 171 175 113 31 56 78 145 179 92 57 55 52 178 3 106 185 196 81 40 119 165 90 27 39 138 14 144 49 102 62 9 148 137 183 143 170 117 0 46 139 41 193 159 22
21,73075,1764959463310643641,175 113 31 196 81 90 165 119 40 185 138 14 144 102 49 178 106 52 55 167 148 37 9 62 15 137 23 89 183 143 0 117 68 46 115 139 18 159 22 146 34 54 177 10 190 184 160 181 193 41 42 43 131 149 47 65 116 59 51 176 80 79 133 151 162 123 112 127 70 135 154 158 180 63 136 53 121 189 94 124 26 100 86 75 101 1 97 152 2 120 44 25 129 92 57 179 145 78 16 171
22,73670,1764959463310643642,57 129 92 145 78 31 56 113 175 171 16 25 44 120 2 75 86 26 101 1 97 152 189 100 121 136 53 158 180 154 135 70 127 123 162 151 133 79 63 94 124 148 37 62 9 15 186 23 137 176 80 51 118 59 149 131 65 116 43 184 54 34 160 42 181 146 22 159 18 108 140 93 117 68 139 41 193 115 198 46 0 143 183 89 114 144 102 49 14 138 3 178 106 165 27 90 40 185 52 55
23,72546,1764959463310643643,16 25 44 120 82 92 129 2 152 1 75 86 101 97 26 100 121 94 80 176 151 51 118 59 116 65 149 123 162 133 79 63 180 53 158 154 135 112 4 84 184 190 10 177 54 34 160 43 42 181 22 18 108 69 159 193 41 139 115 46 0 117 143 183 89 23 137 186 114 15 148 9 62 102 49 144 14 138 3 178 106 52 55 57 179 185 40 119 165 90 81 196 145 78 157 31 56 113 175 171
24,76312,1764959463310643644,158 154 135 180 79 80 176 51 151 133 162 123 149 131 184 43 116 65 59 118 115 139 193 41 42 181 160 177 54 34 22 18 108 117 143 183 89 23 137 148 167 52 106 178 3 32 49 102 62 9 15 144 14 138 21 7 164 95 39 27 90 165 119 40 185 55 57 129 82 92 78 145 179 196 81 157 31 56 113 175 171 16 25 44 120 2 74 152 97 1 101 75 86 26 100 121 124 94 63 53
25,74628,1764959463310643645,75 2 152 1 97 121 100 26 101 86 53 158 154 70 135 180 63 79 80 176 94 124 167 148 137 51 109 118 59 151 133 162 123 112 184 54 34 160 42 116 65 149 131 43 181 41 193 159 22 18 139 115 46 0 117 143 183 89 23 186 15 9 62 102 49 144 138 14 3 178 106 52 55 57 92 179 78 145 185 40 119 165 39 95 164 27 90 81 196 157 31 56 113 175 171 16 25 44 129 120
26,71509,1764959463310643646,70 135 162 151 51 59 116 65 149 123 112 4 84 190 10 177 54 48 184 160 34 181 42 43 115 139 41 193 159 22 18 108 140 68 46 0 117 143 183 89 186 23 137 176 80 79 133 63 94 124 148 167 55 52 106 178 49 102 9 62 144 14 138 185 119 40 165 27 90 81 196 31 56 113 175 171 16 78 145 92 57 129 82 25 44 120 2 75 86 101 1 152 97 26 100 121 53 158 180 154
27,74372,1764959463310643647,167 111 124 94 189 182 136 63 122 80 176 137 23 186 89 183 143 117 0 46 198 139 68 93 140 108 18 22 159 193 41 115 116 65 43 42 181 146 34 160 54 184 131 149 59 118 51 79 133 151 162 123 127 70 135 154 180 158 53 121 100 26 86 75 101 1 97 152 2 120 44 25 129 57 92 78 16 171 175 113 31 145 179 185 40 90 165 55 52 106 178 49 14 144 102 62 9 15 148 37
28,73399,1764959463310643648,176 46 68 93 117 0 170 143 183 89 23 137 186 15 148 9 62 102 144 14 138 49 178 106 52 55 57 129 92 78 145 179 185 40 165 90 81 196 157 31 56 113 175 171 16 25 44 120 75 2 152 124 94 121 100 26 97 1 101 86 53 158 154 180 63 79 135 70 127 123 112 4 10 177 184 160 34 146 22 199 18 108 69 159 193 41 42 116 65 43 139 198 115 59 118 51 151 162 133 80
29,72505,1764959463310643649,34 160 184 84 35 131 149 47 65 116 43 42 181 146 22 18 108 140 93 117 143 183 89 0 46 139 159 193 41 115 59 118 51 162 151 176 80 79 133 180 63 94 124 137 23 186 15 148 9 62 144 14 49 178 106 185 40 119 165 90 81 52 55 57 179 145 78 31 113 175 171 16 25 44 120 82 92 129 2 152 97 1 101 75 86 26 100 121 53 158 154 135 70 127 123 112 4 177 54 48
30,74282,1764959463310643650,75 86 53 158 180 154 70 135 79 63 94 26 97 152 167 148 137 176 80 133 151 162 123 127 112 35 131 149 65 47 116 43 42 181 184 177 54 48 160 34 146 22 159 193 41 139 69 18 108 140 93 117 68 46 115 59 118 51 0 143 153 183 89 23 186 114 15 9 62 102 144 14 49 178 3 106 52 55 57 185 165 40 196 145 92 129 25 78 157 31 56 113 175 171 16 44 120 2 1 101
31,72502,1764959463310643651,40 119 165 90 81 31 113 175 171 16 25 44 120 2 75 86 101 1 152 97 26 100 121 53 158 180 154 135 70 127 133 151 51 118 59 162 123 112 84 35 131 149 47 65 116 43 184 177 54 48 160 34 146 22 195 181 42 41 193 159 18 108 69 139 115 46 68 117 0 143 183 89 137 176 80 79 63 94 124 148 9 62 167 129 78 145 179 92 57 55 52 106 178 3 49 102 144 14 138 185
32,74393,1764959463310643652,1 101 86 26 100 53 63 79 180 154 135 70 127 123 162 149 131 43 42 5 160 184 35 84 112 4 177 54 34 181 41 193 159 195 146 22 18 108 117 170 143 153 0 46 68 139 198 115 116 47 65 118 59 109 51 151 133 80 176 137 23 183 89 9 62 144 14 165 27 90 40 185 196 31 56 113 175 171 16 25 44 120 75 2 129 78 145 92 57 55 52 106 178 49 102 148 124 94 152 97
33,73834,1764959463310643653,175 171 16 25 44 120 82 92 78 145 179 52 55 57 129 2 152 1 101 75 86 97 26 100 189 121 53 158 154 70 135 180 79 122 80 176 137 89 183 0 143 117 93 108 18 22 34 181 193 41 115 139 68 46 51 118 59 149 131 65 116 43 42 160 48 54 177 184 123 127 162 151 133 63 94 124 148 15 9 62 144 102 49 3 178 106 138 14 21 164 27 90 165 185 119 40 81 196 31 113
34,73067,1764959463310643654,9 62 49 178 106 14 144 21 164 90 165 119 40 185 52 55 57 92 179 145 78 31 56 113 175 171 16 25 44 120 129 2 1 101 75 86 100 26 97 152 124 94 63 122 80 79 133 180 154 53 158 135 70 127 123 24 35 84 112 4 184 131 149 162 151 51 118 46 115 59 65 116 43 42 181 160 48 177 54 34 146 22 159 193 41 139 69 18 108 140 93 117 0 143 183 89 23 137 176 148
35,72312,1764959463310643655,127 112 131 149 65 116 43 5 42 160 184 177 54 34 181 195 146 22 199 18 69 108 140 93 68 139 159 193 41 115 198 46 0 117 143 183 89 186 23 137 176 80 79 63 94 124 148 9 62 144 102 49 14 178 106 165 90 81 40 185 52 55 57 92 179 196 145 78 31 56 113 175 171 16 25 44 120 129 2 152 97 26 100 1 101 75 86 53 158 180 154 70 135 133 51 118 59 151 162 123
36,73508,1764959463310643656,90 165 119 40 185 179 145 92 129 2 75 86 101 1 152 97 26 100 121 63 53 180 154 135 70 127 123 112 149 131 162 151 51 118 59 65 47 116 115 139 41 193 159 181 96 5 42 43 35 184 10 177 54 48 160 34 22 18 108 68 46 0 143 183 114 186 89 23 137 176 80 133 79 94 124 148 9 62 144 14 49 3 178 106 52 55 57 82 120 44 25 78 31 16 171 175 113 56 196 81
37,73464,1764959463310643657,1 101 86 26 100 53 121 94 63 180 158 154 135 70 127 123 112 4 10 177 54 48 34 160 184 42 181 22 193 41 5 43 116 65 162 151 133 79 122 80 176 51 118 59 115 139 46 68 117 0 143 183 89 23 137 186 114 15 37 148 9 62 102 49 14 144 21 164 90 81 196 179 185 40 119 165 138 3 178 106 52 55 57 129 82 92 145 78 31 113 175 171 16 25 44 120 75 2 152 97
38,74196,1764959463310643658,86 101 1 75 2 129 120 44 25 78 16 171 175 113 56 31 157 145 179 196 81 90 27 164 39 165 40 185 106 52 92 57 55 178 3 49 14 144 62 9 15 137 23 89 183 143 117 0 46 139 115 118 59 116 43 42 5 41 193 159 69 108 18 22 146 181 34 160 54 177 184 65 149 123 127 162 72 151 133 79 80 51 176 122 63 94 124 148 167 152 97 26 100 121 53 180 135 70 154 158
39,74188,1764959463310643659,80 176 137 23 148 9 62 102 49 144 186 89 183 153 0 143 117 46 68 108 18 22 34 160 54 177 10 190 184 84 112 127 70 135 154 180 53 100 26 97 1 101 86 75 2 120 44 25 82 92 145 78 16 171 175 113 56 31 179 185 196 81 90 40 119 165 138 14 3 178 106 52 55 57 129 152 124 94 121 182 63 122 79 133 151 162 123 149 131 65 43 42 41 193 139 115 116 59 118 51
40,72131,1764959463310643660,59 131 149 65 116 43 42 5 193 41 115 46 0 89 183 143 117 139 108 18 159 22 146 181 34 160 48 54 184 177 10 190 84 4 112 123 127 70 135 154 180 53 63 94 152 97 1 101 26 86 75 2 129 92 57 55 52 179 145 78 120 44 25 16 171 175 113 31 196 81 90 27 119 40 185 165 138 3 106 178 49 14 144 102 62 9 37 148 15 186 23 137 176 80 79 133 162 151 51 118
41,71757,1764959463310643661,143 0 117 68 46 115 116 43 42 5 139 41 193 159 18 22 146 34 160 48 54 177 10 4 112 84 184 35 123 149 65 59 118 51 176 80 79 133 151 162 127 70 135 154 180 158 53 86 101 75 2 152 1 97 26 100 121 63 122 94 124 148 49 178 106 52 55 57 92 129 120 44 25 16 171 175 113 56 31 78 145 179 196 81 90 165 40 185 138 14 144 62 9 15 114 186 137 23 89 183
42,73510,1764959463310643662,152 2 120 44 25 78 82 129 92 57 55 52 178 106 185 179 145 31 16 171 175 113 56 196 81 40 119 165 39 90 27 164 21 144 14 49 102 62 9 15 148 124 94 189 121 63 80 176 137 23 89 183 143 117 0 46 139 41 193 159 22 146 34 160 181 42 5 43 184 177 10 190 4 112 127 135 123 149 131 47 65 116 115 59 118 51 151 162 133 79 180 154 53 100 26 86 75 101 1 97
43,73540,1764959463310643663,54 177 10 190 4 112 84 184 43 47 65 149 123 127 70 135 154 158 53 180 162 151 133 80 79 63 94 124 152 97 1 101 26 100 86 75 2 129 120 44 25 78 16 171 175 113 56 31 196 145 92 57 55 52 185 40 119 165 90 164 21 14 138 106 178 3 49 144 62 9 148 137 176 51 118 116 42 5 181 193 41 139 68 46 115 59 23 186 89 183 143 0 117 93 108 18 159 22 34 160
44,74400,1764959463310643664,49 3 178 106 185 40 119 165 39 27 90 81 196 145 78 31 113 175 171 16 44 120 92 52 55 57 129 2 152 97 1 101 75 86 100 26 124 94 122 80 176 133 79 63 180 53 158 154 135 70 127 112 4 177 184 160 181 43 42 5 96 139 41 193 159 195 34 103 146 22 18 108 140 93 117 143 183 89 0 68 46 198 115 118 59 116 65 47 131 149 123 162 151 51 137 148 9 62 144 14
45,74278,1764959463310643665,86 26 100 121 180 133 162 151 51 137 176 80 79 63 94 124 97 1 101 75 2 152 167 148 102 49 178 106 52 55 129 120 44 25 16 171 175 113 31 78 145 92 57 185 40 119 165 90 27 164 14 144 62 9 89 183 143 117 0 46 68 140 108 18 22 146 181 159 193 41 139 115 118 59 149 131 47 65 116 105 43 42 160 34 54 177 10 184 35 84 4 112 123 127 194 135 70 154 158 53
46,71916,1764959463310643666,22 159 193 41 42 115 46 68 139 69 18 108 93 117 143 170 0 153 183 89 23 137 186 114 15 148 9 62 144 102 49 14 178 106 52 55 57 179 185 40 119 165 90 81 31 56 113 175 171 16 78 145 25 44 120 82 92 129 2 1 101 75 86 26 97 152 124 94 121 100 53 180 154 135 70 127 123 162 151 133 79 63 80 176 51 118 59 65 116 43 160 184 84 112 4 177 54 34 181 146
47,73103,1764959463310643667,108 18 193 41 159 22 146 34 160 42 43 116 65 118 59 149 131 184 54 177 10 4 112 123 162 127 70 135 154 180 133 79 122 63 53 121 100 26 86 75 101 1 97 189 152 2 129 92 82 120 44 25 78 145 31 16 171 175 113 56 196 81 90 165 119 40 185 179 57 55 52 106 178 3 14 49 102 144 62 9 148 94 80 176 151 51 137 23 89 183 0 170 143 117 46 115 139 68 93 140
48,74348,1764959463310643668,180 154 158 53 86 101 1 75 120 44 25 16 171 175 113 56 31 78 145 179 196 81 90 165 119 40 185 106 138 14 144 62 9 102 49 3 178 52 55 57 92 129 82 2 152 97 26 100 121 63 94 124 148 186 23 89 183 153 143 170 117 0 46 68 139 41 193 159 22 146 34 160 54 184 84 112 149 131 43 42 5 115 116 65 59 118 151 162 123 127 70 135 194 133 51 137 176 80 122 79
49,72956,1764959463310643669,55 178 14 144 49 102 62 9 15 148 167 124 94 137 23 186 89 183 143 117 0 93 108 18 22 159 193 41 139 68 46 115 96 5 181 34 42 43 184 160 54 177 10 4 112 131 149 65 116 59 123 127 70 135 162 151 51 176 80 133 79 63 180 154 53 26 86 75 101 1 97 152 2 82 129 92 179 145 78 25 120 44 16 171 175 113 56 31 157 196 81 90 27 165 119 40 185 106 52 57
50,71931,1764959463310643670,40 185 165 138 14 49 102 144 62 9 148 167 124 94 122 79 63 180 133 162 151 51 80 176 137 23 114 186 89 183 143 0 117 93 140 108 69 18 22 146 159 193 41 139 46 115 59 149 131 65 116 43 5 42 181 34 160 184 54 177 4 112 123 127 70 135 154 53 121 100 26 86 75 101 1 97 152 2 129 120 44 25 78 16 171 175 113 56 31 145 92 57 55 178 106 52 179 196 81 90
51,74911,1764959463310643671,59 118 115 41 159 22 146 34 54 184 160 181 42 43 35 112 127 135 154 180 158 53 86 101 75 2 152 1 97 26 100 121 124 94 63 79 80 176 137 23 148 167 3 178 106 52 55 57 92 145 78 82 129 120 44 25 16 171 175 113 56 31 157 196 179 185 119 40 81 90 165 138 14 49 102 144 62 9 15 114 186 89 183 143 117 108 69 18 193 139 46 51 151 133 162 123 149 131 65 116
52,74616,1764959463310643672,44 25 78 16 171 175 113 56 31 196 145 179 185 119 40 81 90 165 14 144 62 9 15 137 23 89 183 143 0 46 139 115 118 109 51 59 65 47 116 43 42 41 193 18 22 146 159 181 34 160 54 177 4 112 84 184 149 123 127 70 135 154 180 79 133 162 151 176 80 122 63 94 124 189 97 26 100 121 136 53 158 86 75 101 1 2 152 167 148 102 49 178 106 52 55 57 92 129 82 120
53,73519,1764959463310643673,56 31 157 196 81 90 27 165 40 185 179 145 92 82 129 57 55 52 106 178 3 32 138 14 49 102 144 62 9 37 148 15 186 23 89 183 137 176 80 151 51 118 59 139 41 193 159 22 18 108 117 143 0 68 46 115 116 65 43 42 184 160 34 48 54 177 112 123 127 70 135 162 133 79 122 94 124 63 180 154 158 53 121 100 26 97 86 75 101 1 152 2 120 44 25 78 16 171 175 113
54,74514,1764959463310643674,82 78 145 179 57 92 55 52 178 3 14 144 62 9 102 49 138 106 185 40 119 165 27 90 81 196 31 113 175 171 16 25 44 120 75 101 1 97 26 100 86 53 158 180 154 70 135 162 133 151 72 51 80 79 63 94 124 122 176 46 139 115 118 59 116 65 123 112 4 84 190 10 177 54 48 184 160 34 146 22 181 42 43 41 193 159 18 117 0 143 183 89 186 23 137 148 167 152 2 129
55,74387,1764959463310643675,106 52 55 57 185 40 119 165 90 81 196 145 78 31 113 175 171 16 44 120 92 129 2 75 1 101 86 53 158 136 121 100 26 97 152 189 124 94 63 122 79 80 176 109 51 151 162 133 180 154 135 70 127 123 112 149 131 43 184 177 54 160 34 146 22 18 108 68 139 41 193 159 181 42 5 116 65 59 118 115 46 0 143 183 89 114 186 23 137 148 167 37 9 62 144 102 49 14 3 178
56,74931,1764959463310643676,79 80 122 63 180 154 53 100 26 86 75 101 1 97 189 94 124 152 2 129 82 120 44 25 16 171 175 113 56 31 157 81 196 179 145 78 92 57 55 52 106 178 3 49 102 14 165 185 40 90 164 7 21 144 62 9 114 15 37 148 176 51 137 186 23 89 183 143 170 117 0 46 115 139 41 193 22 34 181 42 160 54 177 10 184 84 112 35 43 65 116 118 59 151 162 123 127 70 135 133
57,73473,1764959463310643677,159 193 41 139 115 118 59 65 116 43 42 181 34 160 54 177 10 190 184 112 123 162 151 133 79 80 51 176 122 63 180 135 70 154 158 53 121 189 94 124 152 2 101 1 97 26 100 86 75 120 44 16 171 175 113 56 31 78 157 196 81 90 165 119 40 185 106 178 14 144 62 9 102 49 52 55 57 179 145 92 129 167 148 15 186 23 137 89 183 143 0 46 68 140 108 69 18 195 146 22
58,74151,1764959463310643678,135 123 149 131 47 65 59 162 151 133 79 63 122 80 176 137 51 109 118 116 43 160 48 184 10 177 54 34 181 159 195 146 22 18 108 69 193 41 42 5 115 139 46 68 140 93 117 0 170 143 183 89 23 186 114 15 148 9 62 102 49 144 14 165 90 40 185 106 178 52 55 57 124 94 152 97 1 2 129 92 78 145 196 31 56 113 175 171 16 25 44 120 75 101 86 26 100 53 180 154
59,72787,1764959463310643679,41 139 68 46 115 118 51 80 79 133 151 162 59 65 47 116 43 42 184 177 10 4 112 84 35 131 149 123 127 70 135 154 180 158 53 63 94 152 97 26 100 1 101 86 75 2 129 92 82 120 44 25 78 16 171 175 113 31 145 196 40 90 165 185 57 55 52 106 178 3 14 144 62 9 49 102 37 148 176 137 23 186 89 183 143 0 117 93 140 108 69 18 22 146 34 54 160 181 159 193
60,74987,1764959463310643680,177 184 43 116 65 47 131 149 59 118 72 162 123 127 135 154 53 158 180 133 151 109 51 176 80 79 122 63 94 124 189 182 121 100 26 97 152 2 1 101 86 75 120 44 25 82 129 57 92 78 16 171 175 113 56 31 145 179 196 81 90 165 119 40 185 55 52 106 178 3 138 14 144 49 102 9 62 15 148 137 23 186 89 183 143 170 0 117 93 68 46 139 115 42 41 193 22 34 160 54
61,73052,1764959463310643681,117 93 140 68 198 46 115 139 193 159 69 108 18 22 146 34 54 177 160 181 41 5 42 43 116 65 149 184 84 112 127 123 162 72 59 118 51 151 133 79 135 154 180 53 100 26 97 152 1 101 86 75 2 120 44 25 82 129 92 57 179 145 78 31 16 171 175 113 56 196 81 90 40 185 165 138 14 3 178 106 52 55 49 102 144 62 9 148 94 63 80 176 137 23 186 114 89 183 143 0
62,72999,1764959463310643682,160 34 181 146 22 18 159 193 41 42 5 139 68 93 117 143 183 89 186 23 137 0 46 115 59 118 51 72 162 151 133 79 63 122 80 176 148 9 62 102 49 144 14 165 40 185 106 3 178 52 55 57 179 196 81 31 113 175 171 16 78 145 92 129 25 44 120 2 75 1 152 124 94 121 100 26 97 101 86 53 158 180 154 135 70 127 123 149 131 65 116 43 184 84 112 4 10 177 54 48
63,74118,1764959463310643683,116 47 65 59 118 51 137 176 80 79 151 133 162 123 4 112 127 135 154 180 158 53 121 63 122 94 124 152 74 2 101 1 97 26 100 86 75 120 44 25 16 171 175 113 56 31 78 82 129 92 57 179 145 196 81 90 27 164 39 165 119 40 185 55 52 106 178 3 138 14 49 102 144 62 9 148 15 114 186 23 89 183 143 0 117 93 68 46 115 139 41 193 22 34 54 177 184 160 42 43
64,73115,1764959463310643684,86 75 120 44 25 78 145 179 31 16 171 175 113 56 196 81 90 165 119 40 185 106 178 3 14 144 15 186 89 183 137 63 79 80 176 51 133 151 162 123 131 149 59 118 65 116 43 42 5 41 139 115 46 68 0 153 143 170 117 93 140 108 69 18 22 159 193 181 34 160 54 177 184 84 4 112 127 70 135 154 180 53 94 124 148 9 62 49 102 52 55 57 92 129 2 152 97 1 101 26
65,72856,1764959463310643685,1 97 152 55 57 129 2 120 44 25 82 92 179 145 78 31 16 171 175 113 56 196 81 90 27 165 40 185 52 106 178 3 14 144 49 102 62 9 148 15 186 23 89 183 143 0 117 93 108 18 22 159 193 41 139 68 46 198 115 116 65 47 43 42 181 34 160 54 177 184 84 112 123 127 70 135 194 162 149 59 118 51 151 133 180 154 158 53 63 79 80 176 137 124 94 26 100 86 75 101
66,72715,1764959463310643686,144 14 165 40 185 106 178 52 55 57 145 31 113 175 171 16 78 25 44 120 92 129 2 75 86 100 26 97 101 1 152 189 124 94 63 121 53 158 180 154 135 70 127 123 149 131 35 84 112 4 190 10 177 54 48 160 184 43 42 5 115 139 46 68 0 143 117 93 140 108 18 22 195 146 34 181 159 193 41 116 47 65 59 118 51 151 162 133 79 80 176 137 183 89 23 148 9 62 102 49
67,74501,1764959463310643687,167 37 148 137 153 0 46 115 42 116 65 59 118 51 176 80 79 122 124 94 63 180 53 158 154 70 135 133 151 162 123 127 112 149 131 43 184 10 177 54 48 160 34 146 22 159 193 41 139 68 140 93 117 143 183 89 23 186 9 62 102 49 144 14 138 185 3 178 106 52 55 57 92 78 145 179 196 40 165 90 81 31 113 175 171 16 25 44 120 129 2 75 86 121 100 26 97 101 1 152
68,73698,1764959463310643688,63 94 124 152 167 148 15 9 62 144 102 49 178 3 14 21 164 27 90 165 185 40 81 196 179 52 106 55 57 129 92 145 78 31 56 113 175 171 16 25 44 120 2 1 97 101 75 86 26 100 121 136 53 158 180 154 135 70 127 123 149 112 4 84 190 10 177 54 184 160 34 22 159 18 108 139 193 41 42 43 116 65 59 115 198 46 68 117 0 143 183 137 176 118 51 151 162 133 80 79
69,73579,1764959463310643689,22 146 181 42 5 43 160 34 48 54 177 10 184 84 112 123 127 135 154 180 53 86 101 75 2 120 44 25 78 145 31 16 171 175 113 81 196 179 92 57 55 52 178 3 106 185 40 90 27 165 14 144 49 102 62 9 148 167 129 152 1 97 26 100 121 182 63 94 176 80 79 133 151 162 149 131 47 65 116 59 118 51 137 23 186 114 89 183 153 143 0 117 68 46 115 139 41 193 159 18
70,72183,1764959463310643690,44 120 75 86 158 70 127 135 154 180 53 100 26 97 101 1 152 2 129 92 57 179 55 52 178 49 148 124 94 63 79 133 162 123 149 131 112 4 190 10 177 54 184 160 34 181 146 22 18 108 93 117 143 0 68 46 115 139 159 193 41 5 42 43 116 65 59 118 51 151 80 176 137 183 89 23 186 9 62 102 144 14 106 185 40 119 165 90 81 196 157 31 56 113 175 171 16 78 145 25
71,73871,1764959463310643691,159 146 22 18 108 68 46 0 117 143 183 89 9 62 144 49 14 165 40 185 106 178 52 55 57 129 92 179 145 78 31 113 175 171 16 25 44 120 82 2 152 94 124 148 137 51 109 118 59 162 151 133 80 176 122 79 63 136 182 121 100 26 97 1 101 75 86 53 158 154 180 135 70 127 123 112 4 84 184 190 10 177 30 54 48 160 34 181 42 43 131 149 47 65 116 5 115 139 41 193
72,73855,1764959463310643692,162 151 72 59 116 105 65 47 149 131 123 194 127 70 135 154 180 63 94 121 53 86 101 26 97 1 152 2 75 120 44 25 16 171 175 113 56 31 196 81 40 165 185 179 145 78 92 129 57 55 52 106 178 3 14 144 49 102 62 9 37 148 15 186 114 137 23 89 183 143 0 117 108 18 22 146 159 193 181 34 160 54 177 4 112 84 184 43 42 41 139 68 46 115 118 51 176 80 79 133
73,74426,1764959463310643693,86 75 2 152 129 120 44 25 78 92 57 145 31 16 171 175 113 81 196 179 185 40 119 165 39 90 27 164 14 144 15 148 37 9 62 102 49 3 178 106 52 55 167 124 94 63 122 79 80 176 137 23 89 183 143 0 117 93 68 46 139 193 41 42 181 159 22 146 34 160 184 177 4 112 127 123 149 131 43 47 65 116 59 115 118 51 151 133 162 135 70 154 180 53 121 97 1 101 26 100
74,72847,1764959463310643694,89 183 143 117 0 51 109 118 59 115 46 139 41 193 159 69 108 18 22 146 181 42 5 116 47 65 43 184 160 34 54 177 10 4 112 35 131 149 123 127 135 154 180 53 121 100 26 86 75 101 1 97 152 2 82 120 44 25 16 171 175 113 56 31 78 145 92 129 57 55 52 178 106 185 40 81 90 165 14 49 102 144 62 9 15 148 124 94 63 122 79 133 162 72 151 80 176 137 23 186
75,73078,1764959463310643695,162 151 133 80 176 137 51 59 115 139 41 193 159 195 181 160 177 54 34 146 22 18 108 140 68 46 0 117 143 183 89 23 186 114 15 9 62 144 14 49 102 148 124 94 122 79 63 121 97 1 152 129 57 92 145 179 55 52 106 178 3 185 40 165 90 81 196 31 113 175 171 16 78 25 44 120 2 75 101 86 26 100 53 180 154 135 70 127 123 149 131 112 84 184 43 42 5 116 47 65
76,74374,1764959463310643696,43 41 193 159 146 22 18 108 117 143 0 46 68 139 115 116 65 149 162 151 72 59 118 51 133 80 176 137 183 89 9 62 144 102 49 14 138 3 178 106 167 37 148 124 94 189 63 122 79 180 121 100 26 101 1 97 152 2 129 57 55 52 185 40 165 27 90 81 196 157 31 56 113 175 171 16 78 145 92 25 44 120 75 86 53 158 154 135 70 127 123 112 84 184 177 54 160 34 181 42
77,71687,1764959463310643697,62 144 14 102 49 3 178 106 55 52 57 129 92 179 185 40 165 90 81 196 113 175 171 16 31 145 78 25 44 120 2 152 97 1 101 75 86 26 100 121 53 180 154 70 135 133 151 162 194 127 123 149 131 35 84 112 4 184 177 190 10 54 48 160 34 181 146 22 18 108 69 159 193 41 5 42 43 116 65 59 118 115 139 68 46 0 117 143 89 183 137 51 176 80 79 63 94 124 148 9
78,73828,1764959463310643698,159 139 68 140 108 18 22 34 177 10 4 112 84 184 160 42 5 43 116 65 47 131 149 59 51 151 162 123 127 70 135 154 180 133 176 80 79 63 94 189 121 53 100 26 97 1 101 86 75 2 120 44 25 82 92 179 145 78 31 16 175 171 113 196 81 90 27 165 119 40 185 106 178 14 144 102 49 52 55 57 129 152 124 167 148 9 62 15 186 137 23 89 183 143 0 117 46 115 41 193
79,74662,1764959463310643699,82 25 44 120 2 75 86 101 1 97 152 57 55 52 185 178 106 3 49 167 148 124 94 176 80 133 79 63 180 53 158 154 70 135 151 72 162 127 123 149 43 5 42 160 184 190 10 177 30 54 48 34 22 18 108 69 159 193 41 139 68 117 143 0 46 115 116 65 59 118 51 137 23 183 89 186 9 62 102 144 14 138 165 119 40 90 81 196 157 56 113 175 171 16 31 78 145 179 92 129
80,72763,1764959463310643700,102 37 148 9 62 144 14 185 40 119 165 90 81 196 157 56 113 175 171 16 31 78 145 92 129 25 44 120 2 75 1 101 86 53 180 154 135 127 123 149 131 112 4 177 54 184 160 34 103 146 22 18 69 108 140 93 68 46 115 139 41 193 159 181 96 5 42 43 116 65 59 118 51 0 117 143 183 89 186 23 137 176 80 151 162 133 79 63 94 121 100 26 97 152 57 55 52 106 178 49
81,71778,1764959463310643701,3 178 106 52 55 185 40 119 165 90 81 196 113 175 171 16 31 145 179 57 92 78 25 44 120 129 2 152 97 1 101 75 86 26 100 121 53 154 135 127 123 162 151 51 118 59 115 5 42 43 116 65 149 131 112 4 84 35 184 177 54 48 160 34 181 146 22 159 193 41 139 46 68 18 108 117 0 143 183 89 114 186 23 137 176 80 79 133 180 63 94 124 148 15 9 62 102 49 144 14
82,74822,1764959463310643702,159 22 181 42 43 160 34 48 54 177 184 84 112 123 149 131 65 116 115 59 118 51 72 151 162 133 180 135 70 154 158 53 136 121 100 26 1 101 86 75 120 44 25 16 171 175 113 56 31 78 145 179 157 196 81 90 27 164 39 165 40 185 178 106 52 55 57 92 129 82 2 152 97 189 63 79 80 176 137 23 94 124 148 102 49 14 144 62 9 186 89 183 153 0 143 117 46 139 41 193
83,72622,1764959463310643703,123 162 133 79 80 176 151 51 118 59 149 131 184 177 10 4 112 35 65 116 43 42 5 115 41 193 159 181 160 48 54 34 146 22 18 139 46 0 117 143 183 89 186 23 137 94 124 167 148 15 9 62 144 102 49 14 138 3 178 106 52 55 196 185 40 119 165 90 81 31 56 113 175 171 16 25 44 120 78 145 179 57 92 129 2 75 86 101 1 152 97 26 100 53 63 180 154 135 70 127
84,73036,1764959463310643704,44 25 78 145 31 16 171 175 113 196 81 90 165 119 40 185 106 52 55 57 179 92 129 2 152 1 101 97 26 100 189 121 53 180 63 94 148 49 178 3 14 144 62 9 15 186 137 23 89 183 143 0 117 68 46 139 108 18 22 146 159 193 41 5 115 59 118 51 176 80 122 79 133 151 162 123 149 131 47 65 116 43 42 181 34 160 48 54 177 10 184 112 127 135 70 154 158 86 75 120
85,74429,1764959463310643705,63 94 152 148 124 121 53 86 100 26 97 1 101 75 2 129 120 44 78 145 92 57 55 52 178 49 14 106 185 165 40 196 31 16 171 175 113 56 81 90 164 21 144 62 9 15 186 23 89 183 143 117 0 46 68 18 108 159 22 146 181 193 41 139 115 5 42 160 34 48 54 177 10 190 4 112 84 35 184 43 116 65 118 59 149 123 127 70 135 154 180 158 162 151 51 137 176 80 133 79
86,74641,1764959463310643706,1 101 97 26 100 121 63 79 133 162 151 72 109 51 176 80 122 94 124 111 167 49 138 14 144 102 62 9 148 137 15 114 186 23 89 183 143 117 93 140 68 46 115 118 59 65 47 116 43 42 181 195 159 193 41 139 108 18 22 146 34 160 54 10 177 184 84 112 123 127 70 135 154 180 53 86 75 120 44 25 78 92 145 31 16 171 175 113 90 165 40 185 106 178 52 55 57 129 2 152
87,75093,1764959463310643707,157 31 56 113 175 171 16 78 145 44 120 2 129 92 57 55 52 148 152 97 1 101 75 86 100 26 189 121 53 180 154 135 127 123 149 131 47 116 105 43 5 42 184 84 190 10 177 30 54 48 160 34 181 146 22 195 159 193 41 139 115 46 68 69 18 108 117 0 170 143 183 89 51 118 59 65 72 151 162 133 79 63 94 124 80 176 137 9 62 144 14 49 178 106 185 40 165 90 81 196
88,73146,1764959463310643708,179 145 78 31 56 113 175 171 16 25 44 120 92 129 2 1 101 75 86 158 53 121 100 26 97 152 148 124 94 63 122 79 133 180 154 135 70 127 123 162 151 80 176 51 118 59 116 43 65 149 112 84 184 177 10 54 48 160 34 22 18 159 193 41 181 42 5 115 139 46 68 117 0 170 143 183 89 23 137 15 9 62 102 49 14 144 21 164 27 90 165 106 178 52 57 55 185 40 81 196
89,74358,1764959463310643709,158 154 135 127 123 162 133 151 51 118 59 115 198 139 65 116 43 42 160 184 35 84 112 4 10 177 54 48 34 146 22 159 41 193 18 108 140 68 46 0 117 143 183 89 114 9 62 144 102 49 14 165 90 40 185 106 3 178 52 55 167 124 94 148 37 15 186 23 137 176 80 79 63 180 121 152 2 129 92 57 179 145 78 31 113 175 171 16 25 120 82 44 75 86 101 1 97 26 100 53
90,72637,1764959463310643710,118 59 115 46 0 68 198 139 41 193 159 181 160 34 22 18 108 140 93 117 143 183 89 186 23 137 176 80 79 122 63 94 124 148 15 9 62 102 49 144 14 3 178 106 185 40 119 165 39 27 90 81 196 31 56 113 175 171 16 44 25 78 145 179 57 55 52 92 129 82 120 2 152 1 97 26 100 101 75 86 53 180 154 135 70 127 123 112 184 42 5 43 116 65 149 131 162 133 151 51
91,72819,1764959463310643711,44 120 82 129 92 57 55 52 106 178 3 49 167 152 2 75 101 86 100 26 1 97 189 124 94 122 79 63 53 180 154 135 70 127 123 162 151 133 80 176 51 118 59 116 65 149 131 35 112 4 177 184 43 42 160 54 34 146 22 159 193 41 139 115 46 68 117 0 143 183 89 137 148 9 62 102 144 14 21 164 27 90 39 165 185 119 40 81 196 179 145 78 157 31 56 113 175 171 16 25
92,73607,1764959463310643712,152 97 26 1 101 86 75 120 44 25 16 171 175 113 31 78 145 92 179 81 196 185 40 165 90 164 21 14 144 186 89 183 143 0 46 115 41 193 159 139 68 117 93 108 18 22 34 160 48 30 54 184 177 10 190 4 112 35 131 149 43 42 116 47 65 59 118 51 137 176 80 63 79 133 151 162 123 135 154 180 53 100 121 94 124 167 148 15 9 62 102 49 3 178 106 52 55 57 129 2
93,74268,1764959463310643713,119 40 185 179 145 120 44 25 78 31 16 171 175 113 56 196 81 90 21 144 102 49 148 9 62 15 114 186 89 183 143 117 68 139 41 193 159 18 22 146 34 160 181 5 42 43 184 54 177 10 4 112 123 65 116 59 118 115 198 46 0 23 137 176 80 79 133 51 151 162 127 70 135 154 158 180 63 94 121 53 100 26 86 75 101 1 97 152 2 129 92 57 55 52 106 178 3 14 138 165
94,73335,1764959463310643714,34 48 54 177 184 84 4 112 127 70 135 123 131 149 65 116 43 5 42 160 181 159 193 41 139 115 118 59 162 154 180 53 86 101 1 75 120 44 25 16 171 175 113 31 157 81 196 78 145 179 52 55 57 92 129 2 152 97 26 100 94 124 63 79 133 151 51 80 176 137 148 167 178 106 185 40 119 165 90 164 21 138 14 49 102 144 62 9 15 186 89 183 143 0 117 93 108 18 22 146
95,73676,1764959463310643715,151 162 149 59 118 51 176 80 94 124 148 9 62 49 52 55 57 129 2 120 82 92 145 78 25 44 16 171 175 113 56 31 157 196 81 40 165 185 106 178 14 144 15 186 137 23 89 183 153 0 170 143 117 46 115 139 68 93 140 108 69 18 159 22 146 103 34 181 41 193 5 42 116 65 43 35 184 160 54 177 10 4 112 123 127 70 135 154 180 158 53 86 75 101 1 97 152 63 79 133
96,72679,1764959463310643716,15 186 23 137 89 183 143 0 117 68 46 115 139 41 193 159 22 146 34 181 42 160 54 177 184 84 4 112 127 194 123 149 131 43 116 65 59 51 176 80 79 133 151 162 135 70 154 180 63 53 121 100 26 97 1 101 86 75 2 152 94 124 148 37 167 52 55 57 92 129 120 44 25 78 16 171 175 113 56 31 157 145 179 196 81 90 27 39 165 40 185 106 178 3 49 14 144 102 62 9
97,73429,1764959463310643717,26 100 121 94 124 167 49 14 138 3 178 106 185 52 55 57 145 78 92 129 2 120 82 44 25 16 171 175 113 56 31 157 196 81 40 165 90 27 164 144 102 62 9 37 148 15 186 137 23 89 183 143 0 117 108 69 18 22 159 193 41 139 115 46 176 80 63 79 133 162 151 51 59 65 116 43 42 181 160 34 48 54 177 184 35 131 149 123 127 70 135 154 180 53 86 75 101 1 152 97
98,73875,1764959463310643718,124 80 79 133 151 162 127 123 149 131 47 65 116 43 112 84 184 54 160 42 5 181 34 146 195 159 22 18 108 193 41 139 68 93 117 170 143 183 89 0 46 115 59 118 51 176 137 23 186 15 148 9 62 144 49 178 3 14 21 164 90 81 196 40 119 165 185 106 52 55 57 92 129 179 145 78 31 56 113 175 171 16 25 44 120 2 152 1 97 26 101 75 86 53 180 154 70 135 63 94
99,73813,1764959463310643719,196 31 113 175 171 16 25 44 120 78 145 92 57 129 82 2 152 124 94 63 121 86 75 101 1 97 26 100 53 158 180 154 135 127 123 149 65 35 112 84 184 54 160 34 22 146 18 108 68 139 41 193 159 181 42 43 116 115 46 118 59 109 51 151 162 133 79 122 80 176 137 0 93 140 117 143 183 89 23 186 15 148 9 62 102 144 14 49 3 178 106 52 55 185 40 119 165 27 90 81
100,72528,1764959463310643720,112 4 190 10 177 54 48 160 42 181 34 146 22 18 159 193 41 5 116 43 184 84 35 123 162 149 131 47 65 59 51 118 115 139 68 46 0 117 143 183 89 114 186 23 137 176 80 151 133 79 63 94 124 148 9 62 144 14 102 49 178 106 185 52 55 57 129 92 145 179 196 40 165 90 81 31 113 175 171 16 78 25 44 120 2 152 97 1 101 75 86 26 100 53 180 154 70 135 194 127
101,74102,1764959463310643721,10 177 184 160 34 22 159 193 41 139 68 117 46 115 118 59 151 51 176 80 122 94 124 137 0 143 183 89 23 186 148 9 62 144 102 49 14 138 3 178 106 52 55 57 129 82 92 78 145 179 185 40 165 90 81 196 157 31 113 175 171 16 25 44 120 2 75 86 101 1 152 97 26 100 121 53 180 154 135 70 127 63 79 133 162 123 24 149 131 47 65 116 5 42 43 35 84 112 4 190
102,73530,1764959463310643722,79 63 122 80 176 51 137 148 9 62 167 124 94 180 154 135 70 53 100 26 86 75 101 1 97 152 2 120 44 25 16 171 175 113 31 78 145 179 92 129 57 55 52 178 106 185 119 40 196 81 90 27 39 165 138 14 49 144 15 186 23 89 183 143 0 117 68 46 139 193 41 159 69 108 18 22 146 181 34 160 54 184 112 127 123 149 131 65 116 105 47 77 43 42 115 118 59 162 151 133
103,73276,1764959463310643723,144 14 49 3 178 106 52 55 185 165 90 40 196 145 31 56 113 175 171 16 78 25 44 120 82 92 57 129 2 152 1 97 26 100 101 75 86 53 158 154 135 70 127 123 149 131 65 116 59 118 51 151 162 133 79 180 63 80 176 46 198 115 41 193 181 42 5 43 184 84 112 4 190 10 177 54 160 34 146 22 159 18 108 139 68 93 117 143 0 153 183 89 114 186 23 137 94 148 9 62
104,72803,1764959463310643724,113 56 31 196 81 90 165 185 40 119 106 3 178 52 55 167 148 49 138 14 144 102 62 9 15 186 23 137 89 183 143 170 0 117 93 108 18 22 146 159 193 41 115 139 68 46 118 59 116 42 160 34 48 54 177 184 43 65 131 149 162 123 127 70 135 154 158 53 121 180 133 151 51 176 80 79 63 94 124 152 1 101 97 26 100 86 75 2 25 44 120 129 92 57 179 145 78 16 171 175
105,73112,1764959463310643725,54 48 160 181 193 41 115 139 68 46 51 118 59 65 47 116 43 42 184 84 112 35 131 149 123 127 70 135 154 180 158 53 63 122 79 133 151 176 80 94 100 26 97 1 152 2 101 86 75 120 129 55 52 57 92 145 78 25 44 16 171 175 113 56 31 81 90 165 119 40 185 106 178 49 102 138 14 144 62 9 148 186 23 137 183 89 143 0 117 93 108 18 159 22 146 34 30 10 190 177
106,73848,1764959463310643726,18 22 193 41 139 115 46 137 176 51 118 59 149 131 47 65 116 105 43 42 181 34 160 54 177 184 112 127 123 162 151 133 79 80 122 121 100 26 97 101 1 152 2 129 92 82 25 44 120 75 86 158 53 180 135 70 154 63 94 124 148 52 55 57 179 145 78 16 171 175 113 56 31 157 196 81 90 27 165 119 40 185 106 178 3 49 14 144 102 62 9 15 186 23 89 183 143 0 117 108
107,73257,1764959463310643727,175 113 56 31 196 81 90 40 165 185 179 92 129 57 55 52 106 178 49 102 14 144 62 148 186 23 89 183 153 143 117 0 137 176 80 79 133 162 151 51 109 118 59 115 198 46 68 139 108 18 193 41 5 42 181 159 22 146 34 160 48 54 30 177 10 4 112 84 35 184 43 116 65 47 131 149 123 127 135 154 180 63 53 26 94 124 152 2 97 1 86 101 75 120 44 25 145 78 16 171
108,76257,1764959463310643728,127 123 149 131 47 65 116 105 43 42 5 115 139 41 193 181 160 184 84 112 4 190 10 177 54 34 146 22 159 18 108 140 68 46 0 143 183 89 23 137 186 15 144 102 49 14 178 106 52 185 40 165 90 31 113 175 171 16 78 145 44 120 2 152 1 101 75 86 97 26 100 121 189 167 62 9 37 148 124 94 122 80 176 51 118 59 72 151 162 133 79 63 136 53 158 180 154 70 135 194
109,73163,1764959463310643729,90 81 196 31 113 175 171 16 78 145 179 55 92 57 129 82 120 44 25 2 152 97 1 101 75 86 100 26 121 53 154 180 63 122 94 124 167 148 176 80 79 133 151 135 127 123 112 4 190 10 177 184 48 54 30 34 160 181 42 5 41 193 159 22 18 108 117 143 0 46 139 115 43 116 65 149 162 59 118 51 137 183 89 23 186 15 9 62 102 144 14 49 3 178 106 52 185 40 119 165
110,73628,1764959463310643730,70 135 194 162 123 149 131 43 116 65 59 151 133 80 79 63 94 180 154 158 53 26 86 75 101 1 97 152 2 129 106 52 55 57 92 82 120 44 25 145 78 16 171 175 113 56 31 196 81 40 185 165 90 27 164 21 14 3 178 49 102 144 62 9 148 15 186 89 183 23 137 176 51 118 115 41 193 139 46 0 143 117 93 108 69 18 159 22 34 160 181 5 42 184 54 177 10 4 112 127
111,75601,1764959463310643731,124 23 183 89 186 144 14 138 3 178 49 102 62 9 148 167 152 2 129 57 55 52 106 40 185 165 39 27 90 81 196 179 145 157 31 56 113 175 171 16 25 78 92 82 44 120 75 86 100 26 97 1 101 53 180 154 70 135 162 133 151 65 116 59 118 115 46 139 159 193 41 42 43 47 131 149 123 112 184 54 160 34 181 146 22 18 108 93 117 143 0 137 51 176 80 79 122 63 121 94
112,71984,1764959463310643732,149 162 151 133 79 63 94 124 80 176 51 118 59 116 115 46 0 143 183 89 186 23 137 148 9 62 144 14 138 102 49 3 178 106 57 55 52 185 119 40 165 39 27 90 81 196 179 145 78 31 56 113 175 171 16 25 44 120 92 129 2 152 1 101 75 86 97 26 100 121 53 158 180 154 135 70 127 123 112 4 10 177 184 160 34 181 146 22 18 108 140 93 117 68 139 193 41 42 43 65
113,72730,1764959463310643733,116 59 118 51 176 80 151 162 123 127 70 135 154 158 53 180 133 79 63 100 26 86 75 101 1 97 152 94 124 148 102 49 52 55 57 129 2 120 82 92 179 145 78 25 44 16 171 175 113 56 31 157 196 81 90 165 185 40 119 106 178 3 14 144 62 9 15 186 137 23 89 183 143 117 0 46 115 139 108 18 159 22 146 103 34 54 177 184 160 181 193 41 5 42 43 35 112 131 149 65
114,72612,1764959463310643734,101 86 53 180 154 135 70 127 123 131 149 59 118 65 116 43 5 42 184 177 54 160 34 181 146 22 18 108 69 159 193 41 139 115 46 117 143 0 183 89 186 23 137 176 80 51 151 162 133 79 122 63 121 100 26 97 1 152 94 124 167 57 55 52 106 178 3 148 15 9 62 144 102 49 14 138 165 185 40 119 90 81 196 157 31 113 175 171 16 78 145 179 92 129 82 25 44 120 2 75
115,72891,1764959463310643735,55 145 78 16 171 175 113 31 196 81 90 27 165 119 40 185 52 106 178 49 14 144 102 62 9 148 137 183 143 0 117 68 46 198 139 69 108 18 22 146 103 195 159 193 41 115 116 65 43 42 181 34 160 54 30 177 10 4 112 84 184 35 131 149 123 127 70 135 162 133 151 72 59 118 51 176 80 79 63 94 152 2 101 1 97 26 100 121 53 180 154 158 86 75 120 44 25 129 92 57
116,72796,1764959463310643736,25 44 120 78 145 92 57 129 2 152 1 75 86 101 97 26 100 121 124 94 79 63 180 53 158 154 135 70 127 123 149 65 116 59 162 133 151 80 176 51 46 115 139 41 193 159 195 181 42 5 43 184 112 4 10 177 30 54 48 160 34 146 22 18 69 108 117 0 143 183 89 186 23 137 148 9 62 144 102 49 14 138 3 178 106 165 90 40 185 52 55 179 196 81 31 56 113 175 171 16
117,74192,1764959463310643737,40 196 145 78 92 57 129 82 25 31 56 113 175 171 16 44 120 2 75 86 121 100 26 97 101 1 152 124 94 122 79 133 63 136 53 158 180 154 135 70 127 151 162 123 112 4 190 10 177 54 48 34 160 184 42 43 116 65 149 59 118 51 80 176 137 46 115 139 41 193 159 181 195 146 22 18 108 117 143 183 89 23 186 114 15 148 37 9 62 144 14 49 178 106 52 55 185 165 27 90
118,73411,1764959463310643738,117 143 0 46 68 139 115 118 59 151 133 79 136 182 63 122 80 176 51 137 23 183 89 186 15 62 9 148 49 102 144 14 165 90 81 40 185 106 178 52 55 57 179 145 31 113 175 171 16 78 25 44 120 75 2 129 92 167 124 94 152 97 1 101 86 26 100 121 53 180 154 135 70 127 162 123 112 4 190 10 177 54 34 160 184 84 35 149 65 116 43 42 181 41 193 159 146 22 18 108
119,74377,1764959463310643739,124 167 148 137 23 183 89 186 9 62 144 14 49 178 106 165 40 185 52 55 57 179 78 145 196 81 31 56 113 175 171 16 25 44 120 92 129 2 75 86 101 1 152 97 26 100 189 121 53 158 154 70 135 180 79 133 162 194 127 123 149 131 65 116 5 42 43 112 4 177 184 54 48 160 34 181 146 22 18 108 159 193 41 139 115 46 68 93 117 143 0 118 59 51 151 176 80 122 63 94
120,74206,1764959463310643740,94 124 167 49 3 178 106 52 185 119 40 179 55 57 92 129 120 44 25 145 78 16 171 175 113 56 31 157 196 81 90 27 165 138 14 144 102 62 9 148 176 80 122 79 133 151 51 118 59 162 123 149 131 47 65 116 115 139 46 0 137 89 183 143 117 93 140 108 69 18 22 146 34 48 54 177 10 184 160 181 193 41 42 43 112 127 70 135 154 180 53 86 75 2 152 1 101 97 26 63
121,72898,1764959463310643741,46 68 139 115 59 151 51 176 80 122 94 124 167 148 137 23 183 89 186 15 9 62 144 102 49 14 178 106 52 55 185 165 90 119 40 81 196 145 78 31 56 113 175 171 16 25 44 120 82 57 92 129 2 152 97 1 101 75 86 26 100 53 158 154 180 63 79 133 162 135 70 127 123 112 84 35 131 149 47 65 116 43 42 184 177 54 160 34 181 146 22 159 41 193 18 108 117 143 170 0
122,74305,1764959463310643742,177 54 48 34 160 184 131 149 65 116 43 42 181 5 96 41 193 159 195 146 22 18 117 143 170 0 46 68 139 198 115 118 59 72 162 151 51 137 176 80 133 79 63 94 26 97 1 152 167 148 23 183 89 186 15 9 62 102 144 14 49 178 3 106 52 55 185 40 165 27 90 81 196 145 31 113 175 171 16 78 25 44 120 92 57 129 2 75 101 86 100 121 53 180 154 135 70 127 123 112
123,74179,1764959463310643743,79 80 176 137 46 115 139 41 193 159 146 22 18 117 0 143 183 89 186 23 114 15 148 9 62 144 102 49 178 55 52 106 185 40 119 165 138 14 21 164 27 90 81 196 31 113 175 171 16 25 44 120 78 145 179 57 92 129 82 2 152 94 124 12 122 63 121 100 26 97 1 101 75 86 53 158 180 154 135 70 127 112 4 177 184 160 34 181 42 43 116 65 59 118 51 151 162 149 123 133
124,74034,1764959463310643744,53 70 127 135 154 180 121 100 26 97 189 63 79 133 80 176 51 151 162 123 112 35 131 149 65 47 43 116 59 118 46 115 42 160 184 10 177 54 48 34 22 18 108 69 159 193 41 139 68 117 0 143 183 89 23 137 186 114 15 94 124 167 148 9 62 102 49 144 14 138 3 178 106 52 55 185 40 165 90 81 196 57 92 129 25 78 145 31 113 175 171 16 44 120 2 152 1 101 75 86
125,72816,1764959463310643745,49 14 138 3 178 106 52 55 185 40 119 165 90 81 196 31 56 113 175 171 16 78 145 92 57 129 82 25 44 120 2 152 1 101 75 86 100 26 97 189 124 94 80 176 51 118 59 162 151 133 79 122 63 182 121 53 158 180 154 70 135 194 127 123 149 131 65 116 43 184 177 54 48 34 160 42 41 181 146 22 18 159 193 139 115 46 68 117 0 143 183 89 23 137 186 15 148 9 62 144
126,72061,1764959463310643746,57 55 52 106 178 49 102 144 14 185 40 165 90 81 196 157 31 56 113 175 171 16 44 120 75 101 86 53 180 154 135 70 127 123 162 133 151 51 118 59 65 116 43 5 42 181 160 184 84 112 4 10 177 54 34 22 159 193 41 115 139 18 108 140 93 68 46 0 117 170 143 183 89 114 15 62 9 148 186 23 137 176 80 79 63 94 124 121 100 26 97 1 152 2 82 25 78 145 92 129
127,75372,1764959463310643747,183 153 0 143 117 68 46 198 139 41 193 159 18 22 146 181 34 160 184 42 43 105 116 47 131 149 65 115 59 118 109 51 176 80 63 79 133 151 72 162 123 127 70 135 154 180 158 53 136 121 100 26 86 97 1 101 75 120 44 25 92 129 2 152 94 189 124 148 167 49 3 178 106 52 55 57 185 40 196 145 78 16 171 175 113 31 81 90 165 138 14 144 102 62 9 15 186 137 23 89
128,73168,1764959463310643748,2 129 92 78 145 179 57 167 148 15 9 62 144 14 138 102 49 3 178 106 52 55 185 40 119 165 39 27 90 81 196 157 31 56 113 175 171 16 25 44 120 75 86 26 100 121 53 154 180 133 151 162 135 127 123 112 4 177 184 43 116 65 59 118 115 5 42 181 160 54 34 103 146 22 159 41 193 139 69 18 108 68 46 0 143 183 89 23 137 51 176 80 79 63 94 124 152 97 1 101
129,73589,1764959463310643749,90 81 196 157 31 113 175 171 16 25 44 120 75 101 86 26 100 121 53 180 154 135 70 127 123 194 162 149 131 112 4 10 177 54 160 34 146 22 18 159 193 41 42 184 43 116 65 59 115 139 46 68 117 0 143 183 89 137 176 51 109 118 72 151 133 79 80 122 63 94 124 148 15 9 62 102 144 14 49 167 152 97 1 2 129 82 78 145 179 92 57 55 52 106 178 3 185 40 119 165
130,73959,1764959463310643750,183 89 23 137 148 9 62 102 49 144 14 165 90 81 196 40 185 106 178 52 55 57 129 92 179 145 78 31 113 175 171 16 25 44 120 2 75 86 100 26 97 101 1 152 189 94 124 176 80 79 63 182 121 53 158 154 180 133 135 70 127 112 4 177 54 184 123 162 151 51 118 59 149 131 77 43 47 65 116 115 139 193 41 42 160 48 34 181 146 22 159 18 108 68 46 0 117 170 143 153
131,75683,1764959463310643751,114 186 23 137 176 80 122 63 94 124 148 9 62 144 14 138 102 49 3 178 106 165 90 40 185 55 52 167 57 129 92 78 145 179 196 81 31 113 175 171 16 44 120 2 152 97 1 101 75 86 100 26 19 189 121 182 136 53 158 180 154 70 135 79 133 162 127 123 149 59 151 51 118 46 139 41 115 116 65 43 184 10 177 54 48 160 34 42 181 146 22 159 193 18 108 117 0 143 183 89
132,74216,1764959463310643752,170 117 0 46 115 139 193 159 22 146 34 181 41 42 43 184 160 54 177 10 4 112 131 149 65 116 59 118 51 72 151 133 162 123 127 70 135 154 180 53 100 26 97 121 63 79 122 94 124 167 52 55 57 179 92 129 152 1 101 86 75 2 82 120 44 25 16 171 175 113 31 78 145 196 81 90 165 40 185 106 178 3 49 102 14 144 114 186 15 62 9 37 148 80 176 137 23 89 183 143
133,74292,1764959463310643753,114 15 148 37 9 62 102 49 144 14 138 3 178 106 185 40 165 90 81 196 31 56 113 175 171 16 44 25 78 145 179 52 55 92 57 129 120 2 152 1 75 86 101 97 26 100 94 122 79 63 182 121 53 158 180 154 135 127 123 184 10 177 54 34 48 160 181 146 22 159 193 41 5 42 43 65 116 115 139 18 108 117 143 170 0 46 118 59 51 151 162 133 80 176 137 153 183 89 23 186
134,72234,1764959463310643754,135 154 180 158 53 63 94 100 26 97 1 101 86 75 120 44 145 78 16 171 175 113 56 31 196 81 119 40 185 165 90 164 7 21 144 102 49 14 178 106 52 55 57 92 129 2 152 167 148 9 62 186 23 89 183 143 117 0 137 176 80 122 79 133 162 151 51 109 118 59 149 131 65 116 43 42 159 193 41 139 115 46 68 108 18 22 146 34 160 184 48 54 177 10 190 4 112 123 127 70
135,75139,1764959463310643755,137 23 89 183 9 62 144 14 49 3 178 106 52 55 57 92 179 185 40 119 165 27 90 81 196 145 78 31 56 113 175 171 16 25 44 120 82 129 2 75 86 101 1 152 148 124 94 189 19 97 26 100 121 182 122 80 79 63 180 53 158 154 135 70 127 123 112 35 43 42 160 184 177 54 48 34 181 41 193 159 146 22 18 139 117 143 0 46 115 116 65 149 59 118 72 151 162 133 51 176
136,74097,1764959463310643756,131 65 116 43 42 184 177 54 48 160 34 181 146 22 159 193 41 139 108 18 69 140 93 117 143 183 89 0 68 46 198 115 59 118 109 51 176 80 151 162 133 180 63 79 122 94 137 15 62 9 148 167 55 52 106 178 49 102 144 14 138 185 40 165 27 90 81 196 92 145 78 16 171 175 113 31 179 57 129 82 25 44 120 75 2 152 97 1 101 86 26 100 121 53 158 154 135 127 123 149
137,75637,1764959463310643757,42 115 139 41 193 159 108 18 22 146 34 177 54 48 160 184 149 151 162 123 127 70 135 154 180 53 86 101 100 26 97 152 1 75 2 120 82 129 92 78 25 44 16 171 175 56 113 31 157 145 179 91 196 81 90 165 164 21 14 144 102 49 178 106 3 138 119 40 185 52 55 57 167 124 94 121 182 63 122 79 133 80 176 148 9 62 15 137 23 89 183 143 117 0 46 118 59 65 116 43
138,73278,1764959463310643758,176 59 116 65 47 131 149 123 112 4 84 184 43 42 160 48 177 54 34 181 146 22 18 159 193 41 139 115 198 46 68 140 93 117 0 170 143 183 89 23 137 186 15 148 37 9 62 144 102 49 178 106 14 185 40 165 90 81 196 52 55 57 92 145 78 31 113 175 171 16 25 44 120 129 2 152 124 94 63 121 100 26 97 1 101 75 86 53 158 180 154 70 135 194 127 162 151 133 79 80
139,72567,1764959463310643759,178 3 14 21 164 165 185 40 119 90 81 196 157 31 113 175 171 16 25 44 120 82 92 78 145 179 57 129 2 152 97 1 101 75 86 26 100 53 121 94 63 122 79 133 151 80 176 137 51 118 59 162 180 154 135 70 127 123 65 116 43 42 181 160 48 184 84 112 4 177 54 34 146 22 18 159 193 41 115 139 46 68 93 117 0 143 183 89 23 186 15 148 9 62 144 102 49 55 52 106
140,73089,1764959463310643760,118 51 46 68 139 115 41 193 159 146 22 18 69 108 117 0 143 183 89 23 186 15 9 62 144 102 49 14 178 106 52 55 185 40 165 90 81 145 78 31 113 175 171 16 25 44 120 2 75 101 1 97 152 129 92 179 57 167 148 137 124 94 26 86 100 121 53 158 154 180 63 79 176 80 133 151 162 194 135 70 127 123 149 131 35 112 4 10 177 54 184 160 34 181 42 5 43 116 65 59
141,74010,1764959463310643761,4 112 84 184 160 181 42 43 116 65 47 131 149 151 162 123 127 194 135 70 154 180 158 53 86 101 1 75 2 120 44 16 171 175 113 31 81 196 179 145 78 25 129 92 57 55 152 97 26 100 121 124 94 63 79 133 80 176 51 59 115 46 0 23 137 148 102 49 178 106 52 185 40 90 27 165 14 144 62 9 15 186 89 183 143 117 68 139 41 193 159 18 22 146 34 48 54 177 10 190
142,73239,1764959463310643762,22 146 34 160 54 177 184 42 193 41 43 116 65 47 131 149 59 118 51 151 176 80 122 63 79 133 180 135 70 127 123 162 154 158 53 100 26 121 94 124 152 97 1 101 86 75 2 120 44 25 82 129 92 57 55 52 179 145 78 16 171 175 113 31 157 196 81 90 27 165 119 40 185 106 3 178 138 14 144 49 102 62 9 148 15 186 137 23 89 183 143 170 117 0 46 115 139 68 108 18
143,72687,1764959463310643763,159 193 41 18 69 108 140 93 117 143 183 89 23 186 114 15 144 14 49 102 62 9 148 137 176 80 133 79 63 94 152 97 26 100 101 1 2 129 78 145 179 92 57 55 52 178 106 165 90 40 185 196 31 56 113 175 171 16 25 44 120 75 86 53 158 180 154 135 70 127 123 162 151 51 109 59 118 46 0 68 139 198 115 42 43 116 65 47 149 131 184 84 112 4 177 54 160 34 146 22
144,72902,1764959463310643764,181 146 22 159 193 41 139 69 18 108 68 115 46 0 143 183 89 23 137 186 15 9 62 144 102 49 14 138 52 55 57 179 92 129 2 75 120 44 25 78 145 31 16 171 175 113 56 157 196 81 90 27 165 119 40 185 106 178 3 167 148 176 80 133 79 122 63 94 152 97 1 101 86 26 100 53 180 154 135 70 127 123 162 151 51 118 59 149 131 65 116 43 5 42 160 48 184 177 54 34
145,74666,1764959463310643765,34 146 22 159 41 193 18 108 140 68 46 139 115 116 65 59 118 151 51 176 137 23 0 117 143 183 89 186 15 9 62 144 14 49 178 55 52 106 138 21 7 164 27 90 165 40 185 196 81 56 113 175 171 16 31 145 179 57 92 78 25 44 120 129 2 75 86 100 26 101 1 97 152 189 94 124 148 80 133 79 63 182 121 53 158 180 154 70 135 162 149 123 127 112 84 184 43 42 160 54
146,72135,1764959463310643766,162 194 127 70 135 154 180 53 121 100 26 86 101 75 1 97 152 124 94 63 79 80 176 137 23 186 15 148 9 62 102 49 178 106 52 55 57 179 145 78 92 129 2 120 44 25 16 171 175 113 56 31 157 196 81 90 165 119 40 185 138 14 144 114 89 183 143 117 0 46 68 139 41 193 159 18 22 146 34 54 177 48 160 42 43 184 35 84 4 112 123 149 65 116 115 59 118 51 151 133
147,72332,1764959463310643767,131 149 47 65 116 43 42 5 159 193 41 115 139 68 93 117 143 0 46 118 59 51 151 162 133 79 80 176 137 183 89 23 186 148 9 62 144 14 102 49 138 178 3 106 52 55 57 92 179 185 40 119 165 27 90 81 196 145 78 31 56 113 175 171 16 25 44 120 82 129 2 152 124 94 63 121 100 26 97 1 101 75 86 53 180 154 135 70 127 123 112 4 177 54 34 146 22 181 160 184
148,73872,1764959463310643768,137 23 186 15 148 37 9 62 102 49 14 144 21 7 164 90 165 119 40 185 106 138 3 178 52 55 57 129 92 179 145 78 31 113 175 171 16 25 44 120 2 152 94 121 100 26 97 1 101 75 86 53 158 154 180 63 79 133 151 162 123 135 70 127 112 177 54 48 184 43 116 65 131 149 59 118 115 41 193 139 42 181 160 34 22 159 18 108 140 68 46 0 117 170 143 183 89 51 80 176
149,72194,1764959463310643769,146 181 34 54 177 4 112 123 127 70 135 154 180 53 121 100 26 86 75 101 1 97 152 2 129 82 120 44 25 78 145 31 16 171 175 113 196 81 90 165 119 40 185 179 92 57 55 52 106 178 3 138 14 144 49 102 62 9 148 186 23 89 183 143 117 0 137 176 80 122 124 94 63 79 133 162 151 51 118 59 65 116 43 149 131 184 160 42 5 115 46 68 139 41 193 108 18 159 195 22
150,74975,1764959463310643770,135 154 180 53 86 75 120 82 44 25 16 171 175 113 31 196 185 40 90 165 14 144 102 49 178 106 52 55 57 145 78 92 129 2 101 1 97 152 167 148 37 9 62 15 186 23 46 115 43 42 5 41 193 139 68 0 153 89 183 143 117 93 140 18 108 159 22 195 146 103 34 181 160 54 177 10 190 184 84 4 112 149 65 47 116 59 118 51 176 137 124 94 63 79 80 133 151 162 123 127
151,73179,1764959463310643771,100 97 152 94 124 148 186 23 89 183 143 170 117 93 0 46 68 139 108 18 22 146 159 193 41 115 116 65 43 42 160 34 48 54 184 177 10 190 4 112 131 149 59 51 151 162 123 127 70 135 154 180 63 122 79 133 80 176 137 15 9 62 102 49 144 14 138 178 3 106 55 179 145 78 25 16 175 171 113 31 196 81 90 165 40 185 52 57 92 129 44 120 2 1 101 75 86 53 121 26
152,76068,1764959463310643772,183 143 0 117 108 18 22 159 193 41 139 46 115 59 116 42 34 160 184 43 65 149 131 123 127 194 135 70 154 158 53 100 121 136 180 63 122 79 133 162 151 118 51 137 176 80 94 152 97 1 101 26 86 75 2 129 57 55 179 145 92 82 120 44 25 78 16 171 175 113 31 196 81 40 119 90 27 164 7 95 39 165 185 52 106 178 3 167 148 37 102 49 138 14 144 62 9 15 186 89
153,72732,1764959463310643773,57 92 145 78 31 56 113 175 171 16 25 44 120 82 129 2 152 97 1 101 75 86 26 100 121 53 158 63 79 180 154 135 127 123 162 151 133 51 118 59 65 47 116 43 42 160 184 190 10 177 54 48 34 181 146 22 159 193 41 139 115 46 0 143 183 89 186 23 137 176 80 122 94 124 111 167 148 15 9 62 144 102 49 14 138 3 178 106 52 55 185 40 119 165 39 27 90 81 196 179
154,72650,1764959463310643774,22 159 193 41 115 198 139 18 108 68 46 0 117 143 183 89 23 137 186 114 15 148 37 9 62 144 102 49 14 138 165 27 90 81 196 40 185 106 178 52 55 57 129 92 145 78 31 113 175 171 16 44 120 75 86 101 1 2 152 97 26 100 53 94 63 79 176 80 51 118 59 162 151 133 180 154 135 70 127 123 112 4 10 177 54 48 184 131 149 47 116 65 105 43 42 181 160 34 103 146
155,74165,1764959463310643775,4 112 127 123 162 151 72 51 118 59 149 131 47 65 116 42 43 115 46 137 176 80 79 133 135 70 154 180 158 53 100 26 97 121 182 63 94 152 1 101 86 75 2 82 120 44 25 92 129 167 148 102 49 178 106 52 55 57 179 145 78 16 171 175 113 56 31 196 81 90 119 40 185 165 138 14 144 62 9 15 186 89 183 143 0 117 93 140 68 139 41 193 159 18 22 146 34 160 184 177
156,73642,1764959463310643776,22 18 108 68 46 0 117 143 183 89 23 186 15 144 14 138 165 90 81 196 40 119 185 55 52 106 178 49 102 62 9 137 51 176 80 79 63 94 124 148 167 57 129 92 145 31 113 175 171 16 78 25 44 120 75 86 101 1 2 152 97 26 53 154 180 70 135 133 151 72 118 59 162 123 127 112 4 10 177 54 48 184 35 131 149 47 65 116 43 42 5 96 115 139 41 193 159 181 160 34
157,73804,1764959463310643777,145 179 196 81 113 175 171 16 31 25 44 120 2 152 167 148 124 94 189 121 100 26 97 1 101 75 86 53 158 154 180 63 122 79 80 176 51 151 133 162 118 59 65 116 43 184 149 123 135 127 112 4 177 54 160 34 22 18 159 193 41 42 115 139 198 46 68 117 0 143 183 89 137 23 186 114 15 9 62 144 102 49 14 21 7 164 27 90 165 119 40 185 106 178 52 55 57 129 92 78
158,73094,1764959463310643778,94 63 79 180 154 70 135 162 72 151 133 80 176 51 59 118 5 42 43 116 47 65 131 149 123 112 177 54 184 160 34 181 146 22 18 108 159 193 41 139 115 46 68 93 117 0 143 183 89 23 137 186 15 148 9 62 102 49 144 14 138 165 106 3 178 52 55 57 179 185 119 40 90 81 196 157 56 113 175 171 16 31 78 145 92 129 25 44 120 2 101 75 86 53 121 100 26 97 1 152
159,74658,1764959463310643779,178 185 106 138 14 21 7 164 27 90 39 165 119 40 81 196 179 145 78 31 113 175 171 16 25 44 120 92 57 52 55 129 2 75 101 1 152 97 26 100 86 53 63 94 124 80 79 133 135 180 158 154 70 127 123 112 4 177 54 34 160 184 131 149 162 151 59 118 115 65 116 43 42 181 159 195 146 22 18 193 41 139 46 68 117 143 170 0 51 176 137 89 183 23 148 9 62 144 102 49
160,73349,1764959463310643780,15 114 89 183 143 0 118 59 116 65 149 184 43 42 115 139 46 68 93 140 108 18 193 41 159 22 146 34 160 48 54 30 177 10 4 112 123 127 70 135 162 151 133 79 180 154 53 121 100 26 97 86 75 101 1 152 94 63 122 80 176 51 137 23 186 148 37 167 106 185 40 165 90 81 196 31 113 175 171 16 25 44 120 2 129 82 78 145 179 92 57 55 52 178 49 14 144 102 62 9
161,73436,1764959463310643781,26 100 121 182 136 53 86 101 75 2 120 44 25 16 171 175 113 56 31 78 145 92 57 179 196 81 90 165 40 185 55 52 106 178 3 138 14 49 102 144 62 9 148 15 186 137 23 89 183 143 0 117 93 68 46 51 151 162 118 59 65 47 116 115 139 18 22 159 193 41 42 43 160 34 54 177 10 184 84 112 131 149 123 127 70 135 154 158 180 133 79 80 176 122 63 94 124 152 1 97
162,73291,1764959463310643782,145 92 129 57 55 179 196 81 90 27 39 165 40 185 52 106 178 3 49 138 14 144 102 62 9 148 15 186 137 23 89 183 143 117 0 46 68 139 108 18 22 34 48 54 177 184 160 181 159 193 41 5 42 43 65 116 115 59 118 51 151 133 162 123 127 70 135 154 180 158 53 121 182 63 79 80 176 122 94 189 26 100 86 75 101 1 97 152 124 167 2 120 44 25 16 171 175 113 31 78
163,73391,1764959463310643783,5 181 146 22 159 193 41 96 115 139 68 140 93 117 46 0 143 183 89 186 9 62 144 14 138 165 90 119 40 185 55 52 106 178 49 102 148 124 94 97 101 1 152 2 129 57 92 78 145 179 196 81 157 31 113 175 171 16 25 44 120 75 86 26 100 53 158 180 154 135 70 127 123 162 133 79 63 122 80 176 137 51 151 118 59 65 116 43 131 149 112 4 84 184 10 177 54 34 160 42
164,72928,1764959463310643784,26 189 124 94 63 121 53 158 180 154 135 70 127 123 112 4 177 54 184 65 116 43 42 41 193 181 160 34 146 22 159 18 108 140 93 117 143 183 89 0 46 68 139 115 59 118 51 151 162 133 79 80 176 137 15 62 9 148 167 152 97 1 101 2 129 92 57 55 52 106 178 3 49 144 14 138 185 119 40 165 27 90 81 196 145 78 179 157 31 56 113 175 171 16 25 44 120 75 86 100
165,73913,1764959463310643785,157 56 113 175 171 16 31 78 25 120 44 82 129 2 152 97 1 101 75 86 26 100 53 121 124 94 63 122 79 80 176 51 118 151 162 133 154 180 135 70 127 123 149 131 184 84 112 4 177 54 34 22 18 108 139 41 193 159 181 160 42 5 116 43 65 59 115 46 117 143 0 183 89 114 186 23 137 148 9 62 102 144 14 138 49 106 178 52 57 55 185 40 165 27 90 81 196 179 92 145
166,72866,1764959463310643786,118 109 51 176 80 151 133 135 70 154 180 158 53 86 75 101 1 97 26 100 121 63 79 94 152 2 120 44 129 92 57 55 179 145 78 16 171 175 113 31 196 81 90 165 119 40 185 52 106 178 49 14 144 102 62 9 148 23 89 183 137 46 115 139 68 0 143 117 93 140 108 18 193 41 159 22 146 34 48 160 181 42 5 43 116 65 47 149 131 35 184 54 177 10 4 112 127 123 162 59
167,74125,1764959463310643787,175 171 16 25 44 120 129 92 57 55 52 178 49 102 62 9 148 167 2 75 86 101 1 100 26 97 152 94 63 122 80 176 51 118 151 162 133 79 180 121 53 158 154 70 135 194 127 123 149 131 47 65 43 116 59 115 5 42 160 184 54 34 146 181 41 193 159 22 18 69 108 140 93 117 68 139 198 46 0 143 183 89 23 137 15 144 14 138 106 185 40 165 90 81 196 145 78 31 56 113
168,73560,1764959463310643788,54 177 4 112 131 149 65 59 118 51 151 133 162 123 127 70 135 154 158 180 79 80 176 122 63 182 136 53 121 100 26 86 101 75 2 152 1 97 94 124 167 178 106 52 55 57 92 129 82 120 44 25 16 171 175 113 56 31 78 145 179 185 40 81 90 165 14 49 144 62 9 148 137 23 186 89 183 143 0 117 68 46 139 108 18 22 146 159 193 41 115 116 5 181 42 43 184 160 34 48
169,73701,1764959463310643789,122 80 176 51 118 59 115 116 43 47 65 149 162 151 133 79 180 121 100 26 97 1 101 75 86 53 158 154 135 70 127 123 112 4 190 10 177 54 34 160 184 42 5 181 195 146 22 159 41 193 18 108 69 139 68 46 0 117 143 183 137 15 9 62 144 14 102 49 3 178 106 165 90 40 185 52 55 57 129 92 145 78 179 196 81 31 56 113 175 171 16 44 120 2 152 167 148 124 94 63
170,73728,1764959463310643790,112 184 160 181 193 41 42 43 116 65 131 149 59 118 151 51 137 176 80 122 79 133 162 123 127 135 154 158 53 180 63 94 124 152 1 97 26 100 121 86 101 75 2 120 44 25 78 31 16 171 175 113 56 81 196 179 145 92 129 57 55 52 185 40 90 165 106 178 3 49 14 144 102 62 9 148 15 64 114 186 23 89 183 143 0 117 68 46 198 115 139 108 18 159 22 146 34 54 177 4
171,72626,1764959463310643791,149 162 133 79 151 59 118 109 51 176 80 94 124 137 23 186 114 15 148 9 62 102 49 144 14 3 178 106 185 40 165 90 81 196 52 55 57 92 179 145 78 31 56 113 175 171 16 25 44 120 82 129 2 152 97 1 101 75 86 26 100 121 63 180 53 158 154 135 70 127 123 184 10 177 54 48 160 34 181 42 43 41 193 159 22 18 108 140 93 117 143 183 89 0 46 68 139 115 116 65
172,72131,1764959463310643792,4 84 184 190 10 177 54 48 160 34 103 146 22 18 159 193 41 181 42 43 47 65 116 115 139 46 68 117 0 143 183 89 23 137 94 124 148 9 62 102 49 144 14 3 178 106 52 55 57 179 185 40 119 165 27 90 81 196 31 113 175 171 16 78 145 25 44 120 92 129 2 152 1 97 26 100 53 101 75 86 158 180 63 122 79 80 176 51 118 59 149 162 151 133 154 135 70 127 123 112
173,73463,1764959463310643793,112 84 184 177 54 160 34 146 22 18 69 108 93 117 0 170 143 183 89 137 94 124 167 148 15 9 62 144 102 49 14 3 178 106 52 55 57 185 40 165 27 90 81 196 179 92 129 145 78 31 113 175 171 16 44 120 75 2 152 97 1 101 86 26 100 121 53 158 154 70 135 180 136 63 122 79 80 176 51 118 59 65 116 115 198 46 68 139 41 193 159 181 42 43 149 162 151 133 123 127
174,73574,1764959463310643794,133 162 123 127 135 70 154 180 63 94 124 121 53 100 26 97 1 101 86 75 120 44 25 16 171 175 113 56 31 78 145 196 81 90 119 40 185 165 14 144 62 9 102 49 178 106 52 55 57 92 129 82 2 152 167 148 15 186 23 89 183 143 0 117 93 108 69 18 159 193 41 5 42 181 22 146 34 160 43 116 65 184 84 112 35 131 149 59 118 115 139 68 46 51 151 137 176 80 122 79
175,73367,1764959463310643795,93 117 0 143 183 89 186 23 137 148 9 62 102 144 14 49 3 178 106 185 40 119 165 27 90 81 196 157 85 56 113 175 171 16 31 38 78 145 179 52 55 57 92 129 82 25 44 120 75 86 101 2 152 1 97 26 100 121 94 63 53 158 180 154 135 70 127 123 162 151 133 79 122 80 176 51 118 59 115 46 139 43 116 65 149 131 35 184 54 160 42 181 34 146 22 159 41 193 18 108
176,73772,1764959463310643796,164 21 14 3 178 49 102 148 94 63 79 80 176 137 23 186 15 9 62 144 114 89 183 143 117 0 46 68 139 115 41 193 22 146 34 160 184 54 177 10 190 84 35 149 43 42 116 65 59 51 151 133 162 123 112 127 70 135 154 180 158 53 121 189 26 100 86 75 101 1 97 152 2 82 120 44 25 16 171 175 113 56 31 81 196 179 145 78 92 129 57 55 52 106 185 40 119 165 90 27
177,73281,1764959463310643797,15 186 89 183 143 117 0 46 68 108 18 22 146 159 193 41 139 115 96 5 181 34 54 177 4 112 84 184 160 42 43 116 65 59 118 51 151 133 162 123 127 194 135 70 154 180 158 53 121 100 26 189 97 152 1 101 86 75 2 120 44 25 78 145 31 16 171 175 113 81 90 165 119 40 185 179 92 129 57 55 52 106 178 3 49 14 144 102 62 9 167 124 94 63 122 79 80 176 137 148
178,72740,1764959463310643798,90 164 21 144 14 138 106 178 49 102 62 9 15 114 186 137 23 89 183 143 0 117 108 69 18 22 146 159 193 41 42 115 139 68 46 51 118 59 65 47 116 43 184 48 160 181 34 54 177 10 4 112 127 123 162 151 133 135 70 154 180 53 63 79 80 176 148 124 94 121 100 26 97 152 1 101 86 75 2 120 44 16 171 175 113 31 81 196 179 145 78 92 129 57 55 52 185 40 119 165
179,72235,1764959463310643799,14 144 62 9 15 186 89 183 143 0 117 93 140 108 18 159 22 146 181 193 41 139 115 46 51 118 59 65 116 42 43 149 131 35 184 160 34 54 177 10 4 112 123 127 135 154 180 53 121 100 26 86 75 101 1 97 2 152 124 94 79 63 133 162 151 80 176 137 148 102 49 3 178 106 52 55 57 129 82 120 44 25 92 179 145 78 16 171 175 113 31 157 196 81 90 165 119 40 185 138
180,73302,1764959463310643800,70 127 123 149 131 112 4 190 10 177 54 48 160 34 146 22 18 159 193 41 181 42 184 43 116 65 59 118 115 139 68 117 143 170 0 46 51 176 80 79 133 151 162 180 63 94 100 26 97 152 167 148 137 23 183 89 186 114 15 9 62 144 14 49 3 178 106 185 52 55 57 129 82 92 78 145 179 196 40 119 165 90 81 31 56 113 175 171 16 25 44 120 2 75 1 101 86 53 154 135
181,72628,1764959463310643801,43 47 65 116 115 139 46 68 69 18 108 140 93 117 0 143 183 89 186 23 137 148 124 94 152 97 26 100 1 2 129 57 55 52 106 178 49 102 9 62 144 14 138 165 90 119 40 185 92 145 196 81 113 175 171 16 31 78 25 44 120 75 101 86 53 154 180 133 79 63 122 80 176 51 118 59 72 151 162 149 131 123 135 70 127 112 4 10 177 54 184 160 34 181 146 22 159 193 41 42
182,73227,1764959463310643802,37 62 9 15 186 23 89 183 143 117 0 137 176 80 51 118 115 116 43 42 159 193 41 139 46 68 108 18 22 146 181 34 160 54 177 184 112 70 135 127 123 149 131 65 59 162 151 133 79 63 180 154 158 53 86 101 1 75 120 44 16 171 175 113 56 31 196 81 90 165 119 40 185 14 144 102 49 3 178 106 52 55 57 92 179 145 78 25 129 2 152 97 26 100 121 189 94 124 167 148
183,73158,1764959463310643803,23 186 89 183 143 0 117 68 46 51 176 80 79 133 151 162 123 72 118 59 149 131 47 65 116 43 42 115 139 69 108 18 22 146 159 193 41 181 34 160 184 54 177 112 127 70 135 154 180 53 86 101 75 120 44 25 16 171 175 113 31 157 196 81 90 119 40 185 165 138 14 144 49 102 62 9 148 167 178 106 52 55 57 92 179 145 78 82 129 2 152 1 97 26 100 63 94 124 12 137
184,73101,1764959463310643804,25 44 120 2 152 100 26 97 1 101 75 86 53 158 180 154 70 135 194 127 123 162 151 72 51 109 118 59 116 65 47 149 131 184 84 112 4 177 54 160 34 181 42 43 115 41 193 159 22 18 108 139 46 0 117 143 183 89 137 176 80 133 79 63 121 189 94 124 148 9 62 144 102 49 14 138 165 90 81 40 119 185 106 178 52 55 57 129 92 145 179 196 157 31 56 113 175 171 16 78
185,71774,1764959463310643805,18 108 68 46 0 117 143 183 89 23 137 176 80 133 79 63 94 148 9 62 144 14 102 49 3 178 106 185 40 119 165 90 81 196 31 56 113 175 171 16 25 44 120 2 129 92 78 145 57 55 52 167 152 97 1 101 75 86 26 100 121 53 158 180 154 135 70 127 112 4 84 190 10 177 54 34 160 48 184 43 65 116 149 123 162 151 51 118 59 115 198 139 193 41 5 42 181 159 146 22
186,72582,1764959463310643806,189 26 100 121 53 158 180 154 135 127 123 112 84 35 184 10 177 54 160 34 181 146 22 159 41 193 18 108 68 139 115 46 0 117 143 183 89 23 114 186 137 51 118 59 65 116 42 43 149 162 151 133 176 80 79 63 94 124 148 9 62 102 49 144 14 138 3 178 106 185 40 119 165 90 81 196 52 55 57 92 129 82 25 78 145 31 56 113 175 171 16 44 120 75 86 101 97 1 2 152
187,74004,1764959463310643807,56 113 175 171 16 78 25 44 120 2 152 124 94 121 100 26 97 1 101 75 86 53 154 70 127 135 180 63 122 79 133 162 123 149 131 47 65 116 43 184 10 177 54 48 160 34 146 22 18 108 159 181 42 41 193 115 139 68 46 118 59 51 151 80 176 137 0 117 143 153 183 89 23 186 148 129 57 55 52 106 178 3 49 102 9 62 144 14 138 165 90 40 185 179 92 145 196 81 157 31
188,74947,1764959463310643808,102 144 14 49 178 106 52 55 57 185 165 90 40 196 31 113 171 175 16 78 145 92 129 82 120 44 25 2 75 86 101 1 152 97 26 100 53 121 158 180 154 135 70 127 123 162 133 79 63 80 176 137 51 109 151 72 59 118 46 115 42 116 65 149 131 43 184 84 190 10 177 54 160 181 34 146 22 18 159 193 139 41 198 68 117 143 0 153 183 89 23 186 114 15 94 124 167 148 9 62
189,73424,1764959463310643809,94 63 79 133 151 162 149 131 65 116 115 59 118 51 80 176 137 23 114 186 89 183 143 0 46 139 41 193 159 18 22 34 181 42 43 160 48 54 30 177 10 190 184 84 112 123 127 70 135 180 154 53 86 101 75 2 129 82 120 44 25 16 171 113 175 56 31 196 81 90 165 119 40 185 52 106 55 179 78 145 92 57 167 49 3 178 138 14 144 102 62 9 148 124 152 1 97 26 100 121
190,74860,1764959463310643810,175 171 88 16 78 145 179 92 57 55 52 106 178 3 49 102 62 9 148 124 94 121 86 101 75 2 120 44 25 82 129 152 1 97 26 100 53 158 154 135 70 127 123 162 194 180 63 122 80 79 133 151 176 51 118 59 149 65 116 43 184 54 160 34 22 18 159 193 41 181 42 115 139 46 68 93 117 0 143 183 89 23 137 15 144 14 138 21 164 90 165 185 119 40 81 196 157 31 56 113
191,73523,1764959463310643811,16 78 25 44 120 75 101 86 53 158 180 154 135 70 127 123 149 131 112 4 10 177 30 54 48 184 42 160 34 146 22 159 41 193 18 108 117 0 143 183 89 23 137 186 15 9 62 102 49 144 14 178 106 52 55 57 167 148 80 176 51 46 68 139 115 43 116 65 59 151 133 79 63 94 121 100 26 97 1 152 2 129 92 179 145 196 185 40 165 39 95 7 164 27 90 81 31 113 175 171
192,73290,1764959463310643812,26 86 75 101 97 1 152 2 129 92 57 55 52 178 3 106 179 145 78 25 82 120 44 16 171 175 113 56 31 157 196 81 90 27 119 40 185 165 14 144 49 102 62 9 148 15 114 186 23 89 183 137 176 80 79 133 151 51 109 118 59 115 193 159 146 22 18 69 108 117 143 0 46 68 139 41 116 65 43 42 181 34 160 54 184 131 149 162 123 127 70 135 154 158 53 180 63 94 121 100
193,73838,1764959463310643813,78 145 185 40 81 90 165 14 144 62 9 15 186 89 183 143 0 117 93 108 18 22 146 159 193 115 59 162 133 151 51 118 46 68 139 41 42 181 34 160 48 54 177 10 4 112 84 35 184 43 65 116 47 131 149 123 127 70 135 154 79 137 176 80 122 63 180 53 121 94 124 97 26 100 86 101 1 152 167 148 102 49 178 106 52 55 57 92 129 82 2 75 120 44 25 16 171 175 113 31
194,75877,1764959463310643814,180 63 122 94 124 12 80 79 133 151 162 135 70 127 123 112 184 43 116 65 149 59 176 51 118 115 42 181 160 34 22 18 159 193 41 139 68 117 46 0 143 183 89 137 23 186 114 15 148 37 102 9 62 144 14 138 49 178 106 52 185 40 119 165 27 90 81 157 196 179 55 57 92 145 78 31 56 113 171 175 16 25 44 120 129 2 152 1 75 86 101 97 100 26 121 182 136 53 158 154
195,73605,1764959463310643815,40 185 165 90 27 164 21 14 102 144 62 9 148 15 114 186 137 23 89 183 143 0 46 68 108 69 18 193 159 22 146 34 181 5 96 41 139 115 118 51 59 149 131 65 116 43 42 160 184 54 177 112 123 127 70 135 194 162 151 133 176 80 79 63 180 154 53 100 26 86 101 75 120 44 25 16 171 175 113 56 31 78 145 92 129 2 1 97 152 94 124 167 49 178 106 52 55 57 196 81
196,72370,1764959463310643816,185 165 14 144 62 9 102 49 178 106 52 55 57 129 75 86 101 1 97 26 100 121 53 158 180 154 135 70 127 112 4 10 177 54 160 184 43 116 65 131 149 123 162 151 133 80 176 51 118 59 115 42 181 34 103 146 22 18 159 193 41 139 198 46 68 117 0 143 183 89 23 137 186 15 148 167 124 94 79 63 152 2 120 25 44 16 171 175 113 31 78 145 92 179 196 81 90 27 119 40
197,75303,1764959463310643817,63 122 79 133 80 176 51 151 162 149 131 65 59 118 115 46 0 153 143 170 117 68 139 41 193 159 108 18 22 146 181 42 5 116 43 160 34 54 177 10 184 112 123 127 135 70 154 180 158 86 101 75 2 120 44 25 56 113 175 171 16 31 81 90 165 40 185 178 106 138 14 49 102 144 62 9 15 137 23 183 89 186 148 37 167 52 55 57 129 78 145 92 152 1 97 26 100 94 121 53
198,72972,1764959463310643818,26 86 75 101 97 1 2 129 82 120 44 25 16 171 175 113 56 31 81 196 145 78 92 57 55 52 185 40 119 90 165 106 178 3 49 14 144 62 9 15 148 167 152 94 124 80 176 137 23 186 114 89 183 143 0 117 68 46 198 139 115 43 42 181 41 193 159 18 22 146 34 160 54 177 10 184 84 112 131 149 65 116 59 72 118 51 151 79 63 133 162 123 127 70 135 154 180 53 121 100
199,72536,1764959463310643819,62 144 14 138 185 40 119 165 90 81 196 31 113 175 171 16 25 44 120 82 2 152 97 1 101 75 86 26 100 121 53 158 154 180 135 70 127 123 162 133 151 51 118 59 149 131 65 116 42 160 34 48 54 30 177 10 190 4 112 184 43 115 41 193 159 22 18 139 46 68 117 0 143 183 89 23 186 15 9 148 137 176 80 79 122 63 94 124 129 92 78 145 179 57 55 52 106 178 3 49
200,74048,1764959463310643820,196 81 90 27 165 119 40 185 106 178 3 138 14 144 62 9 102 49 52 55 167 148 15 114 186 89 183 23 137 176 80 51 109 118 59 115 5 42 41 193 139 46 0 143 117 108 18 22 34 54 177 184 160 43 116 65 131 149 123 127 70 135 154 158 53 180 162 151 133 79 63 121 189 94 124 152 97 26 100 86 75 101 1 2 129 82 120 44 25 16 171 175 113 31 78 145 92 57 179 157
201,72306,1764959463310643821,0 117 143 183 89 186 23 137 148 9 62 102 144 14 138 165 90 81 196 40 185 106 178 3 49 52 55 57 129 92 145 78 31 113 175 171 16 25 44 120 2 75 101 86 100 26 97 1 152 189 94 124 176 80 79 63 53 158 180 154 135 127 123 162 133 151 51 118 59 116 43 47 65 149 112 4 10 177 54 48 184 160 34 146 22 181 42 5 41 193 159 18 108 140 93 68 139 115 198 46
202,72033,1764959463310643822,49 3 178 106 138 165 27 90 81 196 40 119 185 52 55 57 129 92 179 145 31 56 113 175 171 16 78 25 44 120 2 75 101 86 1 97 152 189 124 94 63 26 100 53 180 154 135 70 127 123 162 151 133 79 80 176 51 118 59 115 46 139 41 193 159 181 42 116 65 149 43 160 184 84 112 4 177 54 48 34 103 146 22 18 108 93 0 117 143 183 89 186 23 137 148 9 62 102 144 14
203,72291,1764959463310643823,70 135 180 154 133 162 151 51 176 80 79 63 53 100 26 97 1 101 86 75 44 25 120 2 152 94 124 148 52 55 57 129 92 179 145 78 16 171 175 113 56 31 157 196 81 90 27 165 119 40 185 106 178 3 14 49 102 144 62 9 15 137 89 183 143 0 117 93 140 108 18 22 159 193 41 42 181 34 54 177 10 190 184 160 43 65 116 115 198 139 68 46 118 59 149 131 35 112 123 127
204,73766,1764959463310643824,179 57 55 52 106 178 49 102 62 9 144 14 185 40 165 90 81 31 113 175 171 16 78 25 44 120 75 86 26 100 121 94 63 79 80 176 137 143 117 93 140 108 18 159 193 41 139 5 181 22 146 34 54 177 10 4 112 84 184 160 42 43 116 65 131 149 123 135 180 53 158 154 70 127 162 133 151 59 51 118 115 198 46 68 0 183 89 23 186 15 148 167 152 1 97 101 2 129 92 145
205,73951,1764959463310643825,59 115 139 68 46 0 89 183 143 117 108 18 22 159 193 41 43 65 116 42 181 34 160 54 177 184 112 123 127 70 135 154 180 53 121 189 94 124 148 167 2 152 97 26 100 1 101 86 75 120 129 92 82 44 25 16 171 175 113 56 157 31 78 145 179 57 55 52 185 40 119 196 81 90 27 7 164 39 165 138 3 106 178 49 14 144 102 62 9 15 137 176 80 79 63 133 162 151 51 118
206,72315,1764959463310643826,124 94 63 122 79 80 176 137 23 186 89 183 143 0 46 139 41 193 159 18 22 34 54 177 10 190 4 112 84 184 48 160 181 42 43 5 115 116 65 131 149 59 118 51 151 133 162 123 127 194 135 70 154 180 53 100 26 86 75 101 1 97 152 2 120 44 25 16 171 175 113 56 31 78 145 179 92 129 57 55 52 178 106 185 119 40 81 90 165 138 3 49 102 14 144 62 9 15 148 167
207,72848,1764959463310643827,176 51 151 133 162 123 135 70 127 112 84 184 177 54 34 160 42 43 116 65 131 149 59 118 115 46 68 139 41 193 159 22 18 108 93 117 0 143 183 89 23 137 186 15 148 9 62 144 102 49 14 138 3 178 128 167 55 52 106 185 119 40 165 90 81 196 157 179 145 78 31 113 175 171 16 25 120 44 82 92 57 129 2 75 101 86 100 26 97 1 152 124 94 121 53 154 180 63 79 80
208,73956,1764959463310643828,59 116 65 149 162 123 127 70 135 154 180 158 53 136 63 182 121 100 26 189 94 124 148 167 152 97 1 101 86 75 2 129 92 57 55 52 179 145 78 82 120 44 25 16 171 175 113 31 56 157 196 81 90 27 165 119 40 185 106 178 3 14 49 102 144 62 9 15 186 89 183 23 137 51 176 80 79 133 151 118 115 139 193 41 42 43 184 10 177 54 160 34 22 18 108 93 117 143 0 46
209,72539,1764959463310643829,143 117 93 108 18 159 22 146 34 181 42 41 193 139 46 115 43 160 48 54 177 184 84 112 131 149 47 65 116 59 118 51 151 162 123 127 70 135 154 180 133 176 80 79 63 158 53 86 75 101 1 152 97 26 100 121 94 124 167 102 49 178 106 52 55 57 179 92 129 2 120 44 25 16 171 175 113 56 31 78 145 196 81 90 119 40 185 165 138 14 144 62 9 148 137 23 89 183 153 0
210,73547,1764959463310643830,129 92 145 78 120 44 25 16 171 175 113 31 196 179 57 55 52 106 178 49 14 185 40 165 90 21 144 62 9 15 186 137 23 89 183 143 0 117 93 68 46 139 115 59 118 51 151 176 80 122 79 133 162 149 65 116 43 42 181 41 193 159 108 18 22 34 160 48 54 177 10 190 184 84 4 112 123 127 194 135 70 154 180 53 158 86 75 101 1 97 26 100 121 182 63 94 148 167 152 2
211,72334,1764959463310643831,4 112 149 59 118 109 51 176 80 79 63 133 151 162 123 127 70 135 154 180 158 53 121 94 152 97 26 1 101 86 75 2 129 120 44 25 16 171 175 113 31 78 145 179 196 81 40 119 185 165 90 164 21 144 62 9 102 49 14 138 3 178 106 52 55 57 92 148 186 137 23 89 183 143 0 117 93 108 18 22 193 41 139 46 68 115 116 65 43 42 181 34 160 48 54 177 10 190 184 84
212,74306,1764959463310643832,23 186 15 148 37 9 62 144 102 49 14 138 3 178 106 52 55 167 189 100 26 97 101 1 152 129 92 57 179 145 78 196 185 40 119 165 27 90 81 31 56 113 175 171 16 25 44 120 2 75 86 121 53 158 180 154 135 70 127 123 131 149 162 151 133 79 80 122 63 94 124 137 176 51 118 59 65 116 115 46 139 41 42 43 184 54 160 34 181 193 159 146 22 18 108 93 117 143 183 89
213,73600,1764959463310643833,143 183 137 23 186 9 62 144 14 49 102 148 124 94 152 97 26 100 101 1 2 120 44 25 179 145 78 16 171 175 113 56 31 157 196 81 90 27 165 119 40 185 106 178 52 55 57 92 129 75 86 121 53 154 70 135 180 63 122 79 133 151 162 123 127 112 4 177 54 48 34 181 159 195 146 22 18 193 41 139 115 5 42 160 184 43 116 65 47 131 149 59 118 51 80 176 46 68 117 0
214,73545,1764959463310643834,148 9 62 102 49 144 14 178 106 52 55 57 179 185 40 165 90 81 196 157 31 56 113 171 175 16 44 25 78 145 92 129 120 75 86 100 26 101 1 97 2 152 94 80 176 51 109 118 46 115 59 151 133 79 122 63 136 182 121 53 180 154 70 135 162 123 127 112 84 35 149 65 116 43 160 184 10 177 54 48 34 181 42 139 41 193 159 146 22 18 108 140 93 68 117 0 143 183 89 137
215,72071,1764959463310643835,14 144 102 62 9 15 186 137 23 89 183 143 170 0 117 93 108 69 18 193 139 68 46 115 41 159 22 146 195 181 34 54 177 10 4 112 149 131 184 160 42 5 43 116 65 59 118 51 176 80 79 133 151 162 123 127 70 135 154 180 158 53 26 97 1 101 86 75 2 152 63 94 124 148 49 3 178 106 52 55 57 129 92 179 145 78 120 44 25 16 171 175 113 31 196 81 90 165 40 185
216,73175,1764959463310643836,114 186 23 137 176 80 133 151 162 59 118 109 51 89 183 143 0 117 108 18 139 46 115 43 116 65 149 184 160 42 41 193 159 22 146 181 34 54 177 10 190 4 112 123 127 70 135 154 180 53 63 79 94 124 148 37 167 52 55 57 129 2 152 1 97 26 100 121 86 101 75 120 44 25 92 179 145 78 31 16 171 175 113 196 81 90 165 119 40 185 106 178 3 14 49 102 144 62 9 15
217,74293,1764959463310643837,90 81 196 157 56 113 175 171 16 31 78 145 92 57 129 2 82 25 44 120 75 86 101 1 152 97 26 100 121 182 63 136 53 158 180 154 135 70 127 123 149 59 65 116 43 184 190 10 177 54 160 34 181 42 5 115 41 193 159 22 18 108 139 46 118 51 176 151 162 133 79 80 137 23 0 117 143 183 89 186 15 144 62 9 148 94 124 167 55 52 178 49 14 106 185 40 119 165 39 27
218,73056,1764959463310643838,184 131 149 65 116 43 42 41 193 139 198 115 59 118 51 151 162 123 127 70 135 154 180 63 79 133 80 176 148 167 94 124 189 152 97 26 100 121 53 158 86 75 101 1 2 120 44 25 16 171 175 113 31 78 145 92 129 57 55 52 178 106 185 40 81 90 27 165 14 49 102 144 62 9 15 114 186 137 23 89 183 143 170 117 0 46 68 18 22 146 34 160 48 54 177 10 190 4 112 84
219,73652,1764959463310643839,139 41 193 181 42 43 35 184 177 54 48 160 34 146 22 159 18 108 117 143 183 0 46 118 59 162 151 133 79 80 176 51 137 94 124 148 9 62 144 102 49 14 138 3 178 106 185 40 119 165 39 27 90 81 196 52 55 57 92 179 145 78 31 56 113 175 171 16 25 44 120 82 129 2 152 1 101 75 86 97 26 100 121 63 53 158 180 154 70 135 194 127 123 149 131 47 65 116 115 68
220,72621,1764959463310643840,89 183 143 117 0 137 176 151 51 118 59 149 131 65 116 43 42 115 46 139 108 18 193 41 159 22 146 181 34 160 48 54 177 10 184 84 112 127 70 135 123 162 133 79 80 122 63 180 154 158 53 121 94 124 189 97 26 100 86 75 101 1 152 2 120 44 145 78 16 171 175 113 31 196 81 90 27 165 119 40 185 179 92 129 57 55 52 106 178 49 14 144 102 62 9 148 15 114 186 23
221,72957,1764959463310643841,54 177 10 184 84 112 131 149 47 65 116 59 118 151 51 137 176 80 79 133 162 123 127 70 135 154 158 180 63 94 124 121 53 100 26 97 152 1 101 86 75 2 82 129 92 57 55 52 179 145 78 25 120 44 16 171 175 56 113 31 196 81 90 27 165 40 185 106 178 49 14 144 102 62 9 148 15 186 89 183 143 0 117 93 68 46 198 139 108 18 159 193 41 115 43 42 181 22 34 160
222,73237,1764959463310643842,124 94 63 180 154 70 135 133 79 80 151 162 127 123 149 131 112 84 184 10 177 54 160 34 181 146 22 18 108 68 46 115 139 41 193 42 43 47 65 116 59 118 109 51 176 137 0 117 143 183 89 23 186 114 15 62 9 148 167 152 97 1 101 2 129 92 57 55 52 49 102 144 14 138 3 178 106 185 40 119 165 90 81 31 113 175 171 16 78 145 179 25 44 120 75 86 26 100 53 121
223,73234,1764959463310643843,118 59 115 139 46 68 18 22 146 34 159 193 41 5 42 181 160 48 54 177 184 84 4 112 131 149 47 43 116 65 162 123 127 70 135 154 180 158 53 63 79 133 151 176 80 94 124 148 167 52 55 57 179 145 92 129 2 152 1 101 97 26 100 86 75 120 44 25 16 171 175 113 31 78 157 196 81 90 40 165 185 106 178 3 138 14 144 49 102 62 9 15 186 89 183 143 117 0 137 51
224,73687,1764959463310643844,27 90 81 157 31 56 113 175 171 16 78 145 25 44 120 75 86 53 180 154 135 70 127 112 4 190 10 177 54 160 184 149 65 116 115 5 43 42 181 34 22 159 193 41 139 68 46 118 59 51 151 162 123 133 79 122 63 80 176 137 23 0 117 143 183 89 186 15 144 14 3 178 106 52 55 49 102 62 9 148 124 94 121 100 26 97 101 1 152 2 82 129 92 57 179 196 40 185 165 39
225,72776,1764959463310643845,148 152 1 97 26 100 53 86 101 75 2 129 92 57 55 179 145 78 120 44 25 16 171 175 113 31 196 81 90 27 165 119 40 185 52 106 178 3 14 144 49 102 62 9 15 186 23 89 183 137 176 51 118 59 116 115 46 0 143 117 93 140 68 198 139 108 18 22 146 159 193 41 5 42 181 34 160 54 177 184 43 65 131 149 123 127 162 151 133 135 70 154 180 63 79 80 122 94 124 167
226,72362,1764959463310643846,145 78 157 31 56 113 175 171 16 25 44 120 75 1 101 86 100 26 97 152 2 129 92 57 55 52 106 178 3 49 124 94 79 63 182 121 53 158 180 154 135 70 127 123 162 151 133 80 176 51 118 59 116 65 47 131 149 35 84 112 4 190 10 177 184 43 42 181 160 48 54 34 22 18 159 193 41 139 115 46 0 117 143 183 89 23 137 148 9 62 144 14 185 40 119 165 27 90 81 196
227,72983,1764959463310643847,78 145 196 81 90 27 165 119 40 185 179 92 129 57 55 52 106 178 49 102 138 14 144 62 9 148 15 186 89 183 143 0 117 68 93 140 108 69 18 199 22 146 103 34 160 54 177 10 184 131 149 47 65 116 42 43 181 159 193 41 139 46 115 118 59 123 127 135 154 53 180 133 162 151 51 176 137 80 79 63 94 152 97 26 100 1 101 86 75 2 82 120 44 25 16 171 175 113 56 31
228,72566,1764959463310643848,129 92 57 179 145 78 16 171 175 113 31 196 81 90 165 119 40 185 52 55 148 37 102 49 178 106 138 14 144 62 9 15 186 137 23 89 183 143 0 117 93 108 18 139 68 46 176 80 124 94 63 122 79 133 162 151 51 118 59 65 116 115 41 193 159 22 146 34 54 177 10 4 112 184 160 42 43 131 149 123 127 70 135 154 180 53 121 100 26 97 152 1 101 86 75 2 82 25 44 120
229,74148,1764959463310643849,92 129 2 152 1 101 97 26 86 75 120 44 16 175 171 113 31 196 81 90 27 165 119 40 185 52 178 106 138 14 49 144 62 9 186 89 183 23 137 176 51 118 59 65 47 43 42 5 116 115 46 0 143 117 93 68 139 69 108 18 22 159 193 41 181 195 146 103 34 160 184 54 177 112 131 149 123 127 70 135 194 162 151 133 80 79 180 154 158 53 63 94 124 148 167 55 57 179 145 78
230,72903,1764959463310643850,55 57 92 179 145 78 31 113 175 171 16 25 44 120 82 129 2 152 75 101 1 97 26 100 86 53 158 154 135 70 127 123 112 131 149 65 116 43 5 42 184 177 54 48 160 34 146 22 159 41 193 18 108 93 117 143 0 46 68 139 115 118 59 162 151 51 176 80 133 180 63 79 122 94 124 148 137 183 89 23 186 9 62 144 102 49 178 3 138 14 21 164 27 90 165 119 40 185 106 52
231,71974,1764959463310643851,157 196 81 90 165 119 40 185 55 52 106 178 3 49 14 144 62 148 167 152 94 63 122 176 137 23 89 183 143 0 117 93 140 108 69 18 22 146 181 34 160 54 177 184 84 4 112 123 149 131 47 65 116 43 42 159 193 41 115 198 139 68 46 118 59 51 80 79 133 151 162 135 70 154 180 53 121 100 26 86 75 101 97 1 2 120 129 92 57 179 145 78 25 44 16 171 175 113 56 31
232,74333,1764959463310643852,51 176 80 151 72 162 133 79 63 180 121 94 124 148 137 0 46 68 140 93 117 143 153 183 89 186 9 62 144 102 49 14 138 3 178 106 52 55 179 145 196 185 40 119 165 90 81 157 31 56 113 175 171 16 78 92 57 129 82 25 44 120 2 152 97 1 101 75 86 26 100 53 154 135 127 123 112 4 177 54 34 160 184 42 5 181 146 22 18 159 193 41 139 115 43 116 65 149 59 118
233,73637,1764959463310643853,181 42 41 193 159 22 18 108 93 117 143 0 46 139 115 118 51 80 176 137 23 183 89 186 114 15 9 62 144 102 49 14 138 3 178 106 52 185 165 39 27 90 81 119 40 196 157 85 56 113 175 171 16 31 179 145 78 25 44 120 75 86 100 26 97 101 1 152 2 82 129 92 57 55 167 148 124 94 121 53 154 180 63 79 133 135 70 127 123 162 151 59 65 116 43 184 177 54 160 34
234,72543,1764959463310643854,3 106 185 196 81 90 40 165 14 49 102 144 62 9 15 186 80 176 137 23 89 183 143 0 117 93 140 108 69 18 22 146 181 34 160 54 177 10 184 131 149 65 116 43 42 5 41 193 159 139 46 115 59 118 51 151 162 123 127 70 135 154 180 53 86 101 75 2 152 1 97 26 100 121 136 133 79 63 94 124 148 167 129 82 120 44 25 16 171 175 113 56 31 78 145 92 57 55 52 178
235,73534,1764959463310643855,86 75 101 1 97 152 2 129 82 120 44 25 145 78 16 171 175 113 31 196 179 92 57 55 52 185 40 90 27 165 106 178 14 49 102 144 62 9 15 148 124 94 122 80 176 51 109 137 23 186 114 89 183 143 0 117 93 108 18 22 146 159 193 41 5 42 181 34 54 177 184 160 43 131 149 47 65 116 115 139 68 46 118 59 72 151 162 133 79 63 180 154 135 123 127 70 158 53 100 26
236,72299,1764959463310643856,40 196 81 90 165 14 144 62 9 15 114 186 89 183 143 170 0 117 68 46 115 139 41 193 108 18 22 146 159 181 34 160 48 54 30 177 10 4 112 84 184 43 42 5 116 65 131 149 59 118 51 23 137 176 80 79 133 151 162 123 127 70 135 154 180 63 94 121 53 100 26 86 75 101 1 97 152 2 120 44 25 16 171 175 113 31 78 145 92 129 57 167 148 102 49 178 106 52 55 185
237,73785,1764959463310643857,139 68 46 115 96 5 42 116 47 65 149 131 43 184 112 127 70 135 154 180 158 53 136 100 121 26 97 86 75 101 1 152 2 129 120 44 25 31 16 171 175 113 81 196 179 145 78 92 57 55 52 185 40 165 106 178 14 49 102 144 62 9 148 124 94 63 79 133 151 162 123 59 118 109 51 80 176 137 23 186 114 89 183 143 0 117 108 18 22 146 34 54 10 177 48 160 181 159 193 41
238,72709,1764959463310643858,135 70 127 123 112 4 84 190 10 177 54 184 160 34 181 146 22 195 159 193 18 69 108 140 68 139 115 46 0 117 143 183 89 186 23 137 176 80 51 118 59 65 47 116 41 5 42 43 131 149 162 151 133 79 63 124 94 148 9 62 144 49 14 165 90 40 185 55 178 106 52 57 92 179 145 31 113 175 171 16 78 25 44 120 129 2 152 97 1 101 75 86 26 100 121 136 53 158 180 154
239,72069,1764959463310643859,16 171 175 113 56 31 157 196 81 90 27 165 119 40 185 55 52 106 178 49 102 138 14 144 62 9 15 186 23 89 183 143 117 0 137 176 80 79 133 162 151 51 59 118 115 46 139 41 193 159 69 108 18 22 146 103 34 48 54 177 10 184 160 181 42 43 116 65 131 149 123 127 135 154 180 53 100 26 86 75 101 1 97 63 94 124 148 167 152 2 120 82 129 92 57 179 145 78 25 44
240,73017,1764959463310643860,140 68 46 0 51 109 118 59 115 116 65 47 43 42 41 193 139 69 108 18 22 146 159 181 34 48 54 177 10 190 84 184 160 131 149 162 151 133 123 127 135 154 180 53 121 152 1 97 26 100 86 101 75 2 129 120 44 25 16 171 175 113 31 78 145 92 57 196 81 90 165 40 185 55 52 106 178 3 14 49 102 144 62 9 148 124 94 63 79 122 80 176 137 23 186 89 183 143 117 93
241,73773,1764959463310643861,185 179 145 78 92 52 106 14 144 102 49 178 55 57 129 152 1 101 97 26 100 121 180 79 80 176 122 63 94 124 148 9 62 15 186 23 137 89 183 143 117 93 108 69 18 22 146 181 34 160 184 54 177 4 112 35 43 42 159 193 41 139 46 115 116 65 59 118 51 151 133 162 149 131 123 127 70 135 154 158 53 86 75 2 82 120 44 25 16 171 175 113 56 31 157 196 81 40 90 165
242,72062,1764959463310643862,177 54 184 160 34 146 22 195 181 42 41 193 159 199 69 18 108 140 93 68 46 198 139 115 43 116 65 149 59 118 51 151 162 133 79 63 122 80 176 137 0 117 143 183 89 23 186 114 15 62 9 148 94 97 1 152 2 129 92 57 55 52 106 178 3 49 102 144 14 165 185 40 90 81 196 179 145 78 31 56 113 175 171 16 25 44 120 75 101 86 26 100 53 180 154 135 70 127 123 112
243,73794,1764959463310643863,84 4 112 131 149 123 127 70 135 154 180 133 151 162 59 118 51 137 176 80 79 122 63 189 94 124 148 37 9 62 49 178 106 52 55 185 179 57 92 129 152 1 97 26 100 121 53 86 101 75 2 82 120 44 25 16 171 175 113 31 78 145 81 90 40 165 138 14 144 15 186 23 89 183 143 117 0 46 139 115 116 65 43 42 5 96 41 193 159 22 146 181 34 160 48 177 190 10 54 184
244,73911,1764959463310643864,47 65 116 43 42 5 139 46 115 118 59 151 51 23 137 176 80 63 79 133 162 123 127 70 135 154 180 158 53 136 121 100 26 1 101 86 75 120 82 44 25 145 78 16 171 175 113 31 196 179 57 92 129 2 152 97 94 124 148 55 52 185 119 40 81 90 165 106 178 14 49 102 144 62 9 15 186 89 183 143 0 117 108 18 193 41 159 22 146 34 160 184 54 177 10 4 112 35 131 149
245,73126,1764959463310643865,101 75 2 129 120 44 16 171 175 113 31 78 145 92 57 55 52 178 106 185 40 90 165 14 144 49 102 62 9 148 167 124 94 122 80 176 137 23 186 89 183 143 117 0 51 118 59 116 105 43 42 5 96 41 193 159 139 115 46 68 140 108 18 22 146 181 34 160 48 54 177 10 184 84 112 35 47 65 131 149 123 127 70 135 194 162 151 133 79 63 180 154 158 53 86 100 26 97 152 1
246,72246,1764959463310643866,127 123 162 151 80 176 51 118 59 116 65 47 77 149 131 35 112 4 84 184 177 54 160 34 181 42 43 5 115 41 193 159 146 22 18 139 46 68 117 0 143 183 89 137 23 186 15 148 9 62 102 49 144 14 178 106 52 185 40 165 90 81 196 31 56 113 175 171 16 44 25 78 145 179 55 57 92 129 82 120 2 1 101 75 86 100 26 97 152 94 121 53 154 180 63 122 79 133 135 70
247,75203,1764959463310643867,100 26 1 97 86 121 53 154 180 135 70 127 123 149 59 118 115 41 193 159 181 160 42 43 116 65 184 54 34 22 18 69 108 140 93 117 170 143 183 89 153 0 68 139 46 51 151 162 133 79 63 80 176 137 23 186 148 9 62 102 144 14 138 49 3 178 106 165 27 90 40 185 52 55 129 57 92 145 179 196 81 157 31 56 113 175 171 16 78 25 44 120 75 101 2 74 152 124 94 189
248,72071,1764959463310643868,148 15 114 186 137 23 89 183 143 0 117 93 140 68 46 198 115 139 108 18 22 193 41 181 34 54 177 10 4 112 84 184 160 42 5 43 116 65 47 131 149 59 51 176 80 94 63 79 133 151 162 123 127 135 154 180 53 121 100 26 97 1 101 86 75 120 44 25 16 171 175 113 56 31 78 145 179 196 81 90 165 40 185 106 178 14 144 62 9 102 49 52 55 57 92 129 82 2 152 167
249,73399,1764959463310643869,116 43 42 181 41 193 159 108 18 22 34 160 54 10 177 184 35 84 112 123 162 151 118 109 51 137 176 80 133 135 154 180 53 86 101 75 120 44 25 16 171 175 113 56 31 78 145 196 81 90 27 164 21 144 14 165 40 185 106 3 178 52 55 57 92 129 82 2 152 1 97 26 100 63 79 94 124 148 49 102 62 9 15 114 186 23 89 183 143 0 117 68 46 139 115 59 65 149 131 47
250,73479,1764959463310643870,112 4 10 177 30 54 48 160 34 146 22 159 41 193 18 108 117 143 170 0 46 68 139 115 59 118 51 151 162 133 80 122 79 63 94 152 167 148 124 12 176 137 183 89 186 9 62 144 14 49 178 106 52 55 57 129 92 78 145 179 185 40 119 165 90 81 196 31 113 175 171 16 25 44 120 2 75 101 1 97 26 100 86 53 180 154 70 135 127 123 149 131 77 47 65 116 43 5 42 184
251,74275,1764959463310643871,81 196 157 56 16 171 175 113 31 91 179 145 78 25 44 82 129 92 57 55 52 167 152 2 120 75 86 101 1 97 26 100 121 94 63 180 53 158 154 70 135 194 127 123 162 151 133 79 80 176 51 118 59 116 43 47 65 149 131 184 42 181 160 48 190 10 177 54 34 146 22 18 108 159 193 41 139 115 46 68 117 143 0 137 183 89 148 9 62 144 102 49 14 178 106 185 40 119 165 90
252,73876,1764959463310643872,196 81 90 165 40 119 185 106 178 3 138 14 144 102 49 167 9 62 15 137 23 89 183 153 0 170 143 117 93 108 18 159 22 146 34 181 42 41 193 139 46 115 118 59 116 43 47 65 149 131 184 160 48 54 177 112 123 162 151 133 135 70 154 180 53 63 122 79 80 176 148 124 94 189 152 1 101 97 26 100 86 75 2 120 82 129 92 57 55 52 179 145 78 44 25 16 171 175 113 31
253,74065,1764959463310643873,47 65 116 43 5 42 160 184 177 54 48 34 181 195 146 22 18 108 69 159 193 41 139 115 198 46 68 93 117 0 143 183 89 114 186 23 137 148 9 62 102 144 14 49 178 106 52 55 185 40 165 90 31 113 175 171 16 78 145 92 57 129 44 120 2 75 86 101 1 97 152 124 94 176 51 109 118 59 151 80 133 79 122 63 182 121 26 100 53 158 180 154 70 135 162 123 127 112 131 149
254,74876,1764959463310643874,62 144 14 21 7 164 58 95 27 90 81 196 157 31 113 175 171 16 78 145 25 44 120 2 75 86 101 1 152 97 26 100 189 124 94 121 53 158 70 135 154 180 63 122 79 133 80 176 51 151 59 116 65 149 162 127 123 112 4 84 184 177 54 160 42 181 34 22 193 41 139 115 46 0 117 143 183 89 23 137 186 15 148 167 129 82 92 179 57 55 52 185 40 165 106 178 3 49 102 9
255,73817,1764959463310643875,15 148 52 55 129 92 57 179 145 78 25 16 171 175 113 56 31 196 81 90 27 165 119 40 185 106 178 49 14 144 62 9 137 51 151 133 176 80 79 63 94 152 97 26 100 1 2 120 44 75 101 86 53 180 154 135 127 123 162 149 131 112 4 177 54 34 160 184 43 42 181 146 22 195 159 193 41 115 96 5 116 65 59 118 46 68 139 199 18 69 108 140 93 117 0 143 183 89 23 186
256,73811,1764959463310643876,75 86 100 26 189 152 167 124 94 137 176 51 118 59 151 133 79 80 122 63 121 53 158 180 154 70 135 162 123 127 112 177 54 184 43 131 149 65 116 42 160 34 181 5 115 41 193 159 195 146 22 18 139 46 68 117 0 143 183 89 23 186 15 148 9 62 102 49 144 14 178 106 185 40 119 165 90 81 196 31 113 175 171 16 44 120 25 78 145 179 52 55 57 92 129 82 2 1 97 101
257,72151,1764959463310643877,59 118 115 41 193 139 68 46 0 143 117 93 140 108 18 159 22 146 181 42 43 116 65 184 160 34 48 54 177 10 4 112 123 127 70 135 154 158 53 180 63 94 26 100 86 101 75 120 82 129 2 1 97 152 148 37 9 62 102 49 3 178 106 52 55 57 92 179 145 78 25 44 16 171 175 113 31 196 81 90 165 119 40 185 138 14 144 15 114 186 89 183 23 137 176 80 79 133 151 162
258,73242,1764959463310643878,176 137 183 89 23 186 114 15 148 167 124 94 26 97 1 152 2 82 129 92 57 55 52 106 178 49 9 62 144 14 164 27 90 165 185 119 40 81 196 179 145 78 31 56 113 175 171 16 25 44 120 75 101 86 100 121 53 158 180 154 135 70 127 112 177 54 34 160 184 42 139 41 193 159 22 18 108 117 143 0 68 46 115 118 51 59 65 47 116 43 131 149 123 162 151 133 79 63 122 80
259,72487,1764959463310643879,119 165 27 90 81 196 145 31 113 175 171 16 78 25 44 120 82 129 2 75 86 100 26 101 1 97 152 94 121 53 154 180 63 79 133 151 162 135 70 127 123 112 4 190 10 177 54 48 160 34 146 22 181 42 43 184 131 149 65 116 59 118 115 41 193 139 46 68 93 117 0 143 183 89 51 80 176 137 23 186 114 15 148 37 9 62 144 102 49 14 138 106 178 52 55 57 92 179 185 40
260,72681,1764959463310643880,82 120 25 44 16 171 175 113 56 31 78 145 196 185 40 90 165 14 144 49 102 62 9 37 167 148 15 186 89 183 23 137 176 80 63 79 133 151 162 59 118 51 0 143 117 93 140 68 46 115 139 41 193 159 22 146 181 34 160 48 54 177 184 43 42 5 116 65 149 131 35 84 4 112 123 127 70 135 154 180 53 121 94 26 100 86 75 101 1 97 152 2 129 57 55 52 178 106 179 92
261,73681,1764959463310643881,80 176 51 151 133 180 154 135 70 127 162 123 112 84 184 177 54 48 34 160 42 43 116 65 131 149 59 118 115 41 193 159 22 18 139 68 46 0 117 143 183 137 23 186 15 62 9 37 148 167 49 102 144 14 138 3 178 106 165 27 90 119 40 185 52 55 57 179 145 196 81 56 113 175 171 16 31 78 25 44 120 92 129 2 152 97 1 101 75 86 100 26 189 124 94 121 53 63 122 79
262,73761,1764959463310643882,145 179 92 129 57 55 52 49 9 62 144 14 3 178 106 185 40 119 165 90 81 196 31 113 175 171 16 44 75 101 1 97 86 26 100 121 53 158 180 154 135 70 127 133 79 63 122 80 176 137 51 118 151 162 123 112 4 177 184 35 131 149 65 116 59 43 42 160 54 34 146 22 159 18 69 108 68 139 193 41 115 198 46 0 117 143 183 89 23 186 15 148 124 94 189 152 2 120 25 78
263,73147,1764959463310643883,175 113 31 196 81 90 27 165 40 185 106 178 3 138 14 49 102 144 62 9 167 152 124 94 63 79 80 176 137 148 37 15 186 23 89 183 143 117 0 51 118 59 149 131 65 116 43 42 5 115 46 139 41 193 159 22 146 181 34 160 54 177 184 84 4 112 127 123 162 151 133 135 70 154 158 180 53 136 121 100 26 86 75 101 97 1 2 120 129 92 57 55 52 179 145 78 25 44 16 171
264,73803,1764959463310643884,124 167 37 9 62 144 102 49 14 178 106 52 55 57 185 40 165 90 81 196 179 145 31 113 175 171 16 44 25 78 92 129 82 120 2 75 86 101 1 152 97 26 100 121 53 158 154 180 136 63 122 79 133 151 135 70 127 123 112 4 190 10 177 54 184 160 34 181 42 5 43 116 65 149 162 59 115 41 193 159 146 22 18 139 68 117 143 0 46 118 51 80 176 137 183 89 186 15 148 94
265,76214,1764959463310643885,75 44 120 2 152 94 124 167 55 52 57 129 82 92 179 145 78 25 16 171 175 113 56 85 31 157 196 169 81 40 119 90 164 21 14 138 165 185 106 178 3 49 144 62 148 89 183 143 117 0 46 68 139 41 193 159 22 146 34 54 160 181 5 42 184 84 112 131 149 65 116 43 115 59 118 51 137 176 80 122 63 79 133 151 162 123 127 194 135 70 154 180 158 53 100 26 97 1 101 86
266,72412,1764959463310643886,1 101 75 86 53 121 100 26 97 152 94 63 180 154 135 127 123 162 151 133 79 80 176 51 109 118 59 149 131 65 116 43 42 5 41 193 181 160 184 84 112 4 10 177 34 146 22 159 18 108 139 115 46 68 117 0 143 183 89 186 23 137 148 9 62 144 21 138 14 102 49 3 178 106 185 40 119 165 90 81 196 179 52 55 57 92 145 78 31 56 113 175 171 16 25 44 120 82 129 2
267,73243,1764959463310643887,5 41 193 139 108 18 22 146 159 181 34 160 48 54 177 184 84 4 112 35 131 149 123 127 135 154 86 75 2 152 1 101 97 26 100 53 180 133 79 63 94 124 148 9 62 102 49 3 178 106 52 55 57 129 82 120 44 25 16 171 175 113 56 31 78 145 92 185 40 81 90 27 165 138 14 144 15 186 137 23 89 183 143 117 0 46 115 59 118 51 109 176 80 151 162 47 65 116 43 42
268,73661,1764959463310643888,57 55 52 106 178 49 14 144 102 62 9 183 89 23 137 51 118 59 149 131 47 65 116 43 5 42 96 41 193 115 139 68 46 0 143 117 108 18 22 146 195 159 181 160 34 48 54 177 10 190 184 84 112 127 123 162 151 135 70 154 180 53 100 121 63 79 133 80 176 148 124 94 152 97 26 1 101 86 75 2 120 44 25 78 31 16 171 175 113 56 81 90 27 165 40 185 196 179 145 92
269,74388,1764959463310643889,154 158 53 121 180 63 79 80 176 122 94 124 167 178 106 165 119 40 185 52 55 57 179 92 129 2 152 97 26 100 1 101 86 75 120 44 25 145 78 16 171 175 113 56 31 81 90 27 164 14 144 49 102 62 9 148 15 114 186 137 23 89 183 143 117 0 46 68 139 115 41 193 22 146 34 54 177 184 84 112 123 149 131 43 42 160 181 5 116 65 59 118 51 151 133 162 194 127 70 135
270,74966,1764959463310643890,157 31 56 113 175 16 171 44 25 78 145 92 129 57 55 52 167 148 124 94 152 97 1 2 120 75 101 86 26 100 121 53 158 180 63 122 79 151 133 154 70 135 194 162 123 127 112 177 54 184 48 160 34 181 5 42 41 193 22 18 108 68 46 139 115 116 43 131 149 65 59 118 0 117 143 183 89 186 23 137 176 80 15 9 62 102 49 144 14 138 3 178 106 185 40 119 165 90 81 196
271,72951,1764959463310643891,181 146 22 18 159 193 41 139 198 115 42 43 116 65 59 118 51 137 46 68 117 0 143 183 89 186 15 148 9 62 144 102 49 14 138 3 178 106 52 185 40 119 165 27 90 81 196 31 113 171 175 16 25 44 120 78 145 179 55 57 92 129 2 75 86 53 158 154 70 135 180 121 100 26 97 101 1 152 124 94 63 122 176 80 79 133 151 162 123 35 84 112 4 190 10 177 184 54 160 34
272,73000,1764959463310643892,135 70 127 112 4 10 177 54 48 184 160 34 181 146 22 159 193 41 42 43 131 149 47 65 116 115 139 18 108 140 93 68 46 118 59 72 162 123 151 133 79 122 63 94 124 80 176 51 137 0 117 143 183 89 23 186 15 148 9 62 144 14 102 49 3 178 106 52 55 57 129 92 145 196 40 185 165 90 81 31 113 175 171 16 78 44 120 75 86 101 2 152 1 97 26 100 121 53 180 154
273,74978,1764959463310643893,62 144 14 49 102 148 167 129 92 57 55 52 106 178 3 165 90 81 56 113 175 171 16 31 196 40 119 185 179 145 78 82 25 44 120 2 75 86 101 1 152 97 26 100 121 189 124 94 63 53 158 180 154 70 135 133 151 162 123 127 112 4 177 184 160 34 146 22 181 42 5 96 41 193 159 18 108 93 117 143 183 89 23 0 46 139 115 116 65 43 131 149 59 51 79 80 176 137 15 9
274,75269,1764959463310643894,26 100 189 121 136 53 158 180 154 135 70 127 123 162 149 131 184 54 160 34 22 18 117 143 153 183 89 23 186 137 0 68 46 115 139 41 193 159 181 42 43 116 47 65 59 176 51 118 151 133 79 80 122 63 94 124 167 55 52 106 178 3 49 102 62 9 148 15 144 14 138 185 40 165 39 27 90 81 196 31 113 175 171 16 25 78 145 179 57 92 129 44 120 2 75 86 101 1 152 97
275,73020,1764959463310643895,148 9 62 102 49 3 178 106 52 55 57 92 129 82 2 152 97 1 101 86 75 120 44 25 145 78 16 171 175 113 31 196 81 90 27 119 40 185 165 138 14 144 15 186 89 183 23 137 176 51 118 59 116 65 115 41 193 159 22 18 108 140 93 117 143 170 0 46 139 42 43 184 48 160 34 30 54 177 10 190 4 112 127 123 135 154 180 79 133 162 151 80 122 63 53 100 26 121 94 124
276,72576,1764959463310643896,16 171 175 113 31 81 90 165 119 40 185 106 178 52 55 57 145 92 129 2 152 94 124 167 148 9 62 102 49 14 144 15 186 137 23 89 183 143 117 0 46 115 139 68 93 140 108 18 22 159 193 41 181 34 48 54 177 4 112 84 35 184 160 42 5 43 65 116 131 149 59 118 51 72 162 123 127 70 135 154 180 133 151 176 80 79 122 63 53 86 26 97 1 101 75 120 82 44 25 78
277,72947,1764959463310643897,46 0 143 183 89 186 15 9 62 144 102 49 14 178 106 52 55 57 129 92 78 145 179 185 40 165 90 81 196 31 56 113 175 171 16 25 44 120 2 152 167 148 124 94 97 1 101 75 86 26 100 121 53 158 154 70 127 135 180 63 122 79 80 176 137 23 51 151 133 162 123 112 4 84 190 10 177 30 54 48 160 34 146 22 42 184 43 116 65 59 118 115 139 41 193 159 18 108 140 68
278,74528,1764959463310643898,56 113 175 171 16 44 120 25 78 92 57 129 2 75 86 101 1 100 26 97 152 94 63 79 133 151 162 180 53 158 154 135 70 127 123 112 177 54 34 160 184 131 149 59 65 116 43 42 181 41 139 193 159 146 22 18 108 68 46 115 118 51 80 176 137 0 117 170 143 183 89 23 186 114 15 144 14 21 138 3 49 102 62 9 148 167 55 52 178 106 185 119 165 39 27 90 40 196 145 31
279,75088,1764959463310643899,184 35 131 149 162 123 127 70 135 154 133 151 59 65 116 43 5 42 160 181 41 193 139 68 46 198 115 118 51 176 80 79 94 124 148 37 167 152 63 180 158 53 100 26 97 86 75 101 1 2 120 44 82 129 92 57 179 145 78 25 16 171 175 113 31 196 185 40 90 165 138 14 3 106 52 55 178 49 102 144 62 9 137 183 143 0 117 108 18 159 22 146 103 34 54 177 10 4 112 84
280,73095,1764959463310643900,16 171 175 113 56 31 196 81 90 165 119 40 185 106 52 55 178 3 49 14 144 62 9 15 148 167 124 94 121 53 158 180 154 135 70 127 162 123 35 184 84 112 4 190 10 177 54 34 160 43 131 149 65 116 42 181 146 22 159 193 41 115 139 18 108 117 143 0 46 118 59 151 51 23 89 183 137 176 80 133 79 63 152 97 26 100 86 75 101 1 2 120 44 25 129 57 92 179 145 78
281,73402,1764959463310643901,9 62 102 144 14 138 49 178 106 52 185 40 165 39 27 90 81 196 179 55 57 129 92 145 78 157 31 56 113 175 171 16 25 44 120 2 1 97 26 100 101 75 86 53 154 70 135 180 63 79 80 176 51 137 23 186 114 89 183 143 0 46 59 115 139 41 193 159 108 18 22 146 181 5 42 160 34 54 177 4 112 84 184 43 116 65 131 149 123 127 162 151 133 122 94 124 152 167 148 15
282,74326,1764959463310643902,46 139 68 140 108 18 22 159 193 41 115 116 65 47 149 131 43 42 181 34 160 184 54 177 10 4 112 127 123 162 151 133 79 80 122 63 180 135 70 154 158 53 86 26 100 121 189 97 1 101 75 152 2 120 44 129 92 57 55 52 179 145 78 25 16 171 175 113 85 56 31 157 81 196 90 165 185 40 119 106 178 49 14 144 62 148 124 94 186 23 89 183 143 117 0 137 176 51 59 118
283,73622,1764959463310643903,103 146 22 18 108 159 193 41 139 46 68 117 0 143 183 89 186 114 15 62 144 14 106 178 49 9 148 124 94 23 137 176 80 133 79 63 121 100 26 97 152 129 57 55 52 185 165 40 196 31 113 175 171 16 78 145 92 25 44 120 2 1 101 75 86 53 158 180 154 135 70 127 112 35 84 4 190 10 177 54 48 160 184 42 43 116 65 47 131 149 123 162 151 51 118 59 115 5 181 34
284,73245,1764959463310643904,34 181 41 193 159 22 18 108 139 68 46 0 117 143 183 137 23 186 15 62 9 148 167 129 92 57 55 52 106 178 49 14 144 21 7 164 165 185 40 90 81 196 179 145 78 157 31 56 113 175 171 16 25 44 120 2 152 1 101 75 86 97 26 100 121 94 124 176 80 133 79 63 53 158 180 154 70 135 127 112 4 84 184 43 116 65 47 131 149 123 162 151 59 118 115 42 160 48 177 54
285,73327,1764959463310643905,100 26 97 1 152 2 129 92 179 145 78 120 44 25 16 171 175 113 56 31 90 165 40 185 57 55 52 178 106 14 144 49 62 9 148 186 23 89 183 143 117 93 108 18 69 68 46 0 137 94 63 122 79 80 176 51 109 118 59 151 133 162 123 149 131 77 47 65 116 43 42 5 115 139 41 193 159 22 146 181 34 160 48 54 30 177 10 190 184 112 127 70 135 154 180 158 53 86 75 101
286,73725,1764959463310643906,52 196 81 90 165 119 40 185 106 178 3 14 144 49 102 62 9 148 15 186 23 89 183 143 117 93 108 18 139 68 0 46 198 115 5 41 193 159 22 34 54 177 10 190 184 160 42 43 116 65 149 35 84 4 112 127 70 135 123 162 151 118 59 51 137 176 133 80 79 63 180 154 53 121 100 26 86 97 189 94 124 152 2 1 101 75 120 44 25 78 16 171 175 113 56 31 145 92 57 55
287,74543,1764959463310643907,137 176 80 79 51 72 151 133 180 154 135 70 127 123 162 149 131 116 65 59 118 115 41 42 43 184 84 112 4 10 177 54 48 160 34 22 193 139 46 68 93 117 0 143 183 89 23 114 73 144 14 138 185 40 119 165 90 81 31 56 113 175 171 16 78 25 44 120 75 101 1 97 26 100 86 53 63 122 94 124 152 2 129 92 145 179 57 55 52 106 178 3 49 102 62 9 37 148 15 186
288,74156,1764959463310643908,135 154 180 158 53 136 121 189 94 124 152 1 101 97 26 100 86 75 2 120 82 129 92 145 78 25 44 16 171 175 113 31 196 185 40 90 165 14 144 62 9 102 49 3 178 106 52 55 57 167 148 15 186 23 89 183 143 0 137 176 80 122 63 79 133 162 151 51 118 59 115 139 46 68 18 22 146 103 195 159 193 41 116 65 149 131 35 184 43 42 181 34 160 54 177 10 4 112 123 127
289,73299,1764959463310643909,63 180 158 53 86 75 120 44 25 16 171 175 113 31 78 145 179 196 81 90 27 39 165 119 40 185 106 178 52 55 57 92 129 82 2 152 1 101 97 26 100 121 94 80 176 51 137 148 37 9 62 102 49 138 14 144 15 186 23 89 183 143 0 117 68 139 69 108 18 22 159 193 41 115 198 46 59 118 149 131 65 116 43 42 181 34 160 54 184 84 112 127 70 154 135 123 162 151 133 79
290,72621,1764959463310643910,41 96 5 42 43 116 65 149 59 118 51 72 151 162 133 79 63 122 80 176 148 9 62 144 102 49 138 14 3 178 106 52 55 57 179 185 40 119 165 27 90 81 196 145 78 31 113 175 171 16 25 44 120 92 129 2 1 101 75 86 97 152 124 94 26 100 121 53 180 154 135 70 127 123 112 84 184 177 54 160 34 181 146 22 18 69 108 93 117 143 183 89 23 137 0 46 115 139 159 193
291,73810,1764959463310643911,129 92 57 179 185 106 178 52 55 167 148 124 94 189 152 97 26 100 86 53 154 135 70 127 123 112 4 84 35 131 149 65 116 43 184 54 160 34 146 22 18 108 140 93 117 68 46 139 41 193 159 42 5 115 118 59 162 151 133 180 63 79 80 176 137 0 170 143 183 89 23 186 114 15 9 62 144 102 49 14 138 165 40 90 81 31 56 113 175 171 16 78 145 25 44 120 75 101 1 2
292,73271,1764959463310643912,49 102 144 62 9 15 148 124 94 63 122 79 133 80 176 51 137 23 186 114 89 183 153 0 143 117 68 46 139 115 59 118 72 151 162 123 131 149 65 116 47 43 42 41 193 159 69 108 18 22 146 34 160 54 177 10 184 112 127 70 135 154 180 158 53 86 75 101 100 26 97 1 152 2 129 120 44 16 171 175 113 31 78 145 92 57 55 185 40 119 165 90 27 164 21 14 106 52 178 3
293,74625,1764959463310643913,90 165 40 185 52 106 178 3 14 144 49 102 62 9 15 114 186 23 137 176 51 118 59 149 65 116 115 46 0 153 89 183 143 170 117 68 139 41 193 159 18 22 34 160 42 43 184 177 4 112 127 123 162 151 133 80 79 63 180 135 70 154 158 53 136 182 121 100 26 94 124 148 167 55 57 179 145 78 92 129 152 97 1 101 86 75 2 82 120 44 25 16 171 175 113 56 31 157 196 81
294,72568,1764959463310643914,119 90 27 39 165 185 55 52 106 178 49 14 144 62 9 148 152 94 63 79 80 176 137 23 186 89 183 51 118 59 65 116 115 46 0 143 117 68 139 108 69 18 159 22 146 181 193 41 42 160 34 48 54 177 10 190 4 112 84 184 43 149 151 133 162 123 127 70 135 154 180 53 121 100 26 97 1 101 86 75 2 120 44 25 78 92 129 57 179 145 31 16 171 175 113 56 157 196 81 40
295,72792,1764959463310643915,1 101 75 86 53 180 154 135 70 127 123 112 4 84 184 10 177 54 160 34 181 146 22 18 108 93 117 68 46 115 139 41 193 159 42 43 116 65 59 118 109 51 176 72 151 162 133 79 80 122 63 94 124 148 137 0 143 183 89 23 186 15 9 62 144 14 102 49 3 178 106 185 119 40 81 90 165 52 55 57 129 92 78 145 196 157 31 56 113 175 171 16 25 44 120 82 2 152 97 26
296,73507,1764959463310643916,31 145 179 55 52 106 178 3 14 49 138 165 185 119 40 196 81 90 27 164 21 144 62 9 148 137 23 89 183 143 117 0 46 139 5 116 65 131 149 59 118 115 41 193 159 18 22 146 181 42 43 184 160 34 54 177 10 190 4 112 123 162 151 51 176 80 133 79 63 53 154 70 127 135 180 94 124 152 1 101 97 26 121 100 86 75 2 120 82 129 57 92 78 25 44 16 171 175 113 56
297,74310,1764959463310643917,165 40 81 196 185 179 31 113 175 171 16 25 78 145 92 129 44 120 2 75 86 101 1 26 97 152 124 94 53 154 180 63 79 80 176 133 151 51 118 59 65 47 131 149 162 135 70 127 123 112 4 177 54 184 160 34 181 195 146 22 159 193 41 42 43 105 116 115 139 46 68 18 108 93 117 143 0 137 23 183 89 186 114 15 148 37 167 57 55 52 106 178 14 49 102 9 62 144 21 90
298,73575,1764959463310643918,167 37 9 62 102 144 14 138 49 106 3 178 52 55 57 92 145 179 185 40 119 165 90 81 196 56 113 175 171 16 31 78 25 44 120 82 129 2 152 1 101 75 86 97 26 100 189 121 53 158 180 154 135 70 127 112 123 162 149 65 116 43 42 184 177 54 160 34 181 146 22 41 193 18 108 68 46 139 115 59 118 51 151 133 79 63 94 124 80 176 137 23 0 117 143 183 89 186 15 148
299,73536,1764959463310643919,70 135 133 79 122 63 180 154 158 53 121 189 94 124 152 97 26 100 86 75 101 1 2 120 129 57 55 52 92 145 78 25 44 16 171 175 113 31 196 40 90 165 185 106 178 49 14 144 102 62 9 148 15 186 80 176 137 23 89 183 153 143 0 117 93 108 69 18 22 146 159 181 42 160 34 54 177 184 84 4 112 131 149 47 65 116 43 115 41 193 139 68 46 118 59 51 151 162 123 127
300,74685,1764959463310643920,18 193 159 41 139 115 46 68 140 93 117 143 183 89 23 137 186 114 15 9 62 144 102 49 14 138 3 178 106 52 185 40 119 165 39 27 90 81 196 179 145 31 56 113 175 171 88 16 78 25 44 120 92 57 55 129 2 167 148 124 94 189 152 97 1 75 101 86 26 100 121 53 180 154 135 70 127 123 162 151 133 176 80 63 122 79 51 109 118 59 149 65 116 43 42 160 184 54 34 22
301,74242,1764959463310643921,16 44 120 75 101 86 53 136 121 100 26 1 97 152 2 129 92 82 25 78 145 179 57 55 52 106 178 3 167 37 148 124 94 63 79 80 176 51 151 162 133 180 158 154 70 135 194 127 123 112 4 177 184 54 34 160 42 43 116 47 65 59 118 115 139 41 193 159 146 22 18 108 93 117 143 183 89 23 137 186 114 15 9 62 102 49 144 14 138 165 185 40 90 27 81 196 31 113 175 171
302,75800,1764959463310643922,81 40 185 52 55 57 129 92 179 145 78 31 113 175 171 16 25 44 120 2 152 97 1 101 75 86 100 26 189 121 136 53 158 154 70 135 127 123 112 162 59 116 65 149 43 184 10 177 54 48 34 146 22 195 181 160 42 5 139 41 193 159 18 68 46 115 118 51 176 80 151 133 79 180 63 94 124 137 23 89 153 0 117 143 183 83 186 114 15 148 9 62 144 102 49 14 178 106 165 90
303,72086,1764959463310643923,40 185 106 178 3 49 102 14 144 62 9 148 15 114 186 23 89 183 137 176 80 94 124 152 129 2 1 97 26 100 121 182 63 79 133 151 162 123 149 131 65 116 59 118 51 46 68 0 143 117 93 140 108 18 159 22 146 181 193 41 139 115 42 43 184 160 34 54 177 4 112 127 70 135 154 180 53 86 101 75 120 44 25 16 171 175 113 56 31 78 145 92 57 55 52 179 196 81 90 165
304,74256,1764959463310643924,137 183 89 23 186 15 148 9 62 144 49 14 165 40 90 81 113 175 171 16 31 78 145 92 185 106 178 52 55 57 129 25 44 120 2 75 86 101 1 152 97 26 100 121 189 124 94 122 63 53 158 180 154 135 70 127 123 112 84 184 131 149 59 118 116 65 47 43 160 48 54 177 10 30 34 181 146 22 18 159 193 41 42 5 139 115 198 46 68 93 117 143 0 51 151 162 133 79 80 176
305,72685,1764959463310643925,176 80 122 79 133 151 162 149 65 116 43 184 160 181 42 193 41 115 198 46 0 143 117 68 139 108 18 159 22 146 34 54 177 4 112 123 127 70 135 154 180 158 53 121 63 94 124 167 148 49 3 178 106 52 55 57 92 129 152 1 97 26 100 86 101 75 2 120 44 25 16 171 175 113 56 31 78 145 179 196 81 90 165 119 40 185 14 144 102 62 9 15 186 23 89 183 137 118 59 51
306,73615,1764959463310643926,154 53 136 182 121 100 26 86 75 101 1 97 152 2 120 44 25 16 171 175 113 56 31 81 196 179 145 78 82 129 92 57 55 52 178 106 185 40 119 90 165 138 14 49 102 144 62 9 148 15 186 89 183 153 0 143 117 68 46 198 139 115 5 42 41 193 159 18 22 146 181 34 160 54 177 10 184 84 112 127 70 135 162 123 149 65 47 43 116 59 151 133 79 80 176 137 124 94 63 180
307,73619,1764959463310643927,41 139 198 46 68 0 183 143 117 93 108 18 159 22 146 34 160 48 54 184 177 4 112 123 149 131 65 59 162 151 80 94 124 152 189 63 79 133 135 70 154 180 53 121 100 26 97 1 101 86 75 2 129 82 120 44 25 16 171 175 113 56 31 81 90 196 179 145 78 92 57 55 52 106 178 3 185 40 119 165 14 144 49 102 62 9 148 15 186 23 137 176 51 118 115 116 43 42 181 193
308,73106,1764959463310643928,112 4 10 177 30 54 48 160 34 41 193 159 146 22 18 108 139 5 42 115 46 68 140 93 117 143 183 89 186 23 137 148 9 62 144 14 49 178 106 52 55 57 92 129 25 78 145 179 196 81 90 27 164 39 165 40 185 157 31 113 171 175 16 44 120 2 75 101 97 152 1 26 100 86 53 158 154 180 94 63 79 133 80 176 51 118 59 151 135 70 127 123 162 149 131 65 116 43 184 84
309,73881,1764959463310643929,145 92 129 44 120 2 152 97 1 101 75 86 26 53 180 154 135 70 127 123 112 149 131 184 190 10 177 54 48 160 34 181 146 22 159 193 41 5 42 43 116 65 59 118 51 176 80 151 162 133 79 122 63 121 94 124 137 89 183 143 117 68 139 115 46 0 23 186 114 15 62 9 148 167 52 106 178 3 138 14 49 144 21 164 90 165 40 185 55 57 179 196 31 56 113 175 171 16 25 78
310,72197,1764959463310643930,79 63 122 124 94 180 135 70 154 53 121 100 26 86 75 101 1 97 152 2 129 92 145 78 25 120 44 16 171 175 113 56 31 196 81 90 27 164 39 165 119 40 185 179 57 55 52 106 178 3 138 14 144 49 102 62 9 148 137 23 186 89 183 143 117 0 46 68 139 115 118 51 59 65 116 43 42 181 41 193 159 18 22 146 34 160 54 177 10 184 35 131 149 123 127 162 151 133 176 80
311,74360,1764959463310643931,51 118 59 149 65 116 43 42 115 46 0 89 183 143 117 68 139 41 193 22 146 34 30 54 177 48 160 184 84 112 127 123 162 135 70 154 180 158 53 121 100 26 86 97 1 101 75 120 44 25 145 78 16 171 175 113 56 31 196 81 90 39 138 14 144 62 9 102 49 3 178 55 57 52 106 165 119 40 185 179 92 129 82 2 152 167 148 37 15 114 186 23 137 176 80 94 63 79 133 151
312,74320,1764959463310643932,160 181 42 43 116 65 131 184 54 177 10 190 4 112 127 70 154 158 53 180 135 194 123 149 162 151 133 79 122 63 94 152 1 101 97 26 100 86 75 2 120 44 25 82 129 92 57 55 52 179 145 78 31 16 171 175 113 56 85 157 196 81 90 119 40 185 165 138 106 178 3 49 14 144 62 9 15 148 124 80 176 51 137 23 89 183 143 0 46 118 59 115 139 41 193 159 22 146 34 48
313,72082,1764959463310643933,176 80 79 133 151 162 59 118 46 68 108 18 139 115 41 193 159 22 34 54 177 10 190 4 112 84 35 184 48 160 42 43 116 65 131 149 123 127 135 154 180 158 53 63 94 124 152 2 101 1 97 26 100 121 86 75 120 44 25 82 129 92 57 55 52 179 145 78 16 171 175 113 56 31 157 196 81 90 165 40 185 106 178 14 49 102 144 62 9 148 15 186 23 89 183 143 117 0 137 51
314,72764,1764959463310643934,131 149 162 151 133 80 79 63 94 124 148 176 137 23 183 89 186 9 62 144 102 49 14 138 3 178 106 185 40 119 165 90 81 31 113 175 171 16 78 25 44 120 82 92 145 179 52 55 57 129 2 152 97 1 101 75 86 26 100 53 180 154 135 70 127 123 112 4 84 184 160 48 177 54 30 34 181 195 146 22 18 159 193 41 139 68 117 143 0 46 115 118 51 59 65 116 43 42 5 47
315,73355,1764959463310643935,176 122 63 94 124 167 148 23 137 15 9 62 102 49 144 14 3 178 106 52 55 185 40 165 90 81 196 157 179 145 78 31 56 113 175 171 16 25 44 120 92 57 129 2 75 101 86 100 26 97 1 152 121 53 180 154 70 135 194 127 123 149 131 65 116 43 42 5 96 139 41 193 159 181 160 48 184 177 54 34 146 22 18 108 93 117 143 183 89 0 46 115 59 118 51 151 162 133 79 80
316,72667,1764959463310643936,185 52 57 129 92 78 145 179 196 31 56 113 175 171 16 25 44 120 82 2 152 97 1 101 75 86 26 100 53 158 154 180 133 51 151 162 135 70 127 123 149 131 47 65 116 59 118 46 68 139 115 5 42 43 184 35 84 112 4 190 10 177 54 160 34 181 41 193 159 22 18 108 117 0 143 183 89 23 137 176 80 79 122 63 94 124 148 37 15 9 62 144 102 49 14 178 106 165 90 40
317,72919,1764959463310643937,121 53 180 154 70 135 194 127 123 112 4 84 190 10 177 54 34 22 18 108 159 193 41 115 139 68 46 0 117 170 143 153 183 89 186 23 137 176 51 118 59 65 116 43 5 42 160 184 131 149 162 151 133 80 79 63 94 124 148 152 97 1 2 129 92 57 55 52 178 49 102 62 9 15 114 144 14 106 185 40 165 90 81 196 145 78 31 56 113 175 171 16 25 44 120 75 101 86 26 100
318,73861,1764959463310643938,40 119 185 3 178 106 52 55 57 129 2 75 86 101 1 97 26 100 121 53 158 154 180 136 63 79 133 80 176 51 118 59 151 162 194 135 70 127 123 149 131 65 116 43 184 54 160 34 181 42 5 115 41 193 159 146 22 18 108 139 46 68 117 0 143 183 89 186 23 137 148 94 152 167 9 62 144 49 14 138 165 39 27 90 81 196 56 113 175 171 16 31 145 78 25 44 120 82 92 179
319,73287,1764959463310643939,2 101 1 97 152 124 94 63 79 80 176 137 51 118 59 72 151 133 162 123 149 131 65 116 43 184 42 115 46 68 139 41 193 159 18 22 146 181 34 160 54 177 4 112 127 70 135 154 180 158 53 100 26 86 75 120 44 25 78 16 171 175 113 56 31 196 81 90 165 119 40 185 138 14 144 62 9 15 186 89 183 143 117 0 23 148 37 102 49 3 178 106 55 52 57 179 145 92 129 82
320,74717,1764959463310643940,97 1 101 75 86 53 180 154 70 135 194 127 123 162 151 133 80 122 79 63 94 124 148 37 186 23 137 176 51 118 59 65 116 5 42 43 184 54 177 4 112 84 35 131 149 115 46 139 41 193 159 181 160 34 146 22 18 117 0 143 183 89 114 15 9 62 144 102 49 14 178 106 55 52 165 90 40 185 179 145 78 31 113 175 171 16 25 44 82 120 92 57 129 2 152 19 189 121 100 26
321,75031,1764959463310643941,177 54 34 181 146 22 193 41 139 46 68 117 0 143 183 89 186 23 137 12 124 94 189 152 167 148 9 62 144 102 49 14 3 178 106 52 55 57 92 129 120 44 16 171 175 113 56 31 196 81 90 165 40 119 185 179 145 78 25 82 2 75 86 101 1 97 26 100 136 182 121 53 158 154 180 63 122 80 79 133 135 70 194 127 123 149 116 65 162 151 176 51 59 115 43 42 160 184 190 10
322,74088,1764959463310643942,42 43 47 65 116 115 139 46 68 108 69 18 22 146 103 34 160 48 54 177 10 4 112 123 162 151 133 79 135 127 70 154 180 158 53 121 100 26 97 1 152 2 101 86 75 120 44 25 129 92 57 55 52 179 145 78 16 171 175 113 31 196 40 90 165 185 106 178 49 102 14 144 62 9 186 23 89 183 143 0 137 148 167 124 94 189 63 122 80 176 51 118 59 149 184 181 159 193 41 5
323,73458,1764959463310643943,106 52 55 57 185 40 119 165 90 81 196 145 78 31 56 113 175 171 16 25 44 120 129 92 82 2 101 1 97 26 100 86 75 152 94 53 158 154 70 135 180 63 79 133 151 162 149 123 127 112 4 190 10 177 54 34 22 181 160 184 84 35 131 47 65 116 43 42 5 96 41 193 159 18 108 117 0 46 68 139 115 59 118 51 80 176 137 143 183 89 23 148 9 62 102 49 144 14 3 178
324,73453,1764959463310643944,129 120 2 75 86 101 1 97 152 167 148 124 94 122 80 176 51 151 133 79 63 189 26 100 121 53 158 180 154 70 135 194 162 123 127 112 84 35 184 190 10 177 54 160 34 22 18 159 193 41 181 42 5 43 116 65 131 149 59 118 115 139 68 46 0 143 183 89 23 137 186 15 9 62 144 102 49 14 178 106 52 55 57 185 40 165 27 90 81 196 113 175 171 16 31 145 78 25 44 92
325,72328,1764959463310643945,144 14 138 165 185 40 119 27 90 81 196 179 92 145 78 31 113 175 171 16 25 44 120 129 2 1 97 101 75 86 26 100 121 53 158 180 63 79 80 176 51 151 133 154 135 70 127 162 123 112 4 190 10 177 54 34 160 184 42 5 43 116 65 59 118 115 139 41 193 159 22 18 108 93 117 68 46 0 143 183 89 23 137 186 15 62 9 148 124 94 152 167 57 55 52 106 178 3 49 102
326,74489,1764959463310643946,171 175 113 56 31 78 145 92 179 196 81 40 119 185 165 90 27 164 7 21 144 102 49 14 138 3 178 106 52 55 57 167 62 9 148 152 1 97 26 100 121 94 63 80 176 137 51 59 115 198 46 68 0 89 183 143 117 93 108 18 139 43 42 181 41 193 159 22 146 34 160 184 177 10 4 112 123 149 131 65 116 162 151 133 79 180 135 70 154 53 86 101 75 2 129 82 120 44 25 16
327,73936,1764959463310643947,198 115 96 41 193 139 46 117 0 170 143 183 89 186 9 62 102 49 14 144 138 3 178 106 52 55 57 129 92 179 185 40 119 165 27 90 81 196 157 31 113 175 171 16 78 145 44 120 2 75 86 101 1 152 97 26 100 94 124 148 23 137 176 80 51 151 162 133 79 63 121 53 180 158 154 135 70 127 123 112 4 84 184 10 177 54 48 160 34 146 22 159 181 42 5 43 116 65 59 118
328,75088,1764959463310643948,80 79 63 136 53 158 86 101 75 120 44 25 145 78 16 171 175 113 56 31 157 179 196 81 90 27 165 40 185 3 178 106 52 55 57 92 129 82 2 152 1 97 26 100 121 189 19 94 124 148 9 62 102 49 14 144 15 114 186 89 183 143 117 0 23 137 51 118 115 46 68 139 41 193 22 34 54 177 10 190 4 112 127 123 149 65 116 43 184 160 42 59 151 162 135 70 154 180 133 176
329,73780,1764959463310643949,22 18 108 93 117 143 0 46 68 139 193 41 115 43 116 65 59 162 151 133 79 80 176 137 183 89 23 186 15 144 21 164 90 81 196 56 113 175 171 16 31 145 78 25 44 120 75 86 101 1 100 26 97 152 2 82 129 92 179 91 185 40 119 165 57 55 52 106 178 14 49 102 62 9 148 167 124 94 63 53 158 180 154 70 135 194 127 123 112 4 84 184 177 54 48 34 160 42 181 146
330,72986,1764959463310643950,86 53 180 63 94 176 80 79 133 162 151 135 154 70 127 123 149 131 112 177 54 48 34 160 184 42 41 193 159 181 146 22 18 69 108 93 117 143 183 89 0 46 68 139 115 5 43 116 65 59 118 51 137 23 186 15 148 9 62 144 102 49 14 3 178 106 52 55 179 185 40 119 165 27 90 81 196 31 56 113 175 171 16 78 145 92 57 129 82 25 44 120 75 2 152 1 97 26 100 101
331,73709,1764959463310643951,131 35 184 10 177 54 48 160 34 181 146 22 159 18 69 108 117 0 143 183 89 23 186 62 9 148 167 124 137 176 80 79 122 63 94 189 100 26 97 101 1 152 2 129 92 82 25 78 145 179 57 55 52 106 178 49 144 14 165 185 40 90 81 196 31 113 175 171 16 44 120 75 86 121 136 53 158 180 154 135 70 127 112 123 162 133 151 51 59 115 46 139 193 41 5 42 43 116 65 149
332,74425,1764959463310643952,70 135 154 53 180 133 151 59 118 51 176 80 79 63 94 124 167 3 178 106 52 55 57 92 129 2 1 152 189 121 100 26 97 101 86 75 120 44 25 82 78 16 171 175 113 56 31 145 179 185 81 90 40 119 165 14 49 102 144 62 9 148 15 186 137 23 89 183 143 0 46 198 115 5 41 193 139 68 140 108 69 18 159 22 146 181 34 54 184 160 42 43 116 65 149 131 35 112 123 127
333,72098,1764959463310643953,121 94 124 80 151 162 133 79 63 53 180 154 135 70 127 123 112 4 190 10 177 54 48 184 160 34 181 146 22 159 193 18 108 140 93 117 68 46 115 139 41 42 5 43 116 65 59 118 51 176 137 89 183 0 143 23 186 15 148 167 129 92 78 145 179 57 55 52 106 178 3 49 102 9 62 144 14 165 185 40 90 81 196 31 113 175 171 16 25 44 120 2 152 1 101 75 86 97 26 100
334,73376,1764959463310643954,79 122 63 136 133 162 123 127 70 135 154 180 158 53 121 100 26 1 97 101 86 75 2 120 44 25 16 171 175 113 56 31 78 145 179 92 82 129 57 55 52 178 106 185 119 40 196 81 90 165 138 14 144 102 49 167 152 94 148 9 62 15 114 186 137 23 89 183 143 117 0 46 68 139 115 5 41 193 18 22 146 159 181 34 48 54 177 184 160 42 43 116 47 65 59 118 51 151 176 80
335,72573,1764959463310643955,133 79 80 122 63 94 124 152 167 148 15 9 62 102 49 144 14 3 178 106 185 40 165 27 90 81 196 31 113 175 171 16 78 145 179 52 55 57 92 129 82 25 44 120 2 1 97 101 75 86 26 100 121 53 158 180 154 135 70 127 112 131 149 123 162 151 51 118 59 65 116 46 139 115 5 42 43 184 54 177 160 34 181 146 22 159 41 193 18 108 93 117 0 143 183 89 186 23 137 176
336,74758,1764959463310643956,184 35 43 116 65 59 149 131 123 162 72 118 115 46 139 41 193 159 146 22 18 108 93 117 0 170 143 183 89 186 15 9 62 102 144 14 49 3 178 106 165 40 185 179 52 55 57 129 82 92 145 78 31 113 175 171 16 25 44 120 2 75 101 86 158 53 121 189 100 26 97 1 152 94 124 167 148 23 137 176 51 151 133 79 80 122 63 180 154 135 70 127 112 4 177 54 34 181 42 160
337,72576,1764959463310643957,46 68 108 18 22 146 159 193 41 139 115 116 65 43 42 181 34 160 48 54 177 184 84 112 123 127 70 135 154 180 53 121 100 26 86 75 101 1 97 152 2 129 82 120 44 25 78 16 171 175 113 56 31 157 81 90 27 164 95 39 165 119 40 196 179 145 92 57 55 52 185 106 178 3 49 14 144 102 62 9 186 89 183 143 0 137 148 124 94 63 122 176 80 79 133 162 151 51 118 59
338,74746,1764959463310643958,162 127 123 131 149 59 65 116 43 5 42 184 190 10 177 54 48 160 34 22 18 159 193 41 115 139 0 143 183 89 23 137 176 80 51 118 151 133 79 63 94 152 167 57 55 52 106 178 3 138 14 49 102 148 9 62 144 21 164 95 39 165 185 40 119 90 81 196 179 145 78 157 31 56 113 175 171 16 25 44 120 82 92 129 2 75 101 1 97 26 100 86 53 121 158 180 154 70 135 194
339,74727,1764959463310643959,123 127 135 154 158 53 121 100 19 189 94 124 148 37 102 49 14 3 178 106 52 55 57 92 129 2 152 1 101 97 26 86 75 120 82 44 25 16 171 175 113 56 31 78 145 179 185 165 119 40 196 81 90 27 164 144 9 62 15 186 89 183 23 137 176 80 79 63 180 162 133 151 51 118 115 59 149 65 116 43 42 41 193 139 68 46 0 143 117 108 18 22 146 159 181 34 160 54 184 112
340,75818,1764959463310643960,92 57 55 52 106 178 3 49 102 62 9 37 148 167 124 152 1 101 2 75 86 158 154 180 53 100 26 97 189 94 63 122 79 133 135 123 162 151 116 65 149 131 35 184 43 42 160 177 54 34 22 18 159 193 41 139 115 59 118 51 80 176 137 153 0 46 68 117 143 183 89 23 186 114 15 144 14 138 165 90 81 56 113 175 171 16 31 157 196 40 119 185 179 145 78 25 44 120 82 129
341,73078,1764959463310643961,86 75 2 120 78 25 44 82 129 92 179 145 31 16 171 175 113 56 196 81 90 27 164 95 39 165 119 40 185 57 55 52 106 178 49 14 144 102 62 9 15 148 124 94 63 122 79 133 151 80 176 137 89 183 143 0 117 93 68 46 51 118 59 65 116 115 139 193 41 5 42 43 184 160 181 159 108 18 22 146 34 54 177 112 123 162 127 70 135 154 180 158 53 121 100 26 97 152 1 101
342,74157,1764959463310643962,26 86 100 121 182 136 53 158 154 180 79 122 63 94 124 148 137 176 80 51 72 151 133 162 123 135 70 127 112 4 84 184 10 177 54 160 34 181 42 43 116 65 131 149 59 118 115 41 193 159 22 139 46 0 117 143 183 89 23 186 62 9 102 49 144 14 3 178 106 52 55 185 40 119 165 90 81 196 179 145 31 56 113 175 171 16 78 92 57 129 25 44 120 2 75 101 1 97 152 189
343,73778,1764959463310643963,159 193 41 115 118 59 116 65 131 149 162 133 79 63 80 151 51 176 137 0 143 183 89 23 186 9 62 144 102 49 3 178 106 14 138 165 40 90 81 196 145 78 31 113 175 171 16 25 44 120 82 129 57 55 52 185 179 92 2 75 1 101 86 53 121 100 26 97 152 148 124 94 136 180 154 135 70 127 123 112 35 84 4 190 10 177 54 184 43 42 160 34 181 146 22 18 108 68 46 139
344,72050,1764959463310643964,149 59 65 116 43 42 5 115 46 139 41 193 159 181 146 22 18 69 108 68 140 93 117 0 143 183 89 186 23 137 148 9 62 144 102 49 14 165 90 40 185 106 3 178 55 52 57 179 145 31 113 175 171 16 78 25 44 120 82 92 129 2 75 86 121 100 26 101 1 97 152 124 94 80 176 51 151 162 133 79 63 180 53 158 154 135 70 127 123 112 4 84 190 10 177 54 34 160 184 131
345,73444,1764959463310643965,90 81 196 157 31 16 171 175 113 56 179 55 57 92 145 78 25 44 120 82 129 2 152 97 1 101 75 86 26 100 121 53 158 180 154 70 135 127 123 162 59 115 46 139 41 193 159 42 43 116 47 65 149 131 112 84 184 177 54 160 34 181 146 22 18 117 0 143 183 89 137 176 80 51 118 151 133 79 63 94 124 167 148 15 114 9 62 102 49 144 14 138 3 178 106 52 185 40 119 165
346,73774,1764959463310643966,42 184 43 116 65 131 149 123 112 4 10 177 54 48 160 34 146 22 159 18 68 46 0 143 183 89 186 114 15 37 9 62 102 144 14 49 3 178 106 185 40 119 165 27 90 81 31 113 175 171 16 78 145 52 55 57 92 129 25 44 120 2 152 94 124 148 23 137 176 80 133 79 122 63 121 100 26 97 1 101 75 86 53 158 180 154 135 70 127 194 162 151 51 118 59 115 139 41 193 181
347,72151,1764959463310643967,46 68 93 140 108 69 18 193 41 159 22 146 34 181 42 43 116 65 149 131 184 160 54 177 4 112 123 162 127 70 135 154 180 158 53 121 100 26 86 75 101 1 97 152 2 129 57 92 25 120 44 16 171 175 113 56 31 78 145 196 81 90 165 40 185 138 14 144 102 49 178 106 52 55 167 148 9 62 15 186 89 183 143 117 0 137 176 80 124 94 63 79 133 151 51 109 118 59 115 139
348,75386,1764959463310643968,31 56 113 175 171 16 44 25 78 145 92 82 120 129 2 101 1 75 86 26 97 152 19 100 121 53 158 180 154 70 135 133 151 162 127 123 149 65 116 35 112 177 54 184 43 42 181 160 34 22 159 193 41 139 46 115 59 51 80 79 122 63 189 94 124 176 137 23 153 0 117 143 183 89 186 148 9 62 144 14 49 178 106 52 55 57 179 185 40 119 165 39 95 7 164 27 90 81 196 157
349,74193,1764959463310643969,40 119 185 165 49 102 62 9 148 137 176 80 79 122 63 94 124 152 1 101 86 97 26 100 121 136 53 158 180 154 70 135 133 51 72 151 162 123 127 112 4 190 10 177 184 42 5 41 193 139 18 159 22 146 181 34 160 43 116 65 131 149 59 118 115 46 68 117 0 170 143 183 89 186 15 144 14 3 178 106 52 55 57 92 129 2 75 120 44 25 78 145 16 171 175 113 31 196 81 90
350,72641,1764959463310643970,22 18 108 93 117 143 183 89 23 137 186 15 9 62 144 14 185 40 119 165 90 81 196 179 157 31 56 113 175 171 16 25 78 145 92 129 57 55 52 106 178 3 49 102 37 148 124 94 121 100 26 97 152 2 82 44 120 75 1 101 86 53 180 154 135 70 127 123 162 151 133 79 63 80 176 51 118 59 149 131 65 116 43 184 10 177 54 34 160 42 5 115 68 46 139 41 193 159 181 146
351,72840,1764959463310643971,97 94 63 122 79 133 151 135 123 162 59 118 51 80 176 137 183 143 0 117 93 140 69 18 108 139 68 46 198 115 116 65 47 149 131 43 42 5 41 193 159 22 146 181 34 160 48 54 177 10 184 84 4 112 127 70 154 180 53 121 100 26 86 101 75 120 44 25 129 92 57 55 52 179 145 78 16 171 175 113 31 196 81 90 165 119 40 185 106 178 14 49 144 62 9 148 167 152 2 1
352,74939,1764959463310643972,136 53 158 180 154 135 70 127 123 162 151 59 149 65 116 43 115 139 41 193 159 42 160 184 177 54 34 146 22 18 108 140 93 117 143 183 153 0 46 118 51 137 176 80 133 79 63 94 124 111 167 55 52 178 49 102 62 9 148 23 89 186 114 15 144 14 138 106 185 40 119 165 90 81 196 179 57 129 92 145 31 113 175 171 16 78 82 25 44 120 2 75 86 101 97 152 1 26 100 121
353,72300,1764959463310643973,108 140 93 117 143 183 89 186 23 0 68 46 139 115 41 193 159 42 43 116 65 149 59 118 51 151 80 176 137 148 94 79 63 121 100 26 97 101 1 2 152 167 9 62 144 102 49 14 178 106 52 55 57 129 92 78 145 179 185 40 119 165 90 81 196 31 56 113 175 171 16 25 44 120 75 86 53 180 154 70 135 133 162 123 127 112 4 190 10 177 184 160 48 54 30 34 181 146 22 18
354,74224,1764959463310643974,63 94 80 79 133 151 59 65 116 43 5 42 181 159 193 41 115 139 68 46 118 51 176 137 23 186 114 89 183 143 0 117 18 22 146 34 160 184 48 54 177 10 4 112 127 123 162 194 135 70 154 180 53 121 189 26 100 86 101 75 120 44 25 78 145 179 31 16 171 175 113 81 196 185 40 119 165 90 164 21 144 62 9 49 14 3 178 106 52 55 92 57 129 2 1 97 152 167 148 124
355,74251,1764959463310643975,43 42 160 34 181 41 193 159 22 18 108 139 46 68 93 117 0 143 183 89 186 23 137 148 9 62 144 21 164 90 165 40 81 196 56 113 175 171 16 31 78 145 179 185 106 14 49 178 55 52 57 92 129 82 25 44 120 2 75 101 1 152 97 86 26 100 63 94 124 189 121 53 158 154 70 127 135 180 79 122 80 176 133 162 151 51 59 115 116 65 149 123 112 4 10 177 54 184 84 35
356,73137,1764959463310643976,94 124 137 176 80 79 63 100 26 97 1 101 2 75 86 53 180 154 135 70 127 123 112 177 54 34 181 5 42 160 184 35 131 149 43 116 65 162 133 151 51 118 59 115 46 139 41 193 159 22 18 108 140 93 117 0 143 183 89 23 186 114 15 148 9 62 102 49 14 144 21 164 27 90 39 165 119 40 185 196 179 145 31 113 175 171 16 78 44 120 129 92 57 55 52 106 178 3 167 152
357,74604,1764959463310643977,43 116 65 149 123 162 151 133 194 127 70 135 154 180 158 53 86 101 75 2 120 44 16 171 175 113 31 78 145 196 52 106 178 49 102 9 62 144 14 165 40 185 179 55 57 92 82 129 152 1 97 26 100 121 189 124 94 63 122 79 80 176 51 59 118 137 148 15 186 23 89 183 143 0 117 68 46 139 108 18 22 146 195 159 193 41 181 34 160 48 54 177 10 4 112 84 184 42 5 115
358,75875,1764959463310643978,0 143 183 89 137 148 9 62 144 102 49 14 138 3 178 106 52 55 57 185 40 119 165 27 90 81 196 56 157 31 113 175 171 16 78 145 179 92 25 44 120 129 167 124 94 122 176 80 79 63 136 182 121 100 26 97 101 1 152 2 75 86 158 154 53 180 133 151 162 123 135 70 127 112 4 177 184 131 149 59 118 51 115 139 41 5 116 65 43 42 160 54 34 181 193 159 22 18 68 46
359,74381,1764959463310643979,23 0 46 68 139 115 41 5 116 118 59 149 131 65 43 42 181 160 184 10 177 54 34 146 22 159 193 18 108 93 117 143 183 89 186 114 15 62 144 14 138 165 90 81 196 157 31 56 113 175 171 16 44 75 2 120 25 78 145 179 40 185 92 129 57 55 52 106 178 3 49 9 148 167 124 152 97 1 101 86 26 100 121 94 63 53 180 154 135 70 127 123 162 151 133 79 122 80 176 137
360,72153,1764959463310643980,56 113 175 171 16 78 92 57 55 129 82 25 44 120 2 152 1 97 26 100 101 75 86 53 158 154 180 63 79 133 135 70 127 123 162 151 51 59 116 65 149 131 184 84 112 4 190 10 177 54 48 160 34 146 22 18 159 193 41 42 43 115 139 46 68 93 117 0 143 183 89 23 186 114 15 137 176 80 94 124 148 9 62 144 14 102 49 3 178 106 52 185 40 119 165 27 90 81 145 31
361,72067,1764959463310643981,177 184 35 131 149 47 65 72 151 162 133 79 80 176 51 118 59 116 43 42 181 160 48 54 34 146 22 159 193 41 139 115 198 46 68 93 117 0 143 183 89 23 137 186 15 148 37 9 62 102 49 144 14 3 178 106 55 57 92 52 185 40 119 165 90 81 196 145 78 31 56 113 175 171 16 25 44 120 2 152 97 1 101 75 86 26 100 53 94 63 180 154 135 70 127 123 112 4 190 10
362,75703,1764959463310643982,2 82 129 92 57 55 52 106 178 3 49 102 62 9 37 148 15 144 14 138 39 90 165 40 185 179 145 78 31 56 113 175 171 16 25 44 120 75 101 86 121 53 158 63 122 80 79 133 180 154 135 70 127 123 162 149 131 65 116 43 35 112 84 184 54 160 42 181 34 22 159 193 41 139 68 115 59 118 109 51 151 176 46 0 117 143 153 183 89 186 23 137 12 124 94 100 26 97 1 152
363,72735,1764959463310643983,16 171 175 113 31 145 78 196 81 90 165 40 185 106 178 14 49 144 9 62 148 15 186 137 23 89 183 143 0 46 68 117 93 140 108 69 18 22 146 159 41 193 139 115 5 42 181 34 160 48 54 177 10 4 112 184 43 116 65 47 131 149 123 127 162 151 59 51 176 80 94 63 122 79 133 194 135 70 154 180 158 53 121 100 26 97 101 86 75 1 152 2 55 52 57 92 129 44 120 25
364,72538,1764959463310643984,80 122 79 63 180 133 151 162 123 127 70 135 154 158 53 121 100 26 97 86 75 101 1 152 2 120 44 25 78 16 171 175 113 56 31 157 196 81 90 165 119 40 185 145 92 129 57 55 52 106 178 49 102 138 14 144 62 9 148 167 124 94 137 23 89 183 143 0 117 108 18 22 159 193 41 139 46 115 96 5 42 181 146 34 160 54 177 184 84 112 149 131 43 116 47 65 59 118 51 176
365,72082,1764959463310643985,122 63 94 124 152 2 129 92 57 55 52 106 178 3 167 148 15 9 62 144 102 49 14 138 165 90 81 196 40 119 185 179 145 78 31 113 175 171 16 25 44 120 75 101 1 97 86 26 100 121 53 158 180 154 135 70 127 123 162 149 131 184 84 112 4 177 54 160 34 181 146 22 159 18 108 93 117 143 183 89 23 137 0 46 115 139 193 41 42 43 116 65 59 118 51 176 80 151 133 79
366,73705,1764959463310643986,10 4 112 127 70 135 154 180 158 53 121 63 94 97 26 100 86 75 101 1 2 82 120 44 25 16 171 175 113 56 31 78 145 179 52 55 57 92 129 152 167 148 49 3 178 106 185 40 81 90 165 138 14 21 144 102 62 9 15 186 89 183 137 176 80 79 133 151 162 123 149 131 65 116 59 118 51 46 0 143 117 93 108 18 22 146 159 193 41 139 68 198 115 42 43 184 160 34 54 177
367,74435,1764959463310643987,139 41 193 69 108 18 22 146 159 181 34 160 54 177 184 35 84 4 112 149 131 43 42 5 116 47 65 59 118 115 46 176 80 51 72 151 162 123 127 70 135 133 79 63 94 124 152 1 97 26 100 121 180 154 53 86 101 75 2 167 102 49 3 178 106 52 55 57 129 92 145 78 120 44 25 16 113 175 171 31 196 185 40 165 14 144 62 9 148 137 23 186 89 183 143 0 117 93 68 198
368,72479,1764959463310643988,25 16 171 175 113 56 31 78 145 92 57 55 52 106 3 178 179 196 81 90 119 40 185 165 14 144 49 102 62 9 15 114 89 183 153 0 143 117 108 69 18 159 22 146 34 160 48 54 177 10 184 43 42 181 193 41 115 139 68 46 118 59 116 65 131 149 123 127 70 135 162 133 151 51 176 137 23 186 148 124 94 80 79 63 180 154 158 53 86 75 101 100 26 97 1 152 2 129 120 44
369,73172,1764959463310643989,16 171 175 113 56 31 78 145 179 92 57 55 52 178 106 185 119 40 196 81 90 165 14 49 102 144 62 9 15 186 137 23 89 183 143 0 117 108 18 159 193 41 139 46 115 59 116 65 47 43 42 22 146 181 34 160 48 30 54 184 177 10 190 4 112 127 123 131 149 162 151 51 176 80 148 167 111 124 94 122 79 133 63 180 135 70 154 53 26 1 152 97 101 86 75 2 129 120 44 25
370,72705,1764959463310643990,129 82 2 152 1 97 26 100 101 75 86 53 180 154 135 70 127 123 112 4 10 177 54 34 160 184 149 59 118 115 116 65 47 43 42 181 22 18 108 159 193 41 139 46 68 93 117 0 143 183 89 186 15 114 23 137 51 151 162 133 79 80 176 63 94 124 148 37 9 62 102 144 14 138 49 178 106 52 185 40 119 165 27 90 81 196 179 145 31 113 175 171 16 44 120 25 78 92 57 55
371,74146,1764959463310643991,145 78 16 171 175 113 31 196 185 40 90 165 14 144 49 178 106 52 55 57 92 129 152 167 148 9 62 102 15 186 89 183 0 117 143 23 137 176 80 94 63 79 133 151 162 47 43 116 65 59 51 109 118 115 41 193 139 198 46 68 140 108 18 22 159 195 146 103 181 34 48 160 42 184 54 177 10 190 4 112 35 131 149 123 127 70 135 154 180 53 26 97 1 101 86 75 2 120 44 25
372,74464,1764959463310643992,152 129 82 120 44 25 78 16 171 175 113 56 85 31 157 81 196 179 145 92 57 55 52 178 106 185 40 119 165 90 21 144 14 49 62 9 186 89 183 143 0 117 108 18 22 146 34 160 48 54 177 184 84 112 149 131 47 65 116 43 42 159 193 41 115 139 68 46 51 118 59 123 162 151 133 79 63 122 80 176 137 23 148 124 94 53 180 154 135 127 70 158 100 26 97 1 101 86 75 2
373,73351,1764959463310643993,113 175 171 16 78 145 179 185 52 55 57 92 129 25 44 120 2 75 101 1 97 152 94 124 12 122 79 63 121 100 26 86 53 180 154 135 70 127 112 123 162 151 133 80 51 118 59 149 131 65 116 43 5 42 181 184 177 190 10 54 160 34 146 22 159 193 41 115 46 139 69 18 108 93 117 0 143 183 89 137 176 148 9 62 49 178 106 14 144 21 164 27 90 165 119 40 81 196 31 56
374,72866,1764959463310643994,86 26 100 53 158 154 180 136 63 122 79 135 70 123 127 162 133 151 51 118 59 149 65 116 115 46 68 139 193 41 42 43 160 184 84 112 4 190 10 177 54 34 181 146 22 159 18 108 117 0 143 183 89 114 186 23 137 176 80 94 124 152 97 1 2 129 92 57 55 167 148 9 62 144 49 14 138 3 178 106 52 185 40 165 27 90 81 196 31 113 175 171 16 78 145 25 44 120 75 101
375,73828,1764959463310643995,62 144 102 49 14 3 178 106 165 90 81 40 185 52 55 57 129 92 179 145 78 31 113 175 171 16 44 120 75 2 152 1 101 97 26 100 86 53 94 80 151 133 79 122 63 180 158 154 135 70 127 194 162 123 149 131 65 47 116 43 35 112 84 184 10 177 54 160 34 103 146 22 159 181 42 5 41 193 18 69 108 140 93 68 46 139 115 59 118 51 176 137 0 117 143 183 89 23 148 9
376,73856,1764959463310643996,149 131 184 43 42 181 34 160 54 177 10 112 4 123 127 70 135 162 151 59 118 46 68 0 51 133 180 154 53 100 26 1 101 86 75 120 44 25 16 171 175 113 56 31 157 81 90 27 164 21 14 144 62 9 148 49 178 106 52 55 57 185 165 119 40 196 179 145 78 92 129 82 2 152 97 189 124 94 63 79 80 176 137 23 89 183 153 143 117 93 108 18 22 159 193 41 139 115 116 65
377,74540,1764959463310643997,57 55 52 49 102 9 62 144 14 138 3 178 106 40 185 165 90 81 31 113 175 171 16 44 120 75 86 53 158 154 135 70 123 127 112 4 190 10 177 54 184 160 42 181 34 22 159 41 193 18 69 108 93 117 143 183 89 153 0 46 139 115 59 65 116 43 131 149 162 151 118 109 51 133 180 63 122 79 80 176 137 23 186 148 124 94 152 1 97 26 100 101 2 82 25 78 145 179 92 129
378,74196,1764959463310643998,47 65 116 59 118 46 0 143 117 139 115 5 41 193 159 108 18 22 146 34 54 160 181 42 43 184 84 112 127 70 154 180 158 53 121 182 63 94 152 97 1 101 26 100 86 75 2 120 44 25 129 92 57 55 52 178 3 106 179 145 78 16 171 175 113 56 31 81 196 185 40 119 90 165 138 14 144 49 102 62 9 148 15 114 186 89 183 23 137 176 51 151 162 133 80 79 135 123 149 131
379,73495,1764959463310643999,159 41 193 18 108 139 68 46 115 42 43 116 65 59 118 109 51 137 23 0 117 143 183 89 186 15 62 9 148 94 152 97 1 2 129 55 57 52 178 49 102 144 14 138 106 185 40 119 165 90 81 196 31 56 113 175 171 16 78 145 179 92 82 25 44 120 75 101 86 26 100 121 53 158 135 70 154 180 63 122 79 80 176 133 151 162 123 149 131 35 112 4 10 177 184 160 34 181 146 22
380,73991,1764959463310644000,160 34 48 54 177 10 4 112 123 135 154 180 53 100 26 86 101 75 2 120 44 16 171 175 113 31 81 196 145 78 25 129 92 57 55 52 178 106 185 40 165 14 49 102 144 62 9 114 183 89 23 137 186 15 148 167 124 152 1 97 189 94 63 79 80 176 133 162 151 51 118 46 68 0 143 117 93 140 108 69 18 22 146 181 159 193 41 139 115 42 43 105 116 59 65 47 131 149 35 184
381,73488,1764959463310644001,113 175 171 16 78 25 44 120 129 2 75 86 100 53 158 180 154 135 70 127 123 112 177 54 184 35 131 149 47 65 116 43 115 46 68 139 193 41 42 160 34 146 22 159 18 108 140 93 117 143 170 0 153 183 89 186 23 137 51 109 118 59 162 151 176 80 133 79 63 94 124 26 101 1 97 152 167 148 9 62 144 49 14 138 3 178 106 52 55 57 92 185 40 119 165 90 81 145 31 56
382,73159,1764959463310644002,1 97 26 100 63 94 124 152 2 120 44 129 57 92 145 78 31 16 171 175 113 56 157 196 81 90 165 119 40 185 106 3 178 52 55 167 148 37 102 49 14 144 62 9 15 186 23 89 183 143 117 0 137 176 80 79 133 162 151 51 118 59 115 139 198 46 68 140 108 18 22 159 193 41 195 146 34 160 181 42 116 65 47 149 131 43 184 54 177 4 112 123 127 135 154 180 53 86 75 101
383,71476,1764959463310644003,196 81 90 165 40 185 179 92 129 57 55 52 106 178 49 102 14 144 62 9 148 137 23 186 89 183 143 0 117 68 46 139 41 193 159 108 18 22 146 34 30 54 48 160 184 177 10 4 112 131 149 65 116 43 42 115 59 118 51 176 80 133 151 162 123 127 70 135 154 180 158 53 136 79 122 63 94 124 121 100 26 86 75 101 1 97 152 2 82 120 44 25 16 171 175 113 56 31 78 145
384,74233,1764959463310644004,178 3 138 14 49 102 144 62 9 148 15 186 89 183 143 0 117 93 108 18 22 159 193 41 115 139 68 46 118 59 149 131 47 65 116 43 42 181 34 160 54 184 84 112 127 70 135 194 162 123 151 133 79 80 176 51 137 23 94 122 63 180 154 158 53 100 121 26 97 1 101 86 75 2 120 44 25 129 152 124 167 57 92 145 78 16 171 175 113 31 196 81 90 27 165 40 185 55 52 106
385,73990,1764959463310644005,129 120 44 25 16 171 175 113 56 31 78 145 179 196 81 90 165 119 40 185 55 52 106 178 3 14 49 102 144 62 9 148 15 186 23 89 183 143 170 117 0 46 198 68 93 140 108 18 22 159 193 41 139 115 116 43 42 181 34 160 184 65 59 118 51 137 176 80 133 151 162 123 112 127 194 135 70 154 180 158 53 121 189 182 136 63 79 94 124 152 1 97 26 100 86 101 75 2 57 92
386,73059,1764959463310644006,14 144 102 62 9 148 49 178 106 52 55 57 92 129 2 152 1 97 189 124 94 63 180 154 135 123 162 151 133 79 122 80 176 51 137 186 114 23 89 183 143 0 117 93 140 108 18 22 159 193 139 68 46 115 41 34 160 54 177 10 190 184 43 42 5 118 59 116 65 149 131 35 84 112 127 70 53 121 100 26 86 101 75 120 44 25 16 171 175 113 56 31 78 145 196 81 90 165 40 185
387,73252,1764959463310644007,25 120 44 92 129 2 152 1 101 75 86 97 26 100 53 94 124 148 176 80 79 122 63 180 154 135 127 112 84 35 184 190 10 177 54 34 160 42 181 146 22 18 159 193 41 115 139 68 46 118 59 116 43 47 65 149 123 162 133 151 51 137 0 117 143 183 89 23 186 15 9 62 144 102 49 14 138 3 178 106 52 55 57 179 185 40 165 27 90 81 196 157 56 113 175 171 16 31 145 78
388,75241,1764959463310644008,123 149 131 47 65 59 118 115 96 5 42 116 105 77 43 184 54 160 34 181 146 22 18 159 193 41 139 68 46 0 143 183 89 137 51 151 176 80 79 122 63 94 124 148 9 62 102 49 144 14 138 3 178 106 185 40 119 165 90 81 196 179 145 157 31 56 113 175 171 16 78 25 44 120 82 129 92 57 55 52 167 152 1 101 2 75 86 100 26 97 189 121 53 158 154 180 133 162 135 127
389,74218,1764959463310644009,26 86 100 121 53 154 135 70 127 162 151 51 118 59 116 47 65 149 123 112 4 10 177 54 184 43 42 5 46 115 139 41 193 159 34 160 181 146 22 18 108 93 117 143 183 89 144 14 138 106 185 40 119 165 39 27 90 81 196 157 31 56 113 175 171 16 44 25 78 145 179 92 82 120 75 101 97 152 1 2 129 57 55 52 178 3 49 102 62 9 148 137 176 80 79 133 180 63 94 124
390,73202,1764959463310644010,135 127 123 162 151 133 79 80 51 118 59 116 65 47 149 131 35 112 4 10 177 54 34 181 160 184 43 42 159 22 18 193 41 139 115 46 68 117 93 0 143 153 183 89 186 23 137 176 122 63 121 94 124 167 148 15 9 62 102 144 14 49 178 106 52 55 57 185 40 165 90 81 196 157 56 113 175 171 16 31 145 78 25 44 120 92 129 2 152 97 26 100 1 101 75 86 53 158 180 154
391,73649,1764959463310644011,146 22 18 108 69 159 41 193 139 42 43 116 65 47 131 149 123 162 151 133 79 122 80 176 137 51 118 59 115 198 46 68 117 0 143 183 89 23 186 114 15 148 9 62 102 144 14 49 167 124 94 152 2 82 25 78 92 129 57 55 52 178 106 185 165 90 40 196 145 31 56 113 175 171 16 44 120 75 86 101 1 97 26 100 121 53 158 63 180 154 135 70 127 112 177 54 184 160 34 181
392,72831,1764959463310644012,18 108 140 93 117 143 183 89 114 186 23 137 176 80 122 63 124 94 148 9 62 144 14 102 49 178 106 185 40 165 52 55 57 129 92 145 78 31 113 175 171 16 25 44 120 2 152 97 1 101 75 86 26 100 53 158 154 180 79 133 151 162 123 135 70 127 112 4 84 190 10 177 30 54 48 34 160 181 195 146 22 159 193 41 139 115 5 42 184 43 116 65 131 149 59 118 109 51 46 68
393,74239,1764959463310644013,81 196 157 31 56 113 175 171 16 78 145 25 44 120 129 92 57 55 52 185 106 178 3 167 2 152 97 1 101 75 86 26 100 121 53 154 135 70 127 123 112 84 184 54 34 181 160 149 131 43 116 65 59 115 42 41 193 159 22 18 108 140 93 68 139 46 0 117 143 153 183 89 23 137 176 80 79 162 151 133 180 63 94 124 148 37 15 9 62 102 49 144 14 138 21 164 27 90 165 40
394,73846,1764959463310644014,120 2 1 97 101 75 86 26 100 53 94 63 122 79 180 154 135 70 127 133 151 162 123 112 4 84 184 190 10 177 54 48 34 22 159 18 108 117 143 183 89 0 68 46 115 139 41 193 181 160 42 43 116 65 149 131 59 118 109 51 80 176 137 23 186 148 167 152 129 92 57 55 52 106 178 3 138 14 49 102 9 62 144 21 165 185 40 119 90 81 196 113 175 171 16 31 145 78 25 44
395,73556,1764959463310644015,177 10 4 112 123 127 70 135 154 180 53 121 100 26 86 101 75 1 97 152 2 129 92 57 179 145 78 120 44 25 16 171 175 113 56 31 90 165 40 185 55 52 106 178 3 49 14 144 62 9 148 15 186 89 183 23 137 176 80 12 124 94 63 122 79 133 162 151 118 51 46 68 0 170 143 117 108 18 193 41 159 22 146 34 160 181 42 139 115 59 149 131 47 65 116 43 184 48 54 30
396,75665,1764959463310644016,118 51 151 176 80 79 133 162 123 149 131 65 43 184 112 127 194 135 70 154 180 158 53 121 182 63 122 124 94 152 97 1 101 26 100 86 75 2 129 82 120 44 25 78 16 171 175 113 56 31 196 81 90 119 40 179 145 92 57 185 165 138 49 9 62 144 14 3 178 106 52 55 167 148 37 15 186 137 23 89 183 143 117 0 46 198 115 139 68 108 18 193 41 159 22 34 160 42 116 59
397,73240,1764959463310644017,144 62 9 15 186 23 89 183 153 0 170 143 117 93 108 18 22 159 193 41 139 68 46 118 51 137 176 80 79 63 133 151 59 115 5 116 47 65 43 42 181 34 160 54 177 184 35 84 112 131 149 123 127 162 135 70 154 180 53 100 26 86 101 75 2 1 97 152 94 124 148 49 178 52 55 57 179 145 92 129 82 120 44 25 78 16 171 175 113 31 157 196 81 90 40 165 185 106 138 14
398,74685,1764959463310644018,123 149 131 35 112 4 84 184 160 48 177 54 34 181 195 146 22 159 193 41 42 43 116 47 65 59 115 139 18 108 68 46 117 143 0 153 183 89 23 114 186 15 148 9 62 144 102 49 14 178 106 52 55 185 40 119 165 27 90 81 31 113 175 171 16 44 25 78 145 57 92 129 167 124 94 63 122 176 137 51 80 79 133 151 162 180 53 100 26 97 101 1 152 2 120 75 86 158 154 135
399,73325,1764959463310644019,53 63 79 133 180 154 70 135 162 151 51 59 149 131 123 112 84 184 10 177 54 160 34 181 146 22 195 159 18 108 68 139 115 41 193 42 43 65 116 118 46 0 117 143 183 89 186 23 137 176 80 94 124 152 129 92 57 179 40 119 185 106 178 52 55 167 148 15 9 62 144 102 49 14 138 165 27 90 81 196 145 78 31 56 113 175 171 16 25 44 120 82 2 1 97 101 75 86 26 100
400,73054,1764959463310644020,93 68 46 115 139 193 41 5 43 116 65 131 149 59 118 51 0 117 143 183 89 23 137 186 114 15 9 62 144 14 49 102 37 148 124 94 97 1 152 129 57 55 52 178 106 185 165 90 40 92 145 78 31 113 175 171 16 25 44 120 2 75 101 100 26 86 53 158 70 135 154 180 63 176 80 79 133 151 162 123 127 112 84 35 184 10 177 54 48 160 42 181 34 146 22 159 18 69 108 140
401,73351,1764959463310644021,158 180 154 135 70 127 123 112 184 177 54 34 160 42 5 43 116 115 46 68 139 41 193 159 22 18 108 93 117 143 0 153 183 89 23 186 15 9 62 144 21 14 138 185 40 165 90 81 196 56 113 175 171 16 31 145 78 25 44 120 129 92 57 55 52 106 178 3 49 102 37 148 137 51 118 59 65 131 149 162 151 133 79 80 176 122 63 94 124 152 2 1 97 101 75 86 26 100 53 121
402,72903,1764959463310644022,151 72 59 118 46 198 115 5 42 43 116 65 47 149 131 184 10 177 54 48 160 34 181 146 22 18 159 193 41 139 68 117 0 143 183 89 23 186 15 148 37 9 62 144 14 102 49 178 106 52 55 57 185 40 119 165 27 90 81 196 179 145 31 113 175 171 16 78 25 44 120 92 129 2 152 1 75 86 101 97 26 100 53 180 154 135 70 127 112 123 162 133 80 79 63 94 137 176 51 109
403,73539,1764959463310644023,144 102 49 14 165 185 40 119 90 81 196 31 56 113 175 171 16 44 120 25 78 145 179 178 3 106 52 55 57 92 129 2 167 37 148 124 94 152 97 26 100 1 101 75 86 53 154 70 135 180 63 79 151 133 80 176 51 59 65 149 162 123 127 112 84 184 177 54 34 146 22 181 160 42 43 116 115 46 68 139 96 5 41 193 159 18 69 108 140 93 117 0 143 183 137 23 186 15 9 62
404,73218,1764959463310644024,154 135 127 123 112 4 84 35 184 10 177 54 48 160 181 34 103 146 195 159 22 18 108 140 93 117 143 0 46 68 139 193 41 42 43 131 149 65 116 115 59 162 151 133 80 79 63 94 152 97 1 120 44 25 16 171 175 113 31 78 145 179 196 81 40 185 165 90 27 164 7 21 144 62 9 186 89 183 176 137 148 102 14 49 178 3 106 52 55 57 92 129 2 75 101 86 26 100 53 180
405,72869,1764959463310644025,26 100 152 2 129 120 44 25 16 171 175 113 56 31 78 145 92 57 55 52 178 106 185 40 81 90 165 138 14 49 102 9 62 144 15 148 124 94 63 122 79 80 176 186 89 183 23 137 51 118 59 149 131 65 116 115 46 0 170 143 117 68 139 41 193 159 108 18 22 146 181 42 43 35 184 160 34 48 54 177 10 4 112 127 123 162 151 133 70 135 154 180 158 53 121 86 75 101 1 97
406,74213,1764959463310644026,84 184 10 177 54 48 34 160 42 22 159 193 41 115 139 68 117 143 0 46 118 51 80 176 137 183 89 23 186 114 15 148 9 62 102 144 14 21 164 90 165 119 40 185 179 145 196 81 113 175 171 16 31 78 25 44 120 82 129 92 57 55 52 106 178 49 167 152 124 94 122 79 63 121 100 26 97 1 101 2 75 86 53 158 180 154 135 70 127 123 162 133 151 72 59 65 116 43 35 112
407,71665,1764959463310644027,165 106 178 3 14 144 49 102 62 9 167 124 94 148 15 186 137 23 89 183 143 0 117 68 46 139 41 193 159 18 22 146 34 160 184 54 177 10 4 112 84 35 149 65 116 5 42 43 115 59 118 51 176 80 122 63 79 133 151 162 123 127 70 135 154 180 158 53 100 26 86 75 101 1 97 152 2 82 120 44 25 16 171 175 113 56 31 78 145 92 129 57 55 52 185 119 40 196 81 90
408,74169,1764959463310644028,53 158 180 154 135 70 127 123 35 184 112 4 10 177 54 34 160 42 181 146 22 18 159 193 41 139 115 43 116 65 149 162 151 59 118 109 51 80 176 137 46 0 117 143 183 89 186 23 15 148 124 94 63 122 79 133 136 121 100 26 97 152 129 92 57 55 52 106 185 40 178 49 102 9 62 144 14 21 7 164 165 90 81 196 31 56 113 175 171 16 78 145 25 44 120 2 1 101 75 86
409,74239,1764959463310644029,101 1 152 2 120 44 25 16 171 175 113 31 196 81 90 27 165 40 185 179 57 129 92 78 145 55 52 106 178 49 14 144 62 9 15 186 23 89 183 143 117 93 140 69 108 18 22 146 181 42 43 116 65 131 149 59 118 109 51 176 80 122 63 79 133 151 162 194 180 158 154 135 70 127 123 112 184 54 160 34 193 41 139 115 198 46 68 0 153 137 148 124 94 121 53 100 26 97 86 75
410,73217,1764959463310644030,184 42 181 160 48 54 34 146 22 159 193 41 139 46 0 117 143 183 89 186 23 137 148 9 62 102 49 144 14 3 178 106 185 40 119 165 90 81 196 145 78 25 44 16 171 175 113 31 157 179 52 55 57 92 129 82 120 2 167 124 94 189 152 97 1 101 75 86 26 100 121 136 53 158 154 180 63 79 80 176 51 151 133 135 70 127 123 162 59 118 115 43 116 65 149 131 112 4 10 177
411,72903,1764959463310644031,120 44 75 86 101 1 97 26 100 121 124 94 63 180 53 158 154 135 70 127 123 35 84 112 4 190 10 177 184 131 149 65 116 43 5 42 160 54 34 181 146 22 159 193 41 139 115 118 59 162 151 133 79 80 176 51 46 68 117 0 143 183 89 23 137 186 114 15 144 14 138 106 185 40 165 90 81 196 179 145 31 113 175 171 16 78 92 129 57 55 52 178 49 102 62 9 148 167 152 2
412,72541,1764959463310644032,159 193 41 181 42 43 116 65 131 149 59 118 115 46 139 18 108 93 117 0 143 183 89 23 186 15 9 62 144 14 138 165 27 90 81 113 175 171 16 31 196 40 185 55 52 106 178 3 49 102 37 148 124 94 152 2 129 57 92 145 78 25 44 120 75 101 1 97 26 100 86 53 70 135 154 180 63 122 79 80 176 137 51 151 133 162 123 127 112 4 84 35 184 10 177 54 160 34 146 22
413,74508,1764959463310644033,52 55 57 92 129 2 120 25 44 16 171 175 113 56 31 78 145 179 196 81 90 27 119 40 185 165 138 14 144 62 9 15 186 23 89 183 143 0 117 68 46 139 108 18 159 22 146 34 193 41 115 5 42 160 48 54 177 184 43 116 65 123 162 151 133 80 176 51 59 118 137 12 124 94 63 122 79 180 154 135 70 158 53 86 75 101 1 97 26 100 121 189 152 148 37 102 49 3 178 106
414,72587,1764959463310644034,57 55 179 145 92 78 16 171 175 113 56 31 157 196 81 90 165 119 40 185 52 106 178 3 49 14 144 102 62 9 15 183 89 23 186 148 124 94 63 79 133 80 176 137 51 118 59 65 116 43 115 139 68 46 0 143 117 93 108 18 193 41 159 22 146 34 181 42 160 54 177 184 35 131 149 151 162 123 127 70 135 154 180 158 53 121 100 26 97 152 2 1 101 86 75 120 44 25 82 129
415,72648,1764959463310644035,139 46 115 41 193 159 22 181 42 160 34 54 177 184 84 4 112 127 70 135 162 123 149 131 43 116 65 59 118 51 151 176 80 79 133 180 154 53 63 94 124 148 37 167 152 121 100 26 97 1 101 86 75 2 129 120 44 25 16 171 175 113 31 78 145 179 92 57 55 52 196 81 90 165 119 40 185 106 178 3 138 14 144 49 102 62 9 15 186 137 23 89 183 143 170 0 117 93 108 18
416,73837,1764959463310644036,180 154 135 70 127 123 59 65 116 43 184 54 34 160 42 5 115 139 41 193 159 22 18 108 93 117 143 0 46 118 51 151 162 133 79 122 80 176 137 23 183 89 186 114 15 148 167 37 9 62 144 14 102 49 138 3 178 106 52 55 57 129 92 145 179 91 185 40 119 165 27 90 81 196 157 56 113 175 171 16 31 78 25 44 120 2 1 101 75 86 100 26 97 152 124 94 63 121 53 158
417,73542,1764959463310644037,127 112 4 177 184 43 42 160 34 146 22 18 108 69 159 193 41 139 46 117 0 143 183 89 137 23 186 114 15 148 167 124 152 2 82 129 92 57 55 52 106 178 3 49 102 9 62 144 14 185 40 119 165 90 81 196 157 179 145 78 31 113 175 171 16 25 44 120 75 101 1 97 26 100 86 53 158 154 180 136 63 94 80 79 133 162 151 176 51 118 59 115 116 65 47 131 149 123 135 70
418,75969,1764959463310644038,106 52 55 185 119 40 169 196 157 31 56 113 175 171 16 25 44 120 82 129 92 57 179 145 78 81 90 27 165 164 21 144 14 49 102 62 9 148 23 0 143 183 137 124 94 122 79 63 180 135 123 59 162 151 133 80 176 51 118 46 68 139 115 116 65 43 42 181 41 193 159 18 22 146 34 160 48 54 10 177 184 84 112 127 70 154 158 53 121 100 26 97 101 86 75 1 152 2 167 178
419,71634,1764959463310644039,80 176 137 23 186 89 183 143 0 117 68 46 139 115 5 42 41 193 159 69 108 18 22 146 34 160 48 54 177 10 184 43 116 65 131 149 59 118 51 151 162 123 112 127 70 135 154 180 53 86 100 26 97 152 1 101 75 2 129 120 44 25 16 171 175 113 31 78 145 92 57 55 52 106 178 3 165 119 40 185 179 196 81 90 27 39 138 14 49 144 62 9 15 148 167 124 94 63 79 133
420,72236,1764959463310644040,165 40 185 52 55 57 129 92 78 145 179 196 31 56 113 175 171 16 25 44 120 2 75 86 101 1 97 26 100 53 158 180 154 135 70 127 123 112 4 84 35 131 149 65 116 43 5 42 181 184 190 10 177 54 160 34 146 22 159 193 41 139 115 46 68 69 18 108 140 93 117 143 170 0 153 183 89 137 176 51 118 59 162 151 133 80 79 63 94 152 148 15 9 62 144 102 49 14 178 106
421,72378,1764959463310644041,34 160 181 42 43 116 65 149 35 84 184 54 177 10 190 4 112 123 127 70 135 154 53 121 100 26 86 101 75 2 152 1 97 94 124 148 167 57 179 145 92 129 120 44 25 78 16 171 175 113 31 196 81 90 27 165 119 40 185 55 52 106 178 14 49 102 144 62 9 186 23 137 176 80 79 63 180 133 162 151 51 118 59 115 198 46 0 183 143 117 68 139 41 193 159 69 108 18 22 146
422,73396,1764959463310644042,80 176 137 23 89 183 143 0 46 68 139 115 59 118 51 151 133 162 123 149 131 47 65 116 43 42 41 193 159 69 108 18 22 146 34 160 54 184 112 127 70 135 154 180 158 53 121 100 26 86 101 1 97 152 2 75 120 44 25 82 129 57 92 145 78 31 16 171 175 113 81 196 179 55 52 106 185 40 119 165 90 27 39 138 3 178 49 14 144 102 62 9 148 15 114 186 124 94 63 79
423,73048,1764959463310644043,117 0 137 176 80 94 124 63 79 133 151 51 118 59 115 198 46 68 140 108 18 22 146 159 193 41 139 116 65 149 43 42 5 181 160 34 54 184 84 112 123 127 70 135 154 180 158 53 100 26 97 86 101 1 152 2 75 120 44 25 78 145 31 16 171 175 113 56 157 196 81 90 165 119 40 185 179 92 82 129 57 55 52 106 178 3 49 102 14 144 62 9 37 148 15 186 23 89 183 143
424,74181,1764959463310644044,176 137 51 118 59 115 116 65 47 43 77 149 131 35 112 84 184 54 34 160 42 181 146 22 193 41 139 198 46 68 93 117 0 143 183 89 23 186 15 9 62 102 144 14 138 165 27 90 81 196 31 113 175 171 16 25 44 120 75 86 101 1 2 129 57 92 78 145 40 119 185 55 52 106 3 178 49 37 148 167 124 94 152 97 26 100 63 53 158 180 154 135 70 127 123 162 151 133 79 80
425,75458,1764959463310644045,176 137 23 186 89 183 143 117 0 46 139 41 193 22 34 160 181 42 43 184 54 177 10 4 112 127 123 149 131 47 65 116 115 118 59 162 194 135 70 154 158 53 180 63 182 121 189 100 26 97 101 86 75 120 44 25 82 145 78 16 171 175 113 56 31 196 185 119 40 90 165 106 178 52 55 57 179 92 129 2 1 152 167 49 3 138 14 144 102 62 9 148 124 94 122 80 79 133 151 51
426,72466,1764959463310644046,95 164 27 90 81 196 52 55 57 92 145 78 31 56 113 175 171 16 25 44 120 129 2 75 86 101 1 152 97 26 53 63 180 154 135 70 127 123 162 151 59 118 51 133 79 80 176 137 23 143 117 93 140 108 18 139 41 193 159 22 146 181 34 160 184 54 177 10 190 4 112 35 43 42 116 65 115 46 68 0 183 89 186 94 124 148 62 9 102 49 144 14 3 178 106 185 40 119 165 39
427,73830,1764959463310644047,119 40 185 52 55 57 129 82 2 1 97 152 189 94 124 167 9 62 15 148 176 137 23 186 89 183 143 117 0 46 139 115 116 65 43 42 41 193 159 18 22 146 34 160 54 177 184 84 4 112 127 123 149 59 118 51 80 151 162 133 79 63 180 135 70 154 158 53 121 100 26 86 101 75 120 44 25 16 171 175 113 56 31 157 78 145 92 179 196 81 90 165 39 164 21 144 14 49 178 106
428,74111,1764959463310644048,131 160 34 54 184 112 123 127 135 154 180 63 122 94 124 189 121 53 86 101 100 26 97 1 152 2 75 120 44 25 82 129 145 78 31 16 171 175 113 56 196 81 90 27 165 119 40 185 179 92 57 55 52 106 178 3 14 144 49 102 62 9 37 148 15 114 186 23 89 183 137 51 176 80 79 133 151 162 59 118 115 46 0 143 117 68 139 41 193 18 159 195 22 146 181 42 43 116 65 149
429,72796,1764959463310644049,18 193 41 159 22 146 181 34 160 48 54 177 10 4 112 184 43 42 5 115 139 46 116 65 59 149 123 127 70 135 154 158 53 180 133 162 151 118 51 176 80 79 122 63 121 100 86 101 1 97 26 189 94 124 152 2 75 120 44 25 145 78 16 171 175 113 31 196 81 90 40 119 165 185 179 92 129 57 55 52 106 178 14 144 49 102 62 9 148 15 186 137 23 89 183 143 0 117 108 69
430,73668,1764959463310644050,143 183 89 186 23 137 0 46 115 59 118 51 176 80 122 94 124 97 1 152 167 148 9 62 144 14 102 49 3 178 106 52 55 185 165 90 40 179 57 129 92 145 78 31 56 113 175 171 16 44 120 2 75 101 86 26 100 121 53 158 154 70 127 135 180 63 79 133 151 162 123 149 131 47 65 116 105 43 35 112 84 184 10 177 54 34 160 42 181 146 22 18 159 193 41 139 68 140 93 117
431,72980,1764959463310644051,52 55 57 92 129 120 44 25 16 171 175 113 56 31 78 145 179 185 119 40 196 81 90 165 138 14 144 62 9 15 186 89 183 143 0 117 93 68 46 115 139 41 193 159 18 22 181 42 160 34 48 54 177 184 84 112 35 43 116 65 149 59 118 109 51 137 176 80 122 79 133 151 162 123 127 135 154 158 53 180 63 121 100 26 86 75 2 152 1 101 97 189 94 124 148 102 49 3 178 106
432,73627,1764959463310644052,100 26 97 1 101 75 86 53 154 70 135 194 133 180 63 79 80 176 51 151 162 123 127 112 4 177 184 84 35 131 149 59 118 116 65 47 43 160 48 54 30 34 181 42 5 41 193 159 22 18 108 140 93 68 139 115 198 46 0 117 143 183 89 23 137 186 114 15 148 37 9 62 144 14 102 49 178 106 52 55 57 40 185 165 90 81 31 113 175 171 16 78 145 92 129 44 120 2 152 94
433,73798,1764959463310644053,57 92 129 44 120 2 75 86 101 1 97 26 100 53 180 154 135 70 127 123 65 116 5 181 42 43 184 177 54 48 160 34 146 22 159 18 69 108 140 93 117 143 0 183 89 23 186 114 15 137 176 80 51 118 46 68 198 139 41 193 115 59 162 151 133 79 122 63 94 124 152 167 62 9 148 49 102 144 14 3 178 106 185 40 165 90 81 196 157 31 85 56 113 175 171 16 78 145 52 55
434,73245,1764959463310644054,185 106 178 14 144 102 49 52 55 57 92 129 2 1 97 152 189 94 124 148 9 62 15 114 186 137 23 89 183 143 117 0 46 115 139 118 59 65 116 43 42 181 41 193 159 108 18 22 34 160 184 48 54 177 10 190 84 4 112 123 131 149 72 51 176 80 151 162 133 79 63 180 154 135 70 158 53 136 182 121 100 26 86 101 75 120 44 25 78 16 171 175 113 31 145 196 81 90 165 40
435,72572,1764959463310644055,101 1 152 97 26 100 121 53 180 154 135 70 127 123 162 65 116 47 149 131 112 4 177 54 184 43 42 160 34 181 146 22 159 193 41 139 18 108 140 93 117 143 183 89 0 68 46 115 59 118 51 176 80 151 133 79 63 94 148 137 23 186 114 15 9 62 102 49 144 14 138 165 119 40 90 81 196 185 55 178 3 106 52 57 129 92 179 145 78 31 56 113 175 171 16 44 120 2 75 86
436,72308,1764959463310644056,82 120 44 25 78 16 171 175 113 56 31 157 145 179 92 57 55 52 178 106 185 119 40 196 81 90 165 138 14 144 49 167 124 94 63 79 80 176 137 148 9 62 15 114 186 23 89 183 143 0 46 115 59 118 51 151 133 162 149 65 116 43 42 181 159 193 41 139 108 18 22 146 34 160 48 54 177 10 184 84 112 123 127 194 135 70 154 180 53 121 100 26 86 75 101 1 97 152 2 129
437,75250,1764959463310644057,120 44 25 78 56 113 175 171 16 31 145 179 196 81 90 165 164 21 14 49 102 144 62 9 15 114 186 137 23 89 183 153 0 143 117 46 139 68 140 108 18 193 41 159 22 146 34 42 5 115 59 116 43 160 54 177 184 84 112 35 65 149 123 162 151 133 79 63 135 127 70 154 180 53 86 75 2 152 1 101 97 26 100 121 94 124 80 176 148 167 52 178 106 119 40 185 55 57 92 129
438,75522,1764959463310644058,179 92 57 167 129 82 120 75 86 26 100 121 189 97 101 2 1 152 94 124 63 80 176 151 133 79 180 158 53 154 135 70 127 123 149 65 43 160 184 10 177 54 48 34 181 41 193 159 146 22 18 139 115 5 42 116 59 118 51 46 0 117 143 183 89 23 137 186 114 15 148 37 9 62 49 178 55 52 106 14 144 164 27 90 165 185 119 40 81 196 157 31 113 175 171 16 44 25 78 145
439,72451,1764959463310644059,82 129 2 152 124 94 97 1 101 75 86 26 100 53 158 180 63 122 176 80 79 133 151 51 118 59 162 154 135 70 127 123 149 131 47 65 116 43 35 84 112 4 190 10 177 184 160 48 54 30 34 22 18 159 193 41 42 115 139 46 68 140 93 117 0 143 183 89 23 137 148 9 62 102 144 14 49 3 178 106 185 40 90 165 52 55 57 92 179 145 78 31 56 113 175 171 16 25 44 120
440,74179,1764959463310644060,100 26 1 101 86 75 2 129 82 120 44 25 78 145 31 16 171 175 113 56 196 81 90 165 119 40 185 179 92 57 55 52 106 178 3 138 14 49 144 62 9 15 186 23 89 183 143 117 93 0 118 59 65 116 5 115 46 68 108 18 139 41 193 22 34 54 177 48 160 181 42 43 149 131 35 184 84 112 127 123 162 151 133 79 80 176 51 137 148 167 152 97 94 63 135 70 154 180 53 121
441,73095,1764959463310644061,82 120 44 25 16 171 175 113 56 31 78 145 196 81 90 27 39 165 119 40 185 106 138 14 144 15 137 23 89 183 143 0 46 68 139 108 18 159 22 146 181 5 42 193 41 115 59 118 51 176 80 124 94 63 122 79 133 151 65 116 43 184 160 34 54 177 10 4 112 123 127 70 135 154 180 158 53 86 75 101 1 100 26 97 152 2 167 148 9 62 102 49 3 178 52 55 57 179 92 129
442,72793,1764959463310644062,90 165 119 40 185 55 52 106 178 14 49 102 144 62 9 15 37 148 124 94 189 122 63 79 80 176 137 23 186 89 183 143 170 0 117 68 46 139 115 59 51 151 133 162 123 149 131 47 65 116 43 42 181 41 193 159 22 34 160 48 54 177 184 84 112 127 70 135 154 180 158 53 136 121 100 26 86 75 101 1 97 152 2 129 92 57 179 145 78 25 120 44 16 171 175 113 31 196 81 27
443,73309,1764959463310644063,34 146 22 159 193 41 42 43 116 65 59 118 115 139 68 46 0 117 143 183 89 186 114 23 137 94 124 148 15 9 62 144 102 49 106 178 14 21 7 164 95 27 90 165 40 185 52 55 57 179 196 81 31 56 113 175 171 16 25 44 120 78 145 92 129 82 2 152 1 101 75 86 100 26 97 189 121 158 53 154 70 127 135 180 63 79 133 80 176 51 151 162 123 112 4 10 177 54 184 160
444,73635,1764959463310644064,63 122 79 133 80 176 137 23 89 183 153 0 143 117 93 140 68 139 41 193 18 159 22 146 34 160 54 177 190 10 184 149 65 116 43 42 5 115 46 51 118 59 72 151 162 123 127 135 70 154 180 158 53 121 189 152 97 1 101 26 100 86 75 120 2 129 55 57 92 145 78 25 44 16 171 175 113 31 81 90 27 165 40 185 52 106 178 3 49 138 14 144 102 62 9 15 148 167 124 94
445,73078,1764959463310644065,106 178 3 14 138 49 102 144 62 9 15 186 23 148 94 63 79 133 151 72 162 123 149 131 43 116 47 65 59 118 109 51 80 176 137 89 183 143 0 46 68 108 18 22 159 193 41 115 139 42 181 34 160 54 177 10 190 184 84 4 112 127 70 135 154 180 53 100 26 97 152 1 101 86 75 2 120 44 25 82 129 92 179 145 78 16 171 175 113 31 81 90 27 165 119 40 185 52 57 55
446,72294,1764959463310644066,9 148 124 94 63 79 133 80 176 137 23 186 89 183 143 0 117 68 46 198 139 41 193 159 22 146 181 34 160 54 177 184 84 112 35 149 131 43 42 5 115 116 47 65 59 118 109 51 151 162 123 127 70 135 154 180 158 53 100 26 97 101 86 75 1 152 2 129 82 120 44 25 16 171 175 113 31 78 145 92 179 196 81 90 165 40 185 138 14 3 178 106 52 55 57 167 49 102 144 62
447,73135,1764959463310644067,25 82 129 92 179 196 185 40 119 165 90 81 31 56 113 175 171 16 78 145 57 55 52 106 178 3 49 14 144 62 9 148 15 186 23 89 183 143 117 93 0 46 68 139 115 41 193 159 22 18 146 34 160 54 177 184 84 112 35 131 149 65 116 43 42 59 118 109 51 176 137 124 94 63 79 80 133 151 72 162 123 127 70 135 154 180 53 121 189 26 100 86 75 101 1 97 152 2 120 44
448,72084,1764959463310644068,78 31 56 113 175 171 16 25 44 120 2 129 92 57 55 52 167 148 137 176 80 51 109 118 59 72 151 162 133 79 63 94 124 152 97 1 75 86 101 26 100 121 53 158 180 154 135 70 127 123 112 4 190 10 177 184 35 131 149 65 116 43 42 181 160 54 34 22 18 159 193 41 139 115 46 68 140 93 117 0 143 183 89 23 186 15 9 62 144 14 49 178 106 165 90 81 40 185 179 145
449,73576,1764959463310644069,148 167 152 1 101 97 124 94 63 79 80 176 137 51 118 59 149 131 65 116 43 42 181 34 160 54 177 184 84 112 127 123 162 151 133 135 70 154 180 53 121 26 100 86 75 2 120 44 25 16 171 175 113 56 31 81 90 165 40 196 179 145 78 82 129 92 57 55 52 185 106 178 3 49 14 144 114 183 143 170 117 93 108 18 22 159 193 41 115 139 68 46 0 153 89 23 186 15 62 9
450,73765,1764959463310644070,171 175 113 56 31 196 81 90 165 40 185 179 92 129 57 55 52 178 106 3 49 14 144 102 148 9 62 15 186 23 89 183 137 176 80 51 109 118 115 139 46 0 143 117 108 18 22 146 195 159 193 41 181 34 160 42 43 184 54 177 112 123 149 131 65 116 59 72 151 162 127 194 135 70 154 158 53 180 133 79 122 63 94 124 189 152 1 97 26 100 86 101 75 2 120 44 25 145 78 16
451,74104,1764959463310644071,47 43 5 42 160 34 48 54 177 10 184 84 112 127 70 135 123 35 131 149 59 118 162 151 51 137 176 80 79 133 180 154 53 121 100 26 97 86 75 101 1 152 189 63 94 124 148 37 9 102 49 178 106 52 55 57 129 2 120 44 25 16 171 175 113 31 78 145 92 185 40 81 90 165 14 144 62 15 186 23 89 183 143 0 117 93 140 68 46 198 139 18 22 146 159 193 41 115 116 65
452,74370,1764959463310644072,131 65 151 133 162 123 127 70 135 154 180 53 100 121 63 122 79 80 176 51 118 59 116 42 43 5 115 139 68 46 137 148 124 94 189 152 1 101 97 26 86 75 2 120 44 82 129 57 92 145 78 25 16 171 175 113 31 179 55 52 185 40 90 165 106 178 3 14 49 144 62 9 15 186 23 89 183 153 0 143 117 93 140 108 69 18 193 41 22 146 34 160 48 54 177 10 190 184 35 149
453,74534,1764959463310644073,146 22 18 159 193 41 139 46 0 117 143 89 183 137 23 186 114 15 144 14 138 165 119 40 27 90 81 31 113 175 171 16 25 44 120 75 86 53 158 180 154 135 70 127 112 123 162 72 151 133 79 122 63 94 100 26 97 101 1 152 2 129 92 78 145 179 196 185 57 55 52 106 178 49 102 62 9 37 148 167 124 12 80 176 51 118 59 149 65 116 115 5 42 43 184 177 54 160 34 181
454,72279,1764959463310644074,185 196 179 145 78 25 120 44 16 171 175 113 56 31 157 81 90 40 119 165 138 14 49 144 62 9 148 15 186 23 89 183 143 0 117 68 46 115 139 108 18 22 146 181 34 160 48 54 177 10 4 112 184 42 159 193 41 43 116 65 59 118 51 137 176 80 79 133 151 162 149 131 123 127 70 135 154 180 53 63 94 152 1 97 26 100 121 86 101 75 2 82 129 92 57 55 52 178 3 106
455,72542,1764959463310644075,171 16 44 120 2 152 1 101 75 86 97 26 100 53 121 94 63 180 154 135 70 127 112 84 184 131 149 47 65 116 43 42 181 160 177 190 10 54 34 146 22 69 108 18 159 193 41 139 115 59 123 162 151 133 79 80 176 51 118 46 68 93 117 143 0 153 183 89 186 23 137 148 9 62 102 49 144 14 138 165 27 90 119 40 185 106 178 52 55 57 129 92 78 145 179 196 81 31 113 175
456,75373,1764959463310644076,52 55 57 92 129 2 152 97 1 101 26 100 121 182 136 180 162 118 109 51 151 133 79 122 63 94 124 80 176 137 148 15 114 186 23 89 183 153 0 143 117 93 108 18 22 146 34 54 177 10 184 160 42 181 159 193 41 139 68 46 198 115 59 116 43 65 47 131 149 123 127 135 154 158 53 86 75 120 44 25 16 171 175 113 78 145 81 90 27 165 40 185 138 14 144 62 9 49 178 106
457,76976,1764959463310644077,180 63 79 133 80 122 121 189 97 26 100 86 75 101 1 152 2 55 57 92 129 82 120 44 25 78 16 171 175 113 56 31 157 145 179 196 81 40 119 165 90 27 164 21 144 14 138 185 52 106 178 3 49 102 9 62 37 148 167 124 94 15 186 176 137 23 89 183 143 0 117 108 18 22 146 159 193 41 115 198 139 68 46 118 59 116 42 34 160 184 65 151 162 123 127 70 135 154 158 53
458,74201,1764959463310644078,154 135 63 79 133 162 151 72 51 109 118 59 65 116 43 160 184 35 131 149 123 70 127 112 4 84 190 10 177 54 48 34 146 22 159 181 42 41 193 139 115 46 18 108 93 117 0 143 183 89 23 137 176 80 186 114 15 144 14 165 90 40 185 179 92 57 55 52 106 178 3 49 102 62 9 148 124 94 97 152 2 129 25 78 145 31 113 175 171 16 44 120 75 86 101 1 26 100 53 180
459,73353,1764959463310644079,165 185 119 40 81 196 145 179 78 31 56 113 175 171 16 25 44 120 75 2 152 97 1 101 86 26 100 121 53 180 154 135 127 123 162 133 151 79 63 94 124 122 80 176 51 109 118 59 149 112 4 190 10 177 54 48 184 65 116 43 42 181 160 34 22 18 108 159 193 41 139 115 46 68 117 143 170 0 153 183 89 23 137 148 9 62 144 102 49 178 55 129 92 57 52 106 14 21 164 90
460,72909,1764959463310644080,43 116 65 131 149 123 127 194 135 70 154 180 158 53 121 100 26 86 75 101 97 1 2 152 94 124 148 49 178 106 185 40 145 78 92 52 55 57 129 120 44 25 16 171 175 113 56 31 196 81 90 165 138 14 144 102 62 9 137 176 80 122 63 79 133 162 151 51 118 59 115 139 46 0 23 186 89 183 143 117 93 108 18 22 146 159 193 41 5 42 181 34 160 54 177 10 4 112 84 184
461,72942,1764959463310644081,10 4 112 127 123 162 133 151 118 51 176 80 79 63 94 124 121 136 180 135 70 154 158 53 100 26 86 75 101 1 97 152 2 120 44 25 16 171 175 113 56 31 78 82 129 92 145 179 57 55 52 106 178 3 185 196 81 90 40 119 165 138 14 49 102 144 62 9 148 15 186 137 23 89 183 143 0 46 139 108 18 159 22 146 181 193 41 115 59 149 131 65 116 43 42 184 160 34 54 177
462,72819,1764959463310644082,23 186 89 183 143 117 0 46 115 139 41 193 22 146 34 48 160 181 42 5 43 184 54 30 177 10 4 112 127 70 135 154 180 158 53 121 100 26 86 97 1 101 75 44 25 16 171 175 113 56 31 78 145 179 185 40 196 81 90 27 165 138 14 102 144 49 178 106 52 55 57 92 129 120 2 152 167 62 9 148 124 94 63 122 79 133 151 162 123 149 131 47 116 65 59 118 51 80 176 137
463,73318,1764959463310644083,59 51 137 23 186 15 148 37 9 62 102 49 3 178 106 14 144 114 89 183 143 0 117 68 139 198 46 115 41 193 159 108 18 22 146 34 160 54 177 4 112 184 43 42 116 65 149 123 127 70 135 154 180 158 53 121 97 1 26 100 86 101 75 2 120 44 25 145 78 16 171 175 113 56 31 196 81 90 27 39 165 119 40 185 179 52 55 57 92 129 152 124 94 79 63 80 176 151 133 162
464,73699,1764959463310644084,133 80 176 51 151 162 123 112 184 177 54 48 34 160 42 43 149 59 118 65 116 5 41 181 195 146 22 18 108 159 193 139 115 46 68 117 0 170 143 183 89 114 186 23 137 148 9 62 144 14 102 49 178 138 21 164 27 90 165 119 40 185 106 52 55 57 179 145 78 31 56 113 175 171 16 25 44 120 82 92 129 2 152 97 1 101 75 86 100 26 94 121 53 70 135 154 180 63 122 79
465,73774,1764959463310644085,186 23 137 89 183 153 0 143 117 68 46 198 139 108 18 22 146 159 193 41 115 59 149 131 65 116 43 42 160 34 54 177 184 84 112 127 123 162 133 151 118 51 176 80 122 79 135 70 154 180 53 63 94 152 1 101 97 26 100 121 86 75 2 129 92 120 44 25 16 171 175 113 31 78 145 179 185 119 40 81 90 27 165 106 3 178 52 55 57 167 148 37 49 14 144 102 62 9 15 114
466,72982,1764959463310644086,180 53 121 100 26 97 94 63 122 80 79 133 162 123 127 70 135 151 176 51 118 59 116 43 65 149 131 35 112 4 190 10 177 30 54 48 34 160 184 42 181 146 22 159 193 41 139 198 115 46 68 93 117 0 170 143 183 89 23 137 186 148 9 62 144 102 49 14 3 178 106 52 55 185 165 90 40 196 179 145 78 31 113 175 171 16 25 44 120 129 92 57 2 152 1 101 75 86 158 154
467,72011,1764959463310644087,25 16 171 175 113 56 31 78 145 179 196 81 90 165 40 185 57 92 129 55 52 106 178 49 14 144 102 62 9 148 167 124 94 189 121 63 122 79 133 80 176 137 186 23 89 183 143 170 0 117 93 108 69 18 199 22 146 34 181 42 43 184 160 54 177 10 4 112 149 65 116 41 193 159 139 115 46 118 59 51 151 162 123 127 70 135 154 180 53 100 26 97 152 1 101 86 75 2 120 44
468,73568,1764959463310644088,4 84 35 131 149 65 116 43 42 184 190 10 177 54 48 160 34 181 115 41 193 159 22 18 108 117 143 0 68 139 46 118 59 51 151 162 133 79 80 176 137 183 89 186 9 62 102 144 14 49 178 106 165 90 81 40 185 52 55 57 179 145 196 157 31 56 113 175 171 16 78 25 44 120 92 129 2 1 101 75 86 26 97 152 167 148 124 94 63 136 182 121 100 53 180 154 135 127 123 112
469,75415,1764959463310644089,42 41 193 181 160 48 177 190 10 54 30 34 146 22 159 18 139 118 59 149 65 116 43 184 123 162 151 51 80 79 133 135 154 180 158 53 121 189 26 100 86 101 1 97 152 2 75 120 82 129 92 25 44 16 171 175 113 56 31 78 145 179 57 55 52 185 40 81 90 165 106 178 3 49 102 138 14 144 62 9 15 148 37 167 124 94 63 122 176 137 23 89 183 143 117 0 46 115 96 5
470,72299,1764959463310644090,177 10 190 184 84 112 123 162 151 133 79 63 180 135 127 70 154 53 86 100 26 97 152 1 101 75 2 120 82 129 92 57 55 52 179 145 78 25 44 16 171 175 113 31 157 196 81 90 27 165 40 119 185 106 178 3 138 14 144 49 102 62 9 15 114 186 89 183 143 117 68 46 0 23 137 148 124 94 80 176 51 118 59 65 116 43 42 5 115 139 41 193 159 22 146 181 34 160 48 54
471,73578,1764959463310644091,22 18 108 159 193 41 139 115 46 68 117 143 0 153 183 89 23 114 186 137 176 51 151 133 79 80 122 63 94 152 167 148 9 62 144 14 49 178 106 52 55 57 185 40 119 165 90 31 56 113 175 171 16 78 145 92 129 44 120 2 75 86 101 97 1 26 100 121 53 180 154 135 70 127 123 162 59 116 65 149 131 35 126 112 4 84 190 10 177 54 30 34 160 48 184 43 5 42 181 146
472,74200,1764959463310644092,135 162 151 133 79 122 63 180 154 158 53 100 26 97 152 2 1 101 86 75 120 44 25 78 16 171 175 113 56 31 145 92 82 129 57 179 185 119 40 196 81 90 27 165 138 14 106 52 55 178 49 102 144 62 9 148 124 94 80 176 51 137 89 183 143 0 18 22 146 34 160 48 54 177 10 184 42 181 159 193 41 115 139 68 46 118 59 65 116 43 77 47 149 131 35 84 4 112 123 127
473,74838,1764959463310644093,62 102 144 14 49 178 106 52 55 185 40 119 165 90 81 196 157 31 85 56 113 171 175 16 44 25 78 145 179 92 129 57 167 148 124 94 189 152 82 120 2 1 101 75 86 97 26 100 121 53 158 180 154 70 135 63 122 79 133 151 162 127 123 149 131 65 116 43 35 84 112 4 177 184 160 34 22 18 159 193 41 42 115 139 46 117 143 0 118 59 51 80 176 137 23 183 89 186 15 9
474,73234,1764959463310644094,70 135 154 180 53 86 75 2 120 82 129 92 57 179 145 78 25 44 16 171 175 113 31 157 196 81 90 27 165 119 40 185 55 52 106 178 3 14 144 49 102 62 9 15 148 167 152 97 1 101 26 100 121 63 122 79 133 162 151 51 176 80 94 124 137 23 186 114 89 183 143 117 0 46 115 139 41 193 159 22 146 34 160 54 177 10 184 35 65 43 42 181 5 116 118 59 149 131 123 127
475,73117,1764959463310644095,90 27 39 165 119 40 185 138 14 144 62 9 102 49 3 178 106 52 55 167 152 94 148 15 186 89 183 137 176 80 79 63 180 133 151 51 118 59 149 131 47 65 116 43 5 42 181 159 193 41 139 115 46 0 143 117 93 108 69 18 22 146 34 160 54 177 184 123 127 70 135 154 53 100 26 97 1 2 101 86 75 120 44 25 82 129 92 57 179 145 78 16 171 175 113 56 31 157 196 81
476,73199,1764959463310644096,181 160 34 22 159 18 108 68 46 115 139 193 41 5 116 65 59 118 51 176 80 79 63 94 124 167 148 137 153 0 117 143 183 89 23 186 114 15 9 62 144 102 49 178 106 14 138 39 90 165 119 40 185 52 55 179 145 78 31 56 113 175 171 16 25 44 120 82 92 57 129 2 152 97 1 101 75 86 26 100 121 53 158 180 154 135 70 127 133 151 162 123 112 4 190 10 177 184 43 42
477,73847,1764959463310644097,138 14 144 15 186 23 89 183 143 170 117 0 46 139 115 116 65 43 184 42 5 41 193 159 18 22 146 195 181 34 160 54 177 10 190 84 4 112 127 70 135 123 149 59 118 162 133 151 51 137 176 80 79 63 136 180 154 158 53 121 94 124 152 97 26 100 86 75 101 1 2 120 44 25 16 171 175 113 31 78 145 92 129 57 167 148 37 9 62 102 49 178 106 52 55 185 40 165 90 39
478,73043,1764959463310644098,183 143 0 117 93 140 108 18 22 146 34 181 42 159 193 41 115 139 68 46 137 176 80 151 51 118 59 65 116 43 149 131 35 184 160 54 177 4 112 127 123 162 133 194 135 70 154 180 53 86 75 101 1 2 152 97 26 100 121 63 79 122 94 124 148 178 106 52 55 57 92 179 145 78 129 120 44 25 16 171 175 113 56 31 196 81 90 119 40 185 165 138 14 49 102 144 62 9 186 89
479,72457,1764959463310644099,148 9 62 49 178 14 144 21 164 165 90 81 196 40 185 106 52 55 57 129 92 179 145 78 16 171 175 113 56 31 25 44 120 75 86 101 2 152 1 97 26 100 53 158 180 154 70 135 194 127 123 112 4 190 10 177 54 184 160 34 181 146 22 18 108 69 159 193 41 139 198 46 68 140 93 117 143 183 89 23 137 176 51 118 59 115 42 43 116 65 131 149 162 151 133 79 80 122 63 94
480,74430,1764959463310644100,84 184 149 65 116 43 42 160 54 34 146 22 18 159 193 41 115 118 59 123 162 133 151 51 46 139 68 117 0 143 183 89 23 186 15 62 9 148 37 137 66 176 80 79 122 63 180 121 189 94 124 167 49 102 144 14 3 178 106 52 55 57 129 92 185 40 119 165 27 90 81 196 179 145 78 31 56 113 175 171 16 25 44 120 2 152 97 1 101 75 86 26 100 53 158 154 135 70 127 112
481,73541,1764959463310644101,178 3 106 185 40 196 81 90 27 39 165 14 144 49 102 62 9 148 15 186 89 183 143 117 0 23 137 176 80 51 151 162 149 65 116 59 118 46 68 93 140 108 18 22 146 159 193 41 139 115 96 5 43 42 181 34 160 184 54 177 112 123 127 135 133 79 63 122 94 124 121 180 154 158 53 100 26 97 86 101 1 152 2 75 120 44 25 16 171 175 113 31 145 78 179 92 129 57 55 52
482,73474,1764959463310644102,53 158 154 135 70 127 123 162 133 151 79 122 80 176 51 118 59 5 42 43 116 65 149 112 84 184 54 160 34 146 22 18 108 69 159 193 41 139 115 46 0 117 143 183 89 23 137 186 15 148 94 124 167 9 62 102 49 144 14 138 21 164 27 90 165 119 40 81 196 185 106 178 52 55 179 31 113 175 171 16 78 145 92 57 129 2 120 25 44 75 86 101 1 152 97 26 100 121 63 180
483,71431,1764959463310644103,14 138 178 3 106 52 55 57 129 92 78 145 179 185 40 165 27 90 81 196 157 31 56 113 175 171 16 25 44 120 2 152 97 26 100 1 101 75 86 53 154 70 135 180 63 79 133 162 151 51 118 59 116 65 131 149 123 112 84 35 184 10 177 54 34 160 42 43 5 115 46 68 139 41 193 181 195 146 22 159 18 108 93 117 143 0 183 89 23 137 176 80 94 124 148 9 62 144 102 49
484,73255,1764959463310644104,118 51 176 80 79 133 194 127 70 135 154 180 53 136 182 63 94 124 121 100 26 86 75 101 1 97 152 2 120 44 25 82 92 179 145 78 16 171 175 113 31 196 81 90 165 40 185 106 3 178 55 52 57 129 167 148 49 14 144 102 62 9 15 186 137 23 89 183 143 117 0 46 115 139 41 193 159 18 22 146 181 34 160 48 54 177 10 190 184 43 42 5 116 65 59 149 131 123 162 151
485,72513,1764959463310644105,41 42 43 131 149 162 123 112 4 84 35 184 177 54 160 34 146 22 159 18 108 93 117 0 143 183 89 23 137 94 124 148 9 62 144 102 49 14 3 178 106 52 185 40 119 165 90 81 196 157 31 56 113 175 171 16 78 145 179 55 57 92 129 25 44 120 75 86 100 26 97 1 101 2 152 189 121 53 158 154 70 127 135 180 136 63 79 133 151 80 176 51 118 59 65 116 115 46 139 193
486,74566,1764959463310644106,177 10 184 35 131 149 123 127 70 135 154 158 53 180 63 122 79 133 162 151 176 80 94 148 167 129 92 82 2 152 189 121 100 26 86 97 1 101 75 120 44 25 78 16 171 175 113 56 31 196 145 179 57 55 52 106 185 40 165 90 27 164 7 21 14 3 178 49 102 144 62 9 186 89 183 137 51 118 59 65 47 116 43 42 159 193 41 139 115 46 0 143 117 108 18 22 34 160 48 54
487,75036,1764959463310644107,152 1 97 26 100 86 101 75 2 120 44 25 31 16 171 175 113 56 157 81 90 27 165 119 40 185 196 145 179 78 92 129 57 55 106 52 178 3 49 14 138 21 144 102 62 9 15 186 89 183 143 117 0 46 176 51 118 59 115 116 65 43 42 41 193 139 108 18 22 146 159 181 34 160 184 54 177 10 4 112 123 162 133 151 127 70 135 154 180 53 121 63 79 80 122 94 124 137 23 148
488,73394,1764959463310644108,152 1 97 26 100 101 86 53 158 180 154 135 70 127 63 79 133 151 162 123 131 149 59 118 115 5 116 65 43 42 181 160 184 190 10 177 54 34 146 22 18 108 69 159 193 41 139 68 46 0 117 170 143 183 89 23 137 176 80 122 94 124 167 37 148 15 9 62 102 49 144 14 178 106 40 119 165 90 81 185 52 55 57 129 92 145 179 196 31 56 113 175 171 16 78 25 44 120 75 2
489,74481,1764959463310644109,151 133 176 80 79 63 94 148 167 152 121 136 180 154 135 127 70 158 53 86 100 26 97 1 101 75 2 129 82 120 44 25 78 16 171 175 113 56 31 157 196 81 90 165 119 40 185 179 145 92 57 55 52 106 178 49 138 14 144 62 102 9 15 114 186 89 0 117 143 183 23 137 51 118 115 46 68 139 41 193 159 22 181 160 34 54 177 184 84 112 123 149 131 65 43 42 5 116 59 162
490,73484,1764959463310644110,119 165 185 106 178 14 49 102 144 62 9 15 148 167 52 55 57 92 129 2 101 100 26 97 1 152 124 94 122 80 176 51 59 118 109 137 23 186 89 183 143 0 46 68 117 93 108 18 159 22 146 34 54 177 160 181 193 41 139 198 115 5 42 43 116 65 184 84 112 123 127 70 154 135 162 151 133 79 63 180 53 86 75 120 82 44 25 16 171 175 113 56 31 78 145 179 196 81 90 40
491,74074,1764959463310644111,152 2 101 129 82 78 145 92 57 55 52 106 178 3 49 9 62 144 14 138 165 90 119 40 185 179 196 81 31 56 113 175 171 16 25 44 120 75 86 1 97 26 100 121 53 94 122 79 63 180 154 135 70 127 123 149 131 65 116 35 184 190 10 177 54 34 160 43 42 181 146 22 159 41 193 18 108 93 117 143 183 0 68 139 46 115 118 59 162 151 133 80 176 51 137 23 186 15 148 167
492,72576,1764959463310644112,148 124 94 152 1 2 75 86 101 97 26 100 121 53 63 79 180 154 135 70 127 123 112 84 184 10 177 54 48 160 34 146 22 18 69 108 117 143 0 46 68 139 115 41 193 159 181 42 43 116 65 59 118 151 162 133 80 176 51 137 183 89 23 186 15 9 62 102 144 14 138 165 27 90 81 196 113 175 171 16 31 78 25 44 120 82 129 92 145 179 40 119 185 57 55 52 106 178 3 49
493,72955,1764959463310644113,94 80 79 122 63 53 180 154 135 70 127 112 4 10 177 54 160 34 181 146 22 159 193 18 108 140 93 117 143 183 89 23 0 68 46 198 115 139 41 42 43 184 35 116 65 149 123 162 133 151 72 59 118 51 176 137 186 15 148 9 62 144 102 49 178 14 106 52 55 185 40 119 165 27 90 81 196 179 145 78 31 113 175 171 16 25 44 120 129 92 57 2 75 86 101 1 100 26 97 152
494,76094,1764959463310644114,14 144 15 148 137 23 186 89 183 143 117 93 108 18 139 115 46 0 176 51 118 59 116 42 41 193 22 34 54 177 184 160 43 65 151 80 63 122 79 133 162 123 127 194 135 70 154 180 53 121 100 26 97 1 101 86 75 120 82 44 25 16 171 113 175 56 85 31 157 78 145 92 129 2 152 94 124 167 9 62 102 49 3 178 106 52 55 57 179 196 185 40 119 165 39 90 27 164 7 21
495,72321,1764959463310644115,117 93 140 68 46 51 118 59 65 116 43 42 5 41 193 115 139 108 18 159 22 146 181 34 160 54 177 10 184 84 112 123 127 70 135 154 180 63 53 121 100 26 86 97 1 101 75 2 129 82 120 44 25 16 171 175 113 56 31 196 81 90 165 119 40 179 145 78 92 57 55 52 185 3 178 106 14 144 49 102 62 9 15 148 37 167 152 94 79 133 162 151 80 176 137 23 89 183 143 0
496,73021,1764959463310644116,63 122 79 53 180 154 135 70 127 123 162 72 151 133 80 176 51 109 118 59 131 149 112 4 84 184 10 177 54 48 34 160 43 65 116 42 181 146 22 159 193 41 139 115 46 0 117 170 143 183 89 23 137 186 114 15 9 62 102 144 14 165 185 40 90 81 196 31 56 113 175 171 16 25 44 120 75 86 101 1 26 100 121 97 152 2 129 92 78 145 179 57 55 52 106 178 49 148 124 94
497,72049,1764959463310644117,57 179 196 81 90 27 165 119 40 185 55 52 106 178 49 138 14 144 102 62 9 15 148 167 124 94 63 122 79 80 176 137 23 186 89 183 143 117 0 46 139 18 22 146 159 193 41 115 59 118 51 151 133 162 149 65 116 43 42 181 34 160 184 54 177 10 190 4 112 123 127 135 154 180 158 53 121 100 189 26 86 75 101 1 97 152 2 129 82 120 44 25 16 171 175 113 31 78 145 92
498,73773,1764959463310644118,46 68 140 93 117 0 143 183 89 137 23 186 114 15 9 62 144 102 49 14 138 3 178 106 52 55 185 40 165 90 81 196 31 113 175 171 16 78 145 179 57 92 129 82 25 44 120 2 152 167 148 124 94 189 121 100 26 97 1 101 75 86 53 158 180 154 135 127 123 162 151 133 79 63 122 80 176 51 59 65 116 43 42 131 149 112 4 184 35 84 177 54 48 160 34 193 41 139 115 198
499,75099,1764959463310644119,54 34 160 43 65 116 42 181 146 22 159 193 41 115 139 0 143 183 89 23 186 15 9 62 144 14 3 178 106 185 165 39 95 164 27 90 119 40 81 196 179 145 157 85 56 113 175 171 16 31 78 25 44 120 82 129 92 57 55 52 49 102 148 167 2 75 101 1 97 152 94 124 137 176 80 133 79 63 121 100 26 86 53 158 154 180 135 70 127 123 162 151 51 59 149 131 112 84 184 177
500,73263,1764959463310644120,43 116 65 47 131 149 162 151 133 79 63 122 80 176 137 186 15 144 49 102 62 9 148 124 94 152 97 1 101 2 129 57 55 52 106 178 3 14 165 185 40 90 81 196 31 113 175 171 25 44 16 78 145 179 92 120 75 86 26 100 121 136 53 158 180 154 135 70 127 123 112 4 10 177 54 184 160 34 146 22 18 108 93 117 0 143 183 89 23 51 59 118 46 68 139 115 41 193 159 42
501,72288,1764959463310644121,22 159 18 108 93 117 0 143 183 89 23 137 15 9 62 144 14 138 165 185 40 119 90 81 196 57 55 52 106 178 3 49 102 148 124 80 176 51 118 59 162 151 133 79 63 94 152 97 1 101 2 129 92 145 78 31 56 113 175 171 16 25 44 120 75 86 26 100 121 53 180 154 135 70 127 123 112 84 184 177 54 34 160 42 43 131 149 47 65 116 5 115 46 68 139 41 193 181 195 146
502,72043,1764959463310644122,65 118 59 149 131 35 84 4 112 123 127 70 135 154 180 53 86 75 101 26 97 1 152 2 120 44 25 16 171 175 113 56 31 78 145 129 92 179 57 55 52 185 196 81 90 119 40 165 39 164 21 138 106 178 3 49 14 144 62 9 148 124 94 63 122 80 79 133 162 151 51 176 137 23 186 89 183 143 0 117 46 115 139 41 193 159 108 18 22 146 181 42 160 34 48 54 177 184 43 116
503,75749,1764959463310644123,75 101 1 152 97 26 100 121 86 53 158 180 154 70 135 194 162 151 59 65 116 43 149 123 127 112 84 184 160 34 146 22 18 108 159 181 42 41 193 139 115 46 117 0 118 109 51 176 80 133 79 122 63 94 124 137 153 143 183 89 23 186 114 15 148 37 9 62 49 14 144 21 164 27 90 165 185 106 178 52 55 57 92 179 40 81 196 31 16 171 175 113 145 78 25 44 120 82 129 2
504,72944,1764959463310644124,16 171 175 113 31 81 90 27 165 185 119 40 196 179 145 92 57 55 52 106 178 14 144 49 62 9 148 15 186 89 183 143 117 0 137 176 80 63 79 133 151 51 118 46 68 18 22 193 41 139 115 5 42 181 34 160 48 54 177 10 190 4 112 84 35 184 43 116 65 47 77 149 131 59 162 123 127 70 135 154 180 53 121 100 26 94 124 152 97 1 101 86 75 2 129 82 120 44 25 78
505,74622,1764959463310644125,159 22 18 108 139 198 46 68 117 0 143 183 89 186 144 62 9 148 167 55 52 178 49 14 106 185 40 165 27 90 81 196 157 78 16 171 175 113 56 31 179 57 145 25 44 120 82 92 129 2 75 86 53 100 26 97 101 1 152 124 94 122 80 176 137 51 118 59 115 5 42 43 116 65 131 149 123 162 72 151 133 79 63 180 154 70 135 194 127 112 4 177 54 48 184 160 34 181 41 193
506,73740,1764959463310644126,112 177 54 160 184 43 42 5 115 46 139 41 193 159 181 34 146 22 18 108 140 93 117 0 143 153 183 89 23 186 15 9 62 144 102 49 14 3 178 106 185 40 165 90 81 196 179 145 78 31 56 113 175 171 16 25 44 120 75 86 101 1 97 152 2 129 92 57 55 52 167 148 124 12 137 176 80 122 79 133 162 151 51 118 59 116 65 149 135 180 63 94 121 26 100 53 158 154 70 123
507,74736,1764959463310644127,1 97 26 100 189 121 53 158 70 127 123 135 154 180 63 94 80 79 133 162 151 118 59 149 131 65 116 41 181 42 43 184 10 177 54 160 34 146 22 18 108 69 159 193 139 115 46 68 117 143 0 51 176 137 183 89 186 15 9 62 102 144 14 138 21 7 164 27 90 165 40 196 31 56 113 175 171 16 44 25 78 145 92 57 55 52 185 106 178 49 148 167 152 2 129 82 120 75 86 101
508,71993,1764959463310644128,18 108 69 159 193 41 115 139 68 46 0 93 117 143 183 89 23 137 176 80 151 162 133 79 63 94 152 167 148 9 62 144 14 102 49 178 106 52 185 40 119 165 27 90 81 113 175 171 16 31 78 145 179 55 57 92 129 25 44 120 2 75 101 86 1 97 26 100 121 53 180 154 135 127 123 149 131 47 65 59 51 118 116 43 42 181 160 184 35 84 112 4 190 10 177 54 48 34 146 22
509,74629,1764959463310644129,44 120 75 101 86 53 121 63 180 154 135 70 127 123 112 4 10 177 54 160 34 22 18 159 193 139 115 198 46 68 140 93 117 143 183 89 186 23 137 176 66 51 109 118 59 65 116 5 96 41 181 42 43 184 131 149 162 151 133 79 80 122 94 124 152 97 26 1 2 129 92 145 57 55 52 106 178 49 102 37 148 9 62 144 14 138 165 185 40 119 90 81 196 113 175 171 16 31 78 25
510,73472,1764959463310644130,184 84 112 127 70 135 194 162 123 149 43 116 65 59 118 72 151 133 79 80 176 51 109 137 148 37 167 152 97 26 124 94 63 180 154 53 100 1 101 86 75 2 120 44 25 16 171 175 113 31 196 81 90 165 119 40 185 57 129 92 78 145 179 55 52 106 178 3 138 14 49 102 144 62 9 15 186 23 89 183 143 0 117 108 18 22 159 193 41 139 68 46 115 42 181 34 160 48 54 177
511,72888,1764959463310644131,144 62 9 148 15 186 89 183 23 137 176 51 118 115 46 0 143 117 93 108 18 69 139 5 43 42 41 193 159 22 146 181 34 160 54 177 10 184 84 112 131 149 47 65 116 59 151 162 123 127 70 135 154 158 53 180 133 80 79 63 94 124 167 2 152 1 97 26 100 121 86 101 75 120 44 25 16 171 175 113 56 31 78 145 179 92 129 57 55 52 178 106 185 40 81 90 165 14 49 102
512,72620,1764959463310644132,37 9 62 144 14 102 49 3 178 106 52 55 57 179 185 40 119 165 39 27 90 81 196 157 31 56 113 175 171 16 78 145 92 129 82 25 44 120 2 152 1 75 86 101 97 26 100 121 53 180 154 135 127 123 162 151 133 79 63 94 80 176 51 59 46 68 139 115 5 42 43 116 65 149 131 184 54 160 34 146 22 181 193 41 159 18 108 93 117 0 143 183 89 23 137 186 114 15 148 167
513,72774,1764959463310644133,53 180 154 135 127 123 112 177 54 184 160 34 181 42 43 116 65 131 149 59 118 115 46 68 198 139 41 193 159 195 146 22 18 108 93 117 143 170 0 51 151 162 133 79 63 80 176 137 23 183 89 186 15 148 9 62 144 102 49 14 138 3 178 106 52 55 57 185 40 119 165 90 81 196 157 56 113 175 171 16 31 145 78 25 44 120 129 92 2 152 124 94 121 100 26 1 97 101 75 86
514,74676,1764959463310644134,54 177 112 123 162 127 70 135 154 180 158 53 63 94 124 189 97 26 100 86 75 101 1 152 2 120 44 129 92 57 55 52 178 106 185 179 145 78 31 16 171 175 113 56 196 81 90 27 40 119 165 138 14 144 49 102 62 9 148 89 183 143 117 0 137 176 80 79 133 151 51 59 116 105 65 47 131 149 118 46 68 140 108 18 159 22 146 34 181 42 41 193 139 115 96 5 43 184 160 48
515,73468,1764959463310644135,80 176 137 23 186 114 89 183 143 0 117 93 68 46 115 139 18 22 159 193 41 42 160 34 54 177 10 184 43 116 65 149 84 4 112 123 127 70 135 154 180 53 121 100 26 86 75 101 1 97 152 2 82 120 44 25 145 179 52 106 185 119 165 90 40 196 31 56 113 175 171 16 78 92 129 57 55 178 3 49 138 14 144 102 62 9 148 124 94 189 63 122 79 133 162 72 59 118 51 151
516,72431,1764959463310644136,63 79 80 176 133 180 53 158 154 70 135 194 127 123 162 151 51 109 118 59 149 131 184 35 84 112 4 190 10 177 54 160 34 146 181 42 43 65 47 116 115 139 41 193 159 22 18 108 68 46 93 117 0 143 183 89 23 137 148 9 62 144 14 49 3 178 106 52 185 40 119 165 90 81 196 179 55 57 129 92 145 78 31 113 175 171 16 44 120 2 75 101 86 121 100 26 97 1 152 94
517,73577,1764959463310644137,158 180 154 70 135 133 151 162 127 123 149 131 35 84 112 4 190 10 177 184 54 48 160 34 146 22 159 193 41 181 42 43 116 65 59 115 139 69 18 108 93 117 68 46 0 170 143 183 89 114 186 23 137 118 109 51 176 80 79 63 94 152 1 120 44 25 78 16 171 175 113 31 81 90 165 40 185 145 92 57 55 52 106 178 14 144 102 62 9 148 49 129 2 75 101 86 97 26 100 53
518,74830,1764959463310644138,124 167 49 102 144 14 138 3 178 106 52 55 185 40 119 165 90 81 196 157 113 56 175 171 16 31 179 145 78 25 44 120 82 92 57 129 2 152 97 1 86 75 101 26 100 189 121 53 158 154 70 135 180 63 79 133 80 176 137 23 51 109 118 59 151 162 127 123 149 131 47 65 116 115 5 42 43 184 54 160 34 146 22 159 193 41 139 46 0 117 143 183 89 186 15 62 9 37 148 94
519,75472,1764959463310644139,89 23 137 148 9 62 144 21 90 81 196 92 145 78 113 175 171 16 25 44 120 75 86 70 127 194 135 154 180 158 53 121 100 26 101 1 97 152 2 82 129 57 55 52 185 40 119 165 106 178 3 14 49 167 124 94 63 122 79 133 151 80 176 51 118 59 162 123 112 4 84 35 131 149 65 43 42 5 116 115 41 193 159 181 160 184 177 54 48 34 103 146 22 18 139 46 0 117 143 183
520,74203,1764959463310644140,159 193 41 139 68 46 198 115 116 65 47 43 35 184 160 34 54 177 112 127 123 131 149 162 151 59 118 51 133 135 70 154 180 53 86 101 1 97 26 100 121 189 152 2 75 129 57 92 120 44 25 16 171 175 113 78 145 179 185 40 90 165 55 52 106 178 3 14 49 102 144 62 9 148 167 124 94 63 122 79 80 176 137 23 186 89 183 143 0 117 93 140 108 69 18 22 146 181 42 5
521,75238,1764959463310644141,176 80 51 65 47 116 43 184 54 34 160 42 181 146 22 18 108 140 93 117 68 46 139 193 41 115 118 59 151 79 133 162 123 127 135 180 154 53 121 100 86 75 120 44 25 16 88 171 175 113 56 31 157 38 78 145 92 179 196 81 40 119 185 39 165 90 27 164 7 21 14 144 102 49 178 106 52 55 57 129 2 101 1 26 97 152 63 94 124 148 9 62 15 186 23 89 183 143 0 137
522,74470,1764959463310644142,123 127 112 35 65 116 59 118 115 198 139 159 193 41 5 43 42 181 160 184 177 54 48 34 146 22 18 108 140 93 68 46 0 117 170 143 183 89 51 80 176 137 23 186 9 62 144 102 49 14 138 3 178 106 185 40 119 165 90 81 196 157 31 113 175 171 16 78 145 92 44 120 2 75 101 1 97 152 129 57 55 52 167 148 94 121 100 26 86 53 70 135 154 180 63 79 133 151 162 149
523,72569,1764959463310644143,9 148 15 144 14 138 165 40 185 90 81 196 31 56 113 175 171 16 78 145 25 44 120 2 75 86 101 1 97 26 100 53 158 154 135 127 112 4 84 184 54 177 48 160 34 146 22 18 159 193 41 139 115 198 46 68 140 93 117 0 143 183 89 186 23 137 51 118 59 65 116 42 43 131 149 123 162 151 176 80 122 79 133 180 63 94 124 152 129 92 179 57 55 52 106 178 3 49 102 62
524,75445,1764959463310644144,43 47 65 116 59 118 115 139 41 193 108 18 22 159 42 181 34 160 184 35 84 4 190 10 177 54 112 123 127 194 135 70 154 180 79 80 63 94 124 167 178 106 52 55 57 92 129 82 2 152 1 97 26 100 121 53 158 86 101 75 120 44 25 78 16 171 175 113 56 31 145 179 185 40 90 27 165 14 49 102 144 62 9 148 176 137 23 186 114 89 183 143 0 51 151 133 162 149 131 77
525,73999,1764959463310644145,152 2 120 44 25 129 55 57 92 145 78 16 171 175 113 31 196 81 90 165 40 185 52 106 178 49 14 144 62 148 94 63 122 79 133 80 176 51 137 23 186 114 89 183 0 143 117 93 140 68 46 198 115 139 41 193 159 199 69 108 18 22 146 34 54 177 184 160 181 96 5 42 43 105 116 65 59 118 72 151 162 47 77 131 149 123 127 70 135 154 180 53 121 100 26 97 101 86 75 1
526,72949,1764959463310644146,31 113 175 171 16 25 44 82 129 120 75 86 101 2 152 1 97 26 100 189 121 53 180 154 135 70 127 123 112 4 84 35 184 190 10 177 54 160 43 42 181 34 146 22 18 108 159 193 41 139 115 116 65 131 149 59 162 133 151 51 118 46 0 143 183 89 114 15 186 23 137 176 80 79 122 63 94 124 148 37 9 62 144 102 49 14 138 165 90 40 185 106 178 52 55 57 92 179 145 78
527,72454,1764959463310644147,43 116 65 131 149 123 127 70 135 154 53 180 133 151 162 59 118 51 137 176 80 79 63 122 94 124 26 100 86 75 101 1 97 152 167 3 178 106 52 55 57 92 129 2 120 44 25 145 78 16 171 175 113 56 31 196 81 40 185 165 90 27 164 21 138 14 144 49 102 62 9 148 15 114 186 23 89 183 143 117 0 46 68 139 115 42 181 41 193 159 108 18 22 34 160 54 177 10 190 184
528,73873,1764959463310644148,86 101 75 44 120 25 78 31 16 171 175 113 196 81 90 27 95 164 7 39 165 40 185 106 178 14 144 102 49 52 55 179 145 92 57 129 2 1 97 189 94 124 152 167 148 9 62 15 186 137 23 89 183 143 0 117 93 108 18 22 34 160 54 177 10 190 84 184 181 42 43 131 123 127 70 135 162 149 65 116 115 41 193 139 46 118 59 51 176 80 151 133 79 63 180 154 53 121 26 100
529,72952,1764959463310644149,75 120 44 25 82 129 2 167 106 178 52 55 92 57 179 145 78 16 171 175 113 56 31 81 90 119 40 185 165 14 49 102 144 62 9 148 137 23 186 89 183 143 117 93 108 18 139 68 46 115 5 42 181 41 193 159 22 146 34 160 48 54 10 177 184 84 112 35 131 149 65 43 116 59 118 51 176 151 80 124 94 63 79 133 162 123 127 70 135 154 180 53 121 100 26 86 97 152 1 101
530,72201,1764959463310644150,75 2 120 44 25 129 92 179 145 78 16 171 175 113 56 31 81 90 165 119 40 185 57 55 52 106 178 14 49 102 144 62 9 148 23 89 183 143 0 137 176 80 94 63 79 133 162 149 131 47 65 59 72 151 51 118 115 116 43 42 5 41 193 139 46 68 93 140 108 18 159 22 146 181 160 34 48 54 177 10 190 184 35 84 4 112 123 127 70 135 154 180 53 100 26 97 152 1 101 86
531,75380,1764959463310644151,47 65 116 105 43 5 42 184 84 112 4 177 54 160 34 181 146 22 159 41 193 18 69 108 117 143 183 0 68 46 198 139 115 59 118 51 151 133 79 122 80 176 137 23 186 15 144 14 165 90 40 185 55 52 106 178 3 49 62 9 37 148 167 129 92 57 145 31 113 175 171 16 78 25 44 120 75 86 101 97 1 2 152 94 63 53 100 26 121 180 154 70 135 194 127 123 162 72 149 131
532,72504,1764959463310644152,158 53 121 100 26 86 101 1 97 94 152 2 75 120 129 55 52 57 92 82 44 25 16 171 175 113 56 31 78 145 179 196 81 90 165 119 40 185 106 178 49 14 144 102 62 9 148 15 186 23 137 176 80 122 63 79 133 151 162 123 149 65 116 43 42 5 115 59 118 51 46 0 153 89 183 143 117 93 140 68 139 41 193 159 18 22 34 160 48 54 177 184 84 4 112 127 70 135 154 180
533,73159,1764959463310644153,116 43 5 42 184 112 4 177 54 160 34 146 22 18 108 69 159 181 193 41 139 115 46 68 140 93 117 0 143 183 89 137 148 9 62 144 102 49 178 106 3 14 138 165 185 40 119 90 81 196 31 16 171 175 113 56 44 120 25 78 145 52 55 57 92 129 2 75 101 86 158 53 121 189 100 26 97 1 152 124 94 63 79 80 176 51 151 162 133 180 154 135 70 127 123 131 149 59 118 65
534,72773,1764959463310644154,41 193 159 69 108 18 199 22 146 103 34 54 177 160 181 42 5 115 116 65 149 43 184 35 84 4 112 127 70 135 154 180 158 53 121 100 26 97 1 101 86 75 2 152 129 57 55 52 179 92 120 44 25 16 171 175 113 31 78 145 81 90 165 119 40 185 106 178 49 14 144 62 9 148 124 94 63 122 80 79 133 151 162 123 59 118 51 176 137 23 186 114 89 183 143 117 0 46 68 139
535,72714,1764959463310644155,160 43 42 5 115 41 193 139 68 46 0 117 170 143 183 89 23 137 176 80 186 15 148 9 62 144 14 49 178 106 52 55 57 129 92 145 179 185 40 119 165 27 90 81 31 56 113 175 171 16 78 25 44 120 75 101 1 2 152 97 26 86 53 94 63 79 180 154 135 70 127 123 162 133 151 51 118 59 116 65 149 131 35 184 84 112 4 190 10 177 30 54 48 34 103 146 22 18 159 181
536,73735,1764959463310644156,171 16 25 44 120 75 86 158 154 135 70 127 112 4 177 54 184 160 34 181 42 5 41 193 159 22 18 139 115 46 0 143 183 89 23 186 15 9 62 144 14 49 102 37 148 167 124 94 63 122 79 133 151 80 176 137 51 118 59 65 116 43 149 123 162 180 53 121 100 26 97 152 1 101 2 82 129 57 55 52 178 106 185 40 119 165 39 27 90 81 196 179 92 145 78 157 56 31 113 175
537,74629,1764959463310644157,14 138 106 178 3 49 102 62 9 15 137 51 118 59 151 133 80 176 79 63 94 124 12 148 37 111 167 129 92 57 55 52 185 40 119 165 27 90 81 196 179 145 78 31 113 175 171 16 25 44 120 2 152 97 1 101 75 86 26 100 121 53 158 180 154 135 70 127 123 162 149 65 116 43 42 184 54 160 34 181 41 115 46 68 139 193 195 146 22 159 18 69 108 117 143 183 89 23 186 144
538,72576,1764959463310644158,133 151 162 123 127 70 135 154 180 158 53 100 26 97 121 63 94 152 1 101 86 75 120 44 16 171 175 113 56 31 157 196 81 90 165 119 40 185 106 178 3 138 14 49 52 55 57 92 179 145 78 25 129 2 167 148 37 102 144 62 9 15 186 137 23 89 183 143 117 0 46 115 139 41 193 159 18 22 146 34 160 54 177 184 84 4 112 149 131 43 42 5 116 65 59 118 51 176 80 79
539,73762,1764959463310644159,135 133 180 154 53 100 26 86 75 120 44 16 171 175 113 56 31 78 145 157 196 81 90 27 39 165 119 40 185 138 14 49 3 178 106 52 55 57 179 92 129 2 101 1 97 152 167 148 9 62 144 186 89 183 137 124 94 63 79 80 176 51 151 162 123 149 131 65 116 43 42 160 181 159 193 41 139 198 115 59 118 46 68 0 143 117 108 18 22 34 54 177 10 184 35 84 4 112 127 70
540,71852,1764959463310644160,116 65 131 149 123 162 133 151 51 176 80 79 122 63 94 152 167 148 9 62 144 14 49 178 106 52 55 57 92 179 185 40 165 27 90 81 31 56 113 175 171 16 78 145 25 44 120 129 2 75 86 101 1 97 26 100 53 158 180 154 135 70 127 112 84 184 190 10 177 54 48 34 160 43 5 42 181 146 22 18 69 108 140 93 117 0 143 183 89 186 23 137 46 68 139 193 41 115 118 59
541,72880,1764959463310644161,143 0 153 183 89 51 151 162 133 79 63 176 80 137 23 148 9 62 102 144 14 49 3 178 106 52 55 57 185 40 119 165 39 27 90 81 196 157 31 113 175 171 16 78 145 92 129 25 44 120 2 152 97 26 100 86 75 101 1 94 121 53 158 180 154 135 70 127 123 59 118 116 42 43 65 149 131 112 84 184 10 177 54 48 160 34 181 146 22 18 159 193 41 139 115 46 68 140 93 117
542,74092,1764959463310644162,80 122 63 133 79 151 162 123 149 184 160 42 43 47 65 116 59 51 118 115 46 0 89 183 143 170 117 68 139 41 193 159 69 108 18 22 34 54 177 10 190 84 4 112 127 135 154 180 158 53 94 148 167 178 106 52 55 57 92 129 2 74 152 97 1 101 26 100 86 75 120 44 25 16 171 175 113 56 31 78 145 179 185 119 40 196 81 90 165 14 49 102 144 62 9 15 186 23 137 176
543,74044,1764959463310644163,0 46 118 151 59 65 47 116 43 5 96 115 139 41 193 159 18 22 146 34 181 42 160 54 177 10 184 4 112 84 35 131 149 123 127 162 133 79 135 154 180 53 100 26 86 75 101 1 97 152 2 120 44 25 145 78 16 171 175 113 31 157 196 81 90 27 165 119 40 185 138 14 144 49 3 178 106 52 55 57 92 129 167 9 62 15 148 124 94 63 80 176 51 137 23 89 183 153 143 117
544,73002,1764959463310644164,31 56 113 175 171 16 78 145 179 57 92 129 25 44 120 2 152 1 97 26 100 101 75 86 53 121 94 63 122 79 80 176 51 118 59 162 151 133 180 154 135 127 123 112 4 10 177 54 184 43 149 65 116 115 42 160 34 146 22 181 41 193 159 18 139 68 46 0 117 143 183 89 23 137 186 15 148 9 62 102 49 14 144 21 7 164 27 90 39 138 3 178 106 52 55 185 165 40 81 196
545,76714,1764959463310644165,15 9 62 102 49 14 144 21 7 164 58 95 27 90 81 196 157 145 179 185 40 119 165 39 138 3 178 106 52 55 57 92 78 31 56 113 175 171 16 25 44 120 82 129 2 75 86 101 1 97 152 167 37 148 137 176 80 133 79 122 63 94 124 121 26 100 53 158 180 154 135 127 123 162 151 51 109 59 118 46 139 193 41 115 116 65 149 131 43 184 42 160 34 22 18 143 183 89 23 186
546,74034,1764959463310644166,23 176 80 133 79 122 63 94 100 26 97 152 2 129 92 167 148 15 9 62 102 49 144 14 165 40 185 106 178 52 55 57 179 145 78 31 113 175 171 16 44 120 75 1 101 86 53 180 154 70 135 162 151 72 51 109 118 59 116 65 47 131 149 123 35 84 112 4 10 177 54 48 184 160 34 181 42 43 115 46 139 41 193 159 146 22 18 69 108 140 93 117 143 170 0 153 183 89 186 137
547,74114,1764959463310644167,159 22 146 103 34 48 54 177 10 4 112 184 160 181 42 5 43 65 131 149 162 151 176 80 122 79 133 123 127 70 135 154 180 53 86 101 75 120 44 25 16 171 175 113 56 31 157 78 145 196 81 90 165 40 119 185 106 178 52 55 57 179 92 129 82 2 74 152 1 97 26 100 63 94 124 148 9 62 49 14 144 186 89 183 143 117 93 140 0 23 137 51 118 59 116 115 46 139 41 193
548,72367,1764959463310644168,46 118 59 51 151 162 133 79 122 63 135 70 154 180 53 121 100 26 86 97 152 1 101 75 2 129 92 82 120 44 25 78 31 16 171 175 113 56 81 196 145 179 57 55 52 185 40 90 165 106 178 14 49 102 144 62 9 15 148 124 94 80 176 137 183 143 0 117 93 140 108 18 193 41 159 22 146 181 160 34 48 54 177 184 35 84 4 112 127 123 149 131 65 116 43 42 5 115 139 68
549,73796,1764959463310644169,185 40 165 39 90 27 164 21 14 49 102 144 62 9 15 148 167 178 106 52 55 57 152 97 1 101 26 100 53 158 180 154 135 70 127 162 133 151 59 116 65 131 149 123 112 84 184 10 177 54 48 43 42 181 160 34 146 22 159 193 41 139 115 46 0 143 183 89 114 186 23 137 51 176 80 79 122 63 94 121 86 75 2 120 44 25 82 129 92 179 145 78 31 16 171 175 113 56 81 196
550,73715,1764959463310644170,94 148 102 49 138 14 144 62 9 186 89 183 23 137 46 0 143 117 93 140 68 139 115 59 118 51 176 80 133 151 162 72 149 131 47 65 116 43 42 5 41 193 159 18 22 146 181 34 160 54 177 10 190 184 84 4 112 123 127 70 135 154 180 158 53 86 101 1 75 120 44 78 92 179 145 31 16 171 175 113 81 90 165 40 185 106 178 52 55 57 129 82 2 152 97 26 100 121 63 79
551,73957,1764959463310644171,131 123 135 180 154 70 127 112 84 184 177 54 160 34 146 22 195 181 42 43 47 65 116 5 193 41 159 18 69 108 117 143 0 68 46 198 139 115 59 118 51 176 137 23 183 89 186 15 144 14 165 90 81 196 40 185 179 145 78 31 113 175 171 16 44 120 75 101 86 53 136 182 121 100 26 97 1 152 2 129 92 57 55 52 106 178 49 62 9 148 167 124 94 63 79 80 133 151 162 149
552,72244,1764959463310644172,92 129 2 152 1 97 26 100 121 94 63 79 133 162 151 51 80 176 137 23 186 89 183 143 0 46 117 93 140 68 139 41 193 159 22 181 42 43 47 65 116 115 118 59 149 131 184 48 160 34 54 177 10 190 4 112 123 127 70 135 154 180 53 86 101 75 120 82 44 25 78 16 171 175 113 56 31 157 145 179 196 81 90 119 40 185 165 138 14 144 62 9 148 102 49 178 106 52 55 57
553,73327,1764959463310644173,162 133 79 63 97 152 129 57 55 52 106 178 3 185 40 119 165 90 81 196 179 92 145 78 31 56 113 175 171 16 25 44 120 2 75 86 101 1 26 100 121 53 180 154 135 127 123 149 131 47 65 116 115 139 41 43 42 181 160 184 35 84 112 4 190 10 177 54 48 34 146 22 159 193 18 108 140 68 46 118 59 51 176 137 23 183 89 186 15 9 62 144 14 49 102 37 148 94 80 151
554,75111,1764959463310644174,92 129 167 37 148 80 176 51 118 59 65 116 43 184 131 149 162 151 133 79 63 180 53 121 94 124 152 1 2 120 75 86 101 97 26 100 158 154 135 70 123 127 112 177 54 34 160 181 42 115 46 139 41 193 159 22 18 117 143 0 153 183 89 23 137 186 15 9 62 144 102 49 14 138 21 164 27 90 165 40 81 196 185 106 3 178 52 55 57 179 145 31 113 175 171 16 78 25 44 82
555,73532,1764959463310644175,54 177 10 190 84 184 160 181 42 43 116 65 47 149 131 112 123 127 70 135 154 180 63 53 121 100 26 86 75 101 1 97 152 94 124 148 167 55 52 178 106 185 40 145 92 57 129 2 82 120 44 25 78 16 171 175 113 56 31 196 81 90 165 14 144 49 102 62 9 15 186 137 23 89 183 143 0 117 108 18 139 68 46 109 51 176 80 79 133 162 151 72 59 118 115 41 193 22 146 34
556,73122,1764959463310644176,51 46 68 139 115 118 59 65 47 116 43 131 149 123 162 151 133 135 70 127 112 4 177 184 160 34 181 42 41 193 159 22 18 108 93 117 0 170 143 183 89 23 186 114 15 62 9 37 148 124 94 152 129 57 55 52 106 178 3 49 102 144 14 138 185 40 165 90 81 196 31 113 175 171 16 78 145 179 92 25 44 120 2 1 97 101 75 86 100 26 189 121 53 154 180 63 79 80 176 137
557,72904,1764959463310644177,144 14 3 178 106 165 90 119 40 185 52 55 57 129 92 179 78 145 196 81 31 56 113 175 171 16 25 44 120 2 152 189 121 100 26 97 1 75 101 86 53 180 154 135 70 127 162 133 151 72 118 59 149 131 123 112 84 184 10 177 54 160 34 181 42 43 47 65 116 115 139 41 193 159 22 18 68 46 0 117 143 183 89 186 114 15 23 137 51 176 80 79 63 94 124 148 9 62 102 49
558,72715,1764959463310644178,75 86 100 26 101 1 97 152 124 94 121 53 158 154 180 63 122 79 80 176 135 70 127 123 162 133 151 51 59 65 149 131 184 177 54 160 34 181 42 43 116 115 198 46 139 41 193 159 22 146 18 69 108 140 93 68 117 0 170 143 183 89 23 137 148 9 62 144 102 49 14 138 3 178 106 52 55 57 92 179 185 40 119 165 90 81 196 31 56 113 175 171 16 78 145 25 44 120 129 2
559,72889,1764959463310644179,118 51 176 80 151 133 79 63 180 154 53 121 100 26 86 101 75 120 44 16 171 175 113 31 81 90 165 40 185 106 178 52 55 57 129 92 179 145 78 25 82 2 152 1 97 94 124 148 49 14 144 102 62 9 15 114 186 137 23 89 183 143 170 117 0 46 68 140 108 18 139 198 115 41 193 159 22 146 34 181 42 43 160 48 54 177 184 84 112 123 127 70 135 194 162 149 131 65 116 59
560,72773,1764959463310644180,181 42 43 116 65 149 59 72 151 51 118 115 41 193 159 22 18 108 139 46 68 140 93 117 0 143 183 89 186 23 137 176 80 63 94 124 26 97 1 152 129 92 57 55 52 106 178 167 37 148 15 9 62 144 102 49 14 138 165 90 81 196 40 185 179 145 31 56 113 175 171 16 78 25 44 120 2 75 101 86 100 53 158 154 180 79 133 162 123 135 70 127 112 84 184 177 54 48 160 34
561,73649,1764959463310644181,43 115 59 118 51 151 162 133 79 63 122 80 176 137 148 124 94 121 100 26 86 75 101 1 97 152 2 129 167 9 62 102 49 14 178 106 52 55 57 179 145 78 92 120 44 25 16 171 175 113 56 31 196 81 90 119 40 185 165 164 21 144 15 186 23 89 183 143 117 0 46 139 41 193 159 69 108 18 22 34 181 42 160 54 177 184 84 112 127 70 53 180 154 135 123 149 131 47 65 116
562,73131,1764959463310644182,151 176 80 122 63 79 133 162 123 112 127 70 135 154 180 53 86 101 1 97 26 100 121 189 152 94 124 148 167 178 52 55 57 179 92 129 2 75 120 44 25 145 78 16 171 175 113 56 31 196 81 90 40 119 165 185 106 138 14 144 49 102 62 9 15 186 137 23 89 183 143 117 0 46 68 139 41 193 159 108 18 22 181 42 160 34 54 177 184 35 131 149 65 116 43 5 115 59 118 51
563,72410,1764959463310644183,82 120 44 25 78 16 171 175 113 56 31 196 81 90 27 165 119 40 185 179 145 92 129 57 55 52 106 178 3 14 144 49 102 62 9 15 148 124 94 63 79 80 176 133 162 151 51 137 183 89 143 117 0 46 198 139 68 140 108 18 22 146 181 34 160 54 177 10 190 184 43 42 159 193 41 115 59 116 65 47 131 149 123 127 70 135 154 180 158 53 121 100 26 97 86 75 101 1 152 2
564,74015,1764959463310644184,90 113 175 171 16 31 78 145 179 92 82 25 44 120 75 86 53 158 154 180 135 70 127 123 35 84 112 4 190 10 177 54 160 184 43 116 65 47 131 149 59 118 42 181 34 146 22 18 159 193 41 115 139 68 46 0 143 183 89 23 137 176 80 51 72 151 162 133 79 122 63 94 124 121 100 26 101 1 97 152 2 129 57 55 167 148 15 9 62 144 14 102 49 3 178 106 52 185 40 165
565,73827,1764959463310644185,146 22 18 69 108 68 139 115 46 0 117 143 153 183 89 23 137 148 167 124 94 176 51 118 59 116 65 149 162 151 133 80 79 63 121 100 26 97 101 1 152 2 129 92 57 55 52 106 3 178 49 102 62 9 144 14 138 165 27 90 119 40 185 179 145 78 196 81 31 113 175 171 16 25 44 82 120 75 86 53 158 135 180 154 70 123 112 4 177 54 34 160 184 35 43 42 181 41 193 159
566,73085,1764959463310644186,143 183 89 23 186 15 148 9 62 144 49 178 14 138 165 90 81 196 40 185 106 52 55 57 92 145 78 31 113 175 171 16 25 44 120 129 2 75 86 101 1 152 97 26 100 53 158 136 121 124 94 122 80 176 137 51 151 133 79 63 180 154 135 70 127 123 162 59 118 46 198 115 5 42 43 116 65 149 131 35 184 177 54 160 34 181 146 22 199 18 108 69 159 193 41 139 68 93 117 0
567,75007,1764959463310644187,158 53 86 100 26 97 1 101 75 2 120 82 92 129 152 94 124 167 148 102 49 3 178 106 52 55 57 179 145 78 25 44 16 171 175 113 31 196 81 90 27 164 39 165 40 119 185 8 138 14 21 144 62 9 15 186 23 137 176 80 51 118 59 115 41 193 159 139 68 46 0 183 143 117 108 18 22 146 34 160 184 42 5 43 116 65 149 112 127 123 162 151 133 79 122 63 180 135 70 154
568,73568,1764959463310644188,62 102 49 144 14 178 106 52 55 57 185 40 119 165 27 90 81 196 31 56 113 175 171 16 44 25 78 145 92 129 120 2 152 97 26 100 1 101 75 86 53 94 63 180 154 162 123 135 70 127 4 112 84 184 43 42 181 160 48 177 54 34 146 22 18 159 193 41 139 68 117 143 0 46 198 115 116 131 149 65 59 118 51 151 133 79 80 176 137 183 89 23 186 114 15 124 167 148 37 9
569,74119,1764959463310644189,113 175 171 16 25 44 120 75 86 101 1 97 26 100 121 53 158 154 180 63 80 79 135 70 127 112 84 4 190 10 177 54 34 146 22 18 139 41 193 159 181 160 184 35 123 133 151 162 149 131 65 47 116 42 43 115 59 118 51 176 137 0 46 68 117 143 183 89 186 15 9 62 144 14 49 178 106 165 90 81 196 40 119 185 52 55 57 148 124 94 189 152 2 129 92 179 145 78 31 56
570,72745,1764959463310644190,108 140 93 117 143 183 89 23 186 114 15 137 0 46 68 139 115 59 118 51 176 80 79 63 94 124 148 9 62 102 49 144 14 178 106 165 90 119 40 185 52 55 57 129 92 145 78 179 196 81 31 56 113 175 171 16 25 44 120 2 152 97 1 101 75 86 100 26 189 121 136 53 158 180 154 135 70 127 112 123 133 151 162 149 65 116 43 184 177 54 34 160 42 41 193 159 146 22 18 69
571,74084,1764959463310644191,115 193 41 42 5 59 118 51 176 80 79 122 63 94 124 152 97 1 2 82 16 171 175 113 31 196 81 90 119 40 185 165 14 144 62 9 148 37 102 49 3 178 106 52 55 57 129 92 179 145 78 25 44 120 75 101 86 26 100 121 136 53 158 154 180 135 70 133 151 72 162 127 123 149 65 116 43 184 84 190 10 177 54 160 34 146 22 159 18 108 117 143 0 183 89 23 137 46 68 139
572,73298,1764959463310644192,22 34 48 54 177 10 184 160 181 41 5 42 43 116 65 149 123 127 70 135 162 133 79 151 51 176 80 122 63 94 124 152 1 97 26 100 53 158 154 180 121 86 101 75 2 120 44 25 16 171 175 113 31 157 196 81 90 27 39 165 119 40 185 179 145 78 92 129 57 55 52 106 178 3 14 49 102 144 62 9 37 167 148 15 186 23 137 183 89 143 0 117 68 46 118 59 115 139 193 159
573,73531,1764959463310644193,54 177 10 4 112 127 135 70 154 180 53 86 75 101 1 97 26 100 121 94 124 152 2 82 120 44 25 31 16 171 175 113 81 90 27 165 40 185 196 179 145 78 92 129 57 55 52 106 178 14 49 102 144 62 9 148 176 80 63 79 133 162 123 149 131 43 116 65 59 118 72 151 51 109 46 137 23 186 89 183 143 0 117 93 108 18 69 68 139 115 41 193 159 22 34 160 181 42 184 48
574,73930,1764959463310644194,53 86 100 121 26 97 152 2 1 101 75 120 82 129 92 57 55 52 106 178 3 138 165 119 40 185 179 145 78 25 44 16 171 175 113 56 31 196 81 90 27 164 21 14 49 102 144 62 9 37 148 15 186 23 89 183 143 0 46 139 115 118 59 42 41 193 159 108 18 22 34 160 54 177 184 43 116 65 47 149 131 112 127 123 162 151 51 137 124 94 63 79 80 176 133 135 70 154 180 158
575,74916,1764959463310644195,112 131 149 123 127 162 133 194 135 70 154 180 158 53 121 26 100 189 63 94 124 167 3 178 106 52 55 57 179 78 56 31 113 175 171 16 25 44 120 75 101 86 1 97 152 2 82 129 92 145 185 196 81 90 40 119 165 138 14 144 49 102 9 62 148 23 89 183 137 176 80 122 79 151 51 118 59 65 116 43 42 41 193 139 115 46 68 0 143 117 108 18 159 22 146 34 160 184 54 177
576,73836,1764959463310644196,100 53 158 180 154 135 127 123 162 133 63 79 151 51 109 118 59 65 116 43 149 131 35 112 4 177 54 48 184 160 34 146 22 195 181 42 5 115 198 46 68 139 41 193 159 18 108 117 0 143 183 89 23 137 15 62 9 148 176 80 94 97 1 152 2 82 129 92 57 179 185 52 55 106 178 3 49 102 144 14 138 165 40 90 81 145 78 31 56 113 175 171 16 25 44 120 75 101 86 26
577,74408,1764959463310644197,116 65 43 42 139 115 118 59 72 162 123 127 70 135 154 180 63 94 152 2 1 97 26 100 53 86 101 75 120 82 44 25 78 16 171 175 113 31 81 196 179 145 92 129 57 167 124 148 37 102 49 3 178 106 52 55 185 40 119 165 90 164 21 14 144 62 9 89 183 137 176 80 79 133 151 51 46 68 0 143 117 108 18 22 159 193 41 181 34 160 48 54 177 10 190 4 112 184 131 149
578,72180,1764959463310644198,120 78 145 179 40 165 185 106 138 14 49 178 52 55 57 92 129 2 75 101 1 152 97 26 100 86 53 158 180 154 135 70 127 123 149 65 116 35 184 190 10 177 30 54 48 34 160 43 42 181 22 159 193 41 139 115 46 68 18 108 140 93 117 143 183 89 186 23 137 176 80 51 118 59 162 151 133 79 63 94 148 9 62 102 144 21 7 164 95 27 90 81 196 31 113 175 171 16 25 44
579,72748,1764959463310644199,178 49 167 124 94 152 97 1 101 75 86 26 100 121 182 136 53 158 180 154 135 127 123 162 133 79 63 80 176 151 51 118 59 116 43 47 65 149 131 112 84 184 177 54 160 34 181 42 41 193 159 22 18 108 139 115 46 0 117 143 183 89 23 137 186 114 15 148 37 9 62 102 144 14 138 185 40 165 90 81 196 179 145 31 56 113 175 171 16 78 25 44 120 2 129 92 57 55 52 106
580,72398,1764959463310644200,186 15 148 9 62 144 14 102 49 178 106 52 55 57 92 179 185 40 119 165 27 90 81 196 145 78 31 113 175 171 16 25 44 120 129 2 75 101 86 100 26 97 1 152 189 124 94 63 79 80 176 51 118 59 151 133 180 53 154 135 127 112 4 123 162 149 131 35 184 190 10 177 54 34 160 42 43 47 65 116 115 41 193 159 181 195 146 22 18 139 46 68 93 117 0 143 183 89 23 137
581,72802,1764959463310644201,70 135 154 180 63 122 79 80 176 137 12 124 94 121 53 100 26 97 152 2 1 101 86 75 120 82 129 92 57 179 145 78 25 44 16 171 175 113 56 31 196 81 90 165 40 185 55 52 106 178 3 14 144 49 102 62 9 148 15 186 23 89 183 143 0 117 93 140 108 18 193 41 159 22 146 34 160 181 42 43 65 116 115 139 46 51 151 133 162 72 118 59 149 131 184 177 4 112 123 127
582,72067,1764959463310644202,122 79 80 176 51 59 65 116 115 139 46 0 143 117 93 140 108 69 18 22 146 159 193 41 42 181 34 160 48 54 177 10 190 4 112 84 184 43 131 149 162 151 133 123 127 70 135 180 154 158 53 100 86 75 120 44 25 16 171 175 113 31 78 145 179 196 81 90 165 40 185 106 138 14 144 102 62 9 186 89 183 23 137 148 49 178 52 55 57 92 129 82 2 152 97 1 101 26 94 63
583,72966,1764959463310644203,170 143 183 89 23 186 144 14 165 119 40 90 81 196 185 179 145 78 157 31 56 113 175 171 16 25 44 120 2 129 92 57 55 52 106 178 49 62 9 148 137 51 176 80 133 79 122 63 94 152 1 97 100 26 101 75 86 53 180 154 135 70 127 112 84 184 177 54 34 160 42 5 96 43 116 65 47 131 149 123 162 151 59 118 115 46 139 41 193 159 181 195 146 22 18 108 140 93 117 0
584,75484,1764959463310644204,65 116 43 42 41 193 181 184 177 54 160 34 146 22 18 108 93 117 143 0 153 183 89 23 80 176 137 148 15 9 62 102 178 49 14 144 21 164 90 165 119 40 185 106 52 55 57 179 196 81 157 85 56 113 175 171 16 31 78 145 92 129 25 44 120 75 86 101 97 1 2 152 167 124 94 189 26 100 121 53 154 180 63 79 133 151 162 135 70 127 123 149 59 51 109 118 115 139 68 46
585,74178,1764959463310644205,180 63 79 133 162 151 176 80 122 189 121 53 100 26 97 86 75 101 1 2 120 44 129 152 94 124 148 9 62 102 49 178 3 106 165 40 185 52 55 57 92 145 78 25 16 171 175 113 56 31 196 81 90 164 21 138 14 144 15 137 23 89 183 143 0 51 118 59 115 139 46 68 117 93 108 18 41 193 159 22 146 34 181 42 43 116 47 65 149 131 184 160 54 177 4 112 123 127 135 154
586,73915,1764959463310644206,22 159 41 193 18 108 140 68 46 0 117 143 183 89 23 137 51 176 80 79 133 180 63 94 124 152 1 2 129 92 57 55 148 9 62 144 102 49 14 165 39 27 90 81 113 175 171 16 31 196 40 119 185 106 178 52 179 145 78 25 44 82 120 75 101 97 26 100 86 53 158 154 70 135 162 151 59 149 123 112 4 84 190 10 177 30 54 48 34 160 184 43 65 116 115 139 5 42 181 146
587,74256,1764959463310644207,177 54 48 160 34 22 159 193 41 115 198 46 0 68 139 18 108 93 117 143 183 89 186 15 62 9 148 137 176 80 133 79 63 136 182 121 189 94 124 152 2 129 92 57 55 52 49 102 144 14 178 106 185 40 165 90 81 145 78 31 113 175 171 16 25 44 120 75 101 86 1 97 26 100 53 158 180 154 135 70 127 123 162 151 51 118 59 149 131 112 84 35 47 65 116 105 43 42 181 184
588,74243,1764959463310644208,181 159 193 41 139 115 46 51 118 59 116 65 131 149 123 127 135 154 180 53 100 26 97 86 75 101 1 152 167 57 129 2 120 44 25 16 171 175 113 56 31 157 78 145 92 179 196 185 55 52 106 178 3 32 14 138 40 119 165 39 90 27 164 7 21 144 49 102 62 9 15 148 124 94 63 79 133 162 151 80 176 137 23 89 183 143 0 117 18 22 146 34 54 177 10 184 160 43 42 5
589,74081,1764959463310644209,108 18 139 115 59 118 51 137 176 151 162 123 149 131 43 65 116 42 41 193 159 22 34 54 160 184 177 10 190 4 112 127 70 135 154 180 133 79 80 122 63 158 53 121 100 26 97 1 152 94 124 111 167 92 129 2 101 86 75 120 44 25 78 145 31 16 171 175 113 81 196 179 57 55 52 185 40 119 90 165 106 178 3 14 49 102 144 62 9 148 15 186 23 89 183 143 117 0 46 68
590,73942,1764959463310644210,129 57 55 52 106 178 49 167 148 9 62 102 144 14 138 165 90 81 196 40 119 185 179 145 92 78 31 56 113 175 171 16 25 44 120 2 1 101 75 86 97 26 100 53 158 70 135 154 180 63 122 79 133 162 123 127 112 177 54 48 184 160 34 181 195 146 22 18 159 193 41 139 5 42 43 105 116 65 47 131 149 59 151 51 118 115 46 117 143 0 153 183 89 23 137 176 80 94 124 152
591,73091,1764959463310644211,34 160 42 43 116 59 118 51 137 176 80 79 133 151 162 149 65 184 54 177 4 112 123 127 135 154 180 158 53 63 94 152 1 97 26 100 86 101 75 2 82 120 44 25 145 78 16 171 175 113 31 157 196 179 92 129 57 55 52 106 178 3 138 39 165 185 119 40 81 90 164 21 144 14 49 102 62 9 148 15 186 23 89 183 143 0 46 115 41 193 139 68 117 93 140 108 18 22 146 181
592,72607,1764959463310644212,16 78 145 92 57 55 129 120 25 44 75 86 53 154 180 63 79 133 151 162 123 135 70 127 112 4 84 184 190 10 177 54 160 34 103 146 22 18 69 108 93 117 143 183 89 186 23 137 0 68 46 115 139 41 193 159 181 42 5 43 116 65 59 118 51 176 80 94 100 26 97 1 101 2 152 167 148 15 9 62 144 102 49 14 178 106 185 40 119 165 39 164 27 90 81 196 31 113 175 171
593,74327,1764959463310644213,106 178 3 14 49 102 144 62 9 148 137 183 143 117 0 46 68 139 115 41 193 18 22 146 159 181 34 160 54 177 10 184 42 5 43 35 112 70 154 158 180 135 127 123 131 149 116 65 59 118 51 176 151 162 133 79 80 122 63 53 86 75 101 1 26 100 97 152 94 124 167 52 55 179 57 92 129 2 82 120 44 25 145 78 16 171 175 113 56 31 157 196 81 90 27 39 165 119 40 185
594,73272,1764959463310644214,108 18 69 22 146 34 160 54 177 10 184 84 112 123 149 43 116 65 59 162 127 70 135 154 180 53 86 26 100 121 182 63 79 94 124 152 97 1 101 75 2 129 82 120 44 25 78 16 171 175 113 31 145 196 81 90 27 165 40 185 179 92 57 55 52 106 178 3 49 14 144 62 9 148 15 186 89 183 143 117 0 137 176 80 133 151 51 118 115 96 5 42 181 159 193 41 139 198 46 68
595,72952,1764959463310644215,14 49 144 62 9 15 186 89 183 143 0 117 93 108 18 139 46 115 41 193 159 22 146 181 34 48 160 42 43 116 47 65 149 35 84 184 54 177 10 190 4 112 123 162 151 133 135 70 154 180 53 86 26 97 94 63 122 79 80 176 51 59 118 137 148 167 152 1 101 75 2 57 92 129 120 44 25 16 171 175 113 56 31 78 145 179 157 196 81 90 165 119 40 185 55 52 106 178 3 138
596,73921,1764959463310644216,5 41 193 159 181 160 34 103 146 22 18 108 139 115 46 68 117 0 143 183 89 23 137 176 80 79 51 59 151 133 180 63 122 94 124 152 2 129 92 57 55 52 106 178 3 49 148 9 62 102 144 14 21 164 90 165 40 185 179 145 78 157 81 196 31 56 113 175 171 16 25 44 82 120 75 86 101 1 97 26 100 121 53 158 154 135 70 127 123 112 4 177 184 43 131 149 47 65 116 42
597,73855,1764959463310644217,149 131 43 116 115 118 51 176 80 79 122 63 94 124 167 55 57 179 92 129 152 189 121 53 180 135 70 154 158 100 26 97 86 75 101 1 2 82 120 44 25 16 171 175 113 31 78 145 196 81 90 40 119 165 185 52 106 178 49 102 14 144 62 9 148 137 23 89 183 143 117 0 46 198 139 68 93 140 108 18 193 41 159 22 146 181 42 184 160 34 54 177 4 112 123 162 133 151 59 65
598,72310,1764959463310644218,78 16 171 175 113 31 145 179 92 57 55 52 178 106 185 40 90 165 138 14 49 102 144 62 9 15 186 89 183 23 137 51 176 80 79 63 180 133 151 162 149 131 47 65 116 59 118 115 43 42 159 193 41 139 68 46 0 143 117 93 140 108 18 22 146 181 34 160 48 54 177 10 190 184 84 112 123 127 70 135 154 158 53 121 100 26 86 75 101 1 97 94 148 167 152 2 129 120 44 25
599,74630,1764959463310644219,157 196 40 119 165 185 106 138 14 3 178 52 55 57 179 145 78 31 56 113 175 171 16 25 44 120 82 92 129 2 75 101 86 26 97 1 152 94 176 80 79 63 182 121 100 53 158 180 154 135 127 123 162 133 151 51 118 59 149 65 116 43 5 115 41 193 42 181 160 184 112 4 10 177 54 34 22 18 108 139 46 143 0 183 89 23 137 186 15 148 37 9 62 102 49 144 21 164 90 81
600,72840,1764959463310644220,23 137 186 15 148 9 62 144 14 102 49 3 178 106 52 55 57 179 92 129 25 78 145 196 185 40 165 90 81 31 113 175 171 16 44 120 75 101 1 2 152 97 86 26 100 121 53 180 154 135 94 63 79 80 176 133 151 162 65 116 43 47 131 149 123 70 127 112 84 184 190 10 177 54 48 160 34 146 181 42 5 115 59 118 51 46 68 139 41 193 159 22 18 108 93 117 0 143 183 89
601,73237,1764959463310644221,127 135 70 154 180 53 121 100 86 75 101 1 120 44 25 78 145 31 16 171 175 113 56 196 81 40 165 90 27 164 144 102 49 14 138 3 178 106 52 55 185 179 57 92 129 2 152 97 26 94 124 148 9 62 15 186 23 137 176 80 63 79 133 162 151 51 118 59 149 65 116 115 46 0 89 183 143 117 108 18 139 41 193 159 22 146 181 42 5 43 184 48 160 34 54 177 10 4 112 123
602,74629,1764959463310644222,151 162 194 123 149 131 42 43 116 65 59 118 115 46 68 0 143 117 108 18 139 41 193 159 22 34 160 54 177 184 35 84 4 112 127 70 135 79 63 180 154 158 53 136 121 100 26 86 75 101 97 1 2 82 120 44 25 16 171 175 113 56 31 157 78 145 92 129 57 55 52 179 196 81 90 27 165 119 40 185 106 178 49 14 144 102 9 62 183 89 23 137 148 167 152 94 176 51 80 133
603,72588,1764959463310644223,160 54 177 10 190 184 42 43 116 65 131 149 123 127 70 135 194 162 133 151 59 118 115 198 139 68 46 51 176 80 79 63 180 154 158 53 86 101 75 120 44 25 78 145 31 16 171 175 113 196 81 90 27 119 40 185 165 138 14 144 62 49 178 106 52 55 57 179 92 129 2 152 1 97 26 100 94 124 148 15 114 186 137 23 89 183 143 0 117 93 140 108 18 193 41 159 22 146 181 34
604,72869,1764959463310644224,65 116 43 184 35 131 149 123 127 112 4 10 177 54 160 34 181 42 115 46 68 139 41 193 159 146 22 18 108 140 93 117 0 143 183 89 23 137 148 94 152 1 2 129 57 55 52 106 178 49 102 9 62 144 14 138 165 90 40 185 92 78 145 196 81 157 31 56 113 175 171 16 25 44 120 75 86 101 97 26 100 121 53 158 70 135 154 180 63 122 80 176 51 118 59 72 151 79 133 162
605,72660,1764959463310644225,70 135 154 158 53 180 63 189 124 94 122 80 79 133 151 162 149 43 42 5 116 47 65 59 118 51 176 137 148 9 62 102 49 3 178 52 55 57 92 129 152 1 97 26 100 86 101 75 2 120 44 25 78 16 171 175 113 56 31 145 179 196 81 90 165 40 185 106 14 144 15 114 186 23 89 183 143 0 117 68 46 115 139 41 193 159 22 146 34 160 48 54 30 177 10 184 84 112 123 127
606,73836,1764959463310644226,143 0 46 68 93 140 108 18 22 146 34 160 177 54 184 43 42 181 159 193 41 139 115 59 116 65 47 131 149 35 84 112 123 127 70 135 180 53 154 162 133 151 118 109 51 80 79 63 94 124 152 1 101 97 26 100 86 75 2 120 44 25 129 92 31 113 175 171 16 78 145 179 57 55 52 167 3 178 106 185 119 40 196 81 90 27 165 138 14 49 102 144 62 9 148 176 137 23 89 183
607,72531,1764959463310644227,9 62 15 186 89 183 23 137 46 115 41 193 159 139 68 0 143 117 93 140 108 18 22 34 181 42 160 48 54 177 10 190 84 35 184 43 116 65 131 149 59 118 51 176 80 63 79 133 151 162 123 112 127 70 135 154 180 158 53 121 100 26 86 101 1 97 94 124 152 2 75 120 44 25 129 92 145 78 16 171 175 113 31 196 81 90 40 119 185 165 14 144 49 178 106 52 55 57 167 148
608,75253,1764959463310644228,196 145 78 31 113 175 171 16 25 44 120 75 101 1 152 97 26 121 100 86 53 158 63 79 151 162 133 180 154 135 70 127 123 149 65 59 118 51 46 115 5 42 181 34 160 184 43 116 41 193 159 22 18 108 69 139 68 117 0 143 183 89 114 15 186 23 137 176 80 122 94 124 148 9 62 102 167 2 82 129 92 57 179 185 106 52 55 178 3 49 144 14 138 21 7 164 90 165 119 40
609,72901,1764959463310644229,25 145 78 16 171 175 113 56 31 81 90 27 39 165 119 40 185 179 92 57 55 52 106 178 3 14 49 102 144 62 9 37 148 124 94 121 63 122 79 133 162 151 118 51 80 176 137 23 186 15 114 89 183 143 0 117 93 108 18 139 68 46 198 115 59 116 42 41 193 159 22 34 160 48 54 177 184 43 65 131 149 123 127 70 135 154 180 53 100 26 97 152 1 101 86 75 2 129 120 44
610,72363,1764959463310644230,55 57 185 40 119 165 90 81 196 179 145 78 31 56 113 175 171 16 25 44 120 92 129 2 75 86 53 121 100 26 101 1 97 152 94 122 79 63 180 154 135 70 127 162 123 112 4 84 184 10 177 54 48 160 34 181 42 41 193 159 146 22 18 108 117 143 183 0 46 68 139 115 116 43 65 149 59 118 151 133 80 176 51 137 23 89 186 15 148 9 62 144 102 49 14 138 3 178 106 52
611,72482,1764959463310644231,9 62 102 49 144 14 3 178 106 52 55 57 129 92 179 196 185 40 165 90 31 113 175 171 16 78 145 25 44 120 2 75 86 101 1 152 94 63 121 97 26 100 53 158 154 180 133 79 80 176 51 118 151 162 194 135 70 127 123 112 4 84 184 190 10 177 54 48 160 34 181 146 22 159 18 108 140 93 117 68 139 193 41 42 43 116 65 59 115 46 0 143 183 89 23 137 186 114 15 148
612,75304,1764959463310644232,79 63 136 180 158 53 86 75 101 100 26 97 1 152 94 124 148 37 167 106 178 3 49 14 138 39 165 119 40 185 52 55 57 92 129 2 120 44 25 16 171 175 113 31 78 145 196 81 90 21 144 102 62 9 15 137 183 143 0 117 68 46 51 151 118 59 149 131 35 184 47 65 116 43 5 42 181 41 115 139 193 159 18 22 146 34 160 54 177 4 112 123 127 70 135 154 162 133 176 80
613,72638,1764959463310644233,49 3 178 106 52 55 57 129 92 78 145 179 185 40 165 39 27 90 81 196 157 31 56 113 175 171 16 25 44 120 82 2 75 101 86 100 26 97 1 152 167 148 124 94 122 63 121 53 158 180 154 135 70 127 123 162 151 133 79 80 176 51 118 59 149 131 65 116 115 5 42 43 184 177 54 160 34 181 146 22 18 159 193 41 139 68 46 0 117 170 143 183 137 23 186 9 62 144 14 102
614,72200,1764959463310644234,62 144 14 138 106 185 40 119 165 27 90 81 196 31 56 113 175 171 16 44 25 78 145 179 92 120 75 86 101 1 26 100 53 158 154 70 135 180 63 79 80 176 51 118 59 151 133 162 149 123 127 112 84 184 190 10 177 54 160 34 146 22 18 108 93 117 68 139 41 193 159 181 42 43 65 116 115 46 0 143 183 89 23 137 186 15 148 94 97 152 2 129 57 55 52 178 3 49 102 9
615,73526,1764959463310644235,0 23 137 176 80 122 63 79 133 151 162 123 149 131 43 116 65 59 51 118 115 46 68 117 93 108 69 18 22 159 193 41 139 42 181 34 160 184 112 127 70 135 154 180 53 100 26 121 94 124 148 167 152 97 1 101 86 75 2 129 82 120 44 25 78 16 171 175 113 56 31 145 92 57 55 52 185 119 40 196 81 90 27 165 138 14 106 178 3 49 102 144 62 9 15 114 186 89 183 143
616,72667,1764959463310644236,193 41 139 69 18 108 140 93 117 143 0 153 183 89 23 137 186 15 9 62 144 14 138 165 39 27 90 40 185 196 31 56 113 175 171 16 44 25 78 145 179 92 129 57 55 52 106 178 3 49 102 148 124 94 63 79 80 176 162 151 133 121 100 26 97 1 152 2 120 75 101 86 53 180 154 135 70 127 123 112 4 177 54 184 43 116 65 59 118 51 46 115 5 42 181 160 34 146 22 159
617,74473,1764959463310644237,122 79 133 151 118 115 46 139 41 193 159 18 108 22 146 195 181 34 160 54 177 10 190 184 42 43 65 116 149 59 162 123 127 70 135 154 180 158 53 86 75 2 1 152 189 97 101 26 100 121 63 94 148 9 62 102 49 3 178 106 52 55 57 179 145 78 120 129 92 44 25 31 16 171 175 113 56 196 81 90 40 119 185 165 138 14 144 15 186 89 183 143 117 93 0 23 137 51 176 80
618,72929,1764959463310644238,145 179 185 40 165 90 81 196 31 113 175 171 16 25 44 120 75 86 101 1 97 26 100 53 158 180 154 70 135 133 151 162 123 127 112 4 177 54 184 160 34 146 22 18 108 69 159 193 41 181 42 5 43 116 65 47 131 149 59 51 118 115 139 68 46 0 93 117 143 183 89 23 186 148 9 62 102 49 55 52 106 178 3 14 144 15 137 176 80 79 63 182 121 94 152 2 129 57 92 78
619,72791,1764959463310644239,37 9 62 144 102 49 14 138 3 178 106 185 40 119 165 90 81 196 52 55 57 179 157 31 113 175 171 16 78 145 25 44 120 92 129 2 75 101 86 26 97 1 152 94 63 122 79 180 53 154 135 70 127 123 162 151 133 80 176 137 51 59 65 47 116 43 149 35 84 112 4 190 10 177 54 184 160 42 181 34 146 22 108 18 159 193 41 139 115 46 0 117 170 143 183 89 23 186 15 148
620,74406,1764959463310644240,54 160 34 181 146 22 18 108 139 193 41 42 43 65 116 115 46 118 59 51 151 162 133 80 176 0 117 143 183 89 137 23 186 15 37 148 111 167 55 52 106 178 49 102 9 62 144 21 14 138 165 39 27 90 119 40 185 179 57 92 129 25 78 145 196 81 31 56 113 175 171 16 44 120 2 75 101 86 100 26 97 1 152 124 94 63 79 121 53 158 180 154 135 70 127 123 112 84 184 177
621,73624,1764959463310644241,70 135 194 127 123 149 131 65 116 59 118 115 46 139 193 41 42 43 160 184 112 4 177 54 34 146 22 159 18 108 140 93 117 0 143 183 89 137 51 151 162 133 80 176 148 9 62 144 102 49 14 138 165 27 90 81 40 119 185 106 3 178 52 55 57 129 92 78 145 196 31 56 113 175 171 16 25 44 82 120 2 75 86 101 1 97 152 124 94 122 79 63 189 26 100 121 53 158 180 154
622,75137,1764959463310644242,119 165 90 39 138 14 3 49 102 144 114 89 183 137 23 186 15 62 9 148 167 178 106 52 55 57 179 145 92 129 2 152 124 94 122 80 79 133 162 151 176 51 59 118 46 0 143 117 68 139 115 41 193 159 22 146 34 160 42 116 65 149 131 43 184 84 112 123 127 70 135 154 180 158 53 136 63 121 100 26 97 1 101 86 75 120 82 44 25 16 171 175 113 56 31 78 81 196 185 40
623,73116,1764959463310644243,90 81 196 31 56 113 175 171 16 44 120 129 82 25 78 145 179 92 57 55 52 178 49 102 148 124 94 122 79 63 182 121 100 26 97 152 2 1 101 75 86 53 180 154 135 70 127 123 162 151 133 80 176 51 46 115 139 41 193 159 18 22 181 42 160 34 48 54 177 4 112 84 35 184 43 116 65 59 118 0 117 143 183 89 23 137 15 9 62 144 14 138 106 185 40 119 165 39 164 27
624,75515,1764959463310644244,56 113 175 171 16 78 145 25 44 120 2 75 101 1 152 97 26 100 86 158 53 121 189 94 124 167 148 176 80 122 63 180 154 135 70 127 123 162 133 79 151 72 51 118 59 65 47 116 115 68 139 193 41 42 43 77 149 131 184 160 34 22 159 18 108 93 117 143 183 89 0 46 137 23 186 15 114 9 62 144 102 49 14 3 178 106 52 55 57 129 92 179 185 40 119 165 90 81 196 31
625,74505,1764959463310644245,179 145 92 57 129 120 2 75 86 101 1 152 97 26 53 121 63 122 79 180 154 70 135 127 112 35 43 65 131 149 123 162 151 133 80 176 51 118 59 116 115 46 68 139 41 42 160 184 177 54 34 22 159 193 18 108 93 117 143 0 183 89 23 137 186 114 15 62 9 167 124 94 148 102 55 52 106 178 49 144 14 164 27 90 39 165 119 40 185 81 196 31 56 113 175 171 16 44 25 78
626,74349,1764959463310644246,94 148 15 114 186 89 183 23 137 176 80 51 118 151 149 131 65 116 59 115 139 46 0 143 117 93 108 18 159 22 146 34 30 54 177 10 190 184 48 160 181 193 41 5 42 43 112 127 123 162 133 79 122 63 180 154 135 70 53 86 101 1 75 2 82 120 44 25 16 88 171 175 113 56 31 196 81 90 165 40 185 106 14 144 62 9 49 178 52 55 57 179 145 78 92 129 152 97 26 100
627,73782,1764959463310644247,1 97 152 124 94 136 180 121 100 26 86 53 158 154 135 70 127 123 162 149 131 43 116 65 59 118 51 151 133 63 79 80 176 137 46 68 139 115 41 193 159 42 184 112 4 190 10 177 54 48 160 34 181 195 146 22 18 108 117 143 183 89 148 9 62 102 49 144 14 138 3 178 106 52 55 179 185 40 165 90 27 81 196 31 113 175 171 16 78 145 25 44 120 82 92 57 129 2 75 101
628,73509,1764959463310644248,52 106 178 3 14 165 185 40 90 81 196 179 145 78 31 113 175 171 16 44 120 75 101 86 53 180 154 135 127 112 4 10 177 30 54 48 184 160 34 181 42 5 41 193 159 146 22 18 108 93 117 143 0 46 139 115 118 51 59 65 47 116 43 131 149 123 162 133 151 176 80 79 63 94 137 183 89 23 186 9 62 144 102 49 167 148 124 189 121 100 26 97 1 152 2 82 129 92 57 55
629,73092,1764959463310644249,79 63 122 80 176 137 23 183 89 186 114 15 9 62 102 49 144 21 14 138 165 39 95 164 27 90 40 185 81 196 31 113 175 171 16 44 25 78 145 92 129 57 55 52 106 178 167 148 124 94 152 2 120 75 101 1 97 26 86 53 180 154 135 70 127 112 4 84 184 177 54 34 22 159 18 108 140 93 117 143 0 46 115 139 193 41 42 160 43 116 65 131 149 123 162 59 118 51 151 133
630,72513,1764959463310644250,138 14 49 102 144 62 9 15 114 186 23 137 183 89 0 143 117 93 108 18 68 46 115 139 193 41 96 5 42 181 159 22 146 34 160 54 177 10 4 112 184 43 116 65 149 59 118 51 151 133 162 123 127 70 135 154 180 79 80 176 148 124 94 63 53 100 26 97 152 1 101 86 75 2 129 57 92 145 120 44 25 78 31 16 171 175 113 196 81 90 27 165 119 40 185 55 52 106 178 3
631,74448,1764959463310644251,62 9 37 167 152 1 97 26 100 121 94 124 148 23 89 183 137 51 109 118 59 149 131 35 184 160 181 42 43 65 116 5 115 139 46 0 143 117 93 140 108 18 193 41 159 22 34 54 177 112 123 127 135 154 180 133 162 151 176 80 79 122 63 158 53 86 101 75 2 57 92 129 82 120 44 25 16 171 175 113 31 78 145 196 81 90 27 165 119 40 185 55 52 106 178 3 49 102 14 144
632,72238,1764959463310644252,40 185 55 52 178 106 14 49 102 144 62 9 148 15 186 89 183 23 137 176 51 118 46 115 41 159 193 139 68 143 0 117 93 140 108 69 18 22 146 195 181 34 54 10 177 48 160 42 43 116 59 65 47 149 131 184 84 4 112 123 127 162 151 133 80 79 63 180 154 135 70 53 94 152 97 26 100 86 101 1 75 2 129 120 44 25 16 171 175 113 31 78 145 92 57 179 196 81 90 165
633,72760,1764959463310644253,162 123 127 112 184 54 160 34 146 22 181 42 43 116 65 59 118 51 46 115 41 193 159 18 108 139 68 140 93 117 0 143 183 89 23 137 176 80 133 79 63 94 124 148 15 9 62 144 102 49 14 138 3 178 106 52 55 57 185 40 119 8 165 39 95 7 164 27 90 81 196 31 56 113 175 171 16 78 145 92 129 25 44 120 2 152 1 97 101 75 86 26 100 121 53 158 180 154 135 151
634,72590,1764959463310644254,185 55 52 106 178 3 14 144 49 102 62 9 148 15 186 23 89 183 143 0 137 51 118 59 116 115 139 46 68 18 22 146 159 193 41 42 181 34 54 177 10 190 4 112 84 35 184 48 160 43 65 149 123 127 194 162 151 133 135 70 154 180 63 79 80 176 94 124 152 1 101 97 26 100 53 86 75 2 120 129 92 57 179 145 78 25 44 16 171 175 113 56 31 196 81 90 27 165 119 40
635,73302,1764959463310644255,22 195 181 42 5 43 116 47 65 59 118 46 115 139 41 193 159 199 18 69 108 163 68 140 93 117 0 143 183 89 186 23 137 148 9 62 144 14 49 3 178 106 165 90 81 40 185 52 55 57 179 145 78 31 113 175 171 16 25 44 120 82 92 129 2 152 1 75 86 101 97 94 63 121 53 180 154 135 70 127 123 162 133 79 80 176 51 151 72 149 131 35 112 4 177 54 184 160 34 146
636,72952,1764959463310644256,196 31 56 113 175 171 16 78 145 25 44 120 92 129 2 75 86 101 1 97 152 148 124 94 26 100 121 53 180 154 70 135 133 79 63 80 176 51 151 162 127 123 149 131 77 47 65 59 118 116 43 5 42 181 184 84 112 4 10 177 54 48 160 34 146 22 18 108 159 193 41 139 115 46 0 117 143 183 89 137 23 186 9 62 144 102 49 14 138 165 90 81 40 185 106 178 52 55 57 179
637,74838,1764959463310644257,89 23 137 51 176 80 79 122 63 136 182 121 94 124 148 9 62 15 186 114 144 102 49 14 138 3 178 106 40 119 165 27 90 81 196 185 52 55 57 129 92 179 145 78 31 113 175 171 16 25 44 120 2 74 152 97 1 101 75 86 26 100 53 158 180 154 135 70 127 123 162 133 151 72 118 59 65 47 116 5 42 43 131 149 112 84 184 160 34 22 159 193 41 139 115 46 0 117 143 183
638,72070,1764959463310644258,102 144 21 7 164 90 165 185 40 81 196 31 56 113 175 171 16 25 78 145 179 52 55 57 92 129 82 44 120 75 2 152 97 1 101 86 26 100 121 94 124 80 176 51 118 59 65 116 43 184 149 162 151 133 79 63 53 180 154 135 70 127 123 112 4 190 10 177 54 160 34 181 42 41 193 159 22 18 139 115 46 68 117 0 143 183 89 23 137 186 15 62 9 148 167 106 178 3 14 49
639,73018,1764959463310644259,101 75 86 100 26 158 53 121 189 94 124 137 176 80 79 63 180 154 70 135 133 151 162 123 127 112 84 184 160 34 181 42 43 116 65 131 149 59 118 46 68 139 115 41 193 159 146 22 18 108 93 117 0 143 183 89 23 186 9 62 144 14 49 102 148 167 55 52 106 178 3 138 185 40 119 165 90 81 196 157 31 56 113 175 171 16 44 25 78 145 179 57 92 129 82 120 2 152 97 1
640,74427,1764959463310644260,160 184 54 177 4 112 123 127 194 70 135 79 133 151 162 149 65 43 42 116 59 115 46 118 51 176 80 122 63 180 154 158 53 100 26 97 1 152 189 94 124 167 129 2 101 86 75 120 44 25 16 171 175 113 56 31 81 90 27 165 119 40 185 196 179 145 78 82 92 57 55 52 106 178 3 49 14 144 62 9 148 15 186 23 137 89 183 143 170 0 117 93 108 18 139 41 193 22 146 34
641,73232,1764959463310644261,122 124 94 63 79 133 151 162 135 70 154 180 53 121 189 152 1 101 97 26 100 86 75 2 129 120 44 25 16 171 175 113 56 31 157 196 81 90 27 165 119 40 185 179 145 78 92 57 55 52 106 178 3 49 138 14 144 102 62 9 37 148 15 114 186 23 89 183 143 0 46 115 139 41 193 159 108 18 22 146 181 42 5 116 43 160 34 54 184 112 123 149 131 65 59 118 51 137 176 80
642,73193,1764959463310644262,178 14 49 102 62 9 148 137 176 122 63 94 152 97 1 2 120 25 44 75 101 86 26 100 121 53 180 154 135 70 127 123 162 151 133 79 80 51 118 59 65 149 131 112 4 10 177 54 48 160 184 43 116 115 46 68 139 193 41 5 42 181 34 146 22 159 18 108 93 117 0 143 183 89 23 186 15 144 21 164 165 90 81 196 157 56 113 175 171 16 31 78 145 40 185 92 57 55 52 106
643,73203,1764959463310644263,157 81 196 179 55 52 185 40 119 165 90 27 164 7 21 14 138 106 178 49 102 144 62 9 148 15 186 23 137 89 183 153 0 143 117 68 46 139 115 41 193 159 69 108 18 22 146 34 160 54 177 10 184 112 123 149 65 43 42 116 59 118 51 151 162 133 176 80 79 135 70 154 180 53 63 94 124 121 100 26 86 97 152 2 1 101 75 120 44 129 57 92 145 78 31 16 171 175 113 56
644,73389,1764959463310644264,120 82 145 179 57 92 129 2 152 1 101 75 86 97 26 100 53 158 180 154 135 70 127 123 112 4 10 177 184 131 149 162 151 133 79 122 63 94 80 176 59 65 116 43 42 160 48 54 34 181 146 22 159 193 41 139 69 18 108 140 93 117 143 170 0 46 115 137 183 89 186 15 148 37 9 62 144 102 49 14 3 178 106 52 55 185 40 165 90 81 196 56 113 175 171 16 31 78 25 44
645,73850,1764959463310644265,55 52 185 106 178 3 138 49 102 37 148 124 94 152 97 1 101 75 86 26 100 121 53 180 154 135 127 123 162 149 112 177 54 34 160 184 42 181 22 18 159 193 41 43 116 47 65 59 115 139 68 117 143 170 0 46 118 51 151 133 79 63 80 176 137 183 89 23 186 114 15 9 62 144 14 21 164 27 90 165 119 40 81 196 179 145 78 31 56 113 175 171 16 25 44 120 2 129 92 57
646,73571,1764959463310644266,184 177 10 190 84 4 112 123 127 70 135 154 180 162 133 151 51 137 176 79 80 122 63 94 124 167 49 3 178 106 52 57 55 179 145 78 92 129 2 152 97 26 100 53 86 101 1 75 120 44 25 16 171 175 113 31 196 81 90 27 119 40 185 165 14 144 62 9 148 15 186 89 183 143 0 117 108 18 22 159 193 41 139 68 46 198 115 181 34 54 160 42 43 116 65 118 59 149 131 35
647,76407,1764959463310644267,62 9 148 102 49 178 106 52 152 2 101 1 97 189 124 94 63 180 79 80 133 151 162 59 118 109 51 66 176 137 15 114 186 23 89 183 143 170 0 117 93 68 46 115 139 41 193 181 159 18 22 146 34 160 184 42 116 43 65 149 131 35 112 123 127 70 135 154 158 53 121 100 26 86 75 120 129 82 44 25 78 145 179 92 57 55 185 40 81 196 157 31 16 171 175 113 90 165 14 144
648,71890,1764959463310644268,31 145 78 92 57 179 196 81 90 165 119 40 185 55 52 106 178 3 49 14 144 62 9 148 167 152 94 63 79 80 176 51 118 59 137 23 186 89 183 143 117 0 46 115 139 68 93 140 108 18 22 146 159 193 41 5 116 65 47 43 42 181 34 160 48 54 177 184 84 112 131 149 123 162 151 133 135 70 180 154 158 53 121 86 100 26 97 1 101 75 2 129 120 44 25 16 171 175 113 56
649,72234,1764959463310644269,56 31 81 90 165 40 185 55 52 106 178 3 14 49 102 144 62 9 15 114 186 137 23 89 183 143 117 0 46 115 139 41 193 159 18 22 146 181 34 160 48 54 177 10 190 184 35 131 149 65 116 43 42 5 59 118 51 176 80 133 151 162 123 4 112 127 70 135 154 180 53 63 79 122 94 124 148 152 1 97 26 100 121 86 101 75 2 120 44 129 92 57 179 145 78 25 16 171 175 113
650,73318,1764959463310644270,183 89 186 23 137 148 9 62 102 49 144 14 178 106 185 40 119 165 90 81 196 145 31 56 113 175 171 16 44 25 78 92 129 57 55 52 124 94 122 80 176 51 151 133 79 63 121 100 26 97 1 152 2 120 75 101 86 53 158 180 154 135 70 127 123 162 149 131 65 116 43 35 112 4 84 184 10 177 54 34 160 42 181 195 146 103 22 18 108 159 193 41 5 59 118 115 139 46 0 143
651,74645,1764959463310644271,75 86 100 26 189 121 53 158 180 154 135 70 127 112 184 177 54 160 34 181 195 146 22 18 117 143 0 46 115 139 41 193 159 42 43 116 65 59 149 123 162 133 79 122 63 94 124 80 176 151 118 51 137 23 183 89 186 114 15 62 9 37 148 167 49 102 144 14 165 90 40 185 106 3 178 52 55 196 81 145 179 57 92 129 82 78 31 56 113 175 171 16 25 44 120 2 152 97 1 101
652,73810,1764959463310644272,179 57 92 129 120 2 75 86 101 1 97 26 100 53 154 70 135 180 121 152 189 63 122 79 133 151 162 194 127 123 149 59 116 65 131 35 112 4 190 10 177 54 48 184 160 34 146 22 18 159 193 181 42 43 5 41 139 115 46 0 143 183 89 137 51 176 80 94 124 148 9 62 144 102 49 14 3 178 106 52 55 185 40 119 165 39 27 90 81 196 31 56 113 175 171 16 44 25 78 145
653,74053,1764959463310644273,152 2 120 44 25 78 145 92 129 57 55 52 179 31 16 171 175 113 56 196 81 90 27 165 40 185 106 178 167 148 37 9 62 102 49 3 138 14 144 15 186 89 183 143 0 137 176 51 118 59 115 46 68 108 18 139 41 193 159 22 146 181 42 160 34 54 177 184 43 65 116 149 35 84 4 112 123 162 151 133 80 79 63 94 124 121 154 70 127 135 180 158 53 100 26 86 75 101 97 1
654,73267,1764959463310644274,79 63 180 154 53 121 94 26 100 97 101 86 75 1 152 2 120 44 16 171 175 113 31 157 81 196 145 78 25 129 92 57 55 52 185 40 90 165 178 106 138 14 49 102 144 62 9 148 15 186 23 89 183 137 176 51 118 59 65 116 115 46 0 143 117 93 140 108 69 18 199 159 41 193 139 5 42 43 184 181 195 146 22 34 160 54 177 10 4 112 127 70 135 123 131 149 162 151 133 80
655,73701,1764959463310644275,27 90 81 145 31 56 113 175 171 16 44 25 78 92 129 82 120 2 75 86 101 1 97 26 100 121 53 158 154 180 63 122 79 133 151 162 135 70 127 123 149 65 116 35 84 112 4 184 177 54 48 160 34 181 42 43 41 193 22 18 108 69 139 115 46 68 117 143 0 153 183 89 23 137 109 118 59 51 176 80 94 152 167 148 9 62 102 49 144 14 178 106 52 55 57 185 40 119 165 39
656,73183,1764959463310644276,92 82 25 44 120 75 86 101 1 97 26 100 53 180 154 70 135 63 122 79 133 80 176 51 137 0 46 68 139 159 193 41 115 59 151 162 123 127 112 84 35 149 65 116 43 184 177 54 160 42 181 34 22 18 108 140 93 117 143 183 89 23 186 15 9 62 144 14 138 49 102 148 167 124 94 152 2 129 57 55 52 178 3 106 185 40 119 165 90 81 196 31 56 113 175 171 16 78 145 179
657,72595,1764959463310644277,51 151 162 133 79 63 122 80 176 137 23 46 0 117 143 183 89 186 15 94 124 148 9 62 102 144 14 138 49 3 178 106 185 40 119 165 90 81 196 52 55 57 179 145 78 31 113 175 171 16 25 44 120 92 129 2 75 86 101 1 97 152 26 100 121 53 158 180 154 135 70 127 123 112 4 84 184 177 54 160 34 181 41 193 159 22 18 108 139 115 5 42 43 116 65 47 131 149 59 118
658,73512,1764959463310644278,68 108 18 22 146 181 159 193 41 139 115 5 42 43 184 160 34 54 177 4 112 131 149 65 116 59 151 162 123 127 70 135 154 158 53 121 100 26 86 75 101 1 97 152 2 120 129 92 57 185 40 179 145 78 25 44 16 171 175 113 31 157 196 81 90 27 39 165 138 14 144 62 9 102 49 3 178 106 52 55 167 148 124 94 136 180 63 122 79 133 80 176 51 137 89 183 143 117 0 46
659,72865,1764959463310644279,1 97 26 94 63 53 154 180 133 79 80 176 51 72 151 162 194 135 70 127 123 112 4 84 184 190 10 177 54 48 160 34 181 146 22 159 193 41 42 43 116 65 131 149 59 118 115 139 46 68 18 108 93 117 0 170 143 183 89 23 137 186 15 148 167 152 2 129 78 145 92 57 55 52 106 178 3 49 62 144 14 138 165 185 40 119 90 81 31 56 113 175 171 16 25 44 120 75 86 101
660,72314,1764959463310644280,195 159 193 41 139 115 46 68 69 18 108 140 93 117 0 143 183 89 137 176 80 79 63 122 94 124 152 97 1 101 2 82 129 92 145 179 57 55 52 106 178 3 49 148 9 62 102 144 14 138 185 40 165 90 81 196 157 31 113 175 171 16 78 44 120 75 86 26 100 53 180 154 70 135 194 127 123 131 149 162 133 151 51 118 59 65 116 43 42 160 184 84 190 10 177 54 34 181 146 22
661,73071,1764959463310644281,90 40 81 196 113 175 171 16 31 78 145 179 55 57 92 129 82 25 44 120 2 75 86 101 1 152 97 26 100 53 121 94 124 167 148 137 176 80 122 63 79 151 162 133 180 154 135 70 127 123 112 4 190 10 177 54 34 160 184 42 43 116 47 65 59 118 115 46 139 193 41 5 181 146 22 195 159 18 69 108 93 117 0 143 183 89 23 186 9 62 102 144 14 49 178 3 106 52 185 165
662,73737,1764959463310644282,149 131 65 184 84 112 4 10 177 54 48 160 34 181 146 22 18 108 117 143 183 89 186 15 9 62 144 102 49 14 178 106 52 185 40 165 27 90 81 196 157 31 113 175 171 16 44 120 152 189 94 124 148 167 55 57 145 78 92 129 2 75 86 101 1 97 26 100 121 53 158 154 180 63 122 79 80 176 137 23 0 46 68 139 41 193 159 42 43 116 115 59 51 151 133 162 135 70 127 123
663,72810,1764959463310644283,162 151 51 137 176 80 79 133 135 70 154 180 158 53 121 182 63 122 94 124 152 97 26 100 1 101 86 75 2 57 92 129 120 44 25 16 171 175 113 31 78 145 196 81 90 165 119 40 185 179 55 52 106 178 3 138 14 49 102 144 62 9 148 15 186 23 89 183 143 170 0 117 68 46 118 59 149 65 116 43 115 139 69 108 18 22 159 193 41 42 181 34 160 184 54 177 4 112 127 123
664,74271,1764959463310644284,18 22 146 34 48 54 177 10 184 112 127 123 149 65 162 151 133 135 70 154 180 53 100 26 97 121 63 94 152 1 101 86 75 2 120 44 25 16 171 175 113 31 196 81 90 27 164 21 138 178 106 165 119 40 185 179 145 78 92 129 57 55 52 167 148 37 9 62 102 49 14 144 15 114 186 23 137 176 80 79 51 59 118 0 183 143 117 93 68 46 139 115 116 43 42 160 181 41 193 159
665,72860,1764959463310644285,23 89 183 143 0 117 68 46 139 41 193 159 18 22 146 34 160 184 54 177 10 190 4 112 127 123 65 116 43 42 115 118 59 149 162 135 154 180 53 63 79 133 151 51 176 80 124 94 121 100 26 86 101 75 120 44 25 16 171 175 113 56 31 157 78 145 179 196 81 90 27 39 165 119 40 185 106 138 14 144 102 49 3 178 52 55 57 92 129 82 2 1 97 152 167 148 9 62 15 137
666,73517,1764959463310644286,135 162 133 151 176 51 118 59 65 47 131 149 123 112 4 190 10 177 54 48 34 181 42 160 184 43 116 115 139 41 193 159 146 22 18 108 93 117 68 46 0 143 183 89 23 137 15 9 62 102 49 37 148 80 79 122 63 94 124 167 106 178 3 138 14 144 21 164 27 90 165 40 185 52 55 57 129 92 145 78 31 113 175 171 16 25 44 120 75 86 101 1 2 152 97 26 100 53 180 154
667,71588,1764959463310644287,89 183 143 170 0 117 93 108 18 22 146 181 34 160 48 54 177 10 184 131 149 65 116 43 42 5 41 193 159 139 46 115 59 118 51 151 133 162 123 127 70 135 154 180 53 121 100 26 86 75 101 1 97 152 2 129 92 120 44 25 16 171 175 113 56 31 78 145 196 179 57 55 52 106 178 3 185 40 90 165 138 14 144 49 102 62 9 15 148 167 124 94 63 122 79 80 176 137 23 186
668,72719,1764959463310644288,86 53 180 154 135 70 127 123 162 133 79 63 80 176 151 51 118 46 139 115 59 116 43 47 65 149 131 112 4 190 10 177 54 184 160 34 181 42 41 193 159 22 18 108 93 117 0 170 143 183 89 186 23 137 9 62 102 144 21 164 27 90 81 196 145 78 31 56 113 175 171 16 44 120 129 92 57 55 52 185 40 165 39 138 14 106 178 3 49 148 124 94 100 26 97 1 152 2 75 101
669,72771,1764959463310644289,127 112 84 184 177 54 48 34 160 42 43 47 65 116 115 46 68 139 41 193 159 181 146 22 18 108 93 117 0 143 183 89 23 137 176 80 122 63 182 121 86 75 101 1 2 129 57 55 52 92 120 25 44 16 171 175 113 56 31 78 145 179 196 81 90 165 40 185 106 3 178 138 14 144 49 102 62 9 148 94 152 97 26 100 53 158 180 79 133 162 151 51 118 59 149 131 123 70 154 135
670,73360,1764959463310644290,89 183 143 170 117 93 140 68 0 46 118 59 51 137 176 80 122 63 79 133 151 162 149 65 116 115 139 41 193 159 18 22 34 54 177 184 160 42 5 43 35 112 123 127 70 135 180 154 158 53 121 94 124 152 1 97 26 100 86 75 101 2 129 57 55 52 92 82 120 44 25 179 145 78 16 171 175 113 56 31 157 196 81 90 165 119 40 185 106 178 14 49 102 144 62 9 148 15 186 23
671,74421,1764959463310644291,57 92 129 2 152 1 101 97 26 100 75 86 53 63 180 154 70 135 194 162 151 133 79 80 94 148 137 176 51 118 59 115 116 65 131 149 123 127 112 4 10 177 84 35 184 54 48 43 42 41 193 181 160 34 103 146 22 159 18 108 139 46 0 117 143 183 89 186 9 62 144 14 49 3 178 106 165 27 90 119 40 185 52 55 179 196 81 157 56 113 175 171 16 31 145 78 25 44 120 82
672,72902,1764959463310644292,97 26 100 53 121 189 94 124 167 148 37 102 62 9 137 176 80 79 63 180 154 135 70 127 123 162 133 151 51 118 59 65 149 131 112 4 10 177 54 184 160 34 146 22 18 159 193 41 181 42 43 116 115 139 46 68 117 0 143 183 89 23 186 114 15 144 14 49 178 106 165 27 90 40 119 185 196 81 113 175 171 16 31 78 145 179 52 55 57 92 129 44 25 120 2 75 86 101 1 152
673,74759,1764959463310644293,184 35 84 112 127 70 135 162 151 118 51 176 80 79 133 180 154 158 53 100 26 1 101 86 75 2 120 44 25 129 92 57 55 52 179 31 16 171 175 113 78 145 196 81 40 119 90 27 164 7 21 144 102 49 14 138 165 185 106 178 167 152 97 189 121 63 94 124 148 9 62 15 114 186 137 23 89 183 143 0 117 68 46 139 18 22 193 41 115 59 123 149 65 116 43 42 160 34 54 177
674,73241,1764959463310644294,171 175 113 56 31 196 81 90 27 39 165 8 119 40 185 14 144 62 9 15 137 176 80 63 79 133 162 151 51 109 118 59 65 116 43 42 184 160 181 159 193 41 115 139 68 46 0 89 183 143 117 108 18 22 146 34 48 54 177 4 112 84 35 149 123 127 135 154 180 158 53 121 100 26 97 1 101 86 75 2 152 94 148 102 49 3 178 106 52 55 57 179 145 92 129 120 44 25 78 16
675,73734,1764959463310644295,65 59 118 115 46 139 193 41 42 184 10 190 177 54 48 160 34 146 22 159 18 108 117 0 143 183 89 23 186 15 144 14 49 102 62 9 137 176 51 162 151 80 122 63 79 133 180 121 94 148 167 152 2 82 129 92 179 57 55 52 106 178 3 185 40 119 165 27 90 81 196 145 78 31 175 113 171 16 25 44 120 75 86 101 1 97 26 100 53 154 135 70 127 112 4 123 149 131 43 116
676,73814,1764959463310644296,143 183 89 23 186 62 9 148 137 176 80 79 122 63 94 124 152 167 55 52 106 178 3 138 14 49 144 21 164 90 165 185 119 40 81 196 157 31 56 113 175 171 16 78 145 179 57 92 129 25 44 120 2 75 86 101 1 97 26 100 121 53 180 154 135 70 127 123 184 160 34 181 42 43 131 149 162 151 133 51 118 59 65 116 5 96 41 193 159 146 22 18 139 115 46 68 140 93 117 0
677,72720,1764959463310644297,54 177 48 160 181 42 43 47 65 116 59 118 51 176 80 79 133 151 162 123 149 131 184 84 4 112 127 70 135 154 180 158 53 86 101 1 75 120 2 152 97 26 100 121 63 94 124 148 167 57 129 92 179 145 78 25 44 16 171 175 113 31 196 81 90 27 165 119 40 185 55 52 106 178 49 14 144 62 9 15 114 186 23 137 183 143 117 0 46 139 115 5 41 193 159 18 22 146 103 34
678,73245,1764959463310644298,14 144 62 9 186 23 89 183 143 0 46 68 93 140 108 18 22 34 160 184 54 177 10 190 84 4 112 127 70 135 154 53 180 133 151 162 123 149 131 47 65 116 43 42 41 193 139 198 115 59 118 51 137 176 80 79 122 63 182 121 100 26 86 97 1 101 75 120 44 25 78 145 31 175 171 16 113 56 157 196 81 90 165 119 40 185 52 55 57 92 129 2 152 94 124 148 49 3 178 106
679,73970,1764959463310644299,124 148 137 51 176 80 79 133 151 162 123 70 127 112 149 131 43 42 5 116 47 65 59 118 115 139 41 193 159 181 184 177 54 48 160 34 146 22 18 68 46 117 143 0 153 183 89 23 186 15 9 62 144 49 14 138 21 164 165 90 81 196 157 31 56 113 175 171 16 44 120 25 78 145 179 40 185 106 178 52 55 57 92 129 82 2 152 97 1 101 75 86 26 100 53 154 135 180 63 94
680,73138,1764959463310644300,129 2 152 124 94 80 176 51 118 59 116 65 47 43 42 5 115 139 68 46 0 137 23 186 89 183 143 117 108 18 22 193 41 181 34 160 54 184 177 10 190 4 112 131 149 123 127 162 151 133 79 63 135 70 154 180 53 158 136 121 100 26 97 1 101 86 75 120 44 16 171 175 113 56 31 25 78 145 179 196 81 90 27 165 40 185 106 178 3 14 144 49 102 62 9 148 52 55 57 92
681,74472,1764959463310644301,41 139 46 68 117 0 143 183 89 23 137 148 9 62 144 102 49 14 138 3 178 106 52 55 185 40 119 165 90 81 196 113 175 171 16 31 78 145 179 92 57 129 25 44 120 75 2 152 97 1 101 86 100 26 124 94 189 121 53 158 154 135 70 127 112 177 54 48 34 160 184 131 149 77 43 105 47 65 116 59 72 123 162 151 133 180 63 122 79 80 176 51 118 115 5 42 181 22 159 193
682,74542,1764959463310644302,62 9 148 124 94 63 79 133 80 176 51 109 137 186 15 114 23 76 89 183 143 0 117 93 68 139 18 22 193 41 42 181 34 54 177 10 184 160 43 116 115 198 46 118 59 72 151 162 65 149 131 35 112 123 127 70 135 154 180 158 53 100 26 97 101 86 75 1 152 2 120 44 129 92 57 179 145 78 25 16 171 175 113 56 31 196 81 90 165 119 40 185 55 52 106 178 14 49 102 144
683,72550,1764959463310644303,116 65 149 131 43 184 10 177 54 160 34 181 195 103 146 22 159 18 108 69 139 68 117 0 170 143 183 89 186 23 137 176 80 51 151 133 79 122 63 94 121 100 26 101 1 97 152 167 148 9 62 144 14 49 178 106 185 40 119 165 90 81 196 31 56 113 175 171 16 78 145 179 52 55 57 92 129 25 44 120 2 75 86 53 158 180 154 135 70 127 123 162 59 118 46 115 193 41 5 42
684,73319,1764959463310644304,42 43 116 65 59 162 123 149 131 112 4 177 54 48 184 160 34 181 195 146 22 159 18 108 140 68 46 0 117 143 183 89 186 23 137 15 144 14 49 102 62 9 37 148 167 57 129 92 179 55 52 178 106 185 40 119 165 27 90 81 196 31 56 113 175 171 16 78 145 25 44 120 2 75 86 101 1 152 97 26 100 121 53 180 154 135 151 133 79 63 80 176 124 94 51 118 115 139 193 41
685,72637,1764959463310644305,112 4 177 54 34 181 146 22 18 108 159 193 41 139 115 46 0 117 143 183 89 186 23 137 176 80 79 122 63 94 124 148 9 62 144 102 49 14 165 40 90 81 196 157 31 56 113 175 171 16 78 145 92 185 106 178 52 55 57 129 25 44 120 2 75 86 100 26 97 101 1 152 189 121 53 158 180 154 135 70 127 123 162 133 151 51 109 118 59 116 65 47 43 5 42 160 48 184 131 149
686,73268,1764959463310644306,124 167 148 9 62 102 49 178 52 55 57 92 129 120 44 25 145 78 16 171 175 113 56 31 157 196 81 90 27 165 40 185 106 138 14 144 15 186 23 89 183 143 0 137 176 80 79 133 151 59 118 115 41 193 139 198 46 68 140 108 18 22 146 159 181 34 160 48 54 177 10 190 184 65 116 5 42 43 131 149 123 162 135 127 70 154 180 158 53 63 100 26 97 1 101 86 75 2 152 94
687,73072,1764959463310644307,56 31 196 81 90 27 95 164 7 21 39 165 119 40 185 138 14 106 178 3 49 102 144 9 62 37 148 15 186 80 176 137 23 89 183 143 0 117 68 46 198 139 115 42 181 41 193 159 22 146 34 160 54 177 10 184 43 116 65 149 59 118 51 151 133 162 123 127 70 135 154 180 79 63 94 152 1 97 26 100 53 86 101 75 2 120 129 92 57 55 52 179 145 78 25 44 16 171 175 113
688,73840,1764959463310644308,135 180 63 79 133 162 123 24 35 84 112 4 184 10 177 54 34 22 18 108 69 139 41 193 159 181 160 42 5 116 65 43 131 149 59 118 115 46 68 117 0 143 183 89 137 51 72 151 176 80 94 124 152 2 129 92 78 145 179 57 55 52 106 178 49 148 9 62 102 144 14 138 185 40 119 165 90 81 196 31 113 175 171 16 25 44 120 75 101 1 97 86 26 100 121 53 158 154 70 127
689,73749,1764959463310644309,41 193 159 181 34 146 22 18 108 117 143 183 0 46 68 139 198 115 118 59 72 151 51 137 176 80 79 63 94 124 148 23 186 15 9 62 144 14 138 102 49 178 106 185 40 165 90 81 196 179 52 55 57 92 145 78 31 56 113 175 171 16 25 44 120 82 129 2 152 97 1 101 75 86 53 154 180 133 162 194 135 70 127 123 84 112 4 10 177 54 160 184 131 149 47 65 116 43 42 5
690,74139,1764959463310644310,22 18 159 193 41 139 115 46 68 93 140 117 0 143 183 89 23 137 15 9 62 102 49 144 14 138 21 164 27 90 165 119 81 196 31 56 113 175 171 16 44 120 25 78 145 179 40 185 106 178 52 55 57 92 129 167 148 152 2 75 86 101 1 97 26 100 158 154 180 53 121 94 63 122 79 80 176 51 151 59 65 116 43 42 184 131 149 123 162 133 135 127 112 4 10 177 160 34 181 146
691,74489,1764959463310644311,27 39 165 119 40 185 57 55 52 106 178 3 14 144 49 102 62 9 148 15 186 23 137 176 51 118 59 116 65 47 43 42 115 46 0 89 183 143 117 139 41 193 159 18 22 146 181 34 160 54 177 184 35 131 149 123 162 151 133 135 70 154 158 53 121 180 63 122 79 80 94 124 167 2 101 86 75 1 97 26 100 189 152 129 92 179 145 78 25 82 120 44 16 171 175 113 31 196 81 90
692,74818,1764959463310644312,40 185 106 138 14 144 62 9 148 80 151 72 59 149 131 65 116 43 115 118 51 176 137 23 186 89 183 153 0 143 117 46 139 41 193 159 18 22 34 160 42 184 48 54 177 10 4 112 84 35 123 162 133 79 122 63 94 124 167 102 49 3 178 52 179 145 78 92 57 55 129 2 152 97 26 100 121 180 135 70 154 53 86 101 1 75 120 44 25 16 171 175 113 31 196 81 90 27 165 119
693,73907,1764959463310644313,62 102 49 144 14 138 3 178 106 185 40 165 90 81 196 179 145 31 56 113 175 171 16 25 44 120 78 92 52 55 57 129 82 2 75 1 97 152 167 37 148 124 94 80 151 162 133 79 122 63 121 100 26 101 86 53 180 154 135 127 123 131 149 65 116 59 118 46 68 139 41 115 43 42 181 160 184 177 54 34 146 22 159 193 18 108 93 117 143 0 51 176 137 23 183 89 186 114 15 9
694,73545,1764959463310644314,175 113 31 78 145 179 185 40 90 165 14 144 102 49 178 106 52 55 57 92 129 167 148 9 62 15 124 94 189 63 122 79 80 176 137 23 186 89 183 143 0 117 108 18 22 159 193 139 41 181 146 103 34 30 54 48 160 42 43 184 177 10 190 4 112 84 35 131 149 47 65 116 59 115 46 51 151 133 162 123 127 135 154 180 53 121 100 26 86 101 1 97 152 2 75 120 44 25 16 171
695,73678,1764959463310644315,15 186 23 137 89 183 153 0 143 117 108 18 22 159 193 41 139 46 115 118 59 151 51 176 80 63 79 133 162 123 149 131 47 65 116 42 181 34 160 43 35 184 54 177 10 190 4 112 127 70 135 154 180 53 94 124 148 167 178 106 52 55 57 92 2 152 1 101 97 26 86 75 120 44 25 78 16 171 175 113 56 31 145 185 165 119 40 196 81 90 27 39 138 3 49 14 144 102 62 9
696,73473,1764959463310644316,0 143 89 183 137 23 186 15 148 37 9 62 144 102 49 14 3 178 106 185 40 165 90 81 52 55 57 129 92 179 145 31 56 113 175 171 16 78 25 44 120 82 2 152 97 1 101 75 86 26 53 94 124 63 79 80 176 51 109 118 46 68 139 115 59 151 133 180 154 70 135 162 123 127 112 4 10 177 30 54 48 34 181 160 184 84 35 131 149 47 65 116 43 42 41 193 159 22 18 117
697,71816,1764959463310644317,106 3 138 14 49 102 144 62 148 94 63 122 79 80 133 162 151 118 51 176 137 23 89 183 143 0 117 93 140 68 46 139 108 18 22 146 159 193 41 42 181 34 160 54 177 10 190 4 112 84 35 184 43 116 115 59 65 131 149 123 127 70 135 154 180 53 121 100 26 86 101 1 97 152 2 75 120 44 25 145 78 16 171 175 113 31 196 81 90 27 165 119 40 185 52 92 129 57 55 178
698,74494,1764959463310644318,177 10 4 112 127 70 154 180 135 123 162 151 133 79 80 176 51 137 9 62 144 14 21 7 164 27 90 81 196 31 56 113 175 171 16 78 145 25 44 120 75 86 101 1 97 26 100 121 136 53 158 63 94 124 152 2 129 92 57 55 52 106 185 40 119 165 178 3 49 148 186 23 89 183 143 0 46 139 18 159 22 146 34 42 43 65 116 41 193 115 118 59 149 131 35 184 160 48 54 30
699,71677,1764959463310644319,133 162 151 51 118 59 65 116 43 42 115 139 68 46 0 170 143 117 108 69 18 193 41 159 22 146 181 34 160 48 54 177 184 84 4 112 123 127 70 135 154 180 53 121 100 26 97 1 101 86 75 2 152 167 49 3 178 106 52 55 57 92 129 82 120 44 25 78 16 171 175 113 56 31 145 179 196 81 90 119 40 185 165 138 14 144 102 62 9 148 186 89 183 23 137 176 80 94 63 79
700,72074,1764959463310644320,154 135 70 127 112 84 184 54 160 34 181 42 43 116 65 131 149 123 162 151 133 79 63 80 176 51 118 59 115 46 68 139 41 193 159 22 18 108 140 93 117 143 0 153 183 89 23 137 186 114 15 144 138 14 165 185 40 90 81 196 31 56 113 175 171 16 78 145 92 129 57 55 52 106 178 3 49 102 62 9 37 148 167 124 94 100 26 97 1 152 2 120 25 44 75 101 86 53 158 180
701,73284,1764959463310644321,186 114 15 94 124 148 37 9 62 102 144 14 49 3 178 106 52 185 40 119 165 27 90 81 196 157 31 113 175 171 16 78 145 179 55 57 92 129 25 44 120 2 75 86 101 1 152 97 26 100 121 136 53 158 180 154 135 70 127 162 123 112 84 184 177 54 160 43 131 149 47 65 116 42 181 34 146 22 159 193 41 139 46 115 59 118 51 151 133 79 63 122 80 176 137 0 143 183 89 23
702,72208,1764959463310644322,160 34 146 22 18 108 68 139 41 193 159 181 42 5 43 65 116 115 46 0 117 143 183 89 186 23 137 148 9 62 144 102 49 14 3 178 106 52 185 40 119 165 90 81 196 113 175 171 16 31 78 145 179 92 44 25 120 75 86 100 26 97 101 1 152 2 129 57 55 167 124 94 53 158 154 180 79 63 80 176 51 118 59 151 133 162 135 70 127 123 149 131 35 112 4 190 10 177 54 184
703,73722,1764959463310644323,34 181 42 5 41 193 159 146 22 18 68 46 198 139 115 59 118 109 51 176 137 117 0 143 183 89 186 15 148 9 62 144 49 14 21 164 27 90 165 119 40 185 106 178 52 55 57 92 179 196 81 145 78 31 113 175 171 16 25 129 2 120 44 75 101 1 152 97 26 100 86 53 121 94 63 122 80 79 133 180 158 154 135 70 127 123 162 151 65 116 43 184 35 84 112 4 10 177 54 160
704,73097,1764959463310644324,102 62 9 15 148 167 52 55 57 92 129 2 152 97 26 100 189 121 180 63 94 122 79 80 176 137 23 89 183 153 143 117 0 46 115 139 41 193 159 18 22 146 181 34 54 177 10 190 4 112 84 184 160 42 43 116 118 51 59 65 47 131 149 123 127 162 151 133 135 70 154 158 53 86 101 1 75 120 44 25 78 16 171 175 113 31 145 179 196 81 90 27 165 40 185 106 178 49 14 144
705,73057,1764959463310644325,176 137 51 151 162 123 149 131 47 65 116 59 118 115 139 41 193 159 181 42 43 184 35 84 112 4 10 177 54 48 160 34 146 22 18 108 140 68 46 0 117 143 183 89 186 9 62 144 21 164 90 81 196 185 40 165 138 14 49 3 178 106 52 55 167 148 152 2 129 92 57 179 145 78 31 113 175 171 16 44 120 75 86 101 1 97 26 100 121 53 158 180 154 70 135 133 79 63 94 80
706,73690,1764959463310644326,22 146 159 181 34 160 48 54 177 112 123 127 70 135 154 180 158 53 121 100 122 80 176 51 59 162 151 133 79 63 94 124 148 167 152 97 26 1 101 86 75 2 120 129 57 55 179 92 145 78 25 44 16 171 175 113 56 31 196 81 90 165 119 40 185 52 106 178 3 49 14 144 62 9 15 186 23 137 183 143 170 0 117 68 46 115 116 65 149 131 184 43 42 41 193 139 140 108 69 18
707,73559,1764959463310644327,109 51 176 80 79 63 180 154 53 100 26 97 86 75 101 1 152 2 82 120 44 25 16 171 175 113 31 81 196 78 145 179 92 129 57 55 52 185 40 165 106 178 167 124 94 148 49 14 144 62 9 15 137 23 89 183 143 117 93 140 68 0 46 115 139 41 193 159 22 146 181 34 48 160 42 5 43 116 65 149 131 184 54 177 10 190 35 84 4 112 123 127 70 135 194 162 133 151 59 118
708,74111,1764959463310644328,90 81 196 157 31 113 175 171 16 78 145 179 25 44 120 75 86 101 1 2 129 92 57 55 52 106 178 49 102 62 9 148 23 137 176 51 151 133 80 79 63 94 124 152 97 26 100 53 158 180 154 135 127 112 84 35 123 162 118 59 149 131 65 116 43 184 177 54 48 160 34 181 42 41 193 159 146 22 18 108 140 68 139 115 198 46 0 143 183 144 14 138 21 164 95 39 165 185 40 119
709,72791,1764959463310644329,175 113 56 31 78 145 92 129 57 55 52 106 178 3 14 138 165 119 40 185 196 81 90 21 144 49 102 62 9 15 148 167 124 94 137 89 183 143 0 117 93 68 139 115 46 176 80 122 63 79 133 162 151 51 118 59 65 116 43 42 41 193 159 22 146 181 34 160 54 10 190 177 184 84 112 131 149 123 127 70 135 154 180 158 53 121 100 26 97 152 2 1 101 86 75 120 44 25 16 171
710,72318,1764959463310644330,89 183 143 0 46 68 117 93 140 108 18 139 115 116 65 43 160 42 5 41 193 159 22 146 181 34 48 54 177 184 112 127 70 135 162 123 149 59 118 51 176 80 151 133 79 63 180 154 158 53 121 94 124 152 97 1 101 26 100 86 75 2 129 120 44 25 16 171 175 113 31 78 145 196 81 90 165 119 40 185 179 92 57 55 52 178 106 3 138 14 144 49 102 62 9 148 137 23 114 186
711,73594,1764959463310644331,40 119 165 90 164 21 14 144 102 62 9 15 186 23 89 183 143 0 117 93 140 68 46 139 108 18 193 41 115 59 118 51 151 133 162 149 131 47 65 116 43 42 160 181 22 34 48 54 177 184 84 112 123 127 70 135 154 158 53 180 79 63 121 86 75 2 120 44 25 16 171 175 113 31 78 145 179 57 92 129 152 1 101 97 26 100 189 124 94 122 80 176 137 148 49 178 106 52 55 185
712,72469,1764959463310644332,131 149 65 116 43 42 41 193 181 160 34 146 22 159 18 108 93 117 0 143 183 89 114 186 23 137 176 80 51 46 68 139 115 118 59 151 133 79 63 94 124 167 148 37 15 62 9 102 49 14 144 21 164 39 165 90 81 196 40 119 185 106 178 52 55 57 92 145 78 31 113 175 171 16 25 44 120 129 2 75 86 101 1 152 97 26 100 121 53 180 154 135 70 127 162 123 112 177 54 184
713,72320,1764959463310644333,195 159 41 193 18 108 69 139 115 46 68 140 93 117 0 143 183 89 186 23 137 51 118 59 162 151 176 80 122 94 124 167 148 9 62 144 14 102 49 178 106 52 55 57 129 92 145 78 179 185 40 119 165 90 81 196 31 56 113 175 171 16 25 44 120 2 75 86 101 1 152 97 26 100 121 182 63 79 133 180 53 154 135 127 123 149 65 116 43 184 10 177 54 34 160 42 5 181 146 22
714,73920,1764959463310644334,171 175 113 31 196 81 90 165 40 185 106 178 3 49 102 14 144 62 9 15 114 186 89 183 143 117 93 140 108 18 193 159 22 146 34 160 177 10 54 184 35 131 149 65 47 43 116 59 51 109 118 115 42 41 139 46 0 23 137 176 80 63 79 133 151 162 123 127 135 154 180 158 53 121 100 26 97 1 75 86 101 2 152 189 94 124 148 167 52 55 57 129 82 120 44 25 92 145 78 16
715,73071,1764959463310644335,16 78 145 179 25 44 120 75 86 101 1 97 26 100 121 53 158 154 135 70 127 123 112 4 190 10 177 54 34 160 184 43 5 42 181 146 22 159 193 41 115 139 68 46 118 59 116 65 149 162 51 176 80 151 133 79 180 63 94 124 137 0 117 143 183 89 23 186 9 62 102 144 14 138 49 148 167 152 2 129 92 57 55 52 178 3 106 185 40 119 165 90 81 196 157 31 56 113 175 171
716,73770,1764959463310644336,23 89 183 137 115 46 68 0 143 170 117 93 108 18 139 193 41 96 5 42 181 195 159 22 146 34 48 54 177 184 160 43 116 65 131 149 59 118 51 176 80 63 79 133 151 162 123 127 135 154 180 53 94 26 100 86 75 101 1 97 152 2 129 92 82 120 44 25 16 171 175 113 31 78 145 196 179 57 55 52 185 40 81 90 165 138 14 3 106 178 49 102 144 62 9 37 148 15 114 186
717,72121,1764959463310644337,26 100 86 101 1 97 152 2 75 120 44 25 78 16 171 175 113 31 145 57 129 92 179 196 81 90 165 40 185 55 52 106 178 49 138 14 144 102 62 9 148 15 114 186 89 183 23 137 51 118 59 116 115 139 46 0 170 143 117 93 108 18 22 146 34 181 159 193 41 5 42 43 65 149 131 184 160 54 177 10 190 4 112 123 127 70 135 154 180 53 121 63 79 133 162 151 176 80 94 124
718,73720,1764959463310644338,16 171 175 113 56 31 78 145 157 196 81 185 40 90 27 164 39 165 14 3 178 106 52 55 57 179 92 129 2 152 97 1 101 26 100 121 94 124 49 102 144 62 9 148 137 23 186 89 183 143 0 117 68 93 140 108 18 159 193 41 139 46 115 118 59 149 131 65 116 43 42 5 181 22 146 103 34 160 54 184 84 112 123 127 135 154 162 151 133 176 80 79 63 180 53 86 75 120 44 25
719,73638,1764959463310644339,84 112 43 116 47 65 118 59 149 131 123 127 70 135 154 180 53 100 26 97 1 101 86 75 120 44 25 145 78 16 171 175 113 56 31 196 81 40 119 185 165 90 164 21 144 14 178 106 49 102 62 9 148 167 52 55 57 179 92 129 2 152 124 94 189 121 63 80 79 133 162 151 72 51 176 137 23 186 89 183 143 0 117 68 46 115 139 41 193 159 108 18 22 146 195 181 42 34 160 184
720,72510,1764959463310644340,124 94 152 2 129 92 57 55 179 145 78 31 113 175 171 16 25 44 120 75 101 1 97 26 100 86 53 158 180 154 135 70 127 162 151 133 79 63 80 176 51 59 65 149 123 112 84 184 190 10 177 54 48 160 43 47 116 42 181 34 103 146 22 18 159 193 41 139 115 198 46 68 117 0 143 183 89 23 137 186 15 144 21 164 90 81 196 40 119 165 185 52 106 178 3 14 49 62 9 148
721,74352,1764959463310644341,51 176 80 133 194 135 70 154 158 86 101 1 75 120 44 92 179 145 78 16 171 175 113 31 196 81 40 90 27 164 39 165 185 106 178 3 14 49 102 144 62 9 15 148 167 52 55 57 129 2 152 97 26 100 53 180 63 79 122 94 124 137 23 186 89 183 143 117 93 140 108 18 22 146 159 193 41 139 115 118 59 65 47 116 43 42 184 160 34 54 177 10 4 112 131 149 123 127 162 151
722,72535,1764959463310644342,115 41 193 159 42 43 116 65 149 131 35 112 84 184 54 160 34 146 22 18 108 93 117 143 0 153 183 89 23 186 114 15 137 176 80 79 122 63 94 124 148 9 62 144 102 49 14 138 165 119 40 90 81 196 185 3 178 106 52 55 57 129 92 145 78 31 56 113 175 171 16 25 44 120 2 152 75 86 101 1 97 26 100 53 180 154 135 127 70 123 162 133 151 51 109 59 118 46 68 139
723,74166,1764959463310644343,177 54 160 184 35 43 42 181 34 146 22 18 108 140 68 139 159 193 41 115 116 65 149 123 162 133 151 59 118 46 0 117 143 183 89 23 137 186 114 15 37 148 9 62 102 144 14 138 106 52 55 178 49 167 152 1 101 2 129 92 57 179 185 40 119 165 90 81 196 56 113 175 171 16 31 145 78 25 44 120 82 75 86 26 97 100 53 94 176 80 79 63 180 154 135 70 127 4 112 10
724,74051,1764959463310644344,183 143 0 46 139 115 96 5 41 193 159 108 18 22 146 181 42 160 34 54 177 184 35 84 4 112 127 123 149 131 43 116 65 59 118 51 176 80 133 79 151 162 194 135 70 154 180 121 26 100 53 63 94 124 152 2 97 1 101 86 75 120 82 129 92 57 179 145 78 25 44 16 171 175 113 56 31 196 81 90 21 144 14 138 106 165 119 40 185 55 52 178 3 49 102 62 9 148 137 89
725,74169,1764959463310644345,165 40 185 55 52 106 178 3 49 62 9 148 186 23 89 183 143 117 93 0 137 176 80 94 63 79 133 162 151 51 46 139 108 18 22 146 195 159 41 193 181 34 160 48 54 177 10 4 112 84 184 43 42 115 118 59 116 65 131 149 123 127 135 154 180 158 53 100 26 121 189 97 86 101 1 152 2 75 120 44 25 145 179 92 57 129 82 78 16 171 175 113 31 196 81 90 21 144 14 138
726,73667,1764959463310644346,180 63 79 80 133 151 162 123 135 70 127 112 84 184 190 10 177 54 48 160 34 181 42 43 116 65 47 131 149 59 118 46 115 5 41 193 159 22 18 139 68 117 0 143 183 89 186 23 137 176 148 9 62 144 102 49 3 14 138 165 90 81 40 185 106 178 52 55 57 92 78 145 179 196 31 113 175 171 16 25 44 120 2 129 167 111 124 94 152 97 1 75 101 86 100 26 121 53 158 154
727,74467,1764959463310644347,138 14 144 62 9 49 178 106 52 55 57 92 31 113 175 171 16 82 129 2 1 152 124 167 148 23 89 183 137 176 80 133 151 51 46 0 143 117 108 18 22 193 159 41 139 115 5 43 42 181 34 160 48 54 177 10 184 84 4 112 35 131 149 65 116 59 118 162 123 127 70 135 154 180 79 122 63 94 121 53 100 26 97 101 86 75 120 44 25 78 145 179 185 40 119 165 90 27 164 21
728,73514,1764959463310644348,54 34 146 22 18 69 108 140 93 117 0 143 183 89 23 137 186 15 62 9 148 94 124 167 129 57 55 52 106 178 3 49 102 144 138 14 185 119 165 90 40 196 31 56 113 171 175 16 78 145 179 92 25 44 120 2 152 1 101 75 86 97 26 100 189 121 53 158 180 154 135 70 127 112 123 162 133 79 63 122 80 176 151 51 118 59 65 116 43 115 46 68 139 41 193 159 42 160 184 177
729,73229,1764959463310644349,18 22 146 181 34 160 54 184 84 112 123 127 70 135 154 158 53 180 133 79 80 176 122 63 94 124 152 121 100 26 97 1 101 86 75 2 120 44 25 129 92 145 78 16 171 175 113 31 157 196 81 90 165 119 40 185 57 55 52 106 178 49 14 144 102 62 9 148 15 186 89 183 23 137 51 109 118 59 72 151 162 149 131 47 65 116 105 43 42 159 193 41 115 139 68 46 0 143 117 108
730,74090,1764959463310644350,106 167 52 55 57 129 92 179 185 40 119 165 27 90 81 196 145 78 31 113 175 171 16 25 44 120 75 2 152 97 1 101 86 26 100 121 53 154 180 63 94 124 148 80 79 133 151 162 194 135 70 127 123 112 84 184 43 116 65 149 59 115 139 5 42 181 160 34 146 22 159 41 193 18 108 140 93 117 143 170 0 68 46 118 51 176 137 183 89 23 186 9 62 144 102 49 14 138 3 178
731,73152,1764959463310644351,44 120 2 1 97 101 75 86 26 100 121 189 152 124 94 63 122 80 79 133 180 53 154 135 70 127 123 149 131 65 116 43 42 160 184 177 54 34 181 146 22 18 108 159 193 41 139 115 46 68 140 93 117 143 0 118 59 72 162 151 51 176 137 23 183 89 186 15 148 9 62 102 144 14 138 49 178 106 52 55 57 92 129 185 165 39 27 90 119 40 81 196 179 145 78 31 113 175 171 16
732,72934,1764959463310644352,3 178 52 55 57 92 129 2 152 1 101 97 26 189 94 124 167 148 80 79 133 151 162 59 118 51 176 137 23 186 15 9 62 102 49 138 14 144 114 89 183 143 0 117 68 46 115 139 41 193 159 18 22 146 181 34 160 54 177 184 84 4 112 35 43 42 116 65 47 131 149 123 127 70 135 154 180 63 53 121 100 86 75 120 25 44 145 78 16 171 175 113 31 196 81 90 165 40 185 106
733,72850,1764959463310644353,100 26 97 86 75 101 1 152 2 120 44 16 171 175 113 56 31 78 25 82 129 92 145 179 57 55 52 178 49 102 14 138 3 106 185 40 165 90 27 164 21 144 62 9 15 148 124 94 121 182 63 79 133 151 162 123 149 131 43 116 65 59 118 51 80 176 137 23 186 114 89 183 143 117 0 46 115 139 108 18 22 159 193 41 42 181 34 160 54 177 184 84 112 127 70 135 154 180 158 53
734,73418,1764959463310644354,16 171 175 113 56 31 78 145 92 57 55 52 178 106 185 40 119 165 90 27 164 7 21 138 14 144 49 102 62 9 15 148 129 2 101 1 97 152 189 124 94 63 122 80 176 137 23 89 183 143 0 117 93 140 108 18 22 146 34 181 160 54 177 184 131 149 123 162 65 116 43 42 5 41 159 193 115 68 139 46 118 59 109 51 151 79 133 127 70 135 154 180 53 100 26 86 75 120 44 25
735,75665,1764959463310644355,47 131 149 59 118 151 162 123 35 84 184 54 177 10 4 112 127 135 154 133 79 63 180 158 53 121 94 124 100 26 97 1 101 86 75 2 129 55 52 106 178 3 49 9 62 144 14 138 165 119 40 90 81 196 185 57 92 179 145 78 31 56 113 175 171 16 44 120 152 167 148 186 23 89 0 143 183 137 176 80 51 46 68 198 115 139 41 193 159 22 146 181 34 48 160 5 42 43 116 65
736,75476,1764959463310644356,49 102 144 62 9 148 186 89 183 143 117 68 46 139 41 193 159 22 34 160 42 43 65 116 115 59 151 51 118 0 23 137 176 80 12 124 94 122 79 63 180 133 162 149 131 35 184 54 177 10 4 112 123 127 194 135 70 154 158 53 121 189 19 100 26 97 101 86 75 1 152 2 120 44 25 82 129 92 57 55 52 179 145 78 16 171 175 113 56 31 196 81 90 165 40 185 106 178 3 14
737,73412,1764959463310644357,94 124 148 9 62 15 186 89 183 23 137 176 80 122 79 133 151 162 149 43 42 116 65 59 51 109 118 115 46 0 143 117 93 68 139 18 22 193 41 181 34 160 54 177 184 35 84 112 123 127 70 135 154 180 158 86 100 26 97 1 101 75 2 120 44 25 16 171 175 113 31 78 145 179 185 119 40 196 81 90 27 165 138 14 144 102 49 3 178 106 52 55 57 92 129 152 189 121 53 63
738,73760,1764959463310644358,133 79 63 189 124 12 94 122 80 176 51 137 23 183 89 186 148 9 62 144 102 49 14 138 3 178 106 52 55 179 185 119 40 165 27 90 81 196 157 31 113 175 171 16 44 25 78 145 92 57 129 2 120 75 86 101 152 1 97 26 100 53 180 154 135 70 127 123 149 131 112 4 177 184 160 34 42 43 65 116 41 193 159 22 18 108 140 93 117 143 170 0 68 139 115 46 118 59 162 151
739,72456,1764959463310644359,78 196 81 90 165 119 40 185 106 178 3 138 14 144 49 102 62 9 15 186 23 137 183 89 143 0 117 93 140 68 46 139 18 159 22 146 34 160 184 84 112 131 149 65 116 43 5 42 181 193 41 115 59 118 51 176 80 122 63 79 133 151 162 123 127 70 135 154 180 158 53 121 100 26 86 75 2 1 101 97 152 94 124 148 52 55 57 179 145 92 129 120 44 25 16 171 175 113 56 31
740,72807,1764959463310644360,144 62 9 15 148 167 124 94 63 122 79 80 176 137 23 89 183 143 117 93 140 108 69 18 22 146 34 160 42 43 184 54 30 177 10 190 4 112 127 123 149 131 65 116 115 41 193 139 46 118 59 51 151 133 162 135 70 154 180 158 53 86 101 100 26 97 152 1 75 2 129 92 82 120 44 25 78 16 171 175 113 31 157 81 196 145 179 57 55 52 106 178 3 185 40 119 90 165 14 49
741,73784,1764959463310644361,52 55 57 179 196 113 175 171 16 31 78 145 92 129 82 25 44 120 2 75 101 86 100 26 97 1 152 124 94 122 63 53 158 180 154 135 70 127 123 112 4 10 177 184 43 5 42 181 160 34 146 22 18 108 140 68 193 41 139 46 118 59 115 116 65 162 151 133 79 80 176 51 137 0 117 143 183 89 23 186 15 148 9 62 49 144 21 164 27 90 81 40 119 185 165 138 14 3 178 106
742,73307,1764959463310644362,48 160 184 42 43 116 115 139 41 193 181 34 146 22 159 18 69 108 140 68 46 0 143 183 89 23 137 186 15 9 62 144 102 49 14 178 106 185 40 119 165 90 81 31 56 113 175 171 16 78 145 179 92 82 25 44 120 75 101 86 100 26 97 1 152 2 129 57 55 52 167 37 148 124 94 176 80 79 122 63 53 158 180 154 135 70 127 162 133 151 51 109 118 59 65 149 123 112 177 54
743,71328,1764959463310644363,129 57 55 52 185 40 119 90 165 106 178 3 14 144 49 102 62 9 148 15 186 137 23 89 183 143 117 0 46 68 140 108 69 18 22 146 159 193 41 139 115 5 42 181 34 160 54 177 10 184 84 112 149 131 43 116 65 59 118 51 176 80 79 133 151 162 123 127 70 135 154 180 63 94 121 53 100 26 86 75 101 1 97 152 2 82 120 44 25 16 171 175 113 56 31 81 196 145 78 92
744,73757,1764959463310644364,177 54 184 43 65 116 42 160 34 181 41 193 159 146 22 18 139 115 46 117 0 143 183 89 186 23 137 148 9 62 102 49 144 14 138 165 119 40 90 81 157 196 185 106 178 52 55 179 145 78 31 56 113 175 171 16 25 44 120 82 92 57 129 2 152 124 94 121 100 26 97 1 101 75 86 53 158 154 180 133 79 63 122 80 176 151 162 72 51 118 59 149 131 35 123 135 70 127 112 4
745,70762,1764959463310644365,145 179 55 57 92 129 25 44 120 2 75 101 86 100 26 97 1 152 124 94 79 63 53 158 180 154 135 70 127 123 112 4 84 184 177 54 48 160 34 181 42 5 43 116 65 47 131 149 151 162 133 80 176 51 118 59 115 46 68 139 41 193 159 146 22 18 108 140 93 117 0 143 183 89 23 137 148 9 62 144 14 102 49 3 178 106 52 185 40 165 90 81 196 157 31 113 175 171 16 78
746,74213,1764959463310644366,129 92 145 78 16 171 175 113 56 31 196 81 40 90 165 185 14 144 102 62 9 15 148 49 178 106 52 55 57 167 124 94 63 122 79 133 151 162 123 149 131 65 116 43 42 115 139 68 46 118 59 51 80 176 137 23 186 114 89 183 153 0 143 117 108 18 22 159 193 41 181 146 34 160 184 54 177 112 127 70 135 154 180 158 53 86 75 101 26 100 121 189 152 74 97 1 2 120 44 25
747,73014,1764959463310644367,54 160 42 5 116 65 47 43 184 177 4 112 123 127 194 135 70 154 180 53 86 100 26 97 152 1 101 75 2 120 44 25 129 92 145 78 16 171 175 113 31 196 81 90 165 40 185 57 55 52 106 14 178 49 102 144 62 9 15 37 148 124 94 63 79 133 151 162 149 59 118 109 51 80 176 137 23 186 89 183 143 0 46 68 117 93 140 108 18 69 139 198 115 41 193 159 22 146 181 34
748,75320,1764959463310644368,149 123 112 84 184 160 34 146 22 18 159 181 42 43 65 116 115 41 193 139 46 0 143 183 89 186 15 9 62 144 102 49 178 106 138 14 21 7 164 27 90 81 157 196 40 119 165 185 52 55 179 145 78 31 113 175 171 16 25 44 120 129 92 57 167 148 137 176 80 122 94 124 189 152 1 2 75 86 101 97 26 100 121 53 158 154 70 127 135 180 136 63 79 133 162 151 72 51 118 59
749,74796,1764959463310644369,59 118 51 137 23 183 143 117 0 89 186 114 15 148 167 37 9 62 144 102 49 3 14 138 39 90 165 119 40 185 106 178 52 55 57 92 129 82 25 78 145 179 196 31 56 113 175 171 16 44 120 75 101 97 1 2 152 121 53 86 100 26 189 94 124 176 80 133 151 79 63 180 154 135 70 127 123 112 4 177 54 184 35 131 149 65 116 43 42 181 160 34 22 159 193 41 139 68 46 115
750,74104,1764959463310644370,122 176 137 89 183 143 0 46 68 139 115 41 193 159 18 22 146 195 181 34 54 177 160 42 5 43 116 65 149 131 184 84 112 123 135 133 151 162 59 118 51 80 79 180 154 53 100 26 97 86 75 101 1 152 2 129 92 120 44 25 16 171 175 113 31 157 81 196 78 145 179 57 52 55 178 3 106 185 40 119 165 39 90 27 164 7 21 138 14 144 49 102 62 9 15 148 167 94 124 63
751,75444,1764959463310644371,158 136 63 180 154 135 70 127 162 123 112 4 177 54 160 184 131 149 47 77 43 42 34 22 18 159 193 41 139 46 115 116 65 59 118 51 72 151 133 79 80 176 137 0 117 143 183 89 23 186 15 9 62 144 14 138 165 90 119 40 185 106 178 3 49 102 37 148 167 124 94 189 152 129 55 52 57 92 145 196 81 113 175 171 16 31 78 25 44 120 2 1 101 75 86 97 26 100 121 53
752,73514,1764959463310644372,160 34 181 146 22 159 18 108 140 93 68 139 193 41 115 46 0 117 143 183 89 23 137 186 15 148 124 94 122 79 63 189 152 97 1 2 129 55 52 106 178 3 14 144 62 9 49 57 92 78 145 179 196 185 40 119 165 39 27 90 81 31 56 113 175 171 16 25 44 82 120 75 101 86 26 100 121 53 158 180 154 135 127 123 162 151 133 80 176 51 118 59 149 131 65 116 43 42 184 54
753,75253,1764959463310644373,145 78 16 171 175 113 56 31 196 81 40 90 27 164 39 165 185 55 52 106 178 3 138 14 49 102 155 144 62 9 37 148 15 114 186 23 89 183 51 118 59 65 116 43 115 139 46 0 117 143 93 140 108 18 22 159 193 41 34 160 42 184 177 4 112 127 70 154 135 123 131 149 162 151 133 79 80 176 137 122 63 180 53 97 1 101 75 86 26 100 94 152 2 120 44 25 129 92 57 179
754,72678,1764959463310644374,41 193 159 146 22 18 108 93 117 143 0 46 68 139 115 59 72 162 133 79 63 94 180 135 70 154 158 53 121 100 26 86 101 1 97 152 2 75 120 129 92 57 55 52 106 178 40 185 179 145 78 25 44 16 171 175 113 31 196 81 90 165 138 14 144 49 102 9 62 148 15 186 89 183 23 137 176 80 151 51 118 116 65 47 43 131 149 123 127 112 84 184 10 177 54 160 34 181 42 5
755,75891,1764959463310644375,154 135 70 158 53 63 122 79 80 176 51 118 115 23 137 94 100 26 97 152 1 101 86 75 2 129 82 120 25 44 16 171 175 113 56 157 196 31 78 145 92 57 179 40 119 81 90 165 185 14 144 49 178 106 52 55 167 148 102 62 9 15 186 89 183 143 0 117 93 140 68 46 139 41 193 159 108 18 22 34 160 177 4 112 84 35 184 42 43 116 65 131 149 123 59 72 151 162 133 180
756,74687,1764959463310644376,176 80 51 151 162 123 149 131 65 116 59 118 115 46 0 89 183 143 117 139 43 160 42 41 193 159 22 34 48 54 30 177 10 190 184 35 84 4 112 29 127 70 135 154 63 79 133 180 53 100 26 97 152 1 101 86 75 2 120 44 25 82 129 92 145 78 16 171 175 113 56 31 179 57 55 52 185 40 196 81 90 165 138 14 144 62 9 102 49 3 178 106 167 124 94 148 15 186 23 137
757,73466,1764959463310644377,102 49 178 106 52 55 57 179 145 92 129 82 44 25 16 171 175 113 31 78 157 196 81 90 27 165 119 40 185 138 14 144 15 186 89 183 23 137 176 80 63 79 133 162 151 51 118 59 149 131 65 116 43 42 41 193 139 115 46 0 143 18 22 146 159 181 34 160 48 54 177 10 184 84 112 123 127 70 135 154 180 53 100 26 86 101 75 120 2 1 97 189 121 94 124 152 167 148 9 62
758,75083,1764959463310644378,79 80 176 51 151 162 59 118 115 42 160 181 159 41 193 139 68 46 137 122 63 94 148 167 124 189 121 136 53 158 86 75 101 1 100 26 97 152 2 82 129 57 55 179 92 145 78 120 44 16 171 175 113 56 31 157 196 81 90 165 119 40 185 52 106 178 3 14 49 102 144 62 9 15 186 23 89 183 143 0 117 93 108 18 22 34 54 184 43 116 65 131 149 123 127 70 135 154 180 133
759,73222,1764959463310644379,171 175 113 31 78 145 92 57 55 52 185 119 40 81 90 165 106 178 3 49 14 144 102 62 9 148 15 114 186 89 183 143 117 0 23 137 51 176 80 79 133 162 151 118 59 65 47 116 43 42 5 115 46 68 139 41 193 181 159 108 18 22 146 34 160 54 177 184 4 112 84 35 131 149 123 127 194 135 70 154 158 53 121 180 63 94 97 26 100 86 75 101 1 152 2 129 120 25 44 16
760,73025,1764959463310644380,170 117 0 46 68 139 108 18 159 22 146 34 160 48 54 177 10 4 112 84 35 184 43 42 181 193 41 115 116 47 131 149 65 59 118 51 176 79 80 133 151 162 123 127 194 135 70 154 180 53 63 94 148 9 62 102 49 3 178 106 52 55 57 129 2 152 1 97 26 86 101 75 120 44 16 171 175 113 31 78 145 92 179 185 119 40 196 81 90 165 14 144 15 186 137 23 89 183 153 143
761,73105,1764959463310644381,49 14 178 106 52 55 57 92 129 2 1 97 152 94 124 148 15 186 89 183 143 0 137 51 176 80 63 79 133 151 162 59 118 46 115 5 42 181 193 41 139 68 117 93 108 69 18 159 22 146 103 34 160 54 177 184 43 116 65 47 149 131 35 112 123 127 70 135 154 180 53 121 100 26 86 101 75 120 44 25 78 16 171 175 113 31 145 179 196 81 40 119 185 165 90 27 164 144 62 9
762,73042,1764959463310644382,122 63 79 133 135 70 127 123 162 151 72 59 118 115 46 139 41 42 116 65 149 43 184 190 10 177 54 160 34 146 22 159 193 18 108 140 93 68 117 0 143 183 89 23 186 15 9 62 144 14 138 165 185 40 119 90 81 196 31 113 175 171 16 78 25 44 120 75 86 158 154 180 53 121 100 26 97 101 1 152 2 129 92 145 179 57 55 52 106 178 49 102 148 167 124 94 137 51 176 80
763,73287,1764959463310644383,70 135 154 180 158 53 136 182 121 100 26 189 94 124 152 97 86 75 101 1 2 120 44 25 16 171 175 113 31 196 81 90 165 119 40 185 179 145 78 92 129 57 55 52 106 178 3 14 49 144 62 9 148 15 114 186 89 183 23 137 176 80 63 79 133 151 51 118 0 143 117 46 59 65 116 43 115 139 18 22 159 193 41 5 42 181 34 160 48 54 177 10 184 84 112 131 149 162 123 127
764,74522,1764959463310644384,143 117 68 139 43 116 65 131 149 123 162 72 59 118 51 151 133 79 80 176 137 23 186 9 62 102 49 144 14 138 3 178 106 185 40 119 165 39 164 27 90 81 196 31 113 175 171 16 44 120 25 78 145 179 55 52 57 92 129 152 1 97 26 100 86 101 75 2 167 37 148 124 94 122 63 121 53 180 154 135 70 127 112 4 190 10 177 54 160 184 42 34 146 22 193 41 115 46 0 183
765,74325,1764959463310644385,179 145 78 196 81 31 113 175 171 16 25 44 120 2 1 97 101 75 86 26 100 121 53 158 154 135 123 149 131 184 10 177 54 48 34 160 42 43 65 116 115 139 41 193 159 22 18 108 140 93 68 46 118 59 162 151 51 0 117 143 183 89 186 23 137 176 80 79 133 180 63 94 124 148 152 129 82 92 57 55 52 106 178 3 49 102 62 9 15 144 14 138 39 27 90 165 8 119 40 185
766,73201,1764959463310644386,102 49 178 106 52 55 57 129 92 179 145 78 120 2 152 1 97 26 100 121 189 124 94 63 122 79 80 176 137 23 186 114 89 183 143 0 117 46 118 59 115 139 41 193 159 18 22 34 160 181 42 116 65 149 131 43 48 54 177 10 184 84 4 112 123 127 70 135 162 151 133 180 154 158 53 86 101 75 44 25 16 171 175 113 56 31 196 81 90 40 185 119 165 138 14 144 15 148 9 62
767,71846,1764959463310644387,102 62 9 15 37 148 124 94 63 79 80 176 137 23 89 183 143 170 0 117 68 46 139 108 18 22 159 193 41 181 34 54 177 10 190 4 112 84 184 48 160 42 43 65 116 115 118 59 149 123 162 151 133 135 70 154 180 53 121 100 26 86 75 101 1 97 152 2 120 82 44 25 16 171 175 113 56 31 78 145 196 81 90 165 119 40 185 179 129 92 57 55 52 106 178 3 138 14 144 49
768,74337,1764959463310644388,101 97 26 100 86 75 2 129 120 44 16 171 175 78 145 92 57 55 52 185 40 165 106 178 14 144 49 102 62 9 15 148 137 23 186 89 183 143 0 117 93 140 108 18 22 146 195 181 159 193 41 139 198 68 46 118 51 176 80 122 63 79 133 162 151 72 59 65 47 116 115 5 42 43 149 131 35 84 184 160 34 54 177 10 190 4 112 123 127 70 135 154 180 158 53 121 94 124 152 1
769,72562,1764959463310644389,176 137 23 186 89 0 117 143 183 114 15 62 9 148 167 152 97 1 2 129 57 92 55 52 178 49 102 144 14 106 185 40 165 27 90 81 196 179 145 78 16 171 175 113 56 31 25 44 120 75 101 86 100 26 94 53 158 180 154 135 70 127 123 149 112 4 84 184 10 177 54 48 160 34 181 42 43 131 47 65 116 115 139 41 193 159 22 18 108 68 46 118 59 51 151 162 133 79 63 80
770,73242,1764959463310644390,2 75 101 1 152 97 26 100 86 53 158 180 154 135 70 127 162 151 133 80 176 51 118 59 116 65 47 131 149 123 112 4 10 190 177 30 54 184 160 34 181 42 43 115 41 193 22 18 139 46 68 117 143 0 153 183 89 23 137 186 15 62 9 148 79 63 94 124 167 49 144 14 138 3 178 106 52 55 57 92 179 185 40 119 165 27 90 81 145 78 31 56 113 175 171 16 25 44 120 129
771,71712,1764959463310644391,117 93 140 108 18 22 159 193 41 115 139 68 46 118 59 65 116 5 42 181 34 160 54 177 10 4 112 84 184 43 131 149 123 127 194 135 70 154 180 63 94 121 53 86 100 26 97 152 1 101 75 2 120 44 25 129 57 92 145 78 16 171 175 113 56 31 157 196 81 90 165 119 40 185 55 52 106 178 3 49 14 144 62 9 148 15 186 23 137 176 80 79 133 162 151 51 89 183 143 0
772,72540,1764959463310644392,94 124 148 137 176 80 122 79 133 151 162 135 127 123 149 131 112 4 190 10 177 184 54 30 48 34 160 42 5 43 116 65 59 115 46 68 139 41 193 159 22 18 108 93 117 0 143 183 89 23 186 15 9 62 144 102 49 14 165 27 90 81 196 157 31 56 113 175 171 16 44 25 78 145 185 40 119 106 178 52 55 57 92 129 120 2 152 97 1 101 75 86 26 100 121 53 158 154 180 63
773,73203,1764959463310644393,177 54 184 160 34 22 18 108 159 193 41 139 68 46 0 117 143 183 89 23 186 114 64 15 9 62 144 14 21 164 27 90 81 196 113 175 171 16 31 78 25 44 120 2 75 101 86 53 100 26 97 1 152 129 92 145 57 55 52 185 40 119 165 106 178 3 49 102 148 167 124 94 63 180 154 135 70 127 123 162 151 133 79 80 176 137 51 118 59 115 5 42 43 116 65 131 149 112 4 10
774,74115,1764959463310644394,178 3 138 14 144 102 49 52 55 57 92 179 145 78 82 129 152 189 94 124 167 148 37 9 62 15 186 23 89 183 153 0 143 117 68 46 51 118 59 65 116 43 42 5 115 139 41 193 159 22 146 34 160 48 54 177 184 131 149 35 112 127 123 162 151 133 176 137 80 79 63 180 135 70 154 158 53 121 100 26 86 75 101 97 1 2 120 44 25 16 171 175 113 31 196 40 90 165 185 106
775,72787,1764959463310644395,59 65 116 43 42 41 193 139 115 46 137 148 37 9 62 102 49 14 144 15 186 23 89 183 143 0 117 93 108 18 22 146 181 34 160 54 177 10 184 84 4 112 123 162 151 133 127 70 135 154 180 53 86 101 100 26 97 152 1 75 2 120 44 25 129 92 57 179 145 78 16 171 175 113 56 31 157 196 81 40 119 185 165 90 27 39 138 3 178 106 52 55 167 124 94 63 79 80 176 51
776,71611,1764959463310644396,97 1 101 75 86 26 100 53 180 154 135 70 127 123 112 4 177 54 48 34 160 184 43 116 65 149 162 133 151 51 118 59 115 5 42 181 22 159 193 41 139 46 68 18 108 140 93 117 0 143 183 89 186 23 137 176 80 79 122 63 94 124 148 9 62 102 49 178 106 138 14 144 21 164 27 90 39 165 119 40 81 196 179 185 52 55 57 129 92 145 78 31 113 175 171 16 44 120 2 152
777,73650,1764959463310644397,22 159 193 41 139 115 46 0 143 183 89 186 23 137 94 80 176 51 59 162 151 133 79 122 63 121 100 26 97 1 152 129 92 57 167 148 9 62 144 102 49 178 14 138 165 39 27 90 40 185 106 52 55 179 145 78 196 81 31 56 113 175 171 16 25 44 120 82 2 75 101 86 53 158 180 154 135 70 127 123 112 4 84 190 10 177 54 34 160 184 35 131 149 47 65 116 43 5 42 181
778,75094,1764959463310644398,184 35 84 190 10 177 54 160 34 181 42 41 193 22 18 117 143 183 89 23 186 114 144 14 49 102 62 9 15 137 0 46 139 115 43 105 116 65 47 131 149 123 162 151 59 118 51 176 80 133 79 63 94 124 148 37 167 152 129 55 52 106 178 3 165 90 81 40 185 57 92 145 78 31 113 175 171 16 25 44 120 2 1 101 75 86 100 26 97 189 121 53 158 180 154 135 70 127 112 4
779,72532,1764959463310644399,185 196 81 90 40 119 165 138 14 49 102 144 62 9 37 148 15 186 23 89 183 143 117 93 140 68 46 0 137 51 176 80 124 94 63 79 133 151 162 123 131 149 59 118 116 65 47 43 42 115 139 41 193 159 69 108 18 22 146 34 160 48 54 177 184 112 127 135 154 180 53 121 100 86 75 101 1 26 97 152 2 120 44 25 16 171 175 113 56 31 78 145 92 129 57 55 52 106 178 3
780,74625,1764959463310644400,102 148 167 124 152 97 1 2 82 129 92 78 145 179 57 55 52 178 106 185 165 90 40 196 31 56 113 175 171 16 25 44 120 75 101 86 26 100 121 53 158 154 70 135 194 180 63 94 122 79 133 151 162 123 127 112 149 131 184 54 160 34 146 22 159 18 108 69 140 93 117 68 46 139 115 41 193 181 42 43 116 47 65 59 118 51 80 176 137 23 0 143 183 89 186 9 62 144 14 49
781,72005,1764959463310644401,78 145 196 81 90 165 119 40 185 52 57 55 106 178 3 49 14 144 62 9 148 15 186 23 89 183 143 117 0 137 176 51 118 59 65 116 43 115 139 198 46 68 93 140 108 69 18 22 146 195 159 193 41 42 181 34 160 184 48 54 177 4 112 123 162 151 133 79 80 122 63 180 154 135 70 158 53 121 94 124 152 1 97 26 100 86 101 75 2 129 92 120 44 25 16 171 175 113 56 31
782,73648,1764959463310644402,193 41 159 22 34 54 177 10 190 4 112 184 160 42 43 105 116 65 47 131 149 123 162 127 135 70 154 180 158 53 86 101 1 75 2 152 97 26 100 121 63 122 79 133 151 176 80 94 124 148 167 57 92 129 120 44 16 171 175 113 31 78 145 179 55 52 185 40 81 90 165 106 178 14 144 49 102 62 9 15 186 89 183 23 137 51 109 118 59 115 139 68 46 0 143 117 93 108 69 18
783,73637,1764959463310644403,46 115 59 149 123 127 70 135 162 151 133 180 154 53 63 79 51 118 137 176 80 94 124 167 129 2 152 97 1 101 26 100 86 75 120 44 25 16 171 175 113 56 31 81 90 165 119 40 196 179 145 78 92 57 55 52 185 106 178 49 14 144 102 62 9 37 148 15 114 186 23 89 183 153 0 143 117 93 140 108 18 159 22 146 34 48 54 177 10 184 131 65 116 43 160 181 42 41 193 139
784,73539,1764959463310644404,152 2 82 120 44 25 16 171 175 113 31 78 145 179 92 129 57 55 52 185 40 81 90 165 138 14 106 178 49 102 144 62 9 15 148 167 124 94 80 176 51 137 23 186 89 183 143 117 0 46 115 59 116 5 42 181 193 41 139 68 93 140 108 69 18 159 22 34 160 54 177 184 43 65 149 131 112 123 127 70 135 154 180 162 151 133 79 122 63 136 158 53 121 100 26 86 75 101 1 97
785,72425,1764959463310644405,127 123 162 151 133 79 80 176 137 51 118 59 116 65 149 131 35 184 84 112 4 10 177 54 160 43 5 42 181 34 146 22 18 159 193 41 139 115 46 68 117 0 143 183 89 148 9 62 102 144 14 21 7 164 165 119 40 90 81 196 157 31 113 175 171 16 44 120 25 78 145 179 185 106 178 3 49 52 55 57 92 129 2 152 97 1 101 75 86 100 26 124 94 63 180 53 158 154 135 70
786,75147,1764959463310644406,145 78 25 44 120 129 2 75 86 101 1 152 97 26 100 121 53 70 127 112 4 84 35 123 135 154 180 63 94 124 148 186 23 137 118 59 51 176 80 79 133 151 162 65 116 43 5 42 184 160 48 177 54 30 34 22 193 41 139 115 46 117 143 0 153 183 89 114 15 9 62 102 144 21 7 164 27 90 81 196 157 56 113 175 171 16 31 179 40 165 185 106 14 49 3 178 52 55 57 92
787,73914,1764959463310644407,159 41 193 18 69 108 68 46 93 117 0 143 183 89 137 176 51 118 59 151 133 79 80 148 15 9 62 102 144 21 164 90 165 138 14 49 3 178 106 52 55 57 129 92 179 185 119 40 81 196 145 78 31 56 113 175 171 16 25 44 120 2 1 101 75 86 26 97 152 124 94 63 121 53 180 154 70 135 194 162 123 127 112 4 177 184 43 149 65 116 115 139 5 42 160 54 34 181 146 22
788,74024,1764959463310644408,196 81 90 27 39 165 119 40 185 57 55 52 106 178 3 49 102 14 144 62 9 15 186 23 89 183 137 176 51 118 59 115 139 46 0 143 117 18 22 146 34 54 10 177 48 160 181 159 193 41 5 42 184 43 116 65 47 131 149 123 127 162 151 133 79 80 148 124 94 63 180 154 135 70 53 121 189 152 1 97 100 26 86 101 75 2 120 129 92 82 44 25 78 145 31 175 171 16 113 56
789,73742,1764959463310644409,135 162 133 151 59 118 115 43 116 65 47 131 149 123 112 4 84 190 10 177 184 42 5 181 160 48 54 30 34 146 22 18 108 69 159 193 41 139 68 46 0 117 143 183 89 23 186 148 167 57 92 129 120 44 78 16 171 175 113 31 81 196 145 179 55 52 106 185 40 90 165 138 3 178 49 14 144 102 62 9 15 137 51 176 80 79 63 94 152 1 2 75 101 97 26 100 86 53 180 154
790,71300,1764959463310644410,171 16 25 44 120 2 152 97 1 101 75 86 26 100 53 158 154 180 79 133 151 162 135 70 127 123 149 131 43 116 47 65 59 51 118 115 46 68 139 193 41 42 181 160 184 84 112 4 10 177 54 34 146 22 159 18 69 108 140 93 117 0 143 183 89 186 23 137 176 80 63 94 124 148 9 62 144 21 164 90 165 119 40 185 106 178 14 49 52 55 57 129 92 179 145 78 31 56 113 175
791,74059,1764959463310644411,136 121 189 124 167 2 152 97 1 101 26 100 86 75 120 44 25 16 171 175 113 56 31 81 196 179 145 78 92 57 129 55 52 178 106 185 40 119 90 165 138 14 144 49 102 62 9 148 94 80 176 51 137 23 186 89 183 143 0 117 108 18 69 139 41 193 159 22 34 181 42 5 115 46 118 59 149 131 65 116 43 184 160 54 177 112 123 127 70 135 162 151 133 79 122 63 180 154 158 53
792,75548,1764959463310644412,148 15 9 62 102 49 14 144 21 164 90 81 196 157 85 56 113 175 171 16 31 78 145 179 91 185 40 119 165 3 178 106 52 55 57 92 129 82 25 44 120 2 75 86 101 1 26 100 121 53 158 180 154 135 127 123 162 133 151 59 65 116 43 42 184 10 177 54 160 34 181 41 115 139 193 22 18 117 143 183 89 186 23 137 0 68 46 118 51 176 80 79 63 94 124 189 97 152 167 37
793,75517,1764959463310644413,51 151 162 133 80 79 63 180 135 70 154 53 100 26 86 101 75 120 44 25 92 145 78 16 171 175 113 31 196 81 90 27 165 39 95 164 7 21 14 144 62 9 15 148 37 102 49 178 3 138 119 40 185 106 52 55 179 57 129 2 1 97 152 124 94 176 137 23 186 89 183 143 117 93 108 18 139 68 46 198 115 41 193 22 34 160 54 184 43 42 5 116 35 112 127 123 149 131 65 59
794,74642,1764959463310644414,176 151 162 133 79 180 154 70 135 194 127 123 112 4 10 177 54 160 184 35 43 42 181 34 22 159 193 41 139 117 143 0 46 115 116 65 59 118 51 137 23 183 89 186 15 148 37 9 62 102 49 3 178 106 14 144 21 7 164 90 165 40 185 52 55 57 92 129 25 78 145 196 81 157 31 56 113 175 171 16 44 120 75 101 86 121 53 100 26 97 1 2 152 19 189 124 94 63 122 80
795,74264,1764959463310644415,43 35 184 177 54 34 103 146 22 159 18 108 139 68 46 0 117 143 183 89 186 23 137 51 118 59 151 133 176 80 79 63 94 124 189 100 26 97 1 152 2 82 129 92 57 55 52 49 148 9 62 102 144 14 138 3 178 106 185 40 119 165 90 81 31 56 113 175 171 16 78 145 44 120 75 101 86 121 136 53 158 180 154 135 70 127 123 162 149 131 65 116 115 96 41 193 181 160 42 5
796,73735,1764959463310644416,175 113 31 157 196 81 90 21 144 62 9 102 49 14 178 106 165 119 40 185 179 145 78 92 57 55 52 167 148 15 114 23 186 89 183 143 117 108 18 22 146 34 160 54 184 84 112 127 123 149 131 47 65 116 43 5 42 181 159 193 41 139 68 46 115 118 59 51 137 124 94 63 79 80 176 151 133 162 135 70 154 180 158 53 100 26 86 75 101 1 97 152 2 129 82 120 44 25 16 171
797,73129,1764959463310644417,159 193 41 42 181 22 146 103 34 160 48 54 177 10 184 43 116 65 59 118 51 151 80 176 137 148 124 94 63 79 133 162 149 131 123 127 70 135 154 180 53 121 100 26 86 75 101 97 1 152 2 120 44 129 92 57 55 52 106 178 3 49 14 138 165 119 40 185 196 179 145 78 25 16 171 175 113 56 31 157 81 90 164 21 144 62 9 15 186 23 89 183 0 46 115 139 68 140 108 18
798,73071,1764959463310644418,92 25 44 120 82 129 2 75 86 101 1 97 26 100 121 53 158 180 154 135 127 123 162 133 151 72 118 59 149 131 65 116 43 42 41 193 159 181 160 184 10 177 54 48 34 146 22 18 108 69 139 115 46 68 117 0 143 183 89 23 137 109 51 176 80 79 63 94 152 167 148 9 62 144 14 138 102 49 178 106 52 55 57 185 40 165 90 81 196 157 31 85 56 113 175 171 16 78 145 179
799,75506,1764959463310644419,133 79 122 94 63 180 53 121 189 100 26 97 101 1 152 2 129 57 92 55 52 185 40 165 138 14 3 106 178 49 102 62 9 37 148 15 144 21 90 81 196 31 113 56 175 171 16 78 145 25 44 82 120 75 86 158 154 135 70 127 123 112 4 10 177 184 149 162 151 72 118 59 65 116 115 193 41 43 42 181 160 54 34 146 22 18 108 139 68 46 0 143 183 89 186 23 137 51 176 80
800,72898,1764959463310644420,57 129 2 152 97 1 101 75 86 26 100 121 53 158 180 154 70 135 79 133 151 162 123 127 112 184 177 10 54 48 160 34 181 146 22 18 108 117 143 170 0 46 68 139 115 41 193 159 42 43 116 65 47 131 149 59 118 109 51 176 80 122 63 94 124 137 23 183 89 186 114 15 148 9 62 144 14 49 178 106 52 55 185 40 165 90 81 31 113 175 171 16 25 44 120 82 78 179 145 92
801,75028,1764959463310644421,68 140 108 18 22 193 41 181 42 43 184 160 34 48 54 177 4 112 127 70 135 154 180 158 53 100 26 1 101 86 75 120 44 25 78 16 171 175 113 31 157 196 145 179 40 119 81 90 27 39 165 185 106 14 144 62 9 102 49 3 178 52 55 57 92 129 2 152 97 63 122 79 94 124 167 148 89 183 143 0 137 176 80 151 133 162 123 149 131 47 65 116 59 72 51 109 118 115 139 46
802,73176,1764959463310644422,186 114 23 137 176 80 133 79 122 94 124 152 2 148 15 62 9 144 102 49 14 165 90 81 40 185 106 178 52 55 57 92 179 145 78 31 56 113 175 171 16 25 44 82 129 120 75 101 1 97 86 26 100 121 63 180 53 158 154 135 70 127 123 162 151 51 118 59 116 65 149 131 112 4 10 177 54 34 160 48 184 43 42 181 193 41 159 22 18 108 139 115 46 68 117 143 0 153 183 89
803,73125,1764959463310644423,10 177 184 35 84 4 112 123 127 70 135 180 154 158 53 121 189 152 97 26 100 86 75 101 1 2 129 92 57 179 145 120 44 25 78 31 16 171 175 113 56 157 196 81 185 40 119 165 90 164 21 144 14 49 178 106 52 55 102 62 9 15 148 124 94 137 23 186 89 183 143 0 46 139 115 116 65 59 118 51 176 80 79 63 133 151 162 149 131 43 42 181 41 193 159 18 22 34 160 54
804,73003,1764959463310644424,124 94 97 152 2 129 57 55 49 102 62 9 144 14 178 106 52 92 78 145 179 196 185 40 119 165 39 27 90 81 31 56 113 175 171 16 25 44 120 75 1 101 86 26 100 53 158 180 154 70 135 162 133 79 63 80 176 151 51 118 59 65 47 131 149 123 127 112 35 116 43 184 177 54 160 34 146 22 18 108 69 159 193 41 42 5 115 139 46 68 117 0 143 183 89 23 137 186 15 148
805,73243,1764959463310644425,72 51 109 0 117 170 143 183 89 186 114 23 137 176 80 94 152 167 148 15 9 62 144 102 49 14 138 3 178 55 52 106 185 40 165 90 81 196 179 57 92 145 78 31 56 113 175 171 16 25 44 120 129 2 75 86 101 1 97 26 100 53 154 70 135 180 63 79 133 151 162 127 123 149 131 65 116 42 43 35 84 112 4 184 177 54 160 34 146 22 18 159 193 41 139 68 46 115 118 59
806,75889,1764959463310644426,124 94 63 122 79 133 162 151 51 80 176 137 9 62 102 49 138 3 178 52 55 106 185 196 78 145 179 57 92 129 120 44 25 31 16 171 175 113 56 81 90 40 119 165 39 164 21 14 144 15 114 186 23 89 183 0 46 115 118 59 65 47 116 105 43 42 41 139 68 108 18 193 159 22 34 160 184 84 112 35 131 149 123 127 70 135 154 180 53 100 26 97 1 101 86 75 2 152 167 148
807,73749,1764959463310644427,151 162 123 127 194 135 70 154 180 94 124 189 121 53 100 26 97 1 86 101 75 120 44 25 78 16 171 175 113 31 145 179 57 55 52 106 178 3 49 102 9 62 144 14 138 165 27 90 81 40 185 92 129 2 152 167 148 137 23 89 183 143 0 117 93 140 68 46 139 163 108 69 18 22 159 193 41 181 42 43 184 160 34 54 177 112 131 149 65 116 115 59 118 51 176 80 122 63 79 133
808,73739,1764959463310644428,101 1 2 129 120 44 25 16 171 175 113 56 31 78 145 92 57 55 52 185 119 40 81 90 27 39 165 106 178 14 144 49 102 62 9 15 186 89 183 143 117 0 23 137 148 167 152 124 94 189 136 182 63 79 133 151 162 80 176 51 118 59 115 139 41 193 159 18 22 146 181 34 160 48 54 177 184 42 43 116 65 47 149 131 35 112 123 127 70 135 154 180 158 53 121 100 26 97 86 75
809,73033,1764959463310644429,80 79 133 180 53 158 154 135 127 123 131 149 162 151 51 118 59 115 46 68 139 41 193 159 42 43 116 65 184 84 112 4 10 177 54 160 34 181 146 22 18 108 93 117 0 143 183 89 137 148 124 94 152 129 92 57 55 52 185 106 178 49 102 9 62 144 14 164 27 90 39 165 119 40 81 196 179 145 78 31 113 175 171 16 25 44 120 2 75 86 101 1 97 26 100 121 182 63 122 176
810,73011,1764959463310644430,151 162 133 154 135 70 127 123 149 131 43 184 190 10 177 54 34 22 181 160 42 41 193 159 18 139 198 115 116 65 118 59 46 68 140 93 117 0 143 183 89 23 137 186 114 15 148 37 9 62 144 14 102 49 178 106 52 55 57 129 92 145 179 185 40 165 39 164 27 90 81 196 78 31 56 113 175 171 16 25 44 120 2 152 1 97 26 100 101 75 86 53 158 180 94 63 79 80 176 51
811,73612,1764959463310644431,21 138 14 49 178 106 52 55 57 92 129 2 152 1 97 26 100 63 79 94 124 167 148 37 102 144 62 9 15 114 186 89 183 143 117 93 0 153 23 137 176 80 133 151 162 149 131 65 116 43 42 159 193 41 139 115 59 118 51 46 68 18 22 146 34 160 48 54 177 184 35 84 112 123 127 70 135 154 180 158 53 86 101 75 120 44 25 16 171 175 113 31 78 145 179 185 40 165 90 164
812,73694,1764959463310644432,62 9 102 49 178 106 52 55 167 148 15 114 186 23 89 183 137 51 59 65 116 149 131 43 42 41 193 139 115 198 46 68 0 143 117 108 18 22 34 160 184 48 54 177 10 190 4 112 127 123 162 151 133 79 122 80 176 124 94 189 63 135 70 154 180 53 121 100 26 86 75 101 1 97 152 2 82 129 57 92 145 78 120 44 25 16 171 175 113 56 31 81 90 119 40 185 165 138 14 144
813,71667,1764959463310644433,135 127 123 162 133 151 51 59 118 46 68 139 115 41 5 42 43 116 65 47 149 131 184 190 10 177 54 48 160 34 181 146 22 159 193 18 69 108 140 93 117 0 143 183 89 23 137 176 80 79 63 94 152 97 1 101 2 129 92 57 55 52 49 102 148 9 62 144 14 3 178 106 185 40 119 165 27 90 81 196 157 179 145 78 31 56 113 175 171 16 44 120 75 86 26 100 121 53 180 154
814,72826,1764959463310644434,178 106 52 55 185 40 165 90 81 196 31 113 175 171 16 44 25 78 145 179 57 92 129 120 75 86 53 158 154 135 70 127 112 4 84 184 177 54 48 34 160 42 5 43 116 65 131 149 123 162 133 151 59 51 118 115 41 193 159 22 18 108 139 46 198 68 117 0 143 183 89 186 23 137 176 80 79 122 63 180 121 100 26 97 1 101 2 152 94 148 37 15 9 62 144 102 49 14 138 3
815,74511,1764959463310644435,178 55 52 106 185 40 119 165 90 81 196 145 78 31 113 175 171 16 25 44 120 57 92 129 2 75 101 1 97 26 100 86 53 180 154 135 127 123 112 84 184 43 116 65 149 162 151 59 118 115 139 193 41 5 42 181 160 48 177 54 34 146 22 159 18 69 108 117 143 0 68 46 109 51 183 89 114 186 23 137 124 94 176 80 133 79 63 121 152 167 148 37 15 9 62 102 49 144 14 3
816,73570,1764959463310644436,144 102 49 178 106 138 14 21 164 27 90 165 119 40 185 52 179 145 78 31 113 175 171 16 44 120 75 101 86 26 100 121 158 53 180 154 70 135 133 151 162 149 123 127 112 84 35 184 190 10 177 54 34 160 43 116 65 42 181 41 193 159 22 18 108 140 93 117 68 46 139 115 59 118 0 143 183 89 23 137 176 51 80 79 122 63 94 124 152 97 1 2 129 92 57 55 148 15 9 62
817,74789,1764959463310644437,101 86 75 2 120 82 44 25 78 16 171 175 113 56 31 81 196 179 145 92 57 129 152 167 9 62 102 49 178 106 52 55 185 40 119 165 90 27 39 138 14 144 114 15 148 124 94 121 63 122 79 133 80 176 137 23 186 89 183 143 117 0 46 115 118 59 151 162 123 35 184 160 54 34 146 22 18 159 193 139 41 181 42 5 43 116 65 149 131 112 127 70 135 154 180 53 100 26 97 1
818,73368,1764959463310644438,137 176 51 109 118 59 116 65 131 149 112 84 184 10 177 54 48 160 43 5 42 181 34 103 146 195 22 18 108 69 159 193 41 115 139 68 46 0 117 143 183 89 186 9 62 144 14 106 178 49 102 37 148 167 129 92 179 57 55 52 185 40 165 90 81 196 145 78 31 113 175 171 16 25 44 120 2 152 97 1 101 75 86 26 100 63 79 80 133 151 162 123 127 135 154 180 158 53 94 124
819,73578,1764959463310644439,118 59 131 149 65 116 43 42 5 115 46 23 137 176 80 79 122 63 180 154 158 53 121 94 124 26 100 86 101 1 97 152 2 75 120 44 25 78 31 16 171 175 113 56 196 81 90 27 164 39 165 119 40 185 179 145 92 129 57 55 52 106 178 49 14 144 102 37 148 9 62 15 186 89 183 143 0 117 93 68 139 41 193 22 146 34 160 54 177 184 84 112 123 127 70 135 162 151 133 51
820,72861,1764959463310644440,14 178 106 165 39 164 27 90 81 119 40 185 52 55 57 129 92 145 179 196 157 31 56 113 175 171 16 78 25 44 120 82 2 167 148 137 176 80 51 151 133 79 122 63 94 124 152 97 1 101 75 86 26 100 121 53 180 154 70 135 162 123 127 112 184 177 54 34 160 42 5 43 116 65 59 115 46 139 41 193 159 22 18 69 108 140 93 117 0 143 183 89 23 186 15 9 62 144 102 49
821,74715,1764959463310644441,157 31 113 56 175 171 16 25 44 120 1 152 189 121 182 136 53 158 180 154 135 133 162 151 51 59 118 46 115 116 65 43 131 149 123 127 112 4 177 54 34 160 184 42 181 22 18 159 193 41 139 68 117 0 143 183 89 137 176 80 79 63 122 94 124 100 26 97 101 86 75 2 82 129 92 57 55 52 185 40 119 165 106 178 49 102 148 9 62 144 14 138 39 27 90 81 196 179 145 78
822,73303,1764959463310644442,133 80 176 51 118 46 0 143 117 108 18 22 146 159 139 68 115 59 65 116 43 42 5 41 193 181 34 160 48 54 177 184 84 4 112 123 127 70 135 154 180 158 53 121 100 26 86 97 152 2 1 101 75 120 44 25 129 55 57 92 179 145 78 16 171 175 113 56 31 196 81 27 90 165 40 185 52 106 178 3 49 102 62 138 14 144 9 15 137 23 183 89 186 148 124 94 63 79 151 162
823,73011,1764959463310644443,106 178 3 138 14 49 102 144 62 9 15 186 23 89 183 137 176 80 63 79 51 118 59 115 139 46 0 143 117 18 22 159 193 41 181 146 34 160 54 177 4 112 127 123 149 131 35 184 42 43 65 116 162 151 133 135 70 154 180 53 100 26 97 86 75 101 1 2 152 94 124 148 167 52 55 57 179 145 78 92 129 82 120 44 25 16 171 175 113 56 31 196 81 90 27 39 165 119 40 185
824,72165,1764959463310644444,1 97 26 100 180 135 70 154 53 86 101 75 2 120 44 16 171 175 113 31 145 78 25 129 92 57 196 81 90 165 40 185 55 52 106 178 3 138 14 49 102 144 62 9 148 137 23 186 89 183 143 0 46 68 117 93 140 108 18 22 146 159 193 41 139 115 118 59 65 47 116 43 5 42 181 34 160 48 54 177 184 84 112 35 131 149 123 127 162 133 151 72 51 176 80 79 63 94 124 152
825,73064,1764959463310644445,127 123 162 151 133 79 122 80 176 51 118 59 116 65 112 4 84 35 184 43 42 115 41 193 181 160 177 10 54 34 22 159 18 108 140 93 68 139 46 0 117 143 183 89 23 137 94 148 15 9 62 144 102 49 178 14 21 7 164 165 90 81 196 40 185 106 52 55 57 129 92 179 145 78 157 31 56 113 175 171 16 25 44 120 75 2 152 97 1 101 86 26 100 121 53 63 180 154 135 70
826,73053,1764959463310644446,89 114 186 23 137 176 80 151 51 59 116 65 131 149 162 133 79 122 63 94 124 148 37 167 57 55 52 106 178 3 49 102 9 62 144 14 138 185 40 119 165 90 81 196 179 145 78 31 113 175 171 16 25 44 120 82 92 129 2 152 97 26 1 101 75 86 53 158 180 154 135 70 127 123 112 84 184 177 54 34 181 160 43 42 5 41 193 159 22 18 139 115 46 68 117 143 170 0 153 183
827,73479,1764959463310644447,131 65 116 43 115 46 0 137 89 183 143 117 68 139 108 18 22 159 193 41 5 42 181 160 34 48 54 177 10 190 184 84 4 112 127 135 154 180 53 100 26 94 152 97 1 101 86 75 2 120 44 25 78 145 31 16 171 175 113 196 81 90 165 40 119 185 179 92 129 57 55 52 106 178 3 138 14 49 102 144 114 15 62 9 37 148 124 176 80 122 63 79 133 151 51 118 59 162 123 149
828,73460,1764959463310644448,84 4 112 123 162 133 151 135 70 154 180 53 86 75 101 1 97 26 124 148 9 62 102 49 144 14 138 21 164 27 90 165 119 40 81 196 185 106 178 52 55 179 145 78 31 56 113 175 171 16 44 25 120 82 92 57 129 2 152 94 63 79 80 176 51 59 118 46 0 23 137 89 183 143 117 68 139 115 116 65 47 131 149 43 5 42 181 41 193 159 22 34 160 48 54 177 190 10 184 35
829,73170,1764959463310644449,97 26 100 121 86 101 75 120 44 25 78 145 179 16 171 175 113 56 31 157 196 81 90 27 165 119 40 185 106 178 3 49 14 144 62 9 186 89 183 143 117 0 23 137 176 51 151 162 149 131 43 116 65 59 118 115 46 68 139 41 193 159 22 146 34 181 42 160 184 54 177 10 4 112 123 127 70 135 154 180 158 53 136 63 79 133 80 94 124 148 37 167 52 55 57 92 129 2 152 1
830,73192,1764959463310644450,40 119 196 81 90 27 165 138 3 178 49 14 144 102 62 9 148 23 89 183 137 176 80 79 63 94 180 133 162 151 51 109 118 59 65 47 116 43 42 5 115 46 0 143 117 68 139 41 193 159 22 146 181 34 160 48 54 177 10 4 112 84 184 131 149 123 127 135 154 158 53 121 100 26 86 75 101 1 97 152 2 120 44 25 82 78 16 171 175 113 31 145 179 92 129 57 55 52 106 185
831,73335,1764959463310644451,34 54 160 184 84 112 131 149 123 127 70 135 154 180 158 53 136 121 100 26 86 75 2 120 44 25 16 171 175 113 31 78 145 179 196 81 90 119 40 185 165 138 14 144 15 148 9 62 102 49 3 178 106 52 55 57 92 129 152 97 1 101 189 124 94 63 79 133 162 151 80 176 51 46 115 59 65 116 43 42 5 159 193 41 139 68 0 137 23 89 183 143 117 93 108 18 22 146 195 181
832,72315,1764959463310644452,140 108 18 139 46 115 118 109 51 59 65 116 43 42 181 41 193 159 22 146 34 160 48 54 177 184 35 84 112 131 149 123 127 70 135 154 180 133 162 151 176 80 79 63 94 124 152 97 26 100 121 53 86 101 1 75 2 120 44 25 78 145 31 16 171 175 113 81 90 40 196 179 129 92 57 55 52 178 106 185 165 164 7 21 14 49 102 144 62 9 148 137 23 186 89 183 143 0 117 93
833,73128,1764959463310644453,31 56 113 175 171 16 78 145 179 57 92 129 82 25 44 120 75 86 101 2 148 137 176 80 79 122 63 94 124 152 1 97 26 100 121 53 180 154 70 135 133 151 162 123 127 112 84 184 43 116 65 149 59 51 118 115 5 42 160 177 54 34 181 146 22 159 193 41 139 69 18 108 140 68 46 0 117 143 183 89 186 9 62 144 102 49 14 3 178 106 52 55 185 119 40 165 90 81 196 157
834,71991,1764959463310644454,16 171 175 113 31 145 179 57 92 129 25 44 120 75 2 152 97 1 101 86 100 26 121 94 124 80 176 51 118 59 162 151 133 79 63 53 158 180 154 135 70 127 123 149 131 47 65 116 105 43 42 115 139 41 193 159 181 184 84 112 4 190 10 177 54 48 160 34 146 22 18 108 140 68 46 0 143 183 89 23 137 148 9 62 144 49 14 138 3 178 106 52 55 185 40 165 90 81 196 78
835,73553,1764959463310644455,34 160 184 131 149 47 65 116 43 5 42 181 146 22 18 108 117 143 0 46 139 41 159 193 115 59 118 51 176 137 23 183 89 186 9 62 144 14 106 185 40 165 90 81 31 56 113 175 171 16 25 78 145 44 120 82 129 92 179 57 55 52 178 49 102 148 124 94 63 79 80 133 136 121 100 26 97 1 152 2 75 101 86 53 158 180 154 70 135 151 162 123 127 112 4 84 190 10 177 54
836,74310,1764959463310644456,14 49 102 62 9 15 148 167 152 97 1 101 26 94 124 137 23 186 89 183 143 0 117 139 41 193 22 181 42 5 115 46 51 176 80 63 79 133 151 162 59 116 65 47 43 160 34 48 54 177 184 35 84 4 112 149 131 123 127 70 135 154 180 158 53 121 100 86 75 2 82 120 44 25 145 78 16 171 175 113 31 196 81 40 119 185 57 92 129 55 52 178 106 165 90 27 164 7 21 144
837,73365,1764959463310644457,52 55 57 129 2 1 97 152 167 9 62 15 37 148 124 94 63 79 80 176 51 137 23 186 89 183 143 0 46 68 108 18 22 146 34 160 42 159 193 41 139 115 118 59 151 133 162 123 149 65 116 43 184 177 10 190 4 112 127 70 135 154 180 158 53 136 121 100 26 86 101 75 120 25 44 16 171 175 113 56 31 157 78 145 92 179 196 81 90 27 165 119 40 185 106 14 144 102 49 178
838,73976,1764959463310644458,179 145 78 25 16 171 175 113 56 31 157 196 169 81 90 165 119 40 185 52 106 178 3 14 144 49 102 62 9 15 186 23 89 183 143 0 117 108 18 139 41 193 159 22 181 42 43 160 34 54 177 10 190 184 112 123 149 65 116 115 46 118 59 151 162 135 70 154 180 158 53 136 63 122 80 79 133 51 176 137 148 167 124 94 121 100 26 97 152 1 101 86 75 2 120 44 129 92 57 55
839,73358,1764959463310644459,144 102 49 14 21 164 90 165 138 3 178 106 185 119 40 196 31 113 175 171 16 44 120 25 78 145 179 52 55 57 92 129 82 2 152 1 101 75 86 100 26 97 94 124 167 37 148 186 23 137 51 118 59 115 43 42 116 65 131 149 162 151 133 176 80 79 63 53 180 154 135 70 127 123 112 4 177 54 184 160 34 181 146 22 18 159 193 41 139 68 46 0 117 143 183 89 114 15 9 62
840,74167,1764959463310644460,7 164 90 165 40 185 52 55 57 179 196 31 113 175 171 16 78 145 92 129 82 25 44 120 2 1 101 75 86 53 154 180 133 162 151 51 59 115 116 65 47 43 131 149 123 135 70 127 112 4 190 10 177 184 54 34 160 42 181 146 22 159 193 41 139 46 0 143 183 89 23 186 114 15 137 176 80 79 63 121 100 26 97 152 189 94 124 167 106 178 3 49 37 148 9 62 102 144 14 21
841,73446,1764959463310644461,117 0 109 51 79 80 176 133 151 162 59 118 46 68 139 108 18 22 146 181 160 184 190 10 177 54 34 159 193 41 115 116 5 42 43 65 149 131 35 84 112 123 127 135 154 180 53 121 63 94 124 152 1 101 97 26 100 86 75 2 120 129 57 92 82 44 25 16 171 175 113 56 31 78 145 179 196 81 90 165 119 40 185 55 52 106 178 3 49 14 144 102 62 9 148 23 137 89 183 143
842,74037,1764959463310644462,97 1 101 86 26 100 121 53 158 154 180 63 79 133 151 80 176 51 72 162 135 70 127 123 149 59 118 65 116 43 184 177 54 48 160 34 181 42 115 46 68 139 41 193 159 22 18 108 117 0 143 183 137 23 186 15 9 62 144 14 138 185 40 119 165 27 90 81 157 56 113 175 171 16 31 78 196 179 145 92 25 44 120 75 2 129 57 55 52 106 178 3 49 102 148 124 94 189 19 152
843,71303,1764959463310644463,152 97 1 101 75 86 100 26 124 94 80 176 51 151 162 133 79 122 63 121 53 180 154 135 127 123 112 4 190 10 177 54 34 160 184 131 149 65 59 118 46 68 139 115 116 47 43 42 181 41 193 159 22 18 108 140 93 117 0 143 183 89 23 137 186 15 148 9 62 102 144 14 49 3 178 106 52 55 57 129 92 78 145 179 185 40 165 90 81 196 157 31 113 175 171 16 25 44 120 2
844,73727,1764959463310644464,53 100 26 1 97 152 2 101 86 75 120 44 25 82 129 92 78 16 171 175 113 56 31 145 179 185 165 39 119 40 196 81 90 27 164 7 21 14 3 178 106 52 55 57 167 124 94 63 79 133 151 162 59 118 51 80 176 137 148 9 62 102 49 144 186 89 183 143 117 0 46 68 139 115 41 193 159 22 146 34 181 42 116 65 47 149 131 43 160 54 184 84 112 123 127 70 135 154 180 158
845,72958,1764959463310644465,78 31 56 113 175 171 16 44 120 2 75 101 86 53 180 154 135 70 127 123 112 84 184 10 177 54 48 34 160 43 5 42 181 146 22 18 108 69 159 193 41 139 117 143 0 46 115 118 59 116 65 47 131 149 162 151 133 80 176 51 137 23 183 89 186 9 62 102 144 14 106 178 3 49 148 124 94 79 63 121 100 26 97 1 152 129 57 55 52 185 40 165 39 27 90 81 196 179 92 145
846,73733,1764959463310644466,120 2 75 101 1 97 152 94 63 100 26 86 53 180 154 135 70 127 123 162 51 176 80 79 133 151 118 59 116 65 149 131 112 84 184 54 160 43 42 5 96 115 139 41 193 181 34 22 159 18 108 140 68 198 46 0 117 170 143 183 89 23 137 186 148 9 62 102 49 144 14 3 178 106 52 55 57 129 44 25 78 16 171 175 113 56 31 157 196 81 90 27 39 165 119 40 185 179 145 92
847,73834,1764959463310644467,89 137 0 118 59 115 198 46 68 139 41 193 159 42 184 43 116 65 131 149 162 151 51 176 80 133 79 63 94 124 167 148 15 9 62 144 102 49 14 138 32 3 178 106 185 40 119 165 90 81 196 179 52 55 57 92 129 82 145 78 31 56 113 175 171 16 25 44 120 75 86 101 2 152 1 97 26 100 121 53 180 154 135 127 123 112 4 190 10 177 54 160 34 181 146 22 18 117 143 183
848,73541,1764959463310644468,119 40 196 81 90 27 165 106 178 3 49 14 144 62 9 148 137 23 186 114 89 183 143 0 117 93 140 108 69 18 159 193 41 181 22 146 34 54 184 160 42 5 43 116 65 59 115 139 46 118 51 151 162 149 131 112 123 127 70 135 154 158 180 133 79 80 176 122 63 94 124 189 121 53 100 26 1 152 97 101 86 75 2 120 44 25 16 171 175 113 31 78 145 92 129 57 55 52 179 185
849,74170,1764959463310644469,62 144 14 49 102 37 148 167 152 1 2 129 92 57 55 52 178 3 106 185 165 39 164 27 90 40 81 196 145 78 31 56 113 175 171 16 25 44 120 75 86 101 97 26 100 121 136 53 158 154 135 70 127 123 162 133 180 124 94 63 79 80 176 151 51 109 118 59 115 42 43 116 65 149 131 184 160 48 177 10 54 34 146 22 159 18 193 41 139 46 0 143 183 89 23 137 186 114 15 9
850,72195,1764959463310644470,162 59 118 51 176 137 23 186 89 183 143 117 0 46 139 115 116 65 43 5 42 181 41 193 159 18 22 146 34 160 54 177 184 84 4 112 131 149 123 127 70 135 154 180 158 53 121 100 26 86 75 2 120 44 25 16 171 175 113 31 78 82 129 92 57 55 52 179 145 196 81 90 165 185 40 119 106 178 3 138 14 144 49 102 9 62 148 167 152 1 101 97 124 94 63 122 79 80 133 151
851,74167,1764959463310644471,145 179 52 55 57 92 129 82 44 120 2 152 1 101 75 86 97 26 100 121 94 124 148 186 23 0 46 115 118 59 162 133 151 51 137 176 80 79 63 53 158 180 154 135 70 127 123 149 131 43 116 65 35 112 84 184 177 54 160 34 42 5 181 22 159 193 41 139 18 108 117 143 183 89 15 62 9 144 102 49 14 3 178 106 185 165 39 27 90 40 81 196 31 56 113 175 171 16 25 78
852,73512,1764959463310644472,3 49 102 14 144 62 9 148 15 186 23 89 183 143 0 46 68 139 115 41 193 159 22 34 54 48 160 181 42 43 184 177 10 190 4 112 35 131 149 47 65 116 59 118 72 151 109 51 137 176 80 63 79 133 162 123 127 70 135 154 180 53 100 26 97 189 94 124 152 1 101 86 75 2 120 44 25 145 78 16 171 175 113 56 31 196 40 90 27 164 39 165 185 179 92 57 55 52 106 178
853,74703,1764959463310644473,80 176 151 162 47 65 116 43 131 149 123 135 70 127 112 84 184 160 42 181 34 22 18 159 193 41 139 68 117 143 0 46 115 59 118 51 137 23 183 89 186 114 15 9 62 144 14 138 185 40 119 165 90 81 196 31 113 175 171 16 78 25 44 120 82 129 92 145 179 57 55 52 106 178 49 102 37 148 167 2 75 86 101 1 97 152 189 124 94 122 63 121 26 100 53 158 154 180 133 79
854,72418,1764959463310644474,145 179 57 55 52 106 178 3 49 144 102 14 138 165 185 40 119 90 81 196 31 113 175 171 16 25 44 120 2 152 94 124 148 15 62 9 186 23 89 183 143 117 0 137 176 80 122 63 136 79 133 162 151 51 59 118 115 46 139 41 193 159 18 22 146 181 34 160 48 54 177 10 4 112 84 184 42 5 43 116 65 149 123 127 70 135 154 180 158 53 100 26 97 1 101 86 75 129 92 78
855,72915,1764959463310644475,181 146 22 18 108 69 159 193 41 139 115 46 0 117 170 143 183 89 186 23 137 176 148 9 62 144 14 49 178 55 52 106 3 138 21 7 164 95 27 90 165 40 185 81 196 31 113 175 171 16 78 145 92 57 129 44 120 2 75 86 101 1 97 152 124 94 26 100 121 53 180 154 135 70 127 112 4 84 35 123 162 151 133 63 79 80 51 118 59 149 65 116 43 184 177 54 48 34 160 42
856,74356,1764959463310644476,25 78 171 16 175 113 31 81 90 165 40 196 145 92 57 55 52 185 106 178 3 49 102 144 14 62 9 15 114 186 137 23 89 183 143 117 0 46 68 93 140 108 18 22 146 193 159 41 139 115 5 43 116 65 131 149 59 118 51 151 123 35 184 48 160 42 181 34 54 177 4 112 127 70 135 154 180 53 86 101 75 2 152 1 100 26 97 121 79 133 176 80 63 94 124 148 167 129 120 44
857,73689,1764959463310644477,175 171 16 25 44 120 129 2 75 86 101 1 100 26 97 152 124 94 121 53 180 154 135 70 127 123 149 65 116 43 184 177 54 34 160 42 181 159 195 146 22 18 69 108 68 46 139 193 41 115 59 118 51 151 162 133 79 63 80 176 137 148 37 167 55 52 178 49 102 62 9 15 186 23 0 117 143 183 89 144 14 138 106 185 40 165 39 27 90 81 196 157 145 179 57 92 78 31 56 113
858,72927,1764959463310644478,93 140 108 18 68 46 115 139 41 193 159 22 34 160 54 177 10 184 84 112 149 131 43 42 5 116 65 59 118 51 176 137 94 63 79 80 133 151 162 123 127 135 154 180 53 121 100 26 86 101 75 2 1 97 152 82 120 44 25 16 171 175 113 56 31 157 78 145 92 129 57 179 196 81 90 165 119 40 185 55 52 106 178 49 138 14 144 102 62 9 148 15 186 89 183 153 143 170 0 117
859,73387,1764959463310644479,22 146 34 54 177 184 160 181 42 5 43 131 149 65 116 115 41 193 139 46 118 59 151 162 123 127 135 154 180 133 79 80 122 63 121 53 86 26 97 1 101 75 120 44 25 78 145 31 16 171 175 113 56 157 196 81 90 165 40 185 138 14 144 62 9 102 49 178 106 52 55 57 179 92 129 82 2 152 94 124 167 148 15 114 186 89 183 23 137 176 51 0 143 117 93 140 108 69 18 159
860,73226,1764959463310644480,163 68 140 93 117 0 143 183 89 186 23 137 148 167 55 52 106 178 3 49 9 62 144 14 165 90 40 185 179 57 92 145 31 113 175 171 16 78 25 44 120 129 2 152 1 101 75 86 97 26 100 53 121 94 63 180 154 135 70 194 127 123 149 131 43 42 5 116 65 59 151 162 133 79 80 176 51 118 115 46 139 41 193 159 181 160 184 84 112 4 10 177 54 48 34 146 22 69 18 108
861,73321,1764959463310644481,118 59 65 149 131 47 116 43 5 42 181 41 139 193 159 69 108 18 22 34 160 48 54 10 177 184 35 84 4 112 127 123 162 151 133 176 80 79 63 135 154 180 53 121 94 124 152 1 97 26 100 86 101 75 2 129 57 92 120 44 145 78 16 171 175 113 31 196 40 90 165 185 55 52 106 178 3 138 14 49 102 144 62 9 148 15 114 186 137 23 89 183 143 0 117 93 68 46 198 115
862,73253,1764959463310644482,26 100 121 136 53 158 180 154 135 70 127 123 131 149 59 118 65 116 43 184 177 54 160 34 181 42 5 139 46 115 41 193 159 146 22 18 108 93 117 143 0 153 183 89 186 23 137 176 80 151 162 133 79 63 124 94 148 15 62 9 144 102 49 14 3 178 52 55 57 92 145 179 106 185 119 40 165 90 81 196 157 31 113 56 175 171 16 78 25 44 120 75 2 82 129 152 97 1 101 86
863,74789,1764959463310644483,133 79 80 176 151 51 118 59 115 46 139 193 41 5 43 116 65 131 149 123 112 4 190 10 177 184 54 30 48 160 42 181 34 22 159 18 117 0 143 89 183 186 23 137 148 9 62 144 21 164 27 90 165 119 40 185 106 178 14 49 52 196 81 31 56 171 175 113 16 78 145 179 57 55 167 124 152 97 1 2 129 92 25 44 120 75 101 86 100 26 94 63 121 53 158 180 154 70 135 162
864,74004,1764959463310644484,112 4 84 123 162 133 79 122 80 176 137 51 151 118 59 149 131 65 116 43 115 5 42 160 184 177 54 34 146 22 159 193 41 139 68 46 0 117 143 183 89 23 186 114 15 9 62 144 102 49 14 165 90 81 40 185 106 178 52 55 167 148 124 94 189 100 26 97 101 1 152 2 82 129 92 57 179 145 78 196 157 31 56 113 175 171 16 25 44 120 75 86 53 121 63 180 154 135 70 127
865,73655,1764959463310644485,49 102 138 14 144 62 9 15 148 167 57 129 82 2 1 152 124 94 63 122 79 133 151 80 176 137 23 186 89 183 51 59 118 46 68 0 143 117 93 108 18 22 146 159 193 41 139 115 5 116 65 47 43 42 160 34 54 177 184 84 112 131 149 123 127 70 135 154 180 53 121 100 26 97 101 86 75 120 44 25 78 92 179 145 31 16 171 175 113 196 81 90 165 119 40 185 55 52 106 178
866,72819,1764959463310644486,89 183 153 0 143 117 68 46 115 139 41 193 159 69 108 18 22 146 34 160 181 42 43 105 116 65 47 149 131 35 84 184 54 177 10 4 112 123 127 194 135 70 154 180 158 53 121 100 26 97 86 75 101 1 152 94 63 79 133 151 162 59 118 51 80 176 137 148 49 178 106 52 57 55 179 145 78 92 129 2 120 44 25 16 171 175 113 31 196 81 90 40 185 165 14 144 62 9 15 186
867,74163,1764959463310644487,162 194 135 70 154 180 158 53 121 100 26 86 101 75 120 44 25 92 145 78 16 171 175 113 56 31 196 81 90 165 119 40 185 52 55 57 129 2 152 1 97 189 63 94 124 148 9 62 49 178 106 3 138 14 144 15 186 23 89 183 143 117 93 140 68 46 0 137 176 80 79 133 151 72 51 118 59 115 139 193 159 108 18 22 34 54 184 160 181 41 5 42 43 116 65 47 131 149 123 127
868,73376,1764959463310644488,139 68 46 198 115 41 193 159 22 146 181 42 5 116 47 65 149 131 43 54 177 34 160 184 35 84 4 112 123 127 135 70 162 151 133 79 80 59 118 51 176 124 94 63 180 154 53 100 26 97 1 101 86 75 2 120 44 25 78 145 31 16 171 175 113 56 196 81 90 165 119 40 185 14 144 62 9 49 178 106 52 55 57 179 92 129 152 167 148 137 23 89 183 143 0 117 93 108 18 69
869,73540,1764959463310644489,51 0 117 143 183 89 23 137 124 94 63 121 100 26 97 101 1 152 129 82 92 179 57 55 52 185 106 178 3 14 49 148 9 62 144 164 27 90 165 119 40 196 31 113 175 171 16 78 145 25 44 120 2 75 86 53 158 180 154 135 70 127 123 112 4 190 10 177 54 184 160 34 181 42 5 115 139 41 193 159 146 22 18 108 140 68 46 118 59 65 116 43 131 149 162 133 79 80 176 151
870,73372,1764959463310644490,120 44 25 129 92 57 179 145 78 16 171 175 113 31 90 27 39 165 119 40 185 55 52 106 178 49 14 144 102 62 9 15 148 124 94 122 63 79 133 151 162 59 65 47 149 131 35 84 184 42 5 43 116 118 51 80 176 137 23 89 183 153 0 143 117 68 46 139 115 41 193 159 108 18 22 34 160 54 30 177 10 4 112 123 127 194 135 70 154 180 53 100 26 86 101 1 97 152 2 75
871,73831,1764959463310644491,34 160 42 5 181 146 22 159 193 41 115 198 139 18 108 68 46 118 59 51 0 117 143 183 89 23 186 114 15 62 9 144 102 49 14 3 178 106 52 55 57 145 78 16 171 175 113 56 31 90 165 40 185 179 92 148 137 176 80 151 162 133 79 63 94 124 152 2 129 82 25 44 120 75 86 101 1 97 26 100 121 53 154 180 135 127 123 149 131 65 116 43 184 84 112 4 10 177 54 48
872,72977,1764959463310644492,184 43 42 159 193 41 139 68 46 115 116 65 131 149 59 118 151 133 162 135 70 154 180 53 121 100 26 75 86 101 1 97 152 2 120 44 25 129 92 57 55 52 179 145 78 16 171 175 113 56 31 81 90 165 119 40 185 106 178 3 49 14 144 102 62 9 15 114 186 148 167 124 94 63 79 122 80 176 51 137 23 89 183 143 117 93 108 18 22 146 34 160 54 177 4 112 127 123 35 84
873,74183,1764959463310644493,89 186 15 144 21 164 90 27 39 165 119 40 185 55 52 106 178 3 14 49 102 62 9 148 167 124 94 152 129 92 57 179 145 78 196 81 31 56 113 175 171 16 25 44 120 2 75 86 101 1 97 26 100 121 53 63 122 79 133 162 127 135 180 154 70 123 65 47 116 43 184 84 112 177 10 54 34 160 42 193 41 159 22 18 108 139 68 117 143 0 46 115 59 118 51 151 80 176 137 183
874,73880,1764959463310644494,2 152 124 94 63 79 180 158 154 135 70 127 123 162 133 80 176 151 72 51 118 59 65 47 116 5 42 43 131 149 112 177 54 48 184 160 34 146 22 18 159 193 41 139 115 46 68 117 143 0 183 89 23 137 15 9 62 144 102 148 167 106 178 49 14 138 185 165 39 27 90 119 40 81 196 179 52 55 57 129 92 145 78 31 113 175 171 16 25 44 120 75 86 53 121 100 26 97 1 101
875,73448,1764959463310644495,0 143 183 89 23 137 176 15 9 62 102 144 14 138 185 40 165 27 90 81 196 113 175 171 16 31 145 78 25 44 120 75 2 129 82 92 179 57 55 52 106 178 3 49 167 148 124 94 152 97 1 101 86 26 100 53 158 70 135 154 180 63 122 80 79 133 151 162 123 127 112 84 184 177 54 48 34 160 43 116 65 47 131 149 59 118 115 42 181 146 22 18 108 159 193 41 139 46 68 117
876,71619,1764959463310644496,52 106 178 3 138 14 49 102 144 62 9 148 137 23 89 183 143 0 117 93 108 18 69 68 46 139 115 59 118 51 176 80 151 162 149 131 47 65 116 43 42 181 41 193 159 22 146 34 160 54 177 184 84 112 123 127 70 135 133 79 63 94 124 97 26 100 121 180 154 158 53 86 75 101 1 152 2 129 57 179 145 78 92 82 120 44 25 16 171 175 113 31 196 81 90 165 119 40 185 55
877,74677,1764959463310644497,62 144 102 49 14 138 3 178 106 185 40 119 165 90 31 56 113 175 171 16 78 145 25 44 120 75 86 101 1 2 129 92 179 57 55 52 167 124 94 152 97 26 100 121 53 158 136 63 122 79 180 154 135 70 127 123 149 131 65 43 5 42 184 160 34 181 41 193 159 22 18 108 93 117 143 0 46 68 139 115 116 59 118 109 51 72 151 162 133 80 176 137 23 183 89 186 15 148 37 9
878,73516,1764959463310644498,5 42 181 34 54 48 160 43 47 65 116 139 115 118 59 149 131 35 84 184 177 10 190 4 112 123 127 70 135 162 133 180 154 53 100 26 121 63 79 80 151 51 176 137 148 124 94 152 97 86 75 101 1 2 120 44 16 171 175 113 31 78 145 92 129 57 81 90 165 40 185 55 52 106 178 3 14 49 102 144 62 9 15 186 23 89 183 153 0 143 117 93 140 108 18 22 146 159 193 41
879,72920,1764959463310644499,148 9 62 144 102 49 14 165 40 185 196 31 113 175 171 16 78 25 44 120 2 75 86 101 1 152 129 92 145 179 57 55 52 106 178 167 124 94 63 97 26 100 53 180 154 70 135 127 123 162 151 133 79 122 80 176 51 118 59 65 149 131 112 4 84 35 184 10 177 54 48 34 160 181 42 43 116 115 46 93 140 108 69 18 159 22 146 193 41 139 68 117 0 170 143 183 89 186 23 137
880,72936,1764959463310644500,106 3 178 52 55 167 102 49 138 14 144 62 9 148 124 94 122 80 176 137 23 186 114 89 183 143 0 117 68 46 115 139 41 193 159 22 146 181 34 54 177 190 10 184 160 42 5 43 116 65 59 118 51 151 149 131 112 127 123 162 133 79 63 135 70 154 180 53 121 100 26 86 75 101 97 1 152 2 57 92 129 120 44 25 145 78 16 171 175 113 31 196 81 90 27 39 165 119 40 185
881,73631,1764959463310644501,165 138 14 144 62 9 186 23 89 183 143 0 46 118 59 115 139 41 193 159 69 108 18 22 146 181 34 160 54 30 10 190 177 184 4 112 84 35 43 42 5 65 116 131 149 123 127 70 135 162 151 133 79 80 176 51 137 124 94 122 63 180 154 158 53 86 75 101 1 100 26 97 152 2 120 44 25 129 167 148 49 178 106 52 55 57 92 179 145 78 31 16 171 175 113 196 185 40 81 90
882,73548,1764959463310644502,112 4 84 35 184 42 5 43 116 65 131 149 123 127 70 135 154 180 53 86 26 63 94 124 148 55 57 179 145 92 129 2 152 97 1 101 75 120 44 25 78 16 171 175 113 56 31 196 40 90 27 39 165 185 52 106 178 3 49 14 144 62 9 186 89 183 23 137 176 122 79 80 51 151 133 162 59 118 115 139 46 0 143 117 108 18 193 41 181 195 159 22 146 34 160 48 54 177 10 190
883,71922,1764959463310644503,42 5 181 34 54 177 10 4 112 131 149 123 127 70 135 154 180 158 53 121 100 26 97 1 101 86 75 2 120 44 16 171 175 113 31 78 145 179 196 81 90 27 165 119 40 185 52 55 57 92 129 152 124 94 63 79 133 162 151 51 80 176 137 23 186 148 49 3 178 106 14 144 62 9 15 114 89 183 143 0 117 93 140 108 18 22 159 193 41 115 139 68 46 118 59 65 116 43 184 160
884,72963,1764959463310644504,15 9 62 144 14 49 102 148 167 3 178 106 165 90 40 185 52 55 57 129 92 179 145 78 31 56 113 175 171 16 25 44 120 75 2 152 189 97 1 101 86 26 100 121 53 154 135 180 63 94 124 122 80 79 133 151 162 127 123 149 131 184 84 112 4 10 177 54 48 34 160 42 43 65 116 115 139 41 193 159 146 22 18 108 140 93 117 143 0 68 46 118 59 51 176 137 183 89 23 186
885,72549,1764959463310644505,102 62 9 15 148 167 124 94 63 122 80 79 133 151 162 59 118 51 176 137 23 186 89 183 143 117 0 46 115 139 41 193 159 18 22 34 48 54 177 10 184 160 181 42 43 116 65 131 149 123 127 70 135 154 180 53 86 75 101 1 100 26 97 152 2 129 92 82 120 44 25 16 88 171 175 113 56 31 157 78 145 179 57 55 52 196 81 90 27 164 39 165 119 40 185 106 178 49 14 144
886,72859,1764959463310644506,22 146 34 160 48 54 177 10 190 4 112 84 184 42 43 47 131 149 123 127 70 135 154 180 53 100 26 86 97 1 101 75 120 44 25 16 171 175 113 31 81 196 78 145 179 185 40 119 90 165 14 144 62 9 102 49 3 178 106 52 55 57 92 129 2 152 167 37 148 124 189 94 63 79 133 151 162 59 65 116 115 118 51 80 176 137 89 183 143 117 0 46 139 41 193 159 199 69 108 18
887,76016,1764959463310644507,75 86 26 100 121 53 158 70 127 135 154 180 136 182 63 189 19 152 124 94 80 176 51 79 133 151 162 123 112 184 43 42 181 160 34 146 22 193 41 5 116 47 131 149 65 59 118 115 139 46 0 68 140 93 117 143 183 89 23 137 148 9 62 144 14 102 49 3 178 106 165 27 90 119 40 185 52 55 57 92 129 82 25 78 145 179 196 81 31 56 113 175 171 16 44 120 2 1 97 101
888,71001,1764959463310644508,25 16 171 175 113 31 78 145 179 196 81 90 165 119 40 185 52 55 57 92 129 2 152 94 148 9 62 102 49 178 106 14 144 15 114 186 23 137 89 183 143 170 0 117 68 46 115 139 41 193 159 69 108 18 22 146 34 160 54 177 10 4 112 84 184 131 149 65 43 42 5 116 59 118 51 176 80 122 63 79 133 151 162 123 127 70 135 154 180 53 121 100 26 97 1 101 86 75 120 44
889,71902,1764959463310644509,62 144 102 49 14 3 178 106 52 55 185 40 119 165 39 95 7 164 27 90 81 196 179 145 78 31 56 113 175 171 16 25 44 120 92 57 129 2 75 101 86 100 26 97 1 152 148 124 94 79 63 121 53 180 154 135 70 127 112 123 162 151 133 80 176 51 109 118 59 149 131 65 116 43 42 160 184 177 54 48 34 146 22 159 193 41 139 115 46 68 117 0 143 183 89 23 137 186 15 9
890,72789,1764959463310644510,181 159 22 146 34 160 48 54 30 177 10 190 84 112 4 184 131 149 65 116 43 42 115 118 59 162 123 127 70 135 154 180 53 121 100 86 101 75 120 44 25 179 145 78 16 171 175 113 56 31 157 196 81 90 165 40 185 138 14 49 102 144 62 9 148 167 178 106 52 55 57 92 129 82 2 152 1 97 26 189 124 94 63 79 80 176 133 151 51 137 23 89 183 143 0 46 139 18 193 41
891,74636,1764959463310644511,179 145 157 196 81 31 56 113 175 171 16 78 25 44 120 75 86 136 63 122 79 80 176 51 137 15 114 186 23 89 183 143 117 0 46 139 115 42 41 193 159 22 146 34 160 54 177 10 184 43 116 65 131 149 59 118 151 133 162 194 123 112 127 70 135 154 180 158 53 121 100 26 97 1 101 2 152 94 124 167 148 9 62 102 49 178 106 144 14 138 165 90 119 40 185 52 55 57 92 129
892,74490,1764959463310644512,80 79 133 135 154 180 53 121 182 63 122 94 189 26 100 86 75 101 1 97 152 2 120 129 92 57 179 145 78 25 44 16 171 175 113 31 81 90 165 40 185 55 52 106 178 3 138 14 144 102 49 167 124 148 37 9 62 15 186 89 183 143 117 93 140 108 69 18 22 146 34 160 184 43 116 65 131 149 123 127 162 151 51 118 59 115 5 42 181 159 193 41 139 68 46 0 153 23 137 176
893,75422,1764959463310644513,41 139 115 42 181 22 34 160 184 54 177 4 112 84 35 43 116 65 59 51 151 162 123 127 194 135 70 154 158 180 133 176 80 79 63 94 124 189 121 182 136 53 100 26 86 101 1 97 152 2 75 120 82 44 25 16 171 175 113 56 31 157 78 145 92 129 57 179 40 119 165 90 81 196 185 106 178 52 55 167 148 102 49 14 144 62 9 15 114 186 137 23 89 183 143 0 46 68 18 193
894,74318,1764959463310644514,92 78 145 179 40 185 165 90 81 196 157 31 56 113 175 171 16 25 44 120 2 75 86 101 1 152 97 26 100 121 189 94 124 137 23 46 118 59 116 65 47 149 131 123 162 151 72 51 176 80 133 79 63 180 53 158 154 135 70 127 112 184 43 42 115 139 41 181 160 48 177 54 34 22 159 193 18 108 117 0 143 183 89 186 15 148 9 62 144 14 138 102 49 3 178 106 52 55 57 129
895,74393,1764959463310644515,196 81 90 165 185 119 40 145 57 92 129 55 52 106 178 49 14 138 21 144 102 62 9 15 114 186 23 89 183 143 117 0 46 68 18 159 22 146 181 34 54 177 112 131 149 65 116 35 184 160 43 42 5 41 193 139 115 59 118 51 80 176 137 37 148 167 124 94 63 79 133 151 162 123 127 135 70 154 53 180 121 100 26 97 86 75 101 1 152 2 120 25 44 78 16 171 113 175 31 157
896,74534,1764959463310644516,159 193 41 181 34 160 184 54 177 4 112 127 123 149 43 42 5 116 47 65 59 118 151 162 133 180 154 135 70 158 53 100 86 75 120 82 44 25 16 171 175 113 56 31 78 145 196 40 119 185 55 52 106 178 3 138 165 90 21 144 14 49 102 62 9 15 186 89 183 23 137 148 167 57 92 129 2 152 97 1 101 26 124 94 63 79 80 176 51 0 143 117 46 115 139 68 108 18 22 146
897,74294,1764959463310644517,22 146 34 160 48 54 177 184 43 105 116 65 47 149 131 112 123 127 70 135 154 180 53 100 86 75 2 120 44 129 92 145 78 25 171 16 175 113 56 31 196 81 90 40 165 185 179 57 55 52 106 178 3 167 152 1 101 97 26 94 124 148 102 49 14 144 62 9 15 186 23 89 183 143 117 93 140 68 139 46 0 137 176 51 118 80 63 79 133 151 162 59 115 42 41 159 193 69 108 18
898,72630,1764959463310644518,78 145 92 44 120 75 86 101 1 97 26 100 53 180 154 135 70 127 123 112 4 190 10 177 184 54 48 160 34 181 41 193 159 22 18 108 139 115 42 43 116 65 47 131 149 59 118 46 68 140 93 117 0 143 183 89 137 23 186 114 15 37 148 124 94 80 176 51 151 162 133 79 63 152 2 129 57 55 52 106 178 3 49 102 9 62 144 14 21 164 90 165 185 119 40 31 113 175 171 16
899,74819,1764959463310644519,41 139 115 198 46 68 140 93 117 143 170 0 137 183 89 186 9 62 102 49 144 14 165 90 40 185 106 3 178 52 55 57 179 145 31 56 113 175 171 16 78 92 129 82 25 44 120 2 75 101 1 97 26 100 86 53 158 180 154 135 70 127 123 162 151 133 79 63 121 189 94 124 152 167 148 176 51 80 109 118 59 65 116 5 42 43 131 149 112 4 177 54 184 160 34 146 22 18 159 193
900,73304,1764959463310644520,59 149 131 112 123 162 127 70 135 154 180 53 100 26 97 152 2 1 101 86 75 120 44 25 16 171 175 113 31 78 145 92 129 57 179 196 81 90 27 119 40 185 165 39 95 164 21 14 49 3 178 106 52 55 167 148 124 94 63 79 133 151 80 176 137 23 186 15 9 62 144 114 89 183 143 117 0 46 68 139 115 41 193 159 22 34 160 48 54 177 10 190 184 181 42 43 116 65 118 51
901,77213,1764959463310644521,180 154 135 70 127 112 4 123 162 151 133 79 63 122 80 176 137 23 118 51 59 149 131 65 116 43 42 160 184 54 34 22 193 41 139 115 46 0 143 183 89 186 114 148 15 62 9 144 102 49 14 21 164 27 90 39 165 119 40 185 179 91 81 196 157 31 56 113 175 171 88 16 44 75 86 101 1 100 26 97 152 2 120 25 78 145 92 82 129 57 55 52 106 178 3 167 111 124 94 53
902,72901,1764959463310644522,49 3 167 124 94 148 9 62 15 137 23 89 183 143 0 117 93 140 108 18 22 159 193 41 139 68 46 115 5 181 34 160 54 177 184 42 43 116 47 131 149 65 59 118 51 176 80 63 79 133 151 162 123 127 70 135 154 180 158 53 121 100 26 97 152 1 101 86 75 2 129 120 44 25 78 16 171 113 175 56 31 196 81 90 40 185 179 145 92 57 55 52 178 106 165 138 14 21 144 102
903,72362,1764959463310644523,78 145 179 52 55 57 92 129 82 25 44 120 2 75 101 1 97 152 148 124 94 26 100 86 53 154 180 63 79 133 80 176 51 151 162 135 70 127 123 149 131 112 4 84 190 10 177 54 184 160 34 146 22 159 193 41 181 42 43 116 65 59 118 46 115 139 68 93 117 0 143 183 89 23 137 186 15 9 62 144 21 7 164 95 14 49 178 106 185 40 165 90 81 196 56 113 175 171 16 31
904,73138,1764959463310644524,27 90 165 119 40 185 106 178 52 55 57 92 145 179 196 81 113 175 171 16 31 78 25 44 120 129 2 75 101 86 26 100 53 158 180 154 135 70 127 123 131 149 59 65 116 43 42 184 54 160 34 146 22 18 108 69 199 159 193 41 139 115 198 46 68 140 93 117 0 170 143 183 89 114 186 23 137 176 80 51 118 151 162 133 79 63 94 124 97 1 152 167 148 9 62 102 49 144 14 164
905,73612,1764959463310644525,112 84 35 184 160 181 193 41 42 43 116 65 131 149 123 127 162 72 51 176 80 151 133 79 180 135 70 154 158 53 121 182 63 94 97 1 101 26 100 86 75 120 44 25 78 56 113 175 171 16 31 145 179 196 81 90 27 165 40 185 138 14 144 62 9 102 49 3 178 106 52 55 57 92 129 2 152 167 148 137 23 186 89 183 143 0 117 68 46 118 59 115 139 18 22 146 34 54 177 4
906,73795,1764959463310644526,112 123 162 127 70 135 154 180 53 86 75 120 82 44 25 16 171 175 113 31 78 145 129 92 179 196 81 90 165 119 40 185 106 138 14 144 102 49 178 52 55 57 2 152 1 101 97 26 100 121 133 151 59 149 131 47 65 43 116 118 51 176 80 79 122 63 94 124 148 9 62 15 114 186 137 23 89 183 143 0 117 18 22 159 193 41 139 198 68 46 115 5 42 160 34 48 54 177 184 84
907,74571,1764959463310644527,42 22 193 41 139 115 46 0 117 143 183 89 23 137 186 15 9 62 102 144 164 27 90 39 165 185 40 119 81 196 145 179 78 31 56 113 175 171 16 25 82 44 120 75 101 86 100 26 189 97 1 152 2 129 92 57 55 52 106 178 3 14 49 167 148 124 94 63 121 53 180 154 70 135 79 133 80 176 51 118 59 151 162 123 127 112 4 10 177 54 34 160 48 184 131 149 65 43 116 5
908,73389,1764959463310644528,89 183 153 0 143 117 46 68 108 18 69 139 115 5 181 41 193 159 22 146 34 160 48 54 177 184 42 43 116 47 65 59 149 123 127 70 135 180 154 53 100 26 86 101 75 2 120 44 25 16 171 175 113 56 31 157 78 145 92 57 55 52 179 196 81 90 27 165 40 185 106 178 49 138 14 144 102 62 9 148 167 152 1 97 124 94 63 79 122 80 133 162 151 118 51 176 137 23 186 114
909,74303,1764959463310644529,75 2 101 86 53 158 154 180 121 100 26 97 1 152 148 124 94 63 79 133 151 80 176 51 109 118 59 72 162 194 135 70 127 123 149 131 65 116 43 184 54 160 34 146 22 18 108 159 193 41 181 42 5 96 115 139 46 0 117 143 183 89 23 137 186 15 9 62 144 14 49 3 178 106 52 185 40 165 39 27 90 81 196 157 179 55 57 129 92 145 78 31 113 175 171 16 25 44 82 120
910,73706,1764959463310644530,80 122 63 94 124 189 100 26 97 1 101 86 75 2 152 167 148 9 62 102 49 3 178 106 52 55 57 92 129 82 120 44 25 78 16 171 175 113 31 157 145 179 196 81 40 185 165 39 90 27 164 7 21 14 144 15 137 23 89 183 143 117 0 46 115 139 18 22 146 34 54 160 181 193 41 42 43 116 65 149 184 84 112 123 127 70 135 154 158 53 121 180 79 133 151 162 59 118 51 176
911,73289,1764959463310644531,51 151 133 162 123 127 70 135 154 180 158 53 63 79 80 176 137 148 167 52 55 179 145 78 92 129 57 152 124 94 97 1 101 26 100 86 75 2 120 44 25 16 171 175 113 56 31 157 196 81 90 165 119 40 185 106 178 3 14 49 102 144 62 9 15 186 89 183 143 0 46 115 116 65 47 43 184 160 42 181 159 193 41 139 68 140 108 18 22 34 54 177 10 4 112 131 149 59 118 109
912,71740,1764959463310644532,78 145 179 55 52 185 40 81 90 165 106 178 3 49 102 14 144 62 9 148 124 94 63 79 133 162 151 51 80 176 137 23 89 183 153 0 143 117 93 140 108 69 18 22 146 195 181 159 193 41 139 198 68 46 118 59 115 42 43 116 65 149 131 35 184 160 34 48 54 177 4 112 123 127 70 135 154 180 53 86 75 101 1 100 26 97 152 2 129 57 92 82 120 44 25 16 171 175 113 31
913,73686,1764959463310644533,175 171 16 25 44 120 2 75 101 86 100 26 97 1 152 189 121 53 180 154 70 135 162 127 123 149 131 65 116 43 184 10 177 54 48 160 34 181 146 195 42 5 41 193 159 22 18 69 108 93 117 143 183 89 0 46 139 115 59 151 133 79 63 94 124 122 80 176 51 137 23 186 15 62 9 37 148 167 49 102 144 14 165 90 40 119 185 106 178 52 55 57 129 92 78 145 179 196 31 113
914,72417,1764959463310644534,68 139 69 108 18 22 159 193 41 181 34 160 48 54 177 184 84 112 123 127 70 135 154 158 53 180 79 122 63 121 94 124 148 167 152 1 97 26 100 86 101 75 2 120 44 25 82 129 92 57 55 52 179 145 78 16 171 175 113 31 196 81 90 165 40 185 106 178 3 49 14 144 62 9 15 186 89 183 143 117 0 137 176 80 133 162 151 51 118 59 149 131 65 116 43 42 5 115 198 46
915,74985,1764959463310644535,18 22 34 48 54 177 4 112 123 35 184 160 181 42 5 43 116 65 149 162 151 133 51 118 59 115 41 193 139 46 176 80 79 63 180 154 135 70 53 86 75 101 1 152 97 26 100 121 189 94 124 12 148 37 167 2 120 44 25 16 171 175 113 31 78 145 179 92 82 129 57 55 52 178 3 106 185 196 81 90 27 39 165 40 138 14 49 102 144 62 9 15 186 23 137 183 143 0 117 108
916,75226,1764959463310644536,139 41 193 159 22 146 34 54 177 112 127 70 135 194 123 149 162 151 133 79 63 180 154 53 121 100 26 86 101 1 97 152 2 75 120 129 44 25 16 171 175 113 56 31 157 38 78 145 179 92 57 55 52 178 3 49 14 106 185 196 81 40 119 165 90 21 144 62 9 148 167 124 94 186 23 89 183 137 176 80 51 109 118 59 65 116 43 42 184 160 181 5 115 46 0 143 117 93 108 18
917,73575,1764959463310644537,184 10 177 54 34 146 22 159 18 108 117 143 183 89 23 137 114 186 15 9 62 102 144 14 49 178 106 55 57 52 185 40 165 90 81 196 31 56 113 175 171 16 25 44 120 82 78 145 179 92 129 2 75 86 101 1 97 152 148 124 94 122 63 133 162 151 51 176 80 79 180 158 53 100 26 121 154 135 70 127 123 112 35 131 149 43 116 47 65 59 118 115 46 68 139 41 193 181 42 160
918,73616,1764959463310644538,101 2 82 129 92 57 55 52 106 178 3 49 14 165 27 90 81 196 40 119 185 179 145 157 31 56 113 175 171 16 78 25 44 120 75 86 26 100 53 158 154 70 127 135 180 136 63 122 176 80 79 133 162 151 51 118 59 115 46 139 41 42 43 116 65 149 123 112 84 184 160 34 146 22 159 193 18 69 108 140 93 117 0 143 183 89 23 137 186 15 9 62 144 102 148 124 94 152 97 1
919,72267,1764959463310644539,114 186 23 137 176 80 63 79 133 151 51 118 59 149 131 65 116 43 42 41 193 159 22 18 108 93 117 143 183 89 0 46 68 139 115 181 34 160 48 54 177 184 84 4 112 123 162 127 70 135 154 180 53 121 100 26 97 101 86 75 120 44 25 78 171 16 175 113 31 196 81 90 165 119 40 185 138 14 144 62 9 102 49 178 106 52 55 57 179 145 129 92 2 1 152 94 124 148 37 15
920,73119,1764959463310644540,106 178 49 102 9 62 144 14 138 39 27 90 165 185 40 81 196 179 92 145 78 31 113 175 171 16 25 44 120 75 2 152 97 1 101 86 100 26 94 63 122 80 79 133 180 158 53 154 135 70 127 123 112 184 177 54 160 34 181 146 22 18 108 159 193 41 42 43 116 65 131 149 162 151 51 59 115 139 46 68 140 93 117 0 170 143 183 89 23 137 176 186 114 15 148 167 129 57 55 52
921,73684,1764959463310644541,90 165 119 40 185 179 55 57 145 196 81 157 56 113 175 171 16 31 78 25 44 120 92 129 2 75 86 70 135 154 180 53 100 26 97 101 1 152 167 148 124 94 63 79 133 151 162 123 35 84 112 4 10 177 30 54 184 160 34 181 41 193 159 22 18 108 139 68 117 143 0 46 115 42 43 116 65 59 118 51 80 176 137 23 183 89 186 9 62 144 102 49 52 106 178 3 14 138 21 164
922,74182,1764959463310644542,79 180 154 53 121 100 26 97 1 101 86 75 120 44 25 16 171 175 113 56 31 78 145 179 157 196 81 90 165 119 40 185 106 14 144 62 9 49 3 178 52 55 57 92 129 82 2 152 124 94 63 80 176 51 137 23 148 15 114 186 89 183 153 0 143 117 68 198 46 139 41 43 42 181 193 159 18 22 34 160 54 177 184 35 84 112 127 70 135 123 149 131 65 116 115 118 59 162 151 133
923,74507,1764959463310644543,94 122 80 176 51 118 59 72 151 162 135 70 154 180 133 79 63 53 121 100 26 97 86 75 101 1 2 82 120 44 25 78 16 171 175 113 56 31 145 179 92 129 57 55 52 185 40 196 81 90 165 106 178 49 14 144 62 9 15 186 23 89 183 143 0 117 68 139 96 5 116 43 42 181 41 193 159 69 108 18 22 146 103 34 160 54 184 84 112 127 123 149 65 115 46 137 148 167 152 124
924,73672,1764959463310644544,106 178 3 138 185 40 119 165 90 164 21 144 14 49 102 62 9 148 124 94 176 80 79 133 151 72 109 51 137 23 89 183 143 0 117 68 93 140 108 18 22 146 159 193 41 181 34 160 48 54 177 10 184 112 123 149 131 47 65 116 43 42 5 96 139 198 46 115 118 59 162 135 154 180 63 53 100 26 97 152 1 101 86 75 2 120 44 16 171 175 113 31 78 145 179 92 129 57 55 52
925,73069,1764959463310644545,51 118 59 65 116 115 139 193 41 42 43 123 127 112 84 184 177 54 160 34 22 18 108 68 46 93 117 0 170 143 183 89 23 137 186 15 148 37 9 62 144 102 49 14 138 3 178 106 52 55 185 40 119 165 27 90 81 196 157 56 113 175 171 16 31 78 145 179 57 92 129 82 25 44 120 2 1 101 75 86 100 26 97 152 124 94 176 80 133 79 63 121 53 158 180 154 70 135 162 151
926,73117,1764959463310644546,160 48 54 34 181 195 146 22 18 159 5 41 193 139 115 116 65 131 149 162 151 59 118 46 68 140 93 117 0 143 183 89 186 23 137 51 176 80 79 63 94 124 167 148 15 9 62 102 49 14 144 21 164 165 90 81 196 40 185 106 3 178 52 55 57 179 145 31 56 113 175 171 16 25 44 120 78 92 129 2 75 101 1 152 97 26 86 53 180 154 135 70 127 123 112 4 177 184 43 42
927,74821,1764959463310644547,0 117 68 46 198 139 108 18 22 146 159 193 41 181 34 160 48 177 54 184 43 42 5 116 65 115 118 51 59 149 123 127 70 154 158 180 135 194 162 151 133 79 80 176 122 63 94 124 148 167 129 82 2 152 97 26 100 121 53 86 101 1 75 120 44 25 16 171 175 113 56 31 81 196 179 145 78 92 57 55 52 178 106 185 40 90 165 138 14 3 49 102 144 62 9 186 23 137 183 143
928,72862,1764959463310644548,2 129 82 120 44 25 78 16 171 175 113 56 31 145 179 92 57 55 52 196 81 90 165 119 40 185 106 178 3 138 14 49 102 144 62 9 148 15 186 23 89 183 143 117 93 140 0 137 176 51 151 162 123 149 59 118 65 116 43 42 41 193 139 115 46 68 18 22 146 195 159 181 34 160 184 54 177 4 112 127 70 135 154 180 53 100 26 121 133 80 79 63 94 124 152 97 1 101 86 75
929,74307,1764959463310644549,137 186 15 9 62 144 102 49 14 138 3 178 106 52 55 185 40 165 90 81 196 157 179 145 78 31 56 113 175 171 16 25 44 120 82 129 92 57 2 152 1 75 86 101 97 26 100 121 53 158 154 180 79 122 63 94 124 148 80 176 51 133 135 70 127 112 177 54 34 160 184 35 131 149 123 162 151 59 118 116 65 47 105 77 43 42 41 193 159 22 18 139 115 46 0 117 143 183 89 23
930,73739,1764959463310644550,139 68 46 0 143 117 93 140 108 18 22 146 159 193 41 181 34 54 177 48 160 42 116 65 149 43 184 84 4 112 123 127 70 135 154 180 79 133 162 151 80 63 53 100 26 1 152 97 101 86 75 2 120 44 25 129 92 145 78 16 171 175 113 56 31 157 196 81 40 165 90 164 21 14 185 57 55 52 106 178 49 102 144 62 9 167 124 94 148 23 89 183 137 176 51 109 72 59 118 115
931,74785,1764959463310644551,3 178 52 55 57 179 145 92 129 167 148 124 94 63 122 176 80 79 133 162 151 118 59 65 47 149 131 43 116 115 41 193 139 46 51 137 9 62 102 49 14 144 15 186 23 89 183 143 0 117 18 22 181 42 34 160 184 177 54 10 4 112 123 127 70 135 154 180 158 53 121 189 152 2 1 101 97 26 100 86 75 120 82 44 25 78 16 171 175 113 56 31 196 81 90 165 119 40 185 106
932,73892,1764959463310644552,162 123 112 84 184 54 160 34 181 146 22 18 69 108 163 68 140 93 117 143 170 0 46 115 198 139 159 193 41 5 42 43 116 47 131 149 65 59 118 51 176 137 23 183 89 186 15 144 14 165 27 90 119 40 185 179 196 81 31 113 175 171 16 25 44 120 78 145 92 129 57 55 52 106 178 49 62 9 148 124 94 152 2 1 97 100 26 101 75 86 53 180 154 135 63 122 79 80 133 151
933,72300,1764959463310644553,26 97 1 101 86 75 2 152 94 124 148 9 62 102 49 178 106 52 55 179 145 78 92 57 129 82 120 44 25 16 171 175 113 31 196 81 90 119 40 185 165 138 14 144 15 114 186 89 183 23 137 176 80 63 79 133 162 151 51 118 59 65 47 149 131 43 116 115 46 0 143 117 108 18 139 42 181 41 193 159 22 34 160 48 54 177 184 35 84 112 4 123 127 70 135 154 180 53 121 100
934,73968,1764959463310644554,54 48 34 181 195 146 22 18 108 117 143 183 89 23 186 114 15 62 9 148 167 152 1 2 129 92 57 55 52 178 49 102 144 14 106 185 165 90 40 81 196 145 78 31 113 175 171 16 25 44 120 75 101 86 158 154 135 70 127 123 112 4 84 35 131 149 59 51 151 133 162 180 53 100 26 97 94 63 122 79 80 176 137 0 46 68 139 115 193 159 41 5 42 47 65 116 43 160 184 177
935,74105,1764959463310644555,63 122 79 133 162 151 80 176 137 124 94 152 2 101 1 97 26 100 86 75 120 44 25 16 171 175 113 31 78 82 129 57 92 145 179 196 81 90 27 164 14 178 3 106 165 119 40 185 52 55 167 148 37 49 102 144 62 9 15 186 89 183 143 0 46 68 117 93 140 108 69 18 22 146 159 193 41 139 115 118 51 59 42 181 34 160 54 184 43 116 65 149 123 127 70 135 154 158 53 180
936,75305,1764959463310644556,51 59 118 46 68 117 0 143 183 89 23 137 176 148 15 9 62 144 14 138 102 49 3 178 106 8 185 40 119 39 165 90 81 196 157 145 179 92 82 25 78 31 56 113 175 171 16 44 120 75 2 129 57 55 52 167 124 94 121 100 26 97 152 1 101 86 53 154 180 63 79 80 133 135 70 127 123 112 84 184 54 160 34 146 22 193 41 139 198 115 5 42 43 116 65 47 131 149 162 151
937,72996,1764959463310644557,100 121 189 152 2 129 120 44 25 78 16 171 175 113 31 196 81 90 27 165 119 40 185 145 92 57 55 52 106 178 49 102 14 144 62 148 94 63 122 79 80 176 51 137 186 23 89 183 143 170 0 117 93 108 18 22 159 193 41 5 42 181 34 160 54 177 184 84 4 112 35 43 116 47 65 59 115 198 139 68 46 118 151 133 162 131 149 123 127 70 135 154 180 53 86 75 101 1 97 26
938,74448,1764959463310644558,120 92 129 2 152 97 1 101 75 86 100 26 94 63 53 180 154 135 70 127 112 84 184 177 54 48 34 146 22 181 160 42 116 65 47 43 77 131 149 123 162 133 79 122 80 176 151 51 118 59 115 46 139 96 5 41 193 159 18 108 140 93 117 143 0 153 183 89 23 137 186 114 15 148 124 167 37 9 62 102 49 144 14 178 106 52 55 57 185 165 40 145 78 31 113 175 171 16 25 44
939,73190,1764959463310644559,120 75 86 101 1 2 152 97 26 100 53 70 135 154 180 63 94 124 122 176 80 79 133 162 151 51 118 59 149 123 127 112 4 84 35 131 47 65 116 105 43 184 190 10 177 54 48 34 160 42 181 195 146 22 159 193 41 115 198 139 69 18 108 68 46 0 143 183 89 186 23 137 148 9 62 144 14 49 178 106 52 55 185 40 119 165 90 81 196 31 113 175 171 16 44 78 145 92 57 129
940,73544,1764959463310644560,18 22 146 34 181 5 42 43 47 149 131 35 184 160 54 177 10 4 112 127 123 162 151 133 79 122 63 180 154 135 70 53 26 97 1 101 86 75 2 152 94 124 167 129 92 82 25 44 120 78 16 171 175 113 31 145 179 57 55 52 185 40 90 165 106 178 3 14 49 102 144 9 62 148 15 186 23 89 183 137 176 80 51 118 59 65 116 115 96 41 193 159 139 68 46 0 143 117 93 108
941,75754,1764959463310644561,81 113 175 171 16 31 78 25 44 120 82 129 2 75 101 1 97 152 167 37 148 124 94 137 176 51 109 118 59 149 162 151 80 122 63 100 26 86 53 158 154 180 79 133 135 127 123 112 4 177 184 43 47 65 116 115 5 42 160 34 22 159 193 41 139 46 68 18 108 93 117 0 143 183 89 23 186 114 64 15 9 62 102 144 14 49 178 106 165 90 119 40 185 52 55 57 92 145 179 196
942,72330,1764959463310644562,53 180 154 135 70 127 112 84 184 177 54 48 34 160 42 41 193 159 181 146 22 18 139 115 59 65 116 43 131 149 123 151 133 79 63 80 176 51 118 46 68 117 0 143 183 89 23 137 186 114 15 148 37 9 62 144 14 102 49 3 178 106 52 55 185 40 119 165 27 90 81 196 157 31 56 113 175 171 16 44 25 78 145 179 57 92 129 120 2 75 86 100 26 97 101 1 152 124 94 121
943,72741,1764959463310644563,97 26 100 86 101 75 120 44 25 78 16 171 175 113 31 196 81 40 119 90 27 165 185 55 52 106 178 3 138 14 49 102 144 62 9 15 186 23 137 183 89 143 0 117 93 140 68 46 139 18 22 146 159 193 41 115 43 42 181 160 34 54 177 10 190 184 112 123 149 131 65 116 59 118 51 176 80 122 79 133 151 162 135 70 154 180 53 63 94 148 37 167 57 179 145 92 129 2 152 1
944,73917,1764959463310644564,154 135 70 127 123 162 151 118 59 149 131 184 84 112 4 190 10 177 54 34 160 42 5 43 65 116 115 46 139 41 193 159 181 146 22 18 117 0 143 183 89 23 137 51 176 80 133 79 122 63 189 152 94 124 167 37 148 114 186 15 9 62 144 14 102 49 3 178 106 52 55 57 185 165 40 196 31 113 175 171 16 25 44 120 78 145 179 92 129 2 1 101 75 86 97 26 100 121 53 180
945,73058,1764959463310644565,115 116 65 43 42 181 160 184 190 10 177 54 48 34 103 146 22 159 41 193 18 108 140 68 139 46 0 117 143 183 89 137 124 94 63 79 80 176 51 151 162 133 180 121 100 26 101 1 97 152 2 129 82 92 57 55 52 106 178 49 148 9 62 102 144 14 185 179 145 78 196 40 165 90 81 31 113 175 171 16 25 44 120 75 86 53 158 154 135 70 127 123 112 4 84 35 131 149 59 118
946,72929,1764959463310644566,118 51 151 162 133 79 80 176 122 63 180 154 158 53 121 86 101 75 1 97 26 100 189 94 124 152 2 120 44 129 92 145 78 16 171 175 113 31 81 196 57 55 52 178 106 185 40 119 165 39 90 27 164 21 144 14 49 102 62 9 148 137 23 186 89 183 143 0 117 93 140 108 18 22 159 193 41 139 68 46 115 116 43 5 42 160 34 54 177 184 112 127 70 135 123 149 131 47 65 59
947,72301,1764959463310644567,97 152 2 129 120 44 25 16 171 175 113 31 78 145 92 57 179 196 81 90 165 119 40 185 55 52 106 178 3 49 102 14 144 62 9 37 148 15 114 186 89 0 117 143 183 23 137 94 63 79 151 162 133 80 176 51 46 68 140 108 18 22 193 41 139 198 115 118 59 149 131 65 116 43 42 181 34 160 184 48 54 177 10 4 112 84 35 123 127 70 135 154 180 53 100 26 86 75 101 1
948,72986,1764959463310644568,65 116 5 42 181 41 193 159 22 146 34 160 54 177 4 112 84 35 184 43 47 131 149 123 127 70 135 162 133 151 51 176 80 122 79 180 154 158 53 121 63 94 97 1 26 86 101 75 120 129 2 152 49 178 106 52 55 57 92 179 145 78 25 44 16 171 175 113 56 31 196 81 90 40 185 165 138 14 144 102 62 9 148 137 23 89 183 143 0 117 93 108 18 69 68 46 139 115 118 59
949,74413,1764959463310644569,63 53 86 75 44 25 120 2 74 152 97 1 101 26 100 121 124 94 148 37 9 62 102 49 3 178 106 52 55 57 129 92 145 78 16 171 175 113 31 81 196 179 185 40 119 90 165 14 144 15 186 23 137 89 183 143 0 117 93 108 18 22 146 159 193 181 34 48 54 177 184 160 43 42 41 139 46 115 116 65 47 131 149 123 127 70 154 180 135 194 162 59 118 51 151 133 79 80 176 122
950,73030,1764959463310644570,146 22 18 108 139 68 117 143 0 46 118 51 80 176 137 23 183 89 186 114 15 144 14 165 90 81 196 40 185 179 92 145 78 31 113 175 171 16 25 44 120 2 75 101 1 97 152 129 57 55 52 106 178 49 102 62 9 148 124 94 63 122 79 133 151 162 154 158 86 26 100 121 53 180 135 70 127 123 112 4 10 177 54 48 160 184 131 149 65 59 116 43 42 5 115 41 193 159 181 34
951,71773,1764959463310644571,57 55 52 106 178 3 49 14 144 62 9 148 186 23 89 183 143 117 0 46 115 139 18 22 159 193 41 181 34 160 48 54 177 10 184 42 43 116 65 149 131 35 84 4 112 123 127 70 135 154 180 158 53 121 63 79 133 151 162 59 118 51 137 176 80 122 94 124 152 97 26 100 86 75 101 1 2 120 44 25 16 171 175 113 56 31 196 81 90 27 165 39 119 40 185 179 145 78 92 129
952,73811,1764959463310644572,129 152 1 97 26 100 121 136 180 63 94 124 148 37 167 57 55 52 178 106 185 40 90 27 165 138 14 49 102 144 62 9 15 186 137 23 89 183 143 0 46 139 115 59 118 51 176 80 79 122 133 151 162 123 149 131 47 65 116 43 160 42 41 193 159 108 18 22 146 34 54 177 184 84 4 112 127 70 135 154 158 53 86 101 75 2 120 44 25 16 171 175 113 56 31 196 78 145 179 92
953,72229,1764959463310644573,51 151 133 162 149 131 123 135 180 53 154 70 127 112 4 10 177 184 35 43 47 65 116 5 42 181 160 48 54 34 146 22 159 41 193 18 108 93 117 143 183 89 23 186 15 148 9 62 144 102 49 14 3 178 106 52 55 185 40 165 90 81 196 31 56 113 175 171 16 44 25 78 145 179 57 92 129 120 2 75 86 100 26 97 101 1 152 94 63 79 80 176 137 0 46 68 139 115 59 118
954,74105,1764959463310644574,149 131 35 112 84 184 177 54 160 34 146 22 159 193 41 42 43 115 139 69 18 108 93 117 143 0 46 118 51 80 176 137 23 89 183 144 102 49 14 138 3 178 106 179 185 40 119 165 39 27 90 81 196 157 31 113 175 171 16 44 25 78 145 92 129 120 75 86 101 1 26 100 121 97 152 2 57 55 52 62 9 148 94 122 79 63 53 158 180 154 70 135 127 123 162 133 151 59 116 65
955,74267,1764959463310644575,159 193 41 139 68 46 115 59 51 176 80 122 63 53 100 26 86 101 97 1 75 120 44 25 129 82 2 152 189 94 124 148 49 52 55 57 92 78 16 171 175 113 56 31 157 145 179 196 81 90 27 165 40 185 106 178 3 138 14 144 62 9 15 114 186 23 137 89 183 143 117 108 18 22 34 48 54 30 177 10 190 184 35 84 112 135 154 180 79 133 151 162 123 149 65 116 43 42 160 181
956,73602,1764959463310644576,154 180 158 53 136 121 94 124 189 26 100 86 75 101 1 97 152 2 129 120 44 25 16 171 175 113 56 31 78 145 92 57 55 52 185 40 81 90 27 39 165 138 14 3 178 106 167 148 37 9 62 102 49 144 15 186 89 183 143 117 0 137 176 80 63 79 133 162 151 51 118 46 68 108 18 22 159 193 41 139 115 59 149 131 47 65 116 43 42 184 160 34 54 177 4 112 123 127 70 135
957,72712,1764959463310644577,183 89 114 186 23 137 176 80 133 79 63 94 124 167 148 15 9 62 144 49 14 138 21 7 164 27 90 39 165 185 119 40 81 196 157 31 113 175 171 16 44 25 78 145 179 106 3 178 52 55 57 92 129 120 2 152 1 101 75 86 97 26 100 121 53 180 154 70 135 162 151 51 118 59 115 139 41 193 159 181 42 43 116 65 131 149 123 127 112 84 184 160 34 22 18 108 93 117 0 143
958,73217,1764959463310644578,135 154 180 158 53 121 100 26 86 101 75 120 44 78 16 171 175 113 31 196 81 40 185 90 165 138 14 144 102 49 178 106 52 55 179 145 57 92 129 2 152 1 97 189 94 124 167 148 9 62 15 114 186 137 23 89 183 153 0 143 117 68 46 139 41 193 159 22 34 160 181 42 43 184 54 177 10 4 112 35 131 149 65 116 115 118 59 109 51 176 80 122 63 79 133 151 162 123 127 70
959,73560,1764959463310644579,25 44 120 78 145 179 92 57 55 52 106 178 3 167 152 129 2 75 86 101 1 97 26 100 53 158 180 154 135 70 127 112 4 190 10 177 54 184 160 42 41 193 159 181 34 22 18 108 139 140 93 117 143 0 68 46 115 118 59 116 65 43 131 149 123 162 133 151 51 176 80 79 63 182 121 94 124 148 137 23 183 89 186 9 62 144 102 49 14 138 185 40 165 90 81 31 113 175 171 16
960,73919,1764959463310644580,75 86 53 158 154 70 135 180 79 63 122 80 176 51 151 133 162 123 127 112 4 84 35 184 131 149 59 118 115 116 65 43 42 160 48 177 10 54 34 181 146 22 18 159 193 41 139 46 0 117 143 183 89 137 124 94 148 102 49 14 144 62 9 167 57 55 52 106 178 3 185 165 119 40 90 81 196 157 56 113 175 171 16 31 78 145 92 129 25 44 120 2 1 152 189 121 100 26 97 101
961,73370,1764959463310644581,123 162 151 51 118 59 149 131 47 65 116 43 5 42 184 177 54 160 34 146 22 18 159 193 41 139 115 46 68 117 0 143 183 89 186 23 137 148 9 62 102 49 178 52 55 185 40 106 14 144 21 164 39 165 27 90 81 196 31 56 113 175 171 16 44 25 78 145 179 57 92 129 82 120 75 2 152 97 1 101 86 26 100 121 53 158 136 63 94 124 122 176 80 79 133 180 154 135 70 127
962,73742,1764959463310644582,75 120 44 25 16 171 175 113 56 31 78 145 179 196 81 119 40 185 165 90 27 39 138 14 144 102 62 9 148 49 178 106 52 55 57 92 129 2 152 97 26 100 121 189 124 94 63 122 79 80 176 137 51 118 0 23 89 183 143 117 68 46 198 139 41 193 159 22 146 181 34 160 54 177 184 84 112 127 123 149 131 65 116 43 42 5 115 59 151 133 162 135 70 154 180 158 53 86 101 1
963,72336,1764959463310644583,186 148 9 62 144 14 102 49 3 178 106 52 55 185 40 165 90 81 196 179 57 92 129 82 145 78 31 113 175 171 16 25 44 120 2 75 86 101 1 152 97 26 100 53 63 122 94 124 137 51 176 80 79 133 151 162 123 180 154 135 70 127 112 4 84 35 184 177 54 48 160 34 146 22 18 108 159 193 41 181 42 43 116 65 131 149 59 118 0 46 115 139 68 140 93 117 143 183 89 23
964,72898,1764959463310644584,41 193 159 18 22 146 34 160 181 42 43 116 65 47 131 149 59 118 51 72 151 162 123 184 54 177 10 4 112 127 70 135 154 158 53 121 189 152 1 97 26 100 86 101 75 2 129 92 57 55 52 145 78 120 44 25 16 171 175 113 56 31 157 196 81 27 90 119 40 185 165 106 178 3 14 144 62 9 102 49 148 124 94 63 180 133 79 80 176 137 23 186 89 183 143 117 0 46 115 139
965,72797,1764959463310644585,57 185 40 165 27 90 81 196 31 113 175 171 16 78 145 25 44 120 75 86 101 1 2 152 97 26 100 121 53 63 180 154 135 70 127 112 4 10 177 30 54 184 160 34 181 42 5 43 116 65 47 131 149 123 162 151 133 79 122 80 176 137 51 59 118 46 115 41 193 159 146 22 18 139 68 117 0 143 183 89 186 15 62 9 148 94 124 167 49 102 144 14 3 178 106 52 55 179 92 129
966,72295,1764959463310644586,3 14 144 49 102 62 9 148 167 152 2 101 1 97 26 100 121 124 94 122 63 79 133 151 162 59 118 51 176 80 137 23 186 89 183 143 0 117 93 68 46 139 115 5 42 181 41 193 159 22 146 34 160 54 184 84 112 35 43 116 65 149 123 127 70 135 154 180 53 86 75 120 44 25 16 171 175 113 56 31 78 145 82 129 92 57 179 196 81 90 27 39 165 119 40 185 55 52 106 178
967,73439,1764959463310644587,122 79 133 80 176 137 23 186 15 114 89 183 153 0 143 117 68 46 118 51 151 162 72 59 65 116 43 42 115 139 41 193 159 18 22 146 181 34 160 54 177 184 84 112 35 131 149 123 135 154 180 158 53 86 101 1 75 2 120 44 25 16 171 175 113 56 31 78 145 82 129 92 57 55 179 196 81 90 165 40 185 52 106 178 49 138 14 144 102 62 9 148 124 94 152 97 26 100 121 63
968,72363,1764959463310644588,180 154 135 127 112 4 10 177 54 34 160 184 35 123 162 149 65 116 43 42 181 41 193 159 22 18 139 115 59 118 51 46 0 117 143 183 89 23 186 114 15 137 176 80 151 133 79 63 94 124 167 148 9 62 102 49 14 144 21 7 164 27 90 81 196 31 56 113 175 171 16 78 145 179 185 40 119 165 106 178 52 55 57 92 129 82 25 44 120 2 75 86 101 1 152 97 26 100 53 158
969,71412,1764959463310644589,175 171 16 25 44 120 2 75 86 101 1 100 26 97 152 94 124 148 137 176 80 51 118 59 162 151 133 79 63 121 53 180 154 135 70 127 123 112 4 84 184 43 131 149 47 65 116 115 46 139 193 41 42 160 48 177 10 54 34 181 146 22 159 18 108 93 117 0 143 183 89 23 186 114 15 9 62 144 102 49 14 178 106 52 55 185 40 119 165 90 81 196 179 57 129 92 145 78 31 113
970,73862,1764959463310644590,9 62 102 49 144 14 3 178 106 52 55 185 40 119 165 39 164 27 90 196 81 31 113 175 171 16 44 25 78 145 179 57 92 129 82 120 75 86 97 1 101 2 152 189 26 100 121 53 180 154 135 127 112 84 184 43 42 160 54 34 146 22 18 108 69 159 181 193 41 139 198 115 118 46 68 117 0 143 183 89 114 186 23 137 51 59 116 65 131 149 123 162 151 133 176 80 79 63 94 148
971,72958,1764959463310644591,49 62 9 148 124 94 189 152 129 92 57 55 52 178 14 106 185 165 39 27 90 119 40 81 196 179 145 31 56 113 175 171 16 78 25 44 120 2 75 86 101 97 1 26 100 53 158 180 154 135 70 127 162 151 133 79 63 80 176 137 51 118 59 116 65 149 123 112 84 184 54 160 34 181 42 43 115 46 68 139 41 193 159 195 146 22 18 69 108 140 93 117 143 183 89 23 186 114 15 144
972,72372,1764959463310644592,151 51 59 115 139 41 193 159 181 42 43 116 65 149 123 135 70 127 112 4 84 35 184 177 10 54 48 160 34 22 18 108 140 93 68 46 0 117 143 183 89 186 9 62 144 14 3 178 49 102 148 137 176 80 79 122 63 94 121 100 26 97 101 1 152 2 129 92 57 55 52 106 185 40 119 165 27 90 81 196 179 145 78 31 56 113 175 171 16 25 44 120 75 86 53 158 154 180 133 162
973,73451,1764959463310644593,162 123 127 112 4 177 54 48 160 184 43 131 149 47 65 59 118 51 79 63 122 80 176 137 115 116 42 181 34 22 18 159 193 41 139 46 68 117 0 143 183 89 23 186 114 15 9 62 144 14 3 178 49 102 148 167 124 94 121 100 26 97 152 2 129 92 57 55 52 106 185 40 165 90 81 196 179 145 78 31 56 113 175 171 16 25 44 120 82 75 1 101 86 53 180 154 70 135 133 151
974,74608,1764959463310644594,75 2 120 44 25 145 78 16 171 175 113 31 157 196 81 90 27 165 119 40 185 179 92 129 57 55 52 106 178 3 138 14 49 144 62 9 148 37 167 152 189 94 124 137 23 186 15 114 89 183 143 0 117 139 41 193 18 22 146 195 159 181 34 160 54 177 184 42 43 116 65 149 35 84 4 112 127 123 59 115 46 51 176 80 151 133 79 63 180 135 154 158 53 121 100 26 97 1 101 86
975,74836,1764959463310644595,144 21 7 164 39 165 90 81 40 119 185 52 106 178 3 14 49 102 62 9 148 167 152 2 129 92 57 55 179 145 196 157 31 56 113 175 171 16 78 25 44 82 120 75 101 1 97 26 100 86 53 94 63 79 133 162 194 135 180 154 70 127 123 112 131 149 151 59 65 116 43 42 184 177 54 160 34 181 41 193 159 22 18 139 115 46 68 117 143 0 118 51 80 176 137 23 183 89 186 15
976,73865,1764959463310644596,131 149 162 133 151 79 63 180 123 127 70 135 154 53 86 101 75 2 120 44 25 129 92 57 55 52 179 145 78 16 171 175 113 56 31 38 157 196 81 40 119 90 27 165 185 106 178 3 167 152 1 97 26 100 94 124 148 102 49 14 144 62 9 15 186 23 89 183 0 117 143 137 176 80 51 118 59 65 116 43 42 115 46 139 41 193 159 108 18 22 146 195 181 34 160 48 54 177 10 184
977,74820,1764959463310644597,90 81 196 31 56 113 175 171 16 78 145 179 55 52 106 185 40 119 165 39 138 14 49 3 178 167 124 94 121 100 26 97 1 152 2 129 57 92 82 25 44 120 75 101 86 53 158 154 180 63 122 176 80 79 133 135 70 194 162 151 51 118 59 115 139 42 43 116 65 149 123 127 112 84 184 54 160 34 41 193 159 22 18 108 117 0 143 183 89 23 137 186 148 9 62 102 144 21 7 164
978,74169,1764959463310644598,176 51 118 59 151 80 133 79 122 63 180 154 135 70 127 194 162 123 149 65 116 43 184 35 84 112 4 190 10 177 54 48 160 34 181 146 22 159 193 41 42 115 139 46 68 117 0 170 143 183 89 137 15 9 62 144 49 178 3 138 14 21 164 27 90 165 119 40 185 106 52 55 179 145 78 31 113 175 171 16 44 120 92 57 129 2 75 86 101 1 152 97 26 100 53 121 189 94 124 148
979,73331,1764959463310644599,139 41 193 159 181 146 22 18 108 140 68 46 115 116 59 118 51 176 80 79 137 0 117 143 183 89 23 186 114 15 148 37 9 62 102 49 144 14 138 165 185 40 90 81 196 31 56 113 175 171 16 25 44 120 78 145 106 178 52 55 57 92 129 2 75 86 101 1 100 26 97 152 124 94 63 182 121 53 158 180 154 70 135 133 151 162 123 112 4 177 54 34 160 184 131 149 65 43 42 5
980,72839,1764959463310644600,49 144 14 138 185 40 165 39 27 90 81 196 179 92 145 31 56 113 175 171 16 78 25 44 120 75 86 101 1 97 152 2 82 129 57 55 52 106 178 167 124 94 26 100 121 53 158 180 154 135 70 127 133 79 63 122 80 176 51 151 162 123 112 4 84 190 10 177 54 160 34 22 18 108 159 41 193 42 184 43 116 65 59 118 115 139 68 46 0 117 143 183 89 23 137 186 148 9 62 102
981,73015,1764959463310644601,100 53 158 154 180 121 97 152 2 82 129 92 179 57 55 52 106 178 3 167 148 124 94 63 79 133 151 80 176 137 51 118 59 65 131 149 123 162 135 70 127 112 4 10 177 54 48 34 160 184 43 116 5 42 181 146 22 18 159 41 193 139 115 46 68 117 0 143 183 89 23 186 15 9 62 102 49 144 14 165 185 40 119 90 81 113 175 171 16 31 145 78 25 44 120 75 86 101 1 26
982,75071,1764959463310644602,65 149 123 162 72 151 133 154 135 70 127 112 84 184 160 42 181 34 22 18 159 193 41 139 46 0 117 170 143 153 183 89 186 23 137 15 148 9 62 102 49 178 106 52 185 14 144 21 164 27 90 165 40 81 196 157 31 56 113 175 171 16 44 25 78 145 179 55 57 92 129 82 120 2 152 124 94 97 1 101 75 86 26 100 53 158 180 63 122 79 80 176 51 109 118 59 115 5 43 116
983,72561,1764959463310644603,3 138 14 49 102 144 62 9 15 37 148 124 94 63 79 133 80 176 51 137 23 186 89 183 143 0 117 68 46 139 115 42 181 41 193 159 108 18 22 146 34 160 54 177 184 43 116 65 59 151 162 123 4 112 127 70 135 154 180 158 53 86 100 26 97 152 1 101 75 2 129 82 120 44 25 78 92 57 55 179 145 31 16 171 175 113 56 157 196 81 90 27 39 165 119 40 185 52 106 178
984,75845,1764959463310644604,135 127 112 184 177 54 48 160 34 41 193 22 18 108 139 46 115 42 43 116 65 149 123 162 151 133 79 63 94 80 176 51 59 118 137 0 117 170 143 89 183 186 15 144 102 62 9 148 167 178 3 49 14 138 21 164 27 90 39 165 119 40 185 106 52 55 57 179 91 196 81 157 38 31 56 113 175 171 16 44 120 82 25 78 145 92 129 2 152 1 97 26 100 101 75 86 53 158 180 154
985,73207,1764959463310644605,121 53 180 154 158 86 75 120 44 25 16 171 175 113 56 157 31 78 145 179 196 81 90 27 165 40 185 138 14 144 102 62 9 186 23 137 176 80 151 51 118 59 115 139 68 46 0 89 183 143 117 93 140 108 18 159 22 146 34 160 54 184 43 42 181 193 41 5 116 65 47 149 131 112 123 127 70 135 162 133 79 63 94 124 148 49 178 106 52 55 57 92 129 2 152 1 101 97 26 100
986,73899,1764959463310644606,81 90 27 39 165 119 40 185 106 178 3 138 21 144 14 49 102 62 9 15 148 167 124 94 63 122 79 80 176 51 137 89 183 143 170 117 0 46 68 139 115 118 59 131 149 65 116 43 5 42 181 41 193 159 22 146 34 160 184 177 4 112 123 162 151 133 135 154 180 53 121 100 26 86 75 101 1 97 152 2 82 129 120 44 25 16 171 175 113 56 31 78 145 92 57 55 52 179 157 196
987,72838,1764959463310644607,145 78 31 113 175 171 16 25 44 120 2 152 1 101 75 86 97 26 100 121 53 158 63 180 154 135 70 127 162 123 112 4 177 54 34 160 184 35 131 149 65 116 43 42 41 193 159 146 22 18 108 69 139 68 140 93 117 143 0 46 115 59 118 51 151 133 79 80 176 122 94 124 137 23 183 89 186 15 9 62 144 14 49 102 148 37 167 55 52 178 106 185 40 165 90 81 196 57 129 92
988,73907,1764959463310644608,75 120 44 25 16 171 175 113 56 31 78 145 157 81 196 169 40 90 27 39 165 119 185 55 52 106 178 3 14 144 49 102 9 62 186 89 183 143 0 137 148 167 57 179 92 129 2 1 97 152 124 94 63 79 133 80 176 51 118 59 151 162 149 131 65 116 43 115 139 198 46 68 108 18 41 193 159 22 146 181 42 160 34 54 177 184 84 112 123 127 70 135 154 180 53 121 100 26 86 101
989,72616,1764959463310644609,171 16 78 145 179 92 82 25 44 120 75 86 101 1 97 26 100 121 53 158 180 154 135 70 127 123 162 151 133 79 63 122 80 176 51 118 59 65 47 116 43 42 160 184 10 177 54 34 146 22 18 108 159 193 41 139 115 46 68 117 0 143 183 89 23 137 186 114 15 148 94 152 2 129 57 55 52 106 178 3 49 62 144 14 138 39 27 90 165 8 185 119 40 81 196 157 31 56 113 175
990,74711,1764959463310644610,149 123 127 70 135 154 180 158 53 136 121 86 75 120 44 25 16 171 175 113 31 81 90 27 164 7 21 144 62 9 102 49 14 3 178 106 165 119 40 185 179 145 78 92 57 55 52 167 111 152 129 82 2 101 1 97 26 100 189 94 124 148 15 186 23 137 176 80 63 79 133 162 151 51 118 59 115 139 68 46 0 183 143 117 108 18 22 34 54 177 184 160 181 159 193 41 42 43 116 65
991,73613,1764959463310644611,145 78 92 57 55 52 106 178 3 14 49 144 62 9 148 186 23 89 183 143 0 137 124 94 152 189 121 182 63 79 151 162 133 80 176 51 109 118 59 65 116 43 184 42 5 115 46 139 41 193 181 195 159 69 108 18 22 146 34 160 48 54 177 10 190 84 4 112 123 127 70 135 154 180 158 53 100 26 97 1 101 86 75 2 129 120 44 16 171 175 113 31 157 81 90 165 40 185 196 179
992,73040,1764959463310644612,152 97 101 75 2 129 92 82 120 44 25 16 171 175 113 56 31 78 145 179 57 55 52 185 40 196 81 90 27 39 165 106 178 3 49 14 144 102 62 9 37 148 94 63 133 162 59 118 51 151 79 80 176 137 23 15 114 186 89 183 143 0 117 68 46 139 193 159 22 34 181 41 115 116 65 149 131 43 5 42 184 160 48 54 177 10 190 4 112 123 127 135 154 180 158 53 86 100 26 1
993,72592,1764959463310644613,42 160 34 48 54 177 184 43 116 65 35 84 4 112 127 123 131 149 59 118 51 151 162 133 80 79 63 180 154 135 70 53 121 94 124 152 2 1 97 26 100 86 101 75 120 44 25 16 171 175 113 31 81 90 27 165 40 196 179 145 78 92 129 57 55 52 185 106 178 14 144 49 102 62 9 15 148 176 137 23 186 89 183 143 0 117 68 93 140 108 69 18 22 146 159 193 41 139 46 115
994,73333,1764959463310644614,149 131 65 59 118 72 162 135 70 154 180 158 53 100 26 121 63 79 133 151 51 176 80 94 124 148 167 152 97 1 101 86 75 2 120 44 129 92 78 16 171 175 113 56 31 145 179 196 81 90 165 119 40 185 57 55 52 106 178 3 14 49 102 144 62 9 15 186 137 23 89 183 143 0 46 139 68 93 140 108 18 22 193 41 115 5 116 43 42 181 34 160 48 54 177 184 84 112 127 123
995,73581,1764959463310644615,92 145 78 129 2 152 94 124 167 148 9 62 144 183 89 23 137 176 51 59 118 46 0 143 117 68 139 115 41 193 159 108 18 22 146 34 54 177 10 184 48 160 181 42 5 43 105 116 65 47 131 149 123 127 70 135 154 133 162 151 80 79 63 180 158 53 100 26 97 1 101 86 75 120 44 25 31 16 171 175 113 56 157 196 81 90 40 119 185 165 39 138 14 102 49 178 106 52 55 57
996,73741,1764959463310644616,75 2 152 1 101 97 26 100 121 182 63 122 79 80 176 94 124 148 37 102 49 3 178 106 52 55 57 92 129 82 120 44 25 16 171 175 113 56 31 78 145 179 196 81 90 119 40 185 165 138 14 144 62 9 15 186 89 183 143 117 0 23 137 51 118 115 46 68 139 41 193 159 18 22 146 34 160 54 184 42 5 43 116 65 59 72 151 133 162 149 131 123 127 70 135 154 180 158 53 86
997,74636,1764959463310644617,113 81 90 27 165 119 40 185 106 178 49 138 14 144 102 62 9 148 167 52 55 57 179 145 92 129 82 2 1 97 152 124 94 63 122 80 79 133 151 51 176 15 186 137 23 89 183 143 170 0 117 108 69 18 199 22 146 34 181 159 193 41 139 198 68 46 115 116 65 43 42 160 54 177 10 184 112 123 149 59 162 135 70 154 180 53 121 100 26 86 101 75 120 44 25 78 31 16 171 175
998,72722,1764959463310644618,34 181 146 22 18 159 193 41 139 68 140 93 117 0 143 183 89 186 23 137 176 51 151 162 133 80 79 154 158 53 121 100 26 97 1 101 86 75 152 2 129 120 44 25 78 145 31 16 171 175 113 56 157 196 81 90 40 165 14 144 185 179 92 57 55 52 106 178 49 102 62 9 148 124 94 63 180 135 70 127 123 112 131 149 47 65 59 118 46 115 116 43 42 184 190 10 177 54 48 160
999,74273,1764959463310644619,151 72 118 46 0 143 117 68 139 41 193 159 22 181 42 43 47 65 116 5 115 59 149 184 160 34 54 177 10 190 4 112 123 127 70 135 154 180 53 100 26 97 1 101 86 75 120 44 25 78 16 171 175 113 56 31 157 81 196 179 145 92 129 2 152 167 148 49 178 52 55 57 40 119 90 165 185 106 14 144 102 62 9 15 114 186 23 89 183 137 51 176 80 124 94 63 122 79 133 162
