run,objective,seed,path
0,46973,1764959752748018701,21 177 5 78 175 45 80 190 136 73 164 54 31 193 117 198 1 27 38 63 135 122 90 191 133 10 178 147 51 121 158 25 118 74 134 6 188 169 132 168 195 145 15 3 70 155 184 152 183 140 28 20 60 148 47 94 66 179 99 130 95 185 86 166 194 176 180 113 103 127 89 163 106 124 62 18 55 34 143 159 153 81 77 97 141 36 61 82 111 35 109 0 29 11 138 33 160 144 104 8
1,47764,1764959752748018702,136 54 73 31 117 193 198 156 1 121 131 122 135 63 100 40 107 133 90 51 147 6 188 169 132 13 145 15 70 3 155 184 170 152 183 140 20 28 60 148 94 47 66 179 185 99 130 95 86 55 34 35 29 109 0 159 143 18 62 124 106 176 166 194 113 103 127 89 163 187 153 81 77 141 36 61 21 82 111 144 160 33 11 168 195 43 139 182 138 104 56 8 177 5 78 175 142 45 80 190
2,47454,1764959752748018703,109 0 29 160 49 11 139 6 188 169 132 195 168 13 145 15 70 3 155 152 55 18 62 128 124 106 86 185 130 95 183 140 149 28 20 148 94 179 166 194 176 113 103 127 89 163 187 146 153 81 77 141 61 36 177 5 142 78 175 80 190 73 164 193 31 54 117 198 156 24 1 197 16 27 38 63 40 107 133 10 191 90 122 135 131 121 51 118 74 182 138 33 144 104 8 87 21 82 111 35
3,48386,1764959752748018704,60 20 148 99 130 95 185 86 128 124 62 83 18 55 34 183 140 199 28 149 4 152 155 3 70 15 145 189 109 29 160 33 11 138 182 139 43 168 195 13 132 169 188 6 147 90 51 121 112 19 131 122 135 1 117 193 31 54 164 73 136 190 80 175 78 5 177 36 61 91 141 21 87 82 77 97 81 111 8 104 56 144 0 35 143 159 106 153 187 163 89 127 103 113 176 194 166 179 94 47
4,46671,1764959752748018705,1 131 121 112 19 151 198 117 193 31 54 73 136 190 80 162 45 142 175 78 5 177 36 61 141 97 77 81 111 0 109 35 34 55 18 62 124 106 143 153 187 165 127 89 163 103 114 113 180 176 194 166 86 185 179 66 94 47 148 60 20 28 140 183 152 155 29 160 144 8 104 33 138 182 11 139 168 195 13 145 15 3 70 132 169 188 6 134 147 51 125 90 191 10 133 122 107 40 63 135
5,49041,1764959752748018706,155 3 70 132 169 188 90 122 63 135 1 198 117 54 31 193 190 80 136 73 121 158 25 177 5 78 175 36 61 79 91 141 77 81 146 187 153 106 124 143 35 109 0 29 111 8 82 87 21 104 56 144 160 33 138 182 11 139 43 168 195 13 145 15 34 62 18 55 140 183 95 130 99 22 185 86 176 180 26 103 163 89 165 127 137 114 113 194 166 179 172 66 94 47 148 20 28 149 4 152
6,47980,1764959752748018707,31 164 73 112 121 51 191 90 135 122 133 10 178 147 6 134 43 139 182 138 33 11 168 195 126 13 132 169 188 70 3 15 145 189 155 184 152 183 140 28 20 148 47 94 179 99 185 86 166 194 176 180 113 114 137 127 165 89 103 163 153 81 143 124 106 128 62 18 55 34 35 109 0 12 29 160 144 111 56 104 8 82 77 141 91 36 61 87 21 177 5 78 175 142 45 80 190 193 117 54
7,48371,1764959752748018708,15 3 70 132 169 188 168 195 13 145 29 0 109 35 34 55 18 62 124 106 159 143 111 144 160 33 49 11 139 43 134 6 147 71 51 90 125 121 25 182 138 104 56 8 82 87 21 177 5 73 31 54 131 122 63 135 1 198 117 193 136 190 80 162 45 142 175 78 36 61 91 141 97 77 81 153 163 89 127 103 113 180 176 194 166 86 95 130 99 185 179 66 94 47 148 20 140 183 152 155
8,47182,1764959752748018709,94 179 99 130 95 185 86 166 194 113 176 106 124 62 18 55 143 159 153 163 89 127 187 146 81 77 141 91 36 61 21 82 8 104 144 111 35 109 0 29 160 33 11 138 182 25 177 5 142 78 175 80 190 136 193 31 73 54 19 112 121 131 117 198 156 1 135 63 100 40 107 133 122 90 191 51 147 6 188 169 132 13 195 168 145 70 3 155 152 34 183 140 199 4 149 28 20 60 148 47
9,48457,1764959752748018710,54 117 198 156 1 16 27 38 135 102 63 40 107 10 133 122 90 131 121 51 118 74 134 6 188 169 132 126 168 195 13 145 15 70 3 155 184 170 152 140 20 148 47 94 185 95 183 62 18 55 34 29 12 0 109 35 143 159 106 124 86 166 194 176 113 114 127 165 89 103 163 187 153 81 77 111 8 104 144 160 33 11 139 138 25 177 21 82 141 91 79 61 36 5 175 80 190 193 31 73
10,48295,1764959752748018711,11 139 168 195 126 13 132 70 3 15 145 189 155 184 170 152 140 20 60 148 47 94 66 179 185 99 130 183 95 86 62 83 18 55 34 109 35 143 106 124 166 194 88 176 180 113 103 127 89 163 153 187 141 77 81 111 144 56 104 8 82 21 91 61 36 177 5 142 78 175 80 190 73 54 31 193 117 198 156 1 135 63 122 133 10 90 121 51 147 6 188 169 134 182 138 33 160 0 29 49
11,48126,1764959752748018712,47 94 179 185 86 166 176 113 103 89 163 153 81 143 106 124 62 18 55 34 35 109 0 29 160 33 8 82 77 97 141 91 36 61 21 177 25 118 98 51 121 54 31 164 73 136 45 5 142 78 175 162 80 190 193 117 198 156 1 38 135 63 40 107 10 133 122 90 191 147 6 188 169 139 182 138 11 168 195 126 13 132 161 70 3 15 145 189 155 152 183 95 130 99 9 140 28 20 60 148
12,46425,1764959752748018713,40 107 133 122 131 121 51 90 147 6 188 134 43 139 182 138 104 8 82 111 160 33 11 168 195 13 132 169 70 3 15 145 29 109 0 35 143 106 124 62 18 95 185 99 130 183 140 55 34 170 152 53 4 149 28 20 148 47 94 179 86 166 194 176 113 103 163 89 127 165 187 153 81 77 97 141 36 61 21 177 5 78 175 45 80 190 136 73 54 31 193 117 198 156 1 16 27 38 135 63
13,48785,1764959752748018714,130 95 86 166 194 176 180 113 163 103 114 137 127 89 165 187 146 153 81 143 35 109 0 12 29 160 11 138 33 144 104 8 111 50 77 97 141 82 21 61 36 177 5 175 80 190 73 54 31 193 117 1 38 135 63 40 122 131 121 51 90 191 147 6 188 169 132 134 118 74 139 168 195 13 161 70 3 15 145 189 155 152 170 34 124 106 128 62 83 18 55 183 140 28 20 148 47 94 179 185
14,48309,1764959752748018715,175 78 142 5 73 164 31 54 121 158 25 177 36 61 141 77 82 8 104 56 111 144 33 160 29 0 109 35 34 55 18 62 128 124 106 143 153 187 163 89 103 113 176 194 166 86 95 130 185 179 94 148 20 140 183 170 152 184 155 3 70 15 145 195 168 11 138 182 139 43 126 13 132 169 188 6 147 51 125 90 191 10 133 122 107 40 100 63 102 135 38 27 16 1 156 198 117 193 190 80
15,47170,1764959752748018716,169 188 6 147 71 51 121 131 90 122 133 107 40 63 135 38 27 16 1 117 193 54 31 164 73 136 80 190 175 78 142 5 177 25 138 139 11 33 104 8 82 21 61 36 141 97 77 81 153 187 163 89 127 103 113 176 194 86 166 179 94 47 148 20 28 140 183 130 99 185 95 62 124 106 159 143 111 144 160 29 0 109 35 18 55 34 170 152 155 3 70 15 145 13 132 126 195 168 43 134
16,48266,1764959752748018717,114 127 165 89 163 103 176 106 143 153 81 77 141 91 61 36 177 5 80 190 193 198 117 54 31 164 73 19 112 121 131 135 122 133 10 90 191 51 147 6 188 169 132 70 3 15 145 13 195 168 43 139 134 118 74 182 138 104 21 82 8 111 144 160 33 11 49 29 0 35 109 155 184 152 170 34 55 18 83 62 124 128 95 183 140 28 20 60 148 47 94 66 179 22 99 185 86 166 194 113
17,47462,1764959752748018718,62 83 18 55 34 155 3 70 161 15 145 13 195 168 126 132 169 188 6 147 134 74 118 51 90 121 131 122 107 40 63 135 1 198 117 193 31 54 73 136 190 80 45 175 78 5 177 36 61 21 82 8 104 144 111 160 33 138 11 29 0 109 35 143 159 106 163 153 81 77 141 187 127 89 103 113 180 176 194 166 179 66 94 47 148 20 28 149 4 152 140 183 95 130 99 185 86 110 128 124
18,47716,1764959752748018719,21 87 82 8 104 144 111 143 159 106 176 180 128 124 62 18 55 34 170 35 109 0 29 160 33 138 25 177 5 175 80 190 136 73 54 31 193 117 1 135 122 63 40 107 133 10 90 131 121 125 51 147 134 6 188 169 132 13 195 168 139 11 145 15 70 3 155 184 152 183 140 199 4 149 28 20 60 148 47 94 66 179 99 130 95 185 86 166 194 113 103 114 127 89 163 153 77 141 36 61
19,46553,1764959752748018720,61 36 21 82 111 8 104 56 144 160 33 138 25 177 5 78 175 142 45 162 80 190 105 136 73 112 121 54 31 193 117 198 27 38 1 131 135 63 122 90 51 147 6 188 169 70 3 155 189 15 145 132 13 195 168 139 11 29 0 109 35 143 106 124 62 18 55 34 183 140 4 149 28 20 60 148 47 94 66 179 22 99 95 185 86 166 194 176 180 113 103 127 89 163 153 81 77 141 91 79
20,48341,1764959752748018721,121 51 134 6 147 71 191 90 10 133 107 40 100 63 122 135 38 27 1 117 54 31 193 190 80 45 175 78 5 177 36 61 21 8 82 141 77 97 187 165 127 114 103 113 89 163 153 81 111 29 0 109 35 143 159 106 176 180 194 166 86 95 130 185 179 94 47 148 20 28 140 183 55 18 128 124 62 34 170 152 53 184 155 145 15 3 70 188 169 132 13 126 195 168 139 11 160 33 138 25
21,47381,1764959752748018722,8 87 21 36 61 79 91 141 97 187 153 81 77 82 111 144 160 33 49 29 0 109 35 143 62 128 124 106 163 89 127 103 113 180 176 194 166 172 179 185 86 95 99 66 94 47 148 60 20 28 140 183 55 18 34 152 155 189 3 70 15 145 168 195 13 132 169 188 147 90 133 122 135 63 102 38 27 1 156 198 117 193 31 54 73 190 80 175 78 142 45 5 177 25 182 139 11 138 104 56
22,46661,1764959752748018723,51 147 10 133 107 40 63 135 38 1 198 117 193 31 54 73 136 190 80 175 78 5 36 61 141 97 77 153 187 165 137 114 127 89 163 103 113 176 194 166 179 66 94 47 148 20 28 149 4 140 183 9 99 130 95 185 86 106 159 143 124 62 18 55 152 184 155 3 70 15 145 132 169 188 6 13 195 168 139 182 138 11 160 0 35 109 29 33 144 104 8 111 82 21 177 25 121 131 122 90
23,48980,1764959752748018724,0 12 29 11 139 43 168 195 126 13 15 145 189 184 155 3 70 132 169 188 6 134 182 25 158 112 121 51 191 90 133 122 63 135 1 117 193 31 54 73 190 80 175 78 142 45 5 177 36 61 91 141 77 82 21 8 56 104 138 33 160 144 111 143 106 124 128 176 180 103 89 163 153 146 187 165 127 137 114 113 194 166 86 95 130 99 185 179 94 47 148 20 140 183 62 18 55 34 35 109
24,46777,1764959752748018725,20 28 140 183 152 170 184 155 189 145 15 3 70 13 195 168 43 126 132 169 188 6 147 51 121 90 122 133 107 40 63 135 38 1 198 117 193 31 54 73 190 80 162 175 78 142 45 5 25 182 138 139 11 29 0 109 35 111 144 160 33 104 8 82 21 177 36 61 141 77 97 187 153 81 143 124 106 163 165 127 89 103 113 180 176 194 166 86 62 18 34 55 95 130 185 179 94 47 148 60
25,46735,1764959752748018726,104 8 111 144 160 29 0 109 35 143 159 106 176 163 89 127 103 113 194 166 86 128 124 62 18 55 34 95 130 185 179 66 94 47 148 60 20 28 140 183 152 155 3 70 15 145 132 13 169 188 6 147 191 90 51 134 195 168 139 11 33 138 182 25 158 121 131 122 135 63 38 27 1 156 198 117 193 54 31 164 73 136 190 80 45 142 175 78 5 177 36 61 91 141 97 77 153 81 82 21
26,49868,1764959752748018727,95 86 185 179 172 66 94 47 148 60 20 28 149 140 183 152 184 155 145 15 70 3 195 168 13 132 169 188 6 147 90 133 40 107 122 135 63 102 38 27 1 24 156 198 117 193 31 54 164 73 136 190 80 175 5 36 141 91 79 61 177 123 25 158 121 51 134 139 11 138 33 104 8 21 87 82 111 144 160 49 29 12 0 109 35 143 106 163 153 77 187 127 89 103 113 176 124 62 18 55
27,49341,1764959752748018728,190 80 175 78 5 136 73 31 54 112 121 131 90 51 98 118 182 138 139 168 195 11 33 144 56 104 8 82 87 21 177 36 61 141 97 146 187 165 89 127 137 114 113 176 103 163 153 81 77 111 160 29 12 0 109 35 143 106 124 128 86 194 166 179 130 95 185 99 66 94 47 148 60 20 140 183 152 55 18 62 34 155 3 70 145 13 132 169 188 147 133 107 40 63 122 135 1 198 117 193
28,50674,1764959752748018729,21 82 87 61 36 91 141 77 97 187 163 89 127 137 114 103 113 176 194 166 179 185 86 106 124 62 18 55 34 152 155 3 70 161 15 145 13 132 169 188 6 134 43 168 195 29 0 109 35 143 159 153 81 111 8 104 56 144 160 33 49 138 182 11 139 118 98 121 112 19 131 90 191 51 71 147 10 133 107 40 63 96 122 135 1 198 117 193 31 54 164 73 136 190 80 175 78 142 5 177
29,48416,1764959752748018730,124 62 18 55 34 140 183 95 86 176 113 103 163 89 127 114 194 166 179 185 99 66 94 47 148 20 28 149 152 184 155 3 70 188 169 132 195 168 29 0 109 35 111 82 8 104 160 33 11 138 182 139 134 85 74 118 98 51 90 191 71 147 10 133 122 135 100 107 40 63 38 27 16 1 131 121 198 117 193 31 54 164 73 136 190 80 175 78 142 5 36 61 141 97 77 81 153 159 143 106
30,48895,1764959752748018731,36 177 5 175 80 190 136 73 54 31 193 117 198 1 38 135 102 63 40 107 122 131 121 25 182 138 11 139 168 195 134 51 90 147 6 188 169 132 13 145 15 70 3 189 155 184 152 140 183 34 55 18 62 128 124 106 159 143 35 109 0 29 49 33 160 144 56 104 21 82 8 111 81 153 163 103 26 180 176 86 95 130 99 185 179 166 194 88 113 114 137 127 89 165 187 77 141 91 79 61
31,49557,1764959752748018732,81 77 82 87 21 177 123 25 138 157 104 56 160 33 49 11 182 74 118 134 139 43 168 195 145 15 3 70 13 132 169 188 6 147 10 133 63 135 122 90 191 51 121 117 193 31 54 164 73 190 80 162 45 175 78 5 61 36 141 187 153 163 103 127 89 137 114 113 176 194 166 179 94 47 148 20 99 185 86 95 183 140 152 170 34 55 18 83 62 128 124 106 143 35 109 0 29 144 8 111
32,49179,1764959752748018733,111 35 109 0 29 160 33 49 11 139 182 138 104 21 61 36 78 175 142 45 80 190 193 117 1 38 63 40 107 10 133 122 135 54 31 73 136 5 177 25 158 121 51 90 147 6 188 134 43 168 195 126 169 132 13 145 15 161 70 3 189 155 184 152 140 28 20 148 47 94 179 166 194 86 185 130 95 183 34 55 18 62 128 124 106 153 163 176 113 103 89 127 165 187 141 77 82 8 56 144
33,47222,1764959752748018734,106 124 128 95 183 140 28 20 60 148 47 94 179 22 99 185 86 166 194 176 180 113 114 137 127 165 89 103 163 153 81 77 141 61 36 5 78 175 45 80 190 136 73 164 54 31 193 117 198 156 1 121 51 191 90 131 135 102 63 122 133 10 147 192 6 188 169 132 195 168 139 134 74 182 138 11 49 33 160 144 104 21 82 8 111 35 109 0 29 145 15 70 3 155 152 34 55 18 62 143
34,48316,1764959752748018735,86 185 99 179 94 47 148 60 20 140 183 152 34 55 18 62 124 106 159 143 111 144 160 29 0 35 109 189 155 3 70 15 145 168 195 132 169 188 6 147 122 63 135 1 117 31 164 73 136 45 162 80 190 193 54 112 121 131 90 191 51 134 139 11 182 138 33 56 104 8 82 87 21 177 5 142 175 78 36 61 79 91 141 97 77 153 163 103 89 165 127 137 114 26 113 180 176 88 194 166
35,49784,1764959752748018736,1 16 27 38 63 135 122 133 147 6 188 169 132 13 195 43 134 118 74 182 138 33 11 139 168 145 15 70 3 155 184 152 34 55 18 62 183 140 149 28 20 60 148 47 94 185 130 95 86 166 113 176 124 106 159 143 35 109 0 29 160 104 8 111 81 153 77 97 141 91 36 61 21 177 5 45 142 78 175 80 190 136 73 164 31 193 156 198 117 54 173 25 158 112 121 51 125 191 90 131
36,48361,1764959752748018737,24 156 198 117 131 121 112 73 54 31 193 136 190 80 45 175 78 5 25 182 138 139 11 49 160 33 144 104 8 21 177 36 61 91 141 77 81 111 29 0 109 35 143 159 106 124 62 18 83 128 86 176 153 146 187 163 103 113 194 166 185 179 66 94 47 148 60 20 28 140 183 130 95 55 34 170 152 155 15 3 70 13 145 195 168 126 132 169 188 6 147 51 90 122 135 63 38 27 16 1
37,48976,1764959752748018738,136 164 73 19 112 121 131 51 118 25 177 5 45 142 175 78 36 61 21 82 8 111 144 160 29 0 109 35 143 159 124 106 153 77 141 187 163 89 127 103 113 176 194 166 94 47 148 20 28 140 183 95 185 86 128 62 18 55 34 170 152 155 3 70 161 15 145 13 132 169 188 6 195 168 139 11 33 56 104 138 182 74 134 147 191 90 10 133 122 63 135 1 156 198 117 54 31 193 190 80
38,49344,1764959752748018739,149 28 20 148 47 94 179 22 99 130 183 95 185 86 166 194 113 176 128 124 106 143 111 8 104 144 160 33 138 25 121 5 177 21 82 77 81 153 163 89 103 114 127 165 187 141 61 36 78 175 142 45 80 190 73 54 31 193 117 198 1 63 40 122 135 131 125 51 90 191 147 6 188 169 126 13 132 70 3 15 155 189 145 195 168 139 11 29 0 109 35 34 18 62 83 55 174 170 152 140
39,49431,1764959752748018740,3 15 189 155 152 170 34 55 18 62 83 183 140 28 20 148 47 94 66 179 166 194 113 103 163 176 86 185 130 95 124 106 143 159 81 153 187 97 77 141 91 79 61 36 5 175 80 190 73 54 31 193 117 198 156 1 135 131 121 51 191 90 122 133 147 6 134 43 139 11 49 33 138 182 25 123 177 21 87 82 8 104 56 144 160 111 35 109 0 29 168 195 126 13 145 132 169 188 161 70
40,48243,1764959752748018741,20 28 140 152 170 184 155 189 145 15 3 70 13 195 168 132 169 188 6 147 134 85 74 118 98 51 125 121 131 90 10 133 122 135 63 38 27 1 198 117 54 31 193 190 80 175 78 142 5 177 21 82 8 104 33 160 144 111 159 143 35 109 0 29 49 11 139 138 182 25 36 61 91 141 77 81 153 187 127 89 163 103 113 176 194 166 179 94 47 148 99 185 86 128 106 124 62 18 55 183
41,47443,1764959752748018742,113 176 166 86 95 185 179 66 94 47 148 60 20 28 149 140 183 152 184 155 170 34 55 18 62 124 106 143 81 77 82 111 144 0 35 109 29 49 11 139 168 195 145 3 15 70 132 169 188 6 147 71 51 191 90 10 133 122 107 40 63 135 131 38 27 16 1 198 117 193 31 54 164 190 80 45 142 175 78 5 136 73 121 25 182 138 33 160 104 8 21 177 36 61 141 153 163 89 127 103
42,48131,1764959752748018743,107 40 63 135 131 90 51 134 139 11 43 169 132 13 15 145 195 168 29 0 109 35 160 33 104 138 182 25 121 198 117 193 31 54 73 190 80 45 175 78 5 177 36 61 141 97 77 82 21 8 111 81 153 89 127 137 114 103 163 159 143 106 124 128 95 130 185 86 176 113 194 166 172 179 66 94 47 148 60 20 28 140 183 62 18 55 34 152 184 155 189 3 70 161 188 6 147 10 133 122
43,49804,1764959752748018744,104 33 160 29 12 0 109 35 143 159 106 124 34 55 18 62 86 166 179 185 99 130 95 183 140 152 155 3 70 188 6 169 132 13 15 145 195 168 11 138 182 139 134 147 90 10 133 107 40 100 63 135 122 131 1 16 38 27 156 198 117 193 31 54 73 190 80 162 175 78 142 45 5 112 121 51 98 118 25 177 21 61 36 141 77 97 187 127 114 113 194 176 103 89 163 153 81 111 82 8
44,46638,1764959752748018745,61 36 177 5 78 175 45 80 190 136 73 164 31 54 193 117 198 1 38 63 40 122 135 131 121 51 90 147 134 6 188 169 132 13 195 168 145 15 3 70 189 155 184 170 152 140 149 28 20 148 47 94 179 22 99 130 183 95 185 86 166 194 176 113 103 114 127 89 163 106 124 128 62 83 18 55 34 143 35 109 0 29 144 160 33 11 139 182 138 104 8 21 82 111 81 153 77 97 141 91
45,49001,1764959752748018746,43 168 195 13 132 169 70 3 15 145 155 189 109 35 0 29 144 56 8 104 21 82 111 143 159 106 124 62 18 55 34 152 149 28 20 148 47 94 179 86 185 99 130 95 183 140 128 176 180 166 194 113 103 114 127 89 163 153 81 77 97 141 91 61 36 177 138 33 160 11 139 182 25 5 78 175 80 190 136 73 164 54 31 193 117 198 156 1 135 122 90 121 116 118 98 51 147 6 188 134
46,48754,1764959752748018747,3 189 155 152 140 20 148 47 94 179 166 194 114 103 127 89 163 26 113 180 176 86 185 95 130 99 9 183 34 55 18 62 124 106 143 153 77 141 91 61 36 78 175 142 45 190 80 136 73 164 54 31 193 117 198 156 1 63 40 107 122 32 135 131 121 158 25 5 177 21 82 8 111 35 109 0 29 160 33 144 104 138 182 11 139 51 90 191 71 147 85 134 6 188 169 168 195 145 15 70
47,47057,1764959752748018748,160 33 49 11 138 182 74 118 51 134 139 43 168 195 126 13 145 15 189 184 155 3 70 161 132 169 188 6 147 191 90 121 131 135 122 63 38 1 156 198 117 193 73 54 31 136 190 80 175 78 5 177 8 82 21 61 36 141 77 81 153 187 165 127 89 163 103 113 176 194 166 86 185 95 130 99 179 172 66 94 47 148 20 140 183 152 34 55 18 62 124 106 143 35 109 0 29 111 144 104
48,48780,1764959752748018749,0 109 35 34 55 18 62 183 140 28 20 60 148 47 94 179 99 130 95 185 86 166 194 176 113 114 137 127 89 165 187 153 163 103 106 124 143 111 8 104 56 144 160 33 49 138 182 25 123 177 21 82 77 141 91 61 36 5 142 78 175 80 190 136 73 54 31 193 117 198 1 63 135 131 112 121 125 122 133 90 51 118 139 11 168 195 13 132 134 6 188 169 161 70 3 15 145 155 189 29
49,47822,1764959752748018750,160 111 81 153 163 89 127 187 77 141 61 36 78 175 142 5 177 21 82 8 104 33 138 11 139 134 182 25 73 136 80 190 193 164 31 54 117 198 156 24 1 16 27 38 63 135 122 107 40 133 90 121 51 71 147 6 188 169 132 13 195 168 145 15 70 3 155 152 170 34 55 18 62 128 86 185 99 130 95 183 140 28 20 148 47 94 179 166 194 113 103 176 124 106 159 143 35 109 0 29
50,48464,1764959752748018751,54 73 136 80 190 175 78 142 5 177 36 61 91 141 77 97 187 163 89 165 127 137 114 103 26 113 180 176 194 166 86 95 130 185 179 94 47 148 20 28 140 183 83 62 18 55 34 152 155 3 70 15 189 29 0 109 35 143 124 106 153 81 111 82 21 8 104 144 160 33 195 13 145 132 169 188 126 168 43 6 147 134 139 11 138 182 25 121 51 191 90 133 107 40 63 122 135 117 193 31
51,48110,1764959752748018752,193 190 80 175 78 5 36 61 91 141 77 153 187 163 89 127 103 113 180 176 88 194 166 185 179 94 47 148 20 140 183 95 86 128 106 159 143 124 62 83 18 55 34 170 152 53 184 155 189 3 70 15 145 195 168 169 188 6 134 139 11 182 138 33 104 56 144 160 29 0 109 35 111 8 82 21 177 136 73 112 121 51 191 90 10 133 107 40 63 135 122 131 38 27 1 198 117 54 31 164
52,47536,1764959752748018753,10 133 122 90 191 71 147 188 169 132 70 3 15 155 184 189 145 13 195 168 43 139 11 138 33 160 104 8 21 82 111 29 0 109 35 143 106 124 128 62 18 55 34 183 140 28 20 60 148 47 94 66 179 185 95 86 166 194 176 180 113 103 127 89 163 153 81 77 141 36 177 5 45 142 78 175 162 80 190 73 164 193 117 31 54 25 74 118 98 51 125 121 131 1 38 135 63 100 40 107
53,47434,1764959752748018754,95 130 185 86 166 194 176 113 163 153 81 77 141 91 36 61 21 177 5 45 142 78 175 162 80 190 73 164 31 54 193 117 198 1 121 131 135 63 122 90 191 51 147 85 134 43 6 188 169 132 70 3 15 155 189 145 13 126 195 168 139 182 138 11 49 33 160 144 56 104 8 82 111 29 0 109 35 143 106 124 128 62 18 55 34 170 152 140 4 149 28 20 148 47 94 66 179 99 9 183
54,50147,1764959752748018755,132 13 126 168 195 145 15 161 70 3 155 189 29 109 0 35 18 55 34 170 152 183 140 149 28 20 60 154 94 47 148 66 179 99 130 95 185 86 166 194 113 103 89 163 187 141 36 61 21 177 5 80 190 193 31 54 25 138 104 8 82 77 153 176 106 124 62 143 159 111 160 33 11 139 43 134 51 121 131 1 24 117 198 156 27 38 63 40 107 100 135 122 133 10 90 191 147 6 188 169
55,49493,1764959752748018756,152 183 140 28 20 148 47 185 86 166 194 88 176 180 113 103 89 163 153 81 77 141 91 79 61 36 78 175 142 45 80 190 193 198 117 54 31 164 73 136 5 177 21 87 82 68 111 143 106 124 62 83 18 55 34 35 0 109 29 160 33 144 56 8 104 138 25 121 131 122 135 63 100 40 107 133 10 178 147 191 90 51 118 182 11 139 6 188 169 168 195 13 132 145 15 70 3 189 155 184
56,48239,1764959752748018757,8 104 144 111 0 109 35 143 159 119 153 163 103 127 89 176 166 194 113 106 124 62 18 128 86 130 95 99 185 179 94 148 47 20 140 183 55 34 152 155 3 70 15 145 13 132 169 188 6 195 168 29 49 160 33 138 11 139 134 147 191 90 125 51 121 131 135 122 133 107 40 63 38 1 156 198 117 193 164 31 54 73 136 190 80 45 175 78 142 5 177 21 61 36 91 141 97 77 81 82
57,48866,1764959752748018758,33 11 139 182 138 104 8 82 21 177 36 61 79 91 141 77 153 143 106 163 89 103 113 176 194 166 86 185 179 66 94 47 148 20 28 140 183 130 95 124 128 62 18 55 152 155 3 70 15 145 13 132 169 188 6 147 191 90 178 10 133 122 107 40 100 63 135 1 198 117 193 190 80 162 175 78 5 45 136 73 164 31 54 112 121 51 98 25 74 118 85 134 43 168 195 109 35 0 29 160
58,48726,1764959752748018759,47 94 66 179 185 99 130 95 86 166 194 176 113 103 163 153 187 141 91 79 61 36 78 175 142 162 80 190 193 117 198 1 135 63 40 107 133 122 90 131 121 112 54 31 164 73 136 45 5 177 25 118 51 147 6 188 169 132 13 145 3 70 195 168 139 11 182 138 33 160 29 144 104 8 82 77 81 159 106 128 124 143 35 0 109 155 184 152 170 34 55 18 62 83 183 140 28 20 60 148
59,48978,1764959752748018760,137 127 89 163 103 176 166 179 185 99 94 47 148 20 28 140 183 152 170 35 109 0 29 144 160 33 49 11 138 182 139 168 145 15 3 70 161 13 195 132 169 188 6 134 118 51 90 191 120 71 147 10 133 44 122 107 40 63 135 1 198 117 31 193 190 80 136 73 54 121 25 104 8 111 82 21 177 5 78 175 36 61 141 97 77 153 143 106 124 62 83 18 34 55 95 130 86 194 113 114
60,48143,1764959752748018761,189 155 152 34 55 18 62 183 140 20 60 148 47 94 179 185 99 130 95 86 166 194 176 113 114 137 127 89 103 163 187 153 97 141 77 81 143 106 124 35 109 0 29 49 33 160 144 111 56 104 8 82 21 91 79 61 36 177 5 78 175 80 190 136 25 74 182 138 11 139 134 118 51 90 131 121 112 73 54 31 193 117 198 156 1 135 122 133 147 6 188 169 132 168 195 13 70 3 15 145
61,47804,1764959752748018762,62 18 55 34 170 183 140 152 184 155 189 70 3 15 145 13 195 168 126 132 169 188 6 147 134 139 11 160 33 182 138 25 121 51 191 90 122 133 107 40 63 135 1 198 117 193 31 54 73 190 80 45 175 78 5 177 21 82 61 36 91 141 77 187 127 89 103 114 194 176 180 113 163 153 81 111 8 104 144 29 0 35 109 143 159 106 124 95 185 99 148 20 60 47 94 66 179 166 86 128
62,48467,1764959752748018763,66 94 47 148 9 183 60 23 20 28 149 4 140 152 184 155 3 70 169 132 13 145 195 168 139 11 138 33 160 104 8 111 144 29 0 109 35 34 55 18 62 124 106 153 81 77 82 21 177 5 45 136 73 31 54 19 112 121 131 90 191 51 71 147 133 122 63 135 38 1 198 117 193 190 80 162 142 175 78 36 61 91 141 187 165 127 89 163 103 113 180 176 194 166 86 95 130 185 179 172
63,48134,1764959752748018764,51 90 135 63 38 27 1 156 198 117 193 54 31 164 73 136 190 80 45 5 175 78 177 21 8 82 61 36 91 141 97 77 81 153 187 163 89 103 113 180 176 194 166 172 179 22 99 94 47 148 60 20 28 140 183 152 155 184 170 34 55 18 62 95 185 86 128 124 106 35 109 0 29 168 43 195 126 13 145 15 3 70 132 169 188 6 147 134 139 11 33 160 144 111 104 138 25 158 112 121
64,48659,1764959752748018765,127 89 163 187 153 97 141 36 61 21 8 104 160 33 138 182 11 139 134 51 118 25 177 5 175 80 190 136 73 19 112 121 54 31 193 117 198 1 63 135 131 90 122 133 10 178 115 147 6 188 169 132 13 70 3 15 145 195 168 29 0 109 35 111 82 77 81 143 106 124 62 18 55 83 128 86 95 183 34 170 152 140 4 149 28 20 148 47 94 66 179 185 166 194 176 180 113 103 114 137
65,49974,1764959752748018766,113 194 166 176 180 153 81 111 68 8 104 56 144 33 160 29 0 109 35 143 159 106 124 62 18 34 55 95 86 185 94 47 148 20 183 140 28 152 184 155 189 15 3 70 132 13 145 195 168 139 11 138 182 25 158 121 51 98 118 74 85 134 169 188 6 147 71 191 90 133 122 63 40 107 135 1 117 31 190 80 162 175 78 142 45 5 177 36 61 79 91 141 21 82 77 187 163 89 127 103
66,48630,1764959752748018767,15 145 155 184 152 55 34 18 62 128 86 185 130 95 183 140 148 47 94 66 179 166 194 180 176 113 103 163 106 124 159 143 35 109 0 29 111 81 153 97 77 141 36 61 21 82 8 104 56 144 160 33 11 139 138 182 25 123 177 5 45 142 78 175 162 80 190 136 73 164 54 31 193 117 198 1 121 131 135 63 122 133 10 178 147 191 90 51 98 118 134 6 188 169 132 168 195 13 70 3
67,47202,1764959752748018768,188 169 132 13 195 145 15 161 70 3 155 189 109 29 0 35 106 124 62 18 55 152 140 183 130 95 86 185 99 20 60 148 47 94 179 166 194 176 180 113 114 137 127 103 89 163 187 153 81 77 97 141 36 61 91 21 177 5 78 175 45 80 190 136 73 164 193 31 54 117 198 156 24 1 27 38 63 135 122 133 90 191 147 71 51 121 25 182 138 104 8 82 111 144 160 33 11 139 168 6
68,48131,1764959752748018769,104 56 144 160 33 49 29 12 0 109 35 34 55 18 62 86 95 130 99 185 179 94 148 20 28 149 4 140 183 152 184 155 3 70 15 145 168 11 139 43 195 13 132 169 188 6 147 90 51 121 131 135 63 38 27 16 1 156 198 117 54 73 31 193 190 80 175 78 5 177 36 61 91 141 97 146 187 153 163 89 127 103 113 180 176 194 166 124 106 143 159 81 77 111 8 82 21 25 182 138
69,51469,1764959752748018770,139 11 182 138 33 160 144 8 104 21 87 82 111 77 141 61 36 177 5 78 175 142 45 162 80 190 73 54 31 193 117 121 90 131 1 38 135 122 96 63 100 40 107 17 72 44 133 10 147 6 85 134 188 169 132 70 161 3 15 145 189 155 184 152 4 149 28 20 148 140 183 83 62 18 34 55 95 185 179 166 194 180 113 103 163 187 146 81 153 176 86 124 106 109 35 0 29 13 195 168
70,47396,1764959752748018771,0 29 195 168 139 11 138 33 104 8 111 82 21 177 5 45 142 78 175 80 190 136 73 54 31 193 117 198 1 16 27 38 63 135 122 131 121 51 90 191 147 6 188 169 132 126 13 145 15 161 70 3 155 184 152 4 149 28 20 140 183 170 34 55 18 62 128 95 185 148 47 94 179 86 166 194 176 180 113 103 114 137 127 89 163 187 153 97 141 36 61 91 77 81 159 106 124 143 35 109
71,48323,1764959752748018772,0 29 160 33 144 104 138 182 11 139 43 134 74 118 25 158 121 125 51 120 71 147 6 169 188 132 13 195 168 145 15 70 3 155 152 34 55 18 62 124 106 95 130 183 140 28 20 148 47 94 179 185 86 166 194 176 113 103 127 89 163 153 77 141 91 61 36 78 175 142 45 80 190 193 117 198 156 24 1 27 38 63 135 122 133 10 191 90 131 54 31 73 136 5 177 21 8 111 35 109
72,49449,1764959752748018773,86 179 94 47 148 185 130 95 128 124 62 83 18 55 34 183 140 152 155 189 109 35 0 29 160 144 111 82 21 8 104 33 138 182 11 139 168 195 145 15 3 161 70 132 169 188 6 134 85 147 191 90 122 40 63 135 38 27 1 156 198 117 193 54 31 164 73 19 112 121 131 51 25 136 190 80 45 175 78 5 177 36 61 141 77 153 81 143 106 176 113 103 163 187 165 89 127 114 194 166
73,46083,1764959752748018774,21 177 5 78 175 80 190 193 31 54 117 198 1 38 135 63 40 107 133 122 90 121 118 98 51 147 134 6 188 169 132 161 70 3 15 145 13 195 168 139 11 138 104 8 33 160 29 109 35 0 111 143 106 124 62 18 55 34 155 184 152 183 140 28 20 60 148 47 94 66 57 172 179 22 99 130 95 185 86 166 194 176 180 113 103 114 127 89 163 187 146 153 81 77 97 141 91 36 61 82
74,48467,1764959752748018775,89 103 26 163 165 187 146 153 81 77 141 36 78 175 80 190 5 177 21 82 8 104 160 33 11 138 182 25 121 73 54 31 193 117 1 135 63 40 107 10 133 122 90 51 147 134 139 43 126 195 168 6 188 169 132 13 145 15 70 3 155 0 35 109 29 144 111 143 106 124 128 62 18 55 34 170 152 140 28 20 183 95 130 99 148 60 47 94 179 22 185 86 166 194 176 180 113 114 137 127
75,49002,1764959752748018776,33 138 11 139 74 118 98 51 121 25 177 21 87 82 77 81 153 163 103 89 127 165 187 97 141 91 61 36 5 78 175 45 190 80 73 54 31 164 193 117 198 156 1 135 122 90 191 147 85 134 6 188 169 132 13 195 168 145 15 70 3 155 152 4 149 28 20 148 47 183 140 34 55 18 62 124 86 95 130 185 179 172 52 166 194 113 180 176 106 143 35 109 0 12 29 160 144 111 8 104
76,49125,1764959752748018777,145 15 155 184 152 34 183 140 148 47 94 185 86 95 55 18 62 124 106 180 176 166 194 113 103 114 137 127 165 89 163 153 81 111 8 104 144 160 0 35 109 29 33 49 11 138 182 139 134 74 118 25 177 21 82 77 141 91 61 36 5 78 175 45 162 190 80 136 73 54 31 193 117 198 131 121 51 125 191 90 135 1 16 27 38 63 122 133 10 178 147 6 188 169 132 70 3 13 195 168
77,48219,1764959752748018778,163 153 81 77 97 141 91 61 36 177 5 78 175 190 80 136 173 73 164 54 31 193 117 198 156 1 135 63 122 133 147 6 188 169 134 51 90 131 121 25 21 82 8 144 104 138 182 139 11 33 160 0 35 109 29 168 195 145 13 132 161 70 15 3 155 184 152 170 55 95 185 86 128 106 159 143 124 62 83 18 34 183 140 28 20 148 47 94 179 166 194 176 180 113 103 89 127 137 165 187
78,48996,1764959752748018779,33 160 144 56 104 177 5 45 136 73 164 31 54 151 117 198 1 38 27 156 193 190 80 162 175 78 36 61 21 82 8 111 77 81 153 163 89 127 103 113 176 194 166 86 185 179 94 47 148 20 28 149 140 183 95 130 128 124 106 143 62 83 18 34 55 170 152 155 3 70 15 145 132 169 188 6 147 71 51 90 133 122 63 135 131 121 118 134 139 182 138 11 168 195 29 109 35 0 39 49
79,48212,1764959752748018780,45 5 177 36 61 79 91 141 77 153 81 82 21 25 182 139 11 49 33 138 104 8 144 160 29 0 109 35 143 34 55 18 62 124 106 176 180 163 89 127 103 113 194 166 86 185 179 66 94 47 148 20 4 149 28 140 183 152 184 155 167 189 3 70 15 145 195 168 126 13 132 169 188 6 147 10 133 63 38 27 1 135 122 90 51 125 131 121 117 193 31 54 164 73 136 190 80 175 78 142
80,46813,1764959752748018781,62 18 55 34 140 183 95 130 185 179 172 66 94 47 148 60 20 28 149 152 184 155 189 3 70 15 145 13 6 188 169 132 126 195 168 139 11 138 25 158 121 51 90 122 135 102 63 38 1 198 117 193 31 54 73 190 80 175 78 142 5 177 36 61 141 21 82 8 104 56 144 160 33 49 29 0 109 35 111 41 81 77 153 187 165 127 89 163 103 114 113 180 176 194 166 86 128 124 106 143
81,50272,1764959752748018782,139 11 182 74 25 138 33 160 29 189 15 145 168 195 13 132 169 188 70 3 155 152 55 18 86 185 99 130 95 183 140 28 20 148 47 94 179 166 194 113 176 106 124 62 34 35 109 0 144 104 8 111 81 153 163 89 127 187 97 141 77 82 21 91 79 61 36 177 5 78 175 45 80 190 136 193 31 54 164 73 112 121 131 117 198 1 38 63 135 122 133 10 90 51 71 147 6 85 134 43
82,47554,1764959752748018783,13 126 168 195 132 169 188 6 134 139 11 138 182 74 118 51 90 133 122 121 112 131 135 63 38 27 1 156 198 117 193 31 54 164 73 136 190 80 175 78 5 177 36 61 141 97 77 81 82 21 8 33 160 29 0 109 35 111 143 124 62 18 34 55 128 106 163 153 187 165 127 89 103 137 114 113 180 176 194 166 86 185 179 94 47 148 60 20 28 140 183 152 184 155 189 145 15 3 70 161
83,48648,1764959752748018784,148 47 94 179 185 95 183 55 34 109 29 0 35 143 106 124 62 18 83 128 86 166 176 113 103 163 153 81 77 97 141 91 36 61 21 82 8 111 144 160 33 49 11 182 138 56 104 25 177 5 78 175 142 45 80 190 193 31 164 73 54 151 117 198 1 27 38 102 63 135 122 133 10 90 121 51 71 147 6 188 169 134 139 168 195 13 132 145 15 161 70 3 155 184 170 152 140 28 20 60
84,46812,1764959752748018785,1 135 63 40 107 133 122 131 121 118 98 51 90 147 6 188 169 132 70 3 15 145 13 195 168 139 182 138 11 33 160 56 104 8 144 29 109 0 35 143 106 124 86 128 62 18 55 34 170 155 184 152 4 149 28 20 60 94 47 148 140 183 95 130 99 185 179 172 166 194 176 180 113 103 127 89 163 187 153 81 111 77 97 141 91 36 61 82 21 177 5 78 175 80 190 73 54 31 193 117
85,48735,1764959752748018786,179 185 130 95 183 55 34 189 69 109 35 0 29 144 111 143 106 124 62 18 128 86 166 176 113 103 89 163 153 81 77 97 141 91 36 61 21 8 104 56 33 160 11 43 134 139 182 138 157 25 177 5 142 78 175 80 190 193 31 164 73 54 117 198 156 1 27 38 102 63 32 135 122 131 121 51 90 191 147 6 188 169 132 13 195 168 145 15 70 3 155 184 152 140 28 20 148 47 94 66
86,49313,1764959752748018787,6 147 191 90 122 135 63 38 27 1 24 156 198 117 193 190 80 136 73 164 31 54 19 112 121 131 51 25 104 87 21 177 5 78 175 36 141 153 163 103 89 127 114 113 176 194 166 86 95 183 140 28 60 20 148 47 94 179 185 128 124 106 159 143 62 18 55 34 170 152 155 3 70 188 169 132 13 126 168 195 145 15 189 109 35 0 29 39 111 77 82 8 144 160 33 138 182 11 139 134
87,46953,1764959752748018788,82 77 141 91 36 61 87 21 177 5 45 142 78 175 80 190 136 173 73 164 31 193 54 151 117 198 1 27 38 63 135 122 131 121 90 147 6 188 169 132 126 168 195 13 145 15 161 70 3 155 189 184 170 152 140 28 20 60 148 47 94 179 185 130 95 183 34 55 18 83 62 124 143 106 86 166 194 176 113 103 127 89 163 153 81 111 35 109 0 29 160 33 11 139 182 138 104 56 144 8
88,48295,1764959752748018789,132 188 169 13 195 168 43 134 139 11 138 33 160 144 111 104 8 82 87 21 25 51 191 90 122 40 63 135 38 27 1 156 198 131 121 117 193 31 54 73 136 190 80 175 78 5 177 36 61 141 97 77 153 163 89 127 137 114 103 113 194 166 176 180 159 143 106 124 128 62 18 55 34 183 130 95 86 185 179 172 66 94 47 148 60 20 28 140 152 155 189 69 109 35 0 29 15 3 70 145
89,48191,1764959752748018790,155 184 170 152 183 140 149 28 20 60 148 47 94 179 185 86 124 106 159 143 35 109 0 29 160 33 49 11 138 182 139 168 195 132 169 188 147 10 133 122 63 135 1 131 90 121 112 19 73 164 31 54 117 198 193 136 190 80 175 78 142 5 177 36 61 91 141 97 77 82 87 21 8 104 56 144 111 41 81 153 146 187 163 89 127 103 113 176 194 166 95 62 18 55 34 189 145 15 70 3
90,49236,1764959752748018791,68 8 56 104 21 87 82 77 97 141 91 79 61 36 5 78 175 45 80 190 193 117 31 54 73 25 74 118 51 121 131 1 156 16 27 38 135 122 63 100 40 107 133 10 90 147 6 188 169 139 11 168 195 13 145 70 3 155 152 55 18 62 143 106 124 86 95 183 140 28 20 60 47 148 94 66 179 185 166 194 176 180 113 103 114 127 89 163 153 81 35 109 0 29 160 33 182 138 144 111
91,49806,1764959752748018792,86 18 62 124 106 176 113 103 127 89 163 187 153 81 77 141 91 36 61 82 21 177 5 78 175 80 190 73 164 54 31 193 117 198 1 38 63 135 122 133 90 125 131 121 112 158 25 74 118 51 71 147 134 6 188 169 132 161 70 3 15 145 184 155 189 29 195 126 13 168 43 139 11 182 138 33 160 104 8 144 111 109 0 35 34 55 170 152 183 140 20 148 47 94 99 130 95 185 179 166
92,46987,1764959752748018793,87 82 111 144 160 0 35 109 29 49 11 139 168 134 6 188 169 132 126 195 13 145 15 70 3 155 184 152 170 34 55 18 62 124 143 106 128 183 140 149 28 20 148 60 47 94 179 185 130 95 86 166 194 176 180 113 103 89 127 163 153 81 97 77 141 61 36 177 5 78 175 80 190 73 164 54 31 193 117 198 1 27 38 63 135 122 133 90 51 121 112 158 25 182 138 33 56 8 104 21
93,48732,1764959752748018794,97 153 187 165 127 89 163 103 26 137 114 113 180 176 194 166 52 172 179 86 95 130 185 22 99 66 94 154 47 148 60 20 59 28 149 4 140 183 62 18 55 34 152 184 155 3 70 132 169 188 6 147 191 90 51 134 139 11 168 195 13 15 145 29 109 35 0 144 56 104 8 82 21 61 36 177 5 175 80 190 136 73 54 31 193 117 121 25 182 138 33 160 111 159 143 124 106 81 77 141
94,48274,1764959752748018795,106 124 62 128 176 103 113 194 166 86 185 179 94 47 148 60 20 28 140 183 99 130 95 83 18 55 34 170 152 184 155 145 15 3 70 188 169 132 13 195 168 139 11 160 33 138 182 118 51 125 90 191 10 133 122 107 40 100 63 135 1 131 121 112 19 151 156 198 117 193 31 54 73 136 190 80 175 78 142 5 177 104 8 21 61 36 91 141 77 187 163 153 81 111 29 0 109 35 143 159
95,48000,1764959752748018796,145 168 195 13 132 169 188 6 147 107 40 63 135 122 90 51 121 131 38 1 198 117 54 31 193 190 80 175 78 142 45 5 177 36 61 91 21 8 104 56 144 111 81 77 141 97 187 165 127 89 103 113 194 176 163 153 106 124 143 35 109 0 160 33 138 182 134 139 11 49 29 189 34 55 18 62 86 166 179 185 95 99 94 47 148 60 20 28 149 4 140 183 152 170 184 155 3 70 161 15
96,48560,1764959752748018797,25 138 139 11 49 29 109 35 0 12 160 33 144 56 104 8 111 82 87 21 177 36 61 91 141 97 77 81 153 163 89 103 113 176 180 194 166 106 159 143 124 128 62 18 55 183 95 86 185 94 47 148 20 28 140 152 184 155 3 70 15 145 168 195 13 132 169 188 6 147 133 107 40 63 135 122 90 51 131 121 112 19 151 198 1 156 42 117 193 54 31 164 73 136 190 80 45 175 78 5
97,48627,1764959752748018798,28 60 20 148 47 94 179 172 166 194 176 113 103 114 137 127 165 89 163 153 81 77 141 91 36 61 87 21 177 25 74 118 51 90 121 5 45 142 78 175 80 190 136 73 54 31 193 117 1 135 122 133 10 147 188 169 132 70 3 155 189 15 145 13 195 168 139 11 182 138 104 8 82 111 144 33 160 29 0 35 109 170 34 55 18 83 62 143 159 106 124 128 110 86 185 130 95 183 152 140
98,48038,1764959752748018799,81 153 187 163 103 89 165 127 137 114 113 194 166 179 66 94 47 148 60 20 28 149 140 183 95 130 185 86 176 106 159 143 35 0 29 109 124 128 62 18 55 34 170 152 155 189 145 15 3 70 161 13 195 11 139 168 132 169 188 6 147 51 90 10 133 122 135 1 156 198 117 131 121 112 19 54 73 31 193 190 80 5 175 78 177 36 61 91 141 21 87 82 8 104 138 33 160 111 77 97
99,47820,1764959752748018800,179 185 22 99 130 95 86 128 124 106 143 62 18 55 34 183 140 66 94 47 148 60 20 28 149 152 155 189 70 3 15 145 132 169 65 188 6 147 90 122 107 40 63 135 38 1 198 117 193 80 190 31 54 121 51 134 13 195 168 139 11 49 29 12 0 109 35 111 82 8 104 144 160 33 138 182 25 45 175 78 5 177 21 61 36 91 141 97 77 81 153 187 163 89 127 103 113 176 194 166
100,49978,1764959752748018801,184 155 3 70 15 145 13 195 168 169 188 6 147 191 90 122 135 72 107 40 100 63 38 27 1 198 117 193 31 54 121 112 73 136 190 80 175 78 142 5 177 25 118 51 134 139 11 138 33 104 8 82 21 61 36 91 141 77 187 163 89 127 103 113 194 166 172 179 99 185 86 176 180 153 81 14 41 111 144 160 29 0 109 35 143 159 106 124 128 18 55 34 62 83 95 130 183 140 152 170
101,48995,1764959752748018802,95 130 185 86 176 180 113 194 166 179 94 148 20 28 140 183 55 34 170 152 155 3 70 15 145 13 126 132 169 188 6 134 147 71 51 191 90 10 133 122 135 63 38 27 16 1 117 193 190 80 175 78 5 136 73 31 54 121 98 118 74 182 138 11 139 43 195 168 33 160 29 0 109 35 111 144 104 8 82 87 21 177 36 61 141 77 81 153 163 89 127 103 159 143 106 124 128 62 18 83
102,47262,1764959752748018803,60 148 47 94 179 166 194 176 113 103 163 153 187 141 77 81 111 144 56 104 8 82 87 21 91 79 61 36 177 5 45 142 78 175 162 80 190 136 73 164 31 54 193 117 198 1 131 121 51 191 90 135 63 100 40 107 122 147 6 188 169 132 15 70 3 155 145 13 126 195 168 139 11 182 138 33 160 29 12 0 109 35 143 159 106 124 128 86 185 95 62 18 55 34 152 183 140 149 28 20
103,49789,1764959752748018804,47 148 20 28 140 152 170 184 155 3 70 15 145 195 13 132 169 188 6 134 147 90 122 135 63 102 38 27 1 156 198 117 193 54 31 73 136 190 80 175 78 45 121 51 118 182 11 139 43 168 33 138 25 177 5 36 61 21 87 91 141 77 81 153 187 97 82 8 104 144 160 29 109 0 35 111 159 143 124 62 18 55 34 183 130 95 86 128 106 176 163 89 103 113 194 166 179 185 99 94
104,47559,1764959752748018805,109 0 29 145 15 70 3 155 184 53 152 170 55 18 34 183 140 149 28 20 60 148 47 94 66 172 179 185 95 86 128 62 124 143 106 176 194 113 103 127 165 89 163 153 81 77 141 91 61 36 177 5 78 175 45 80 190 73 54 31 193 117 198 1 27 38 63 135 122 133 10 147 191 90 51 131 19 112 121 118 134 6 188 169 132 13 195 168 139 11 160 33 182 138 104 8 82 111 144 35
105,48600,1764959752748018806,152 4 149 28 20 199 140 183 9 99 148 60 47 94 66 179 86 185 130 95 55 34 18 62 128 124 106 143 159 81 153 176 166 194 113 103 114 127 89 163 187 77 141 61 36 78 175 142 5 177 21 87 82 8 104 111 35 109 0 29 160 33 138 11 139 168 195 13 134 118 98 51 121 112 54 73 136 80 190 164 31 193 117 198 156 1 27 38 63 135 122 90 147 6 188 169 132 145 70 3
106,49020,1764959752748018807,106 153 77 81 111 8 82 21 61 36 91 141 97 146 187 163 103 89 127 114 113 194 166 179 94 47 148 60 20 28 140 152 183 95 130 185 86 176 180 128 62 18 55 34 155 3 70 15 145 13 195 168 11 139 169 188 6 147 51 125 121 131 90 191 10 133 122 107 40 63 102 135 38 1 198 117 151 54 31 73 164 193 190 80 175 78 5 177 123 25 138 33 160 29 12 0 109 35 143 124
107,47098,1764959752748018808,73 136 190 80 45 175 78 5 177 21 61 36 91 141 77 97 187 163 89 103 113 180 176 194 166 86 95 130 185 179 94 47 148 20 28 149 140 183 152 155 29 12 0 109 35 34 55 18 62 124 106 143 153 81 111 82 8 104 144 160 33 138 11 139 182 25 121 51 118 74 134 43 168 195 145 15 3 70 13 132 169 188 6 147 90 122 133 10 107 40 63 135 1 156 198 117 193 54 31 164
108,49484,1764959752748018809,33 56 104 8 82 87 21 25 118 74 182 138 11 139 168 195 189 184 155 3 70 15 145 13 132 169 188 147 90 122 107 40 100 63 102 135 38 1 156 198 131 51 121 112 151 117 193 31 54 73 190 80 175 5 177 36 61 91 141 97 77 153 163 113 176 194 166 86 185 95 99 22 179 94 47 148 60 20 28 149 4 140 183 34 55 18 62 124 106 159 143 111 144 160 12 0 35 109 29 49
109,47134,1764959752748018810,133 107 40 63 135 1 198 117 193 190 80 136 73 31 54 151 19 112 121 131 51 118 74 134 139 11 29 109 35 0 12 160 33 138 104 144 111 8 21 177 5 142 175 78 36 61 141 77 153 187 127 89 163 103 113 176 194 166 86 130 99 185 179 94 47 148 60 20 28 149 140 183 95 128 106 159 143 124 62 18 55 34 152 155 3 70 161 15 145 168 195 13 132 169 188 6 147 191 90 122
110,48104,1764959752748018811,21 82 8 104 144 111 35 0 109 189 155 184 152 140 183 9 199 28 20 60 148 47 94 179 185 130 95 86 62 18 55 34 143 106 124 166 176 113 103 89 163 153 81 77 141 61 36 5 175 80 190 136 73 54 31 193 117 198 1 16 27 38 135 102 63 100 40 107 133 122 90 191 147 6 188 169 132 126 195 168 13 70 3 15 145 29 160 33 11 138 182 139 134 118 98 51 121 158 25 177
111,47668,1764959752748018812,90 122 133 10 107 40 63 102 32 135 1 117 54 31 193 190 80 45 142 175 78 5 36 61 91 141 77 81 153 187 163 89 103 113 176 194 166 86 185 179 66 94 47 148 60 20 28 149 140 99 130 95 183 152 155 189 145 15 3 70 132 13 195 168 169 188 6 134 85 147 51 118 74 182 138 139 11 29 0 109 35 34 55 18 62 124 106 159 143 111 160 33 104 8 82 87 21 177 25 121
112,50816,1764959752748018813,138 33 144 56 104 8 82 87 21 141 91 79 61 36 177 5 175 80 190 136 73 25 118 51 131 121 112 54 31 193 117 198 1 135 63 122 133 10 90 147 134 139 43 6 188 169 132 168 195 13 161 70 3 15 145 189 155 184 34 170 152 140 183 99 22 179 185 86 95 55 18 62 124 143 106 166 194 176 180 113 103 114 127 89 163 187 146 153 97 77 81 111 35 109 0 29 160 49 11 182
113,48743,1764959752748018814,122 90 191 51 71 147 133 107 40 63 1 156 117 198 193 54 31 164 73 190 80 175 78 142 45 5 177 61 36 21 82 8 104 111 77 81 153 143 106 124 18 62 55 183 130 95 86 176 180 163 165 137 114 127 89 103 26 113 194 166 185 179 94 47 148 20 28 140 152 34 35 109 0 29 160 33 138 11 139 168 195 145 155 184 189 3 70 15 13 132 169 188 6 134 118 98 116 121 131 135
114,48979,1764959752748018815,152 183 140 28 20 148 47 94 179 22 99 130 95 185 86 166 194 113 180 176 128 18 55 34 62 124 106 159 143 35 109 0 29 111 8 68 82 87 21 104 56 144 160 33 138 11 195 168 139 182 25 177 61 79 91 77 81 153 163 103 89 127 165 187 146 97 141 36 5 78 175 45 80 190 193 31 73 54 117 198 121 51 131 135 63 122 90 191 147 134 6 188 169 132 145 15 70 3 155 184
115,47878,1764959752748018816,107 133 10 178 147 6 134 118 51 191 90 122 135 131 121 25 182 139 11 138 104 144 160 33 49 29 0 35 109 168 195 13 188 169 132 161 70 3 15 145 189 155 152 170 55 18 34 183 140 28 20 148 47 94 66 179 99 130 185 95 86 128 62 124 106 143 163 103 113 176 166 194 114 127 89 187 153 81 77 82 8 21 61 36 177 5 78 175 80 190 136 73 54 31 193 117 198 1 63 40
116,49033,1764959752748018817,113 103 127 89 163 187 153 81 77 97 141 91 82 21 61 36 5 177 25 182 138 104 8 111 144 160 33 11 139 134 51 90 131 121 54 164 73 136 45 142 78 175 80 190 193 31 117 198 156 1 16 27 38 102 63 135 122 133 10 147 6 188 65 169 132 70 3 13 195 168 126 145 15 189 155 152 170 109 29 0 35 106 124 62 83 18 55 34 183 140 20 148 47 94 185 86 166 194 176 180
117,49578,1764959752748018818,90 133 122 135 63 38 27 1 198 117 193 190 80 136 73 31 54 112 121 25 177 5 45 175 142 78 36 61 79 91 141 21 87 8 82 77 187 127 89 163 153 81 111 144 56 104 160 33 138 182 139 11 29 189 69 109 0 35 143 124 106 176 113 194 166 185 179 94 47 148 60 20 28 130 95 86 128 62 18 55 183 140 152 155 15 3 70 132 13 145 195 168 126 169 188 6 147 71 51 191
118,50024,1764959752748018819,114 127 89 163 187 146 153 77 97 141 61 36 78 175 45 80 190 136 73 54 31 193 117 198 156 1 135 131 121 5 177 123 25 182 74 118 51 125 90 191 147 6 188 169 132 126 195 168 43 139 11 138 104 8 21 87 82 111 144 56 33 160 29 0 35 109 13 145 15 70 3 155 152 149 28 20 148 47 94 179 166 194 86 185 130 95 183 140 55 83 18 34 143 106 124 62 128 176 113 103
119,47368,1764959752748018820,60 148 47 94 66 179 99 130 95 185 86 166 194 176 113 103 89 163 187 153 77 141 91 36 61 21 82 8 104 138 25 177 5 78 175 142 45 162 80 190 136 73 164 31 193 54 117 198 151 19 112 121 131 1 38 63 135 122 133 147 6 134 191 90 51 139 11 33 160 144 111 29 0 109 35 143 106 124 62 18 55 34 189 145 195 168 126 13 132 169 188 70 3 15 155 152 183 140 28 20
120,49160,1764959752748018821,91 61 79 36 177 5 78 175 142 45 190 80 193 54 31 117 1 135 63 122 90 125 131 121 51 118 74 85 134 147 6 188 169 43 139 138 33 160 49 11 168 195 126 132 13 70 3 15 145 189 155 152 170 183 140 28 20 60 148 47 94 66 172 179 185 130 95 86 176 113 194 166 128 106 159 143 35 124 62 18 55 34 109 0 29 144 104 8 21 82 111 81 153 163 103 89 127 187 77 141
121,48590,1764959752748018822,91 61 36 175 5 177 25 158 121 112 54 73 190 80 193 31 117 1 38 63 135 122 100 40 107 72 10 133 90 51 147 134 139 138 11 168 195 13 132 169 6 188 70 3 15 145 155 184 170 152 149 28 20 60 94 66 47 148 99 130 95 183 140 34 55 18 62 124 128 86 185 179 166 194 113 103 127 89 163 176 106 143 35 109 0 29 160 33 144 56 104 8 111 21 82 77 81 153 187 141
122,49568,1764959752748018823,190 193 198 117 54 31 164 73 19 112 121 131 1 27 38 63 135 122 125 51 90 191 147 6 188 169 70 3 155 189 15 145 132 13 195 168 11 138 182 139 74 25 21 82 8 104 56 111 144 160 33 49 29 0 109 35 170 152 34 18 55 183 140 28 20 148 47 94 99 185 130 95 62 124 128 180 176 86 179 166 194 113 103 89 163 153 106 143 81 77 141 61 36 177 5 45 142 78 175 80
123,50655,1764959752748018824,144 111 0 35 34 170 152 140 28 20 148 47 94 183 55 18 62 124 106 86 185 179 166 194 176 180 113 103 127 165 89 163 153 81 77 141 91 61 36 175 78 5 177 21 82 8 104 56 33 138 139 134 74 118 25 173 136 45 162 80 190 73 164 193 31 54 151 117 198 1 63 135 131 19 112 121 51 125 90 191 147 6 188 169 132 126 195 13 145 15 70 3 155 184 189 109 29 168 11 160
124,48534,1764959752748018825,63 40 107 122 133 10 147 6 188 169 132 161 70 3 155 152 183 140 149 28 20 148 47 94 185 95 86 166 194 176 113 103 89 163 106 124 128 62 83 18 55 34 189 15 145 13 195 168 29 0 109 35 111 77 81 153 187 97 141 91 61 36 78 175 80 190 45 5 177 21 87 82 8 56 144 160 104 138 33 49 11 139 43 134 118 51 90 131 121 73 54 31 193 117 198 156 1 27 38 135
125,48019,1764959752748018826,0 29 49 33 160 144 111 8 104 82 21 91 141 77 81 153 187 163 103 89 127 137 114 113 176 194 166 86 185 99 179 94 47 148 20 28 140 183 152 155 15 3 70 132 169 188 6 147 10 133 122 107 40 100 63 27 38 135 90 51 121 1 156 198 117 54 31 193 190 80 175 78 36 61 79 177 5 45 136 73 173 25 138 11 139 168 195 145 189 34 55 18 62 128 124 106 159 143 35 109
126,48573,1764959752748018827,156 198 117 193 190 80 136 73 31 54 112 121 25 104 33 160 29 109 35 0 144 8 82 87 21 177 5 78 175 36 61 91 141 97 77 111 81 153 163 89 103 113 194 176 166 86 106 124 62 18 55 34 170 140 183 95 130 185 179 94 47 148 20 28 149 152 155 3 70 15 145 13 195 168 43 139 11 138 182 118 98 51 134 132 169 188 6 147 10 133 107 40 63 102 135 122 191 90 131 1
127,46515,1764959752748018828,168 195 126 13 132 169 6 188 70 3 15 145 155 184 152 170 34 143 159 106 124 128 62 18 55 174 183 140 28 20 60 148 47 94 179 185 130 95 86 166 194 176 180 113 103 163 89 127 137 165 187 153 81 77 141 61 36 21 87 82 8 111 0 35 109 29 160 144 33 11 138 182 25 177 5 78 175 80 190 193 31 54 117 198 1 135 63 40 107 122 131 121 51 191 90 133 10 147 134 139
128,46850,1764959752748018829,185 95 130 99 66 94 47 148 60 20 28 149 4 140 183 152 184 155 3 70 188 169 132 13 15 145 195 168 139 11 138 104 33 160 144 111 8 21 82 77 81 153 143 106 124 18 62 55 34 35 109 0 29 134 6 147 51 90 122 107 40 63 135 131 121 112 19 1 156 198 117 193 31 54 73 190 80 175 78 142 45 5 177 61 36 141 187 165 127 89 163 103 113 176 194 166 86 52 172 179
129,47418,1764959752748018830,170 152 184 155 3 15 145 70 161 188 6 147 90 191 51 134 169 132 13 195 168 139 11 138 25 158 121 131 122 135 63 38 27 1 117 193 31 54 164 73 136 190 80 175 78 5 177 21 91 61 36 141 82 8 104 111 144 33 160 29 0 109 35 143 159 81 77 153 163 165 127 89 103 113 114 180 176 194 166 172 179 66 94 47 148 60 20 140 183 95 130 99 185 86 106 124 62 18 55 34
130,48157,1764959752748018831,18 62 128 124 143 106 180 176 166 194 113 103 127 89 163 187 153 81 77 141 91 36 61 21 82 111 144 104 8 177 5 78 175 142 45 80 190 136 73 164 31 54 193 117 198 1 27 38 102 63 40 107 135 122 133 10 147 191 90 120 51 125 131 121 25 138 11 168 195 13 132 169 188 70 3 155 15 145 33 29 0 35 109 152 140 28 20 60 148 47 94 179 22 99 185 86 95 183 34 55
131,46208,1764959752748018832,28 20 60 148 47 94 66 179 22 99 130 95 185 86 166 176 180 194 113 103 114 137 127 89 163 187 153 81 77 97 141 82 8 104 21 177 5 45 142 78 175 162 80 190 136 73 54 31 193 117 198 1 135 102 63 122 90 131 121 51 147 192 6 188 169 132 13 70 3 15 155 189 145 195 168 43 134 139 11 182 138 33 160 144 111 29 0 109 35 143 106 124 62 18 55 34 170 152 183 140
132,47337,1764959752748018833,74 134 6 188 169 132 70 161 15 3 155 184 152 34 55 18 62 128 95 130 99 183 140 28 20 60 148 47 94 66 179 185 86 166 194 176 180 113 103 114 127 89 163 187 153 106 124 159 143 35 109 0 29 145 13 195 168 43 139 11 138 33 160 111 81 77 97 141 82 8 104 21 61 36 177 5 78 175 80 190 136 73 164 31 193 198 156 1 117 54 112 121 131 135 63 122 90 51 98 118
133,49539,1764959752748018834,141 91 36 61 82 21 177 5 142 78 175 80 190 136 173 25 182 138 11 139 134 118 98 116 121 73 54 31 193 117 198 1 27 38 63 135 122 133 10 90 191 51 71 147 6 188 169 168 195 13 145 15 70 3 155 189 29 160 33 144 56 104 8 111 12 0 109 35 143 159 106 124 62 18 34 152 140 28 20 148 183 55 83 95 130 185 86 166 194 176 113 114 127 89 103 163 187 153 81 77
134,48388,1764959752748018835,5 78 175 142 45 162 80 190 73 54 31 193 117 135 122 96 63 40 107 133 10 90 191 51 121 177 21 82 8 104 56 144 160 33 49 11 138 182 139 6 188 169 132 168 195 145 13 15 70 3 155 34 62 83 18 55 170 152 140 149 28 20 199 183 95 130 148 60 47 94 66 179 22 99 185 86 166 194 176 113 103 127 89 163 153 106 124 159 143 35 109 0 29 111 81 77 141 91 61 36
135,47571,1764959752748018836,45 5 142 78 175 162 80 190 193 31 117 198 156 27 16 1 38 102 63 135 122 133 10 147 6 188 169 132 70 3 15 155 184 189 145 13 195 168 139 182 138 11 33 160 29 0 109 35 143 106 124 62 18 34 152 55 95 130 183 140 20 148 47 94 179 185 86 166 194 176 180 113 103 127 89 163 187 153 81 111 144 104 8 82 77 97 141 91 36 61 21 177 25 51 90 121 112 54 73 136
136,48118,1764959752748018837,47 94 179 22 99 130 95 185 86 166 194 176 113 103 163 187 146 153 77 97 141 91 36 61 82 87 21 177 5 78 175 142 45 162 80 190 136 73 164 54 31 193 117 198 156 1 121 131 135 63 122 133 10 90 51 71 147 6 188 169 132 43 11 49 29 160 33 144 111 8 104 138 139 168 195 13 70 3 15 145 189 155 152 109 0 35 143 159 106 124 128 62 18 55 34 183 140 28 20 148
137,49348,1764959752748018838,51 120 71 147 6 188 169 132 15 145 13 195 168 139 11 182 138 104 56 144 160 33 49 29 0 109 35 111 143 159 106 124 62 18 55 34 3 70 155 152 140 183 95 130 185 86 166 194 176 113 103 114 127 89 163 187 146 153 81 77 82 8 21 61 36 177 5 78 175 80 190 136 73 164 54 31 193 117 198 156 151 19 112 121 131 1 197 16 27 38 135 63 40 107 10 133 122 90 191 125
138,48934,1764959752748018839,166 194 176 113 103 114 127 89 163 106 124 143 153 77 141 91 61 36 5 45 142 78 175 162 80 190 136 73 54 31 193 117 198 1 63 40 107 122 135 131 19 112 121 90 51 118 74 25 177 21 82 111 144 35 109 0 29 160 33 56 8 104 182 138 49 11 139 168 195 134 147 6 188 169 132 13 145 15 70 3 155 152 140 28 20 199 183 170 34 55 18 62 95 130 99 148 47 94 185 86
139,49578,1764959752748018840,82 77 141 91 36 61 21 177 5 45 142 78 175 162 80 190 73 164 54 31 193 117 198 1 135 63 122 133 10 178 191 90 125 131 121 116 118 98 51 71 147 85 134 139 168 195 126 6 188 169 132 70 13 145 15 3 155 184 152 140 183 34 55 18 62 143 106 124 128 86 95 130 185 179 172 166 194 176 113 103 114 127 89 163 187 153 111 35 109 0 29 160 33 49 11 182 138 104 144 8
140,48127,1764959752748018841,134 43 11 49 138 33 160 144 111 56 104 8 82 21 177 36 61 79 91 141 77 81 153 187 163 89 127 114 103 113 176 194 166 179 99 185 86 95 183 148 47 60 20 28 140 152 34 55 18 62 128 124 106 143 35 109 0 29 168 195 126 13 161 70 3 155 184 189 145 15 132 169 188 6 147 90 51 121 131 122 63 135 1 117 193 31 54 73 136 190 80 162 45 142 175 78 5 25 182 139
141,51560,1764959752748018842,35 0 109 29 160 11 139 138 33 144 111 77 153 163 180 176 86 185 179 166 194 113 103 89 127 165 187 141 91 61 21 8 104 177 36 175 78 142 5 25 158 121 112 19 54 31 164 73 136 80 190 105 193 117 198 1 38 63 100 107 40 10 133 122 135 131 90 191 125 51 98 120 71 147 188 169 132 168 195 13 70 3 15 145 189 167 155 184 152 28 140 183 95 55 34 18 62 124 106 143
142,48721,1764959752748018843,190 80 45 175 78 5 177 36 61 91 141 77 153 187 163 89 103 113 194 166 176 106 124 62 18 55 34 183 95 86 185 179 94 47 148 60 20 28 140 152 184 155 189 145 15 3 70 13 195 29 0 109 35 160 144 111 8 82 87 21 104 33 138 11 139 168 126 132 169 65 188 6 134 85 74 118 98 51 147 10 133 90 125 131 122 107 40 63 135 1 198 117 151 121 112 54 31 193 73 136
143,47298,1764959752748018844,195 168 145 15 70 3 155 184 152 183 140 28 20 60 148 47 94 179 166 194 114 103 113 176 86 185 99 130 95 55 34 18 62 124 106 153 163 89 127 187 81 77 141 91 79 61 36 177 21 87 104 8 82 111 144 12 0 35 109 29 160 33 49 11 139 138 182 25 45 142 5 78 175 80 190 136 73 54 31 193 117 198 1 38 135 63 40 107 10 133 122 90 131 121 51 6 188 169 132 13
144,46780,1764959752748018845,170 184 155 3 70 15 145 195 168 139 11 138 182 74 118 134 13 132 169 188 6 147 51 90 10 133 122 135 63 38 1 131 121 117 193 31 54 164 73 136 190 80 45 142 175 78 5 177 21 61 36 141 77 82 8 104 56 144 33 160 29 0 109 35 111 81 153 163 89 127 137 114 103 113 194 180 176 106 124 62 18 55 95 130 99 185 86 166 179 94 47 148 60 20 28 149 4 140 183 152
145,49254,1764959752748018846,145 168 195 13 132 169 188 6 147 191 90 122 133 10 107 40 100 63 135 16 27 38 1 156 198 117 193 31 164 190 80 175 78 5 136 73 54 151 19 112 121 131 51 98 118 25 177 21 61 36 141 97 77 81 111 82 8 104 160 33 138 182 139 11 29 12 0 109 35 143 153 146 187 165 127 89 163 103 113 176 194 166 179 185 130 95 86 106 124 62 18 55 183 140 152 184 155 3 70 15
146,47998,1764959752748018847,29 160 33 138 139 11 168 195 13 132 169 188 70 3 15 145 189 155 184 170 152 183 140 4 149 28 20 60 148 47 94 99 95 86 185 179 172 166 194 88 128 83 55 34 18 62 124 106 176 180 113 26 103 114 137 127 165 89 163 187 153 81 97 77 82 8 21 141 91 61 36 177 5 142 78 175 190 80 73 164 54 31 193 117 198 156 1 135 122 90 121 25 104 144 111 159 143 35 109 0
147,46624,1764959752748018848,179 22 99 130 183 95 185 86 166 194 180 176 113 114 163 103 89 127 187 153 81 77 82 111 8 21 141 61 36 177 5 78 175 45 80 190 193 31 54 117 198 156 24 1 27 38 63 135 131 121 118 98 51 90 147 6 188 169 126 13 132 70 3 155 189 15 145 195 168 43 139 11 138 33 144 160 29 0 109 35 143 159 106 124 62 18 55 34 170 152 140 149 28 20 60 148 47 94 66 172
148,47915,1764959752748018849,55 34 170 155 189 145 15 3 70 161 13 195 132 169 188 6 134 168 139 11 33 138 51 90 122 135 131 112 121 117 193 31 54 164 73 190 80 45 175 78 5 177 36 61 91 141 97 77 81 111 8 82 87 21 104 56 144 160 29 0 109 35 143 124 106 153 146 187 163 89 127 137 114 103 26 113 176 194 166 179 66 94 154 47 148 60 20 28 149 4 152 140 183 95 130 99 185 86 62 18
149,49707,1764959752748018850,104 33 138 25 158 121 131 135 1 198 117 193 31 54 73 190 80 45 175 78 5 36 61 91 177 21 8 82 141 77 81 143 106 153 163 103 89 165 127 137 114 113 176 194 166 185 179 66 154 94 148 47 60 20 28 149 4 140 53 152 184 170 183 130 95 86 128 124 62 18 55 34 35 109 0 29 189 155 3 70 15 145 195 168 132 169 188 6 147 90 51 134 139 11 49 160 144 111 68 56
150,48449,1764959752748018851,45 80 190 136 73 164 54 31 193 117 198 1 131 121 158 25 157 138 182 139 43 134 51 90 147 192 6 188 169 132 13 70 3 155 15 145 195 168 11 49 33 160 29 0 109 35 143 106 124 128 62 18 55 34 170 152 4 149 28 20 60 148 140 183 130 95 86 185 99 47 94 66 179 172 166 194 176 113 114 127 89 103 163 153 81 41 111 104 8 21 87 82 77 141 61 36 177 5 78 175
151,49039,1764959752748018852,61 36 91 141 97 77 58 82 111 81 153 159 143 106 124 62 18 34 55 83 95 130 99 185 86 176 180 163 89 127 103 113 194 166 172 179 94 47 148 60 20 28 149 4 140 183 152 184 155 189 69 35 0 109 29 144 56 8 104 160 33 11 139 168 195 13 145 15 3 70 161 132 169 188 6 134 182 138 25 121 131 51 125 90 191 10 133 122 135 63 38 1 198 117 193 54 31 5 177 21
152,48160,1764959752748018853,160 33 138 182 11 139 134 118 51 125 90 191 147 6 188 169 132 13 168 195 145 15 161 70 3 155 189 109 0 29 144 111 35 170 152 149 28 20 60 148 47 94 66 179 185 99 130 9 140 183 34 55 18 62 128 95 86 166 194 176 180 113 103 127 89 163 153 106 124 143 81 77 97 141 61 36 177 5 78 175 80 190 73 54 31 193 117 198 1 27 38 63 135 131 121 158 25 21 8 104
153,47091,1764959752748018854,179 66 94 47 148 60 20 28 149 140 183 55 18 34 152 184 155 3 70 15 145 132 188 169 13 195 168 139 11 182 74 134 6 147 90 51 121 131 122 107 40 63 135 1 156 198 117 193 31 54 164 73 136 190 80 175 78 5 177 36 61 141 97 77 82 87 21 8 111 144 56 104 138 33 160 29 12 0 109 35 143 81 153 187 163 89 127 103 113 176 106 124 62 95 130 99 185 86 194 166
154,49984,1764959752748018855,55 34 35 12 29 0 109 189 145 13 195 168 49 33 160 144 56 104 8 111 106 124 176 180 88 166 194 113 103 114 137 127 89 163 187 146 153 77 141 82 87 21 91 61 36 177 5 78 175 142 45 162 80 190 193 117 198 1 27 38 135 63 40 107 122 121 112 54 31 73 25 182 138 11 139 134 51 90 191 147 6 188 169 132 70 3 15 155 152 183 140 28 20 148 47 94 185 86 62 18
155,48003,1764959752748018856,188 6 134 147 90 10 133 122 135 63 102 38 27 1 198 117 193 31 54 73 190 80 175 78 142 5 177 25 158 121 51 118 74 139 11 138 104 8 144 33 160 111 81 97 77 58 82 21 61 36 91 141 187 153 163 165 127 89 103 113 176 166 86 95 130 185 179 94 47 148 20 140 183 152 34 55 18 62 128 124 106 159 143 35 109 0 29 189 155 3 70 161 15 145 13 195 168 126 132 169
156,50177,1764959752748018857,182 139 168 195 13 145 189 170 55 18 34 35 109 0 29 160 8 111 153 187 137 114 127 89 103 113 194 176 163 143 106 124 62 95 130 185 86 166 179 66 94 47 148 60 20 183 140 152 155 3 15 70 132 169 188 6 134 74 118 98 51 90 191 147 178 10 133 122 107 40 100 63 135 38 1 121 158 25 73 54 31 193 117 190 80 175 78 5 36 61 141 97 77 82 87 21 104 138 33 11
157,47059,1764959752748018858,134 147 10 133 122 107 40 63 135 90 51 121 1 198 117 54 31 193 190 80 175 78 142 45 5 177 36 61 79 91 141 77 82 8 104 56 144 33 160 29 0 109 35 111 81 153 187 163 89 127 137 114 103 113 176 194 166 86 106 124 62 18 55 34 183 95 130 185 179 94 47 148 20 28 149 140 152 184 155 189 15 3 70 161 145 195 168 126 13 132 169 188 6 43 139 11 138 182 74 118
158,46373,1764959752748018859,54 31 164 73 173 136 190 80 175 78 5 177 36 61 21 104 8 82 141 77 111 35 109 0 29 144 160 33 11 139 168 195 13 145 15 189 170 34 55 18 83 62 124 106 143 153 163 89 127 114 103 113 194 176 166 86 95 130 99 185 179 66 94 47 148 60 20 28 149 140 183 152 184 155 3 70 132 169 188 6 147 90 191 51 121 131 135 122 133 10 107 40 63 38 27 16 1 198 117 193
159,47161,1764959752748018860,5 78 175 45 80 190 136 73 164 54 31 193 117 198 1 27 38 63 40 107 135 122 133 10 178 147 6 188 169 132 13 70 3 15 145 195 168 43 11 139 134 51 191 90 121 158 25 182 138 33 160 144 56 104 8 21 82 111 143 35 109 0 29 189 155 152 55 18 62 124 106 86 185 95 183 140 28 20 148 47 94 179 166 194 176 180 113 103 163 89 127 165 187 153 77 141 91 61 36 177
160,49299,1764959752748018861,192 147 10 133 40 107 122 90 131 135 63 38 27 1 117 31 121 51 98 118 134 195 168 139 11 138 33 56 104 25 177 78 175 142 162 80 190 45 5 36 61 91 141 21 82 8 111 144 160 29 0 109 35 143 159 124 106 153 81 77 97 187 163 89 127 103 180 176 113 194 166 86 128 62 18 55 34 183 95 130 185 179 94 47 148 60 20 140 152 184 155 3 70 15 145 13 132 169 188 6
161,51888,1764959752748018862,156 1 131 121 90 135 63 40 107 122 133 147 51 118 74 182 138 33 160 49 11 139 168 43 2 85 134 6 188 169 132 126 195 13 161 70 3 15 145 189 155 184 152 170 55 183 140 20 148 185 86 166 194 113 103 163 176 106 124 128 62 18 34 35 109 0 12 29 39 111 81 153 77 141 91 61 36 177 21 87 82 8 144 56 104 157 25 5 78 175 142 45 80 190 73 54 31 193 117 198
162,50405,1764959752748018863,147 51 121 131 125 90 122 40 63 135 38 1 198 117 54 31 164 193 190 80 136 73 25 177 5 45 142 175 78 7 36 61 91 21 82 8 104 138 139 11 33 160 29 144 56 111 41 81 77 141 187 153 163 89 103 113 176 166 179 66 94 47 60 20 148 22 99 185 130 95 86 18 62 124 106 143 35 12 0 109 34 55 174 152 28 140 183 170 184 155 3 70 15 145 13 195 168 169 188 6
163,48671,1764959752748018864,61 36 177 25 158 112 19 151 54 164 73 136 45 5 78 175 80 190 105 193 31 117 198 156 1 38 63 135 122 131 121 116 118 98 51 90 147 6 134 139 138 33 160 144 111 8 104 11 168 195 132 169 188 70 3 15 145 29 0 109 35 106 124 128 62 18 55 34 152 183 140 28 20 23 60 148 47 94 179 185 130 95 86 166 194 176 113 103 127 89 163 187 153 81 77 82 21 141 91 79
164,49488,1764959752748018865,117 198 156 27 38 135 63 40 107 10 133 122 125 90 191 51 147 6 188 169 132 195 13 145 70 3 15 155 152 183 140 28 20 148 47 94 179 185 95 55 34 18 62 106 124 35 109 0 29 111 81 153 163 176 86 166 194 113 103 187 97 77 141 91 79 61 36 177 21 87 82 8 104 144 160 33 11 168 43 139 138 182 74 118 25 158 121 131 1 54 31 73 136 45 5 78 175 80 190 193
165,49722,1764959752748018866,147 51 125 90 191 10 133 122 107 40 63 102 135 1 198 117 193 31 54 73 136 190 80 175 78 5 177 36 61 79 91 141 21 8 82 77 81 153 163 103 113 176 166 86 185 94 47 148 20 28 149 4 140 183 130 95 152 155 189 145 15 3 70 161 65 188 169 132 13 126 195 168 139 182 138 11 33 29 160 0 109 35 34 55 18 62 124 106 143 159 41 111 144 104 25 121 98 118 134 6
166,48745,1764959752748018867,160 33 104 8 82 21 177 5 142 45 162 175 78 36 61 91 141 77 81 153 119 159 143 106 124 18 55 62 95 185 86 176 113 103 163 89 127 137 114 194 166 179 94 47 148 60 20 140 183 34 170 53 152 155 15 3 70 13 132 169 188 6 134 147 122 107 40 63 135 131 90 191 51 121 112 54 31 117 198 1 156 193 190 80 136 73 25 182 138 11 139 168 195 145 29 0 109 35 111 144
167,48954,1764959752748018868,176 106 143 62 124 18 55 34 183 199 20 28 140 152 155 3 70 15 145 195 168 132 169 188 6 147 10 133 107 40 63 135 122 90 191 71 134 139 11 49 29 0 109 35 111 81 77 82 21 8 104 144 160 33 138 182 51 125 121 131 38 27 16 1 198 117 54 73 164 31 193 190 80 175 5 36 61 91 141 187 153 163 89 165 127 114 103 113 194 166 185 179 94 47 60 148 99 130 95 86
168,48326,1764959752748018869,55 18 62 34 183 140 4 149 28 20 148 47 94 179 185 130 95 86 166 194 113 180 176 106 124 143 159 35 109 0 29 160 33 11 139 182 138 104 56 144 111 8 21 87 82 77 81 153 163 103 89 127 165 187 146 97 141 61 36 177 123 25 51 191 90 122 131 121 5 142 78 175 80 190 117 31 54 1 135 63 40 107 133 10 147 134 6 188 169 132 13 195 168 145 15 70 3 155 184 152
169,47982,1764959752748018870,11 139 168 43 134 147 192 6 188 169 132 13 126 195 145 15 70 3 155 152 140 28 20 148 94 179 185 95 183 55 18 62 124 106 128 86 166 194 176 180 113 103 127 89 163 153 81 143 35 109 0 29 144 111 82 77 97 141 91 61 36 177 5 78 175 142 45 80 190 136 73 164 31 54 193 117 198 156 1 38 135 122 63 100 107 40 133 10 90 191 51 131 121 25 182 138 104 8 160 33
170,48917,1764959752748018871,89 163 176 86 128 62 55 18 124 106 143 159 153 81 77 141 91 36 61 21 82 111 8 104 144 0 35 109 29 160 33 138 25 182 139 11 168 195 43 134 118 51 191 90 131 121 112 19 151 54 31 73 136 5 78 175 80 190 164 193 117 198 1 135 63 122 133 147 6 188 169 132 13 145 15 70 3 155 152 170 34 183 140 20 148 47 94 99 130 95 185 179 172 52 166 194 113 103 127 165
171,46779,1764959752748018872,122 90 51 147 134 6 188 169 132 70 3 155 184 152 170 34 55 18 62 95 130 183 140 4 149 28 20 148 47 94 179 185 86 166 194 176 180 113 163 103 89 127 165 187 153 106 124 143 35 111 81 77 141 91 36 61 21 82 8 104 56 144 160 33 49 29 0 109 189 15 145 13 126 195 168 139 11 138 182 25 177 5 78 175 80 190 136 193 31 54 117 198 1 121 131 135 63 40 107 133
172,47713,1764959752748018873,138 104 33 160 144 8 82 77 81 153 141 91 36 61 21 177 5 142 175 78 45 80 190 136 73 54 31 193 117 198 151 112 121 118 98 51 125 191 90 131 1 27 38 63 135 122 133 10 178 115 147 6 188 169 132 70 3 15 189 155 184 152 170 34 183 140 28 20 148 47 94 179 166 194 113 103 127 89 163 176 86 185 130 95 55 18 62 124 106 143 35 109 0 29 145 13 195 168 139 11
173,49577,1764959752748018874,81 153 146 187 163 89 127 103 113 176 194 166 185 179 94 47 148 20 140 183 152 155 70 3 34 55 18 62 95 86 128 124 106 143 111 35 109 0 29 39 160 49 11 139 168 195 13 132 169 188 6 134 147 115 178 10 133 107 40 63 38 1 117 193 190 80 73 31 54 131 135 122 90 191 125 121 51 118 74 182 138 33 144 56 104 8 82 87 21 177 5 45 142 175 78 36 61 91 141 77
174,47771,1764959752748018875,29 144 160 33 49 11 139 134 74 118 51 121 112 54 31 73 5 78 175 80 190 193 117 1 135 63 100 40 107 122 90 147 6 188 169 168 195 13 132 161 70 3 15 145 189 155 152 183 140 4 149 28 20 60 148 47 94 99 130 95 55 34 18 62 124 106 86 185 179 166 194 176 113 103 127 89 163 153 81 77 141 91 79 61 36 87 82 21 177 25 182 138 104 8 111 159 143 35 109 0
175,49238,1764959752748018876,73 31 54 117 198 193 190 80 45 175 78 36 61 21 87 91 141 97 77 81 153 163 165 127 89 103 113 180 176 194 166 86 179 66 94 47 185 95 124 106 159 143 62 83 18 55 34 183 140 148 20 28 152 155 3 70 15 145 168 195 13 132 169 188 6 192 147 51 191 90 10 133 122 135 32 63 102 38 27 16 1 131 121 118 134 139 11 29 0 109 35 111 82 8 104 160 33 138 177 5
176,47943,1764959752748018877,82 21 177 25 139 11 138 104 8 111 144 160 33 49 29 0 109 35 143 159 106 153 163 89 127 114 103 113 176 194 166 172 179 66 94 47 148 20 140 183 95 185 86 124 62 18 55 34 170 152 184 155 189 3 70 161 15 145 13 126 168 195 132 169 188 6 134 118 98 51 125 191 90 122 40 63 135 131 121 1 156 198 117 193 31 54 73 190 80 175 78 142 45 5 36 61 141 97 77 81
177,46391,1764959752748018878,55 18 34 170 152 140 28 20 148 47 94 99 185 179 166 194 176 113 103 127 89 163 187 153 81 77 141 82 21 91 79 61 36 177 5 78 175 45 80 190 136 73 164 54 31 193 117 198 1 27 38 121 131 135 63 40 107 100 122 133 10 90 191 51 147 6 188 169 132 13 70 3 15 145 195 168 43 139 11 182 138 33 144 56 104 8 111 160 29 0 109 35 143 106 124 62 128 86 95 183
178,49239,1764959752748018879,3 155 152 183 140 4 149 28 20 60 148 47 94 99 185 179 166 194 86 128 124 18 62 55 34 35 109 0 29 160 104 8 111 143 159 106 119 153 163 103 176 113 114 127 89 165 187 81 77 141 91 36 61 21 87 82 177 78 175 142 45 5 25 121 112 54 31 164 73 136 80 190 193 117 198 156 1 135 122 90 51 147 134 139 182 138 33 11 43 6 188 169 132 126 168 195 13 145 15 70
179,48290,1764959752748018880,160 33 104 25 158 112 121 118 182 138 11 139 168 195 29 109 0 35 111 159 143 34 55 18 62 128 124 106 153 187 165 137 127 89 163 103 113 180 176 194 166 86 185 179 94 47 148 60 20 28 99 130 95 183 140 152 155 3 70 161 15 145 13 132 169 188 6 147 51 90 10 133 122 135 1 198 117 193 31 73 54 136 190 80 175 78 142 5 177 21 61 36 141 97 77 81 82 8 56 144
180,48363,1764959752748018881,94 47 148 20 28 149 4 140 183 95 130 185 86 128 124 106 62 18 55 152 155 3 70 15 145 13 126 132 169 188 6 134 85 147 90 191 10 133 107 40 100 63 135 122 131 121 125 51 118 182 138 104 8 160 33 11 139 43 168 195 29 0 109 35 111 82 21 177 54 117 198 193 31 73 136 190 80 175 78 142 5 36 61 141 77 81 153 163 89 127 103 114 194 113 180 176 88 166 172 179
181,47451,1764959752748018882,15 145 13 195 168 11 139 43 132 169 188 6 147 133 122 135 63 38 27 1 131 125 90 191 51 121 112 151 198 117 193 31 54 164 73 136 190 80 45 175 78 142 5 177 36 61 91 141 77 82 87 21 8 111 144 56 104 138 182 49 33 160 29 0 109 35 124 106 143 81 153 187 163 89 127 103 113 176 194 166 86 185 94 47 148 20 28 149 4 140 183 62 18 55 34 152 184 155 3 70
182,49009,1764959752748018883,47 148 60 20 28 140 183 62 18 55 152 155 3 70 15 145 13 132 126 195 168 43 139 134 188 169 6 147 191 90 133 122 63 135 1 117 193 31 54 121 51 98 118 182 138 25 177 5 45 190 80 175 78 36 61 141 21 82 8 104 160 33 11 49 29 109 35 0 144 111 159 143 124 128 106 153 81 77 187 165 127 137 114 163 89 103 26 113 176 180 194 166 86 185 95 130 99 179 66 94
183,47667,1764959752748018884,169 188 6 147 133 122 63 135 90 51 121 112 73 31 54 1 156 198 117 193 136 190 80 175 78 142 5 177 21 36 61 79 91 141 77 82 8 56 104 138 182 11 139 43 168 195 29 109 35 0 160 33 144 111 81 153 187 163 89 127 114 103 113 180 176 194 166 179 94 47 60 20 148 22 99 130 185 86 128 106 143 124 62 83 18 34 55 95 183 140 28 149 152 155 3 70 15 145 13 132
184,47983,1764959752748018885,29 11 139 134 43 168 195 126 13 145 15 3 70 161 132 169 188 6 147 10 133 122 107 40 63 135 90 191 51 121 131 38 1 198 117 193 31 54 73 190 80 45 142 175 78 5 36 61 91 141 77 82 104 8 21 177 25 138 33 160 111 81 153 163 89 127 103 113 194 166 176 124 106 159 143 35 0 109 34 55 18 62 95 86 185 179 66 94 47 148 20 28 149 140 183 152 184 155 189 69
185,49125,1764959752748018886,15 145 13 126 195 168 43 139 11 138 33 144 160 29 0 109 35 106 124 128 62 18 55 34 170 152 183 95 130 99 140 4 149 28 20 148 47 94 179 185 86 166 194 176 113 163 153 77 97 141 21 82 111 8 56 104 25 123 177 61 36 5 175 80 190 136 73 164 54 31 193 117 198 156 1 38 135 122 63 100 107 40 133 10 191 90 125 131 121 51 6 188 65 169 132 161 70 3 155 189
186,46395,1764959752748018887,179 185 22 99 130 95 86 166 194 176 180 113 103 89 127 165 163 153 141 77 81 111 144 104 8 82 21 61 36 177 25 121 112 19 5 78 175 142 45 162 80 190 136 73 164 54 31 193 117 198 156 1 38 63 135 122 133 90 51 118 134 147 6 188 169 132 70 3 15 145 13 195 168 43 139 11 138 33 160 29 0 109 35 143 106 124 62 83 18 55 34 183 140 28 20 60 148 47 94 66
187,48901,1764959752748018888,190 80 45 142 175 78 5 36 141 187 153 81 77 82 87 21 8 144 104 182 138 160 33 29 0 109 35 111 143 159 106 124 62 34 55 18 83 128 176 113 103 163 89 127 114 194 166 86 95 130 185 179 94 47 148 20 28 140 183 152 155 3 70 15 145 13 132 169 188 195 168 43 11 139 134 6 147 10 133 122 135 63 102 38 27 16 1 131 90 191 120 51 125 121 112 73 31 54 117 193
188,47223,1764959752748018889,8 104 160 33 138 11 139 182 25 158 121 125 51 118 134 147 10 133 107 40 63 102 135 122 191 90 131 1 198 117 193 31 54 73 190 80 175 78 5 177 21 61 36 141 77 81 153 187 163 89 127 103 113 176 194 166 185 179 66 94 154 47 148 60 20 28 149 4 199 140 183 95 86 128 124 106 143 62 83 18 55 34 170 152 155 3 70 188 169 132 13 145 195 168 29 0 109 35 111 82
189,48661,1764959752748018890,121 117 1 27 38 135 63 40 107 122 90 51 147 85 134 6 188 169 132 13 70 3 15 145 168 139 11 138 33 160 29 0 35 109 155 152 170 34 55 18 83 62 124 128 183 140 4 149 28 20 60 148 47 94 179 22 99 130 95 185 86 166 176 194 113 103 89 127 163 187 153 77 81 159 106 143 111 8 82 21 61 36 5 78 175 142 45 162 80 190 136 193 31 54 73 173 123 177 25 158
190,50210,1764959752748018891,169 188 6 147 71 51 191 90 122 133 10 107 40 63 135 38 1 198 117 193 31 54 73 112 121 98 118 74 134 139 182 25 177 78 175 80 190 136 45 5 36 141 97 77 82 21 8 104 144 111 41 81 153 159 143 35 0 109 29 160 33 138 11 43 168 195 13 145 15 189 170 34 55 18 62 128 124 106 176 113 166 86 185 99 179 94 47 148 60 20 28 140 183 152 184 155 3 70 161 132
191,50856,1764959752748018892,128 106 163 153 77 21 177 5 175 36 61 141 97 187 127 89 103 113 176 194 166 86 185 179 94 148 20 28 140 183 174 152 170 184 155 3 70 161 15 145 189 109 35 0 12 29 49 11 168 195 13 132 169 65 188 6 147 133 122 135 63 38 1 24 156 198 117 54 31 193 80 190 73 112 121 131 90 191 51 118 74 134 43 139 182 138 33 160 144 56 104 8 82 111 143 124 34 55 18 62
192,50614,1764959752748018893,166 194 113 103 89 127 165 187 97 77 141 91 79 61 36 5 45 142 78 175 80 190 193 31 54 117 1 135 122 133 147 71 191 90 51 121 25 177 21 82 8 104 138 182 134 6 188 169 43 168 139 11 49 33 160 144 111 41 81 153 163 176 86 128 106 143 124 62 18 55 34 170 35 109 0 12 29 189 15 145 195 126 13 132 161 70 3 155 184 152 140 183 130 95 185 20 148 47 94 179
193,48634,1764959752748018894,195 13 145 15 3 70 132 169 11 139 74 118 134 188 6 147 51 90 122 107 40 63 135 131 121 25 138 104 56 33 160 144 111 8 68 82 87 21 177 142 78 175 80 190 193 31 117 54 73 136 45 5 36 61 141 77 97 81 153 187 163 89 127 137 114 103 113 194 166 176 106 124 62 128 86 95 130 185 99 22 179 66 94 47 148 20 28 149 4 140 183 152 55 18 34 35 109 0 29 168
194,48671,1764959752748018895,35 0 12 29 144 160 33 138 11 139 43 168 195 126 13 70 3 15 145 132 169 188 6 147 71 51 125 90 191 10 133 107 40 100 63 122 135 1 156 198 117 193 80 190 73 164 31 54 19 112 121 25 177 5 78 175 36 141 97 77 8 111 81 153 187 165 127 137 114 89 163 103 113 180 176 194 166 86 95 130 185 179 94 148 20 28 140 183 55 18 62 128 124 106 143 34 170 152 155 109
195,45822,1764959752748018896,180 113 114 137 127 89 103 163 153 77 141 91 61 36 177 5 78 175 45 80 190 136 73 164 31 54 193 117 198 156 1 38 131 121 51 191 90 122 135 63 40 107 133 10 147 6 134 182 138 104 8 82 111 35 109 0 29 144 160 33 11 139 43 168 195 126 132 188 169 13 145 15 3 70 189 155 184 152 34 55 18 62 124 106 86 185 130 95 183 140 28 20 60 148 47 94 179 166 194 176
196,47212,1764959752748018897,131 90 122 133 107 40 100 63 135 38 27 1 117 193 31 54 73 190 80 45 142 175 78 5 177 91 61 36 21 82 8 56 144 111 141 77 81 153 143 106 124 62 18 34 55 128 163 103 89 127 137 114 113 176 194 166 86 95 130 185 179 94 47 148 60 20 28 140 183 152 170 184 155 3 70 15 145 13 132 169 188 6 134 168 195 109 35 0 29 160 33 49 11 139 138 104 182 118 51 121
197,47664,1764959752748018898,1 156 198 117 193 31 54 164 73 136 190 80 175 78 5 177 36 61 21 82 141 97 77 81 153 187 165 127 137 114 89 163 103 113 176 194 166 86 95 185 94 47 148 20 140 183 55 18 62 124 106 143 34 152 184 155 3 70 161 15 189 109 35 0 29 111 8 104 144 160 33 49 11 138 182 139 43 168 195 145 13 132 169 188 6 134 74 118 51 147 133 40 107 122 90 121 131 135 63 38
198,49095,1764959752748018899,77 81 153 143 106 124 128 176 163 165 127 89 103 114 113 194 166 86 95 185 179 66 94 47 148 20 28 140 183 152 170 55 18 62 34 35 0 109 189 155 3 70 161 15 145 13 132 169 126 195 168 139 182 138 11 49 29 160 33 56 144 111 8 104 25 177 5 45 136 73 31 54 121 118 74 134 188 6 147 51 90 122 135 63 38 1 198 117 193 190 80 175 78 36 61 91 141 21 87 82
199,49143,1764959752748018900,139 11 33 160 144 111 81 153 77 97 141 91 79 61 36 21 87 82 8 104 177 5 78 175 80 190 73 54 31 193 117 198 156 1 27 38 135 102 63 100 40 107 72 122 121 158 25 138 182 118 51 191 90 133 10 147 6 134 43 188 169 132 13 195 168 145 15 70 3 155 34 18 183 140 20 148 47 94 179 99 130 95 185 86 166 194 176 113 103 127 89 163 106 124 62 35 109 0 29 49
200,49060,1764959752748018901,80 190 193 31 73 54 117 1 38 135 122 63 100 40 107 133 147 6 188 169 132 13 126 195 168 43 139 11 49 39 29 0 35 109 145 15 70 3 155 184 152 34 18 55 183 140 4 149 28 20 148 47 94 179 185 95 62 124 106 128 86 166 194 176 113 103 127 89 163 187 153 77 61 91 141 36 177 21 82 81 41 111 68 8 104 56 144 160 33 138 182 118 51 191 90 121 25 5 78 175
201,46919,1764959752748018902,198 117 54 73 31 193 190 80 175 78 142 5 177 36 61 91 21 104 56 8 82 141 77 97 146 187 165 127 89 103 113 194 166 176 163 153 81 111 144 160 33 138 182 134 139 11 29 0 109 35 143 159 106 124 62 18 55 34 170 140 183 95 130 99 185 86 179 66 94 47 148 60 20 28 152 155 15 3 70 161 132 13 145 195 168 169 188 6 147 191 90 51 121 131 122 135 63 38 1 156
202,48561,1764959752748018903,124 128 95 130 99 22 185 179 86 166 194 176 180 113 114 137 127 89 103 163 153 81 77 141 82 8 21 61 36 177 5 45 142 78 175 80 190 193 117 198 156 24 1 197 16 27 38 102 63 135 122 133 147 51 191 90 131 121 54 31 73 25 138 139 11 33 160 29 168 195 145 13 132 169 6 188 70 3 15 189 155 152 28 20 60 94 47 148 140 183 83 62 18 55 34 109 0 35 143 106
203,47681,1764959752748018904,141 77 81 153 187 163 89 127 103 113 194 166 172 179 185 95 130 99 66 94 47 148 60 20 28 149 4 140 183 152 184 155 29 0 109 35 34 55 18 83 62 124 128 86 176 106 159 143 111 56 144 160 33 138 11 139 168 195 126 13 145 15 3 70 161 132 169 188 147 10 133 122 90 191 51 121 131 135 63 1 117 54 31 193 190 80 175 78 142 5 177 104 8 82 87 21 36 61 79 91
204,49177,1764959752748018905,117 151 54 193 31 164 73 136 190 80 175 78 142 45 5 36 61 91 141 77 81 153 187 165 163 89 127 137 114 103 113 180 176 88 194 166 86 124 106 143 109 29 0 35 34 55 18 62 95 185 179 22 99 130 183 140 152 184 155 3 15 70 161 188 6 169 132 13 145 195 168 43 139 11 182 138 49 33 160 144 56 104 68 8 111 82 87 21 177 25 121 51 191 90 122 135 63 1 156 198
205,47130,1764959752748018906,190 164 31 193 117 1 27 38 135 63 40 107 133 122 90 191 125 51 71 147 134 6 188 169 168 195 13 145 15 70 3 155 152 34 55 18 62 124 106 128 183 140 149 28 20 60 148 47 94 66 179 185 99 130 95 86 166 194 176 113 103 127 89 163 153 81 35 109 0 29 160 144 111 77 141 91 61 36 177 21 87 82 8 104 33 138 182 25 158 121 112 54 73 136 45 5 78 175 162 80
206,48787,1764959752748018907,140 20 148 47 94 185 99 130 95 18 55 62 124 143 106 128 86 166 194 176 113 103 127 165 89 163 153 77 141 36 5 78 175 45 80 190 136 73 54 31 193 117 198 1 38 63 40 107 10 133 122 135 131 125 191 90 147 134 43 126 13 132 169 6 188 70 3 15 145 195 168 139 11 138 182 74 118 51 121 158 25 177 21 82 111 8 104 144 160 33 29 109 0 35 34 170 155 184 152 183
207,47888,1764959752748018908,113 180 176 194 166 86 185 179 94 47 60 20 148 99 130 95 128 124 106 143 62 18 55 34 183 140 152 155 3 70 15 145 132 169 188 13 195 168 29 12 0 109 35 160 144 111 82 8 104 33 138 182 11 139 134 51 90 133 122 135 63 38 27 16 197 1 156 198 117 193 164 73 31 54 112 121 158 25 136 190 80 175 78 142 45 5 177 36 61 91 141 77 153 146 187 163 89 165 127 103
208,46625,1764959752748018909,97 141 61 36 177 21 82 8 104 56 144 160 33 138 25 5 175 80 190 136 73 164 54 31 193 117 198 156 1 121 131 135 63 122 90 51 147 134 6 188 169 132 13 126 195 168 139 11 29 0 109 35 143 159 106 124 62 18 55 34 189 145 15 70 3 155 184 170 152 183 140 149 28 20 60 148 47 94 66 179 185 130 95 86 166 194 176 113 163 89 103 114 137 127 165 187 153 81 111 77
209,49117,1764959752748018910,89 127 137 114 113 176 180 88 194 166 86 185 95 130 99 22 179 66 94 47 148 20 140 183 152 184 155 15 3 70 161 132 169 188 6 168 195 126 13 145 34 55 18 83 62 128 124 106 159 143 35 109 0 29 144 160 33 11 139 134 147 191 90 51 98 118 121 131 122 32 135 63 1 117 31 190 80 175 78 5 177 36 61 79 91 141 97 77 82 21 8 104 56 111 81 153 146 187 163 103
210,47462,1764959752748018911,130 99 22 179 66 94 47 148 60 20 28 149 4 140 183 152 155 109 35 0 29 49 138 182 11 139 43 168 195 13 145 15 3 70 161 132 169 188 6 147 71 51 191 90 122 63 135 131 121 1 198 117 193 31 54 73 190 80 175 5 177 25 104 56 33 160 144 111 8 82 21 61 36 91 141 77 187 163 103 89 127 114 113 194 166 176 153 81 143 106 124 128 62 34 55 18 83 95 86 185
211,48806,1764959752748018912,132 188 169 13 195 168 139 134 6 192 147 71 191 90 125 51 98 118 74 25 158 121 131 122 63 135 1 198 117 193 54 31 73 190 80 175 78 142 5 177 36 61 21 82 8 111 77 141 97 187 153 81 144 160 33 104 182 138 11 29 0 109 35 143 106 124 128 176 180 163 89 127 103 113 194 166 86 62 18 55 34 183 95 130 99 185 179 94 47 148 60 20 28 140 152 155 3 70 15 145
212,49019,1764959752748018913,27 156 198 117 193 190 80 175 78 5 73 31 54 1 131 121 182 139 11 138 25 177 36 61 91 141 82 8 104 33 160 29 109 35 0 12 144 111 81 77 97 153 187 163 103 89 165 127 137 114 113 194 166 180 176 128 106 159 143 124 62 18 34 55 95 86 185 179 94 47 148 20 140 183 152 184 155 189 3 70 15 145 195 168 169 188 6 134 51 90 191 147 10 133 40 107 122 135 63 38
213,48477,1764959752748018914,127 89 103 163 153 81 77 82 111 144 8 104 33 160 29 0 109 35 143 106 124 62 34 55 18 128 176 113 194 166 179 94 47 148 60 20 99 185 86 95 183 140 152 155 189 145 15 3 70 13 195 168 126 132 169 65 188 6 147 51 118 74 134 139 11 138 182 25 158 121 90 191 10 133 122 63 135 1 117 31 54 73 164 193 190 80 45 175 78 5 177 21 87 61 36 91 141 97 187 165
214,49233,1764959752748018915,122 90 147 6 188 169 132 13 145 15 70 3 155 184 152 28 20 60 94 47 148 199 140 183 95 185 86 166 194 176 113 103 127 89 163 187 146 153 97 141 82 77 81 159 143 106 124 18 62 35 109 0 29 144 111 8 21 61 36 78 175 142 45 162 80 190 193 117 198 27 38 1 54 31 73 136 5 177 25 182 138 104 160 33 49 11 139 168 195 43 134 118 51 121 131 135 63 100 40 107
215,51455,1764959752748018916,90 135 63 40 107 122 133 147 6 188 169 132 70 155 34 55 83 18 62 124 106 128 88 176 180 113 194 166 179 185 86 95 183 140 152 189 3 15 145 195 126 13 168 139 11 29 0 109 35 143 163 89 103 114 137 127 165 187 153 81 77 141 91 61 79 36 78 175 80 190 164 73 136 5 177 21 82 8 104 144 160 33 138 182 74 118 51 116 112 151 117 54 31 193 198 156 1 131 121 125
216,48466,1764959752748018917,81 153 163 89 127 114 103 113 180 176 194 166 86 95 183 140 130 185 179 66 94 47 148 60 20 28 149 4 152 155 3 70 161 15 145 189 170 34 55 18 62 124 106 143 35 109 0 29 49 160 33 144 104 138 182 11 139 168 195 126 13 132 169 188 6 147 71 51 191 90 125 121 112 19 131 135 122 10 133 63 38 27 1 198 117 54 73 31 193 80 190 5 177 21 8 111 82 141 97 77
217,48710,1764959752748018918,36 61 21 82 111 35 109 0 29 160 33 138 182 104 144 8 177 5 142 175 78 45 80 190 136 164 73 112 121 51 90 131 54 31 193 117 198 1 38 135 122 63 40 107 133 147 6 188 169 134 43 139 11 168 195 126 132 13 145 15 70 3 155 184 170 34 18 55 152 183 140 4 149 28 20 148 47 94 99 185 179 166 194 176 180 113 103 127 89 163 153 106 128 86 95 62 124 143 77 141
218,47601,1764959752748018919,34 62 128 124 143 106 166 194 176 113 103 114 127 165 89 163 153 77 82 21 141 91 61 36 177 5 142 78 175 80 190 193 117 54 31 73 121 131 1 198 156 42 16 27 38 63 135 122 90 51 147 6 188 169 132 13 195 168 43 134 139 11 182 138 33 104 8 111 144 160 0 35 109 29 145 15 70 3 155 184 152 183 140 28 20 148 47 94 66 179 22 99 185 86 130 95 181 83 18 55
219,48698,1764959752748018920,131 90 191 10 133 122 135 63 38 1 24 156 198 117 193 31 54 73 136 190 80 175 78 5 177 21 61 36 91 141 187 163 153 81 77 82 8 111 144 160 104 182 138 33 29 0 109 35 34 55 18 62 128 124 106 194 89 127 103 113 176 166 86 185 179 66 94 47 148 20 130 95 183 140 152 184 155 189 145 15 3 70 161 188 6 169 132 13 126 195 168 49 11 139 43 134 118 98 51 121
220,46663,1764959752748018921,8 82 21 177 36 61 91 141 97 77 153 163 165 127 89 103 113 176 166 86 95 185 179 172 66 94 47 148 60 20 59 28 149 4 140 183 55 18 62 124 106 159 143 34 152 184 155 3 70 15 145 13 195 126 132 169 188 6 134 147 133 122 90 121 131 135 63 38 27 16 1 156 198 117 193 31 54 73 190 80 45 142 175 78 5 25 182 138 139 168 11 33 160 29 0 109 35 111 144 104
221,48319,1764959752748018922,122 135 121 51 90 147 192 6 188 169 132 70 3 15 145 13 126 195 168 43 134 85 139 11 182 138 49 33 104 21 82 8 144 160 29 0 109 35 34 55 170 167 189 155 184 152 183 140 28 20 60 23 148 47 94 66 179 185 99 130 95 86 128 83 18 62 124 106 166 194 176 113 103 89 163 153 77 141 91 61 36 177 5 78 175 45 80 190 73 54 31 193 117 198 1 38 63 40 107 133
222,48619,1764959752748018923,94 47 148 20 28 140 183 55 83 18 34 170 152 155 3 70 161 132 169 188 6 134 118 98 51 191 90 122 135 63 1 156 198 117 193 190 80 73 164 31 54 121 25 138 11 139 168 195 13 145 15 189 29 12 0 109 35 143 62 128 124 106 81 82 111 144 160 33 104 8 21 177 5 78 175 36 61 141 77 153 163 103 89 165 127 137 114 26 113 180 176 194 166 86 185 95 130 99 179 66
223,49525,1764959752748018924,95 130 99 47 94 148 60 20 28 140 183 128 124 106 159 143 62 83 18 55 34 152 170 35 109 0 29 168 195 13 145 15 3 70 132 169 188 6 43 134 85 147 71 51 191 90 10 133 122 63 135 1 117 193 190 80 175 78 5 73 31 54 121 116 98 118 139 11 138 182 25 177 21 8 104 33 160 111 82 87 61 36 91 141 77 153 187 163 89 127 103 113 180 176 194 166 86 179 22 185
224,47146,1764959752748018925,27 1 198 117 193 31 54 73 136 190 80 175 5 177 8 111 82 21 61 36 141 77 81 106 124 62 18 34 55 95 130 99 185 86 176 153 187 163 89 127 114 103 113 194 166 172 179 94 47 148 60 20 28 149 4 140 183 152 184 155 3 70 15 145 132 169 188 6 13 195 168 29 109 35 0 12 160 144 104 33 138 182 11 139 134 147 178 10 133 107 40 100 63 135 122 90 51 121 131 38
225,48057,1764959752748018926,168 145 15 70 3 155 34 18 55 152 4 149 28 20 148 47 66 94 60 140 183 95 130 99 185 179 166 194 86 128 83 62 124 106 159 143 35 109 0 29 160 33 144 104 8 82 111 81 153 163 176 113 103 89 127 165 187 77 141 36 61 21 177 5 142 78 175 80 190 136 193 31 54 117 1 38 27 16 121 131 135 63 40 107 122 90 191 147 71 51 182 138 11 139 6 188 169 132 13 195
226,47909,1764959752748018927,121 198 117 193 54 31 164 73 136 190 80 78 175 5 177 36 61 91 141 187 153 163 103 89 127 114 113 194 166 180 176 179 94 47 148 60 20 28 149 4 53 152 140 183 95 130 185 86 124 106 143 159 81 77 21 87 82 111 144 56 8 104 182 138 33 160 29 0 109 35 62 18 55 34 170 184 155 3 70 15 145 13 132 169 6 188 195 168 11 139 134 51 90 122 135 63 38 27 1 131
227,49358,1764959752748018928,180 113 103 89 127 165 163 187 153 81 111 144 33 138 104 56 8 82 58 77 97 141 36 61 21 177 25 121 131 1 117 54 31 164 73 5 78 175 80 190 193 198 156 27 38 63 135 122 133 10 191 90 125 51 147 134 6 188 169 132 13 145 15 189 155 3 70 161 195 168 43 139 182 11 49 160 29 0 109 35 124 18 55 62 95 130 99 183 140 28 20 148 47 94 179 185 86 166 194 176
228,47328,1764959752748018929,94 47 148 20 28 140 183 99 130 95 106 124 62 18 55 34 170 152 53 184 155 189 145 15 3 70 132 13 126 169 188 6 134 43 195 168 139 11 49 33 160 29 109 35 0 144 111 82 8 104 138 182 74 118 98 51 125 90 191 10 133 122 63 135 131 121 198 117 54 31 193 190 80 162 45 142 175 78 5 177 21 61 36 141 77 81 153 187 163 127 89 103 113 176 166 194 86 185 179 66
229,48523,1764959752748018930,188 169 132 13 70 3 15 145 195 168 29 12 0 109 35 106 124 62 18 55 152 184 155 34 183 140 4 149 28 20 148 47 94 66 179 185 130 95 86 166 194 176 113 103 89 163 153 111 144 8 82 77 97 141 61 36 5 78 175 80 190 136 73 54 31 193 117 131 122 135 1 16 27 38 63 100 40 107 72 133 10 178 147 90 191 51 121 158 25 177 21 87 104 160 33 138 182 11 139 6
230,48008,1764959752748018931,135 122 90 191 71 147 51 121 118 74 134 139 11 168 6 188 169 132 13 70 3 15 145 195 29 0 35 109 189 155 184 170 152 140 149 28 20 60 148 47 94 179 185 130 95 183 55 34 18 62 124 143 159 106 128 86 166 194 176 180 113 103 127 89 163 187 153 77 97 141 91 79 61 36 177 21 82 8 104 111 144 160 33 138 182 25 5 45 142 78 175 162 80 190 73 54 31 193 117 1
231,48899,1764959752748018932,193 117 198 1 121 131 135 63 122 133 90 147 6 188 169 134 25 177 21 82 8 104 111 144 160 33 138 182 11 139 168 195 29 0 109 35 34 55 18 83 62 143 159 119 106 124 128 95 183 170 189 15 145 13 70 3 155 184 152 140 199 4 149 28 20 60 148 47 94 179 22 99 130 185 86 166 194 176 113 163 89 127 103 114 137 165 187 153 77 141 61 36 5 78 175 80 190 73 54 31
232,49086,1764959752748018933,153 143 106 124 95 185 179 66 94 47 148 20 140 183 152 184 155 3 70 145 34 55 18 62 35 109 0 29 168 195 13 132 188 169 6 134 74 98 118 51 121 131 90 191 147 10 133 122 135 63 102 38 27 1 24 156 198 193 117 54 31 164 73 136 190 80 45 142 175 78 5 177 36 61 91 141 21 82 8 56 104 138 139 11 33 160 144 111 81 77 187 127 89 103 113 194 166 86 176 163
233,48859,1764959752748018934,136 80 190 193 117 198 1 16 27 38 63 135 122 133 90 51 147 134 139 11 138 182 104 144 33 160 29 168 195 145 13 132 169 188 70 3 155 152 140 20 60 94 66 47 148 183 170 34 55 18 83 62 128 95 130 185 179 86 166 194 176 180 113 26 103 114 137 127 89 163 106 124 159 143 35 109 0 111 8 21 87 82 81 153 77 97 141 91 61 36 78 175 142 5 177 25 121 54 31 73
234,49213,1764959752748018935,34 55 18 62 128 124 106 143 153 81 77 141 82 21 91 61 36 177 5 142 78 175 80 190 73 54 31 193 117 198 1 38 27 135 63 100 40 107 122 133 147 134 6 188 169 132 13 195 168 11 139 74 118 51 90 131 121 25 138 33 160 104 8 144 111 35 109 0 12 29 145 15 70 3 155 152 183 140 28 20 60 94 47 148 9 130 99 22 179 66 57 172 52 166 194 113 176 86 185 95
235,50623,1764959752748018936,81 77 82 87 21 8 104 56 33 160 144 68 111 35 109 0 29 49 11 168 195 189 155 3 70 15 145 13 132 169 188 147 10 133 191 90 125 131 135 122 107 40 63 38 27 16 1 198 117 193 31 73 54 151 19 112 121 51 134 139 138 182 25 173 136 190 80 175 78 142 5 177 36 61 91 141 187 153 163 103 89 127 114 113 180 176 194 166 86 179 185 130 95 183 140 55 18 62 124 106
236,48393,1764959752748018937,198 117 193 190 80 73 31 54 112 121 51 118 25 177 5 78 175 36 61 91 141 21 87 104 8 82 77 81 153 163 89 165 127 137 114 103 113 180 176 194 166 86 179 66 94 47 148 60 20 28 140 183 130 99 185 95 152 170 34 55 18 83 62 124 106 159 143 35 109 0 29 39 111 144 160 33 49 11 138 182 139 168 195 13 145 15 155 3 70 161 132 169 188 6 134 85 147 90 135 1
237,47583,1764959752748018938,3 15 145 13 126 195 168 139 182 138 11 189 155 152 170 34 55 62 18 124 128 95 183 140 28 20 148 47 94 179 185 86 166 194 176 180 113 103 127 89 163 187 97 141 77 81 153 106 143 35 109 0 29 33 160 144 111 104 8 82 87 21 61 36 177 25 5 45 142 78 175 80 190 136 73 164 54 31 193 117 1 135 63 40 107 10 133 122 131 121 51 90 147 6 188 65 169 132 161 70
238,50017,1764959752748018939,124 62 18 55 183 140 28 20 60 148 47 94 179 185 95 86 166 113 176 106 143 159 153 81 41 111 144 33 49 160 104 8 82 77 97 141 91 36 61 87 21 177 5 78 175 45 80 190 136 73 54 31 193 117 198 112 121 131 1 27 38 63 40 107 100 135 122 133 90 191 51 118 74 139 182 138 11 43 134 6 188 169 132 126 168 195 13 70 3 155 184 152 170 189 15 145 29 0 109 35
239,50004,1764959752748018940,86 185 95 18 62 128 124 106 143 159 119 153 81 77 82 8 21 177 5 175 80 190 193 117 54 31 73 112 51 191 90 125 121 131 135 63 40 107 100 122 133 147 6 188 169 132 161 70 3 155 184 167 189 15 145 13 126 195 168 43 139 182 138 11 33 104 144 160 29 0 109 35 55 34 170 152 140 28 20 183 9 148 60 47 94 99 22 179 166 194 114 137 127 89 163 103 26 113 180 176
240,48015,1764959752748018941,27 16 1 24 156 198 117 54 31 193 164 73 136 190 80 175 78 5 177 21 61 36 91 141 77 81 82 111 29 0 109 35 143 128 83 55 34 18 62 124 106 153 163 89 127 103 113 176 194 166 179 99 185 86 95 183 140 94 47 148 20 28 149 4 152 155 3 70 15 145 132 13 195 168 43 139 11 33 160 8 104 138 182 74 134 169 188 6 147 51 191 90 125 121 131 122 135 63 102 38
241,47295,1764959752748018942,6 188 169 132 70 3 155 184 152 170 189 15 145 13 195 168 43 11 49 160 33 138 104 144 8 21 82 111 29 0 109 35 143 106 124 128 62 18 55 34 174 183 140 4 149 28 20 60 148 47 94 66 179 185 130 95 86 166 194 176 180 113 114 103 163 89 127 165 187 153 81 77 141 61 36 5 142 78 175 80 190 73 54 31 193 117 1 135 63 122 133 90 51 131 121 25 177 182 139 134
242,47425,1764959752748018943,153 77 82 87 21 141 91 79 61 36 177 5 78 175 45 80 190 136 73 164 54 31 193 117 198 1 38 63 135 122 131 121 25 138 182 118 51 191 90 133 10 147 6 188 169 132 13 195 145 15 70 3 155 184 152 4 149 28 20 60 94 47 148 140 183 95 130 99 179 185 86 166 194 176 180 113 103 127 89 163 106 124 62 18 55 34 35 109 0 29 160 168 139 11 33 144 104 8 111 81
243,47531,1764959752748018944,47 94 179 185 130 95 86 166 194 176 180 113 114 137 127 89 103 26 163 165 187 153 81 77 141 91 61 36 177 25 121 136 45 5 78 175 162 80 190 73 54 31 193 117 198 1 135 63 40 122 90 191 51 147 6 134 43 139 11 182 138 33 160 144 56 104 8 21 87 82 111 35 109 0 29 168 195 13 132 169 188 70 3 15 145 155 152 34 55 18 83 62 143 106 124 128 183 140 20 148
244,46988,1764959752748018945,177 91 141 79 61 36 5 78 175 45 162 80 190 31 54 117 198 1 27 38 63 135 122 133 10 90 191 147 6 188 169 132 70 3 15 145 13 195 168 139 11 160 29 0 109 35 143 106 124 62 18 34 170 152 55 95 86 185 99 130 183 140 28 20 60 148 47 94 66 179 172 166 194 176 180 113 114 103 127 89 163 187 153 81 77 82 87 21 104 8 111 144 33 138 182 74 118 51 121 25
245,48620,1764959752748018946,20 148 47 94 179 185 86 166 194 176 113 103 163 153 81 111 35 109 0 29 160 144 82 77 141 36 61 21 8 104 33 11 139 168 195 126 188 6 147 191 90 122 133 10 72 107 40 100 63 135 38 27 16 1 156 198 117 193 31 164 73 54 151 173 136 190 80 45 175 78 5 177 25 158 112 121 131 51 134 169 132 13 145 70 3 15 155 184 152 170 34 124 106 143 62 18 55 183 140 28
246,47119,1764959752748018947,134 51 121 158 25 21 87 82 8 144 111 35 109 0 29 160 33 104 138 11 139 168 195 145 15 70 3 155 184 152 170 55 34 18 83 62 124 106 95 183 140 149 28 20 60 94 66 47 148 99 185 179 86 166 194 176 113 103 89 127 163 187 153 81 97 77 141 91 61 36 177 5 142 78 175 80 190 193 54 31 117 198 156 24 1 27 38 63 135 122 133 90 191 147 6 188 169 132 13 43
247,48002,1764959752748018948,11 182 138 49 33 160 144 29 0 109 35 111 82 77 81 153 163 176 106 124 62 18 55 34 170 152 183 140 28 20 148 47 94 179 185 130 95 86 166 194 113 103 89 127 165 187 97 141 91 36 61 21 8 104 158 121 25 177 5 142 78 175 80 190 73 54 31 193 117 198 30 156 42 27 38 16 1 131 135 102 63 122 90 51 71 147 6 188 169 132 70 3 155 189 15 145 13 195 168 139
248,48905,1764959752748018949,103 89 165 127 137 114 26 113 180 176 88 194 166 86 185 179 66 94 47 148 60 20 28 9 99 130 95 183 140 55 18 62 34 170 152 184 155 3 70 145 132 169 188 6 147 10 133 122 135 63 38 1 156 198 117 121 131 90 191 125 51 134 168 195 29 0 109 35 111 144 160 33 11 139 138 182 25 54 31 193 136 190 80 175 78 142 5 177 21 8 82 77 81 143 124 106 153 146 187 163
249,48688,1764959752748018950,91 36 61 82 21 177 5 78 175 45 80 190 136 73 54 31 193 117 198 121 131 1 27 38 102 63 135 122 90 191 147 6 134 85 51 98 118 74 182 138 11 139 43 168 195 126 13 132 169 188 161 70 3 15 145 155 184 152 183 140 4 149 28 20 148 47 185 86 166 176 113 103 127 89 163 187 153 106 124 62 83 18 55 34 143 35 109 0 29 160 33 144 56 104 8 111 81 77 97 141
250,50569,1764959752748018951,86 185 99 94 66 179 166 194 128 124 62 83 18 55 34 35 109 0 111 143 106 176 113 114 103 127 89 163 153 77 82 8 144 56 104 21 36 61 177 136 73 31 54 121 51 90 122 107 40 63 135 27 38 16 1 156 198 117 193 190 80 175 78 5 25 74 134 139 11 182 138 49 33 160 39 29 168 195 145 13 132 169 6 147 188 70 3 15 155 152 28 20 60 47 148 199 140 183 130 95
251,49264,1764959752748018952,3 70 155 152 140 183 95 130 99 148 20 60 47 94 179 185 86 166 194 113 180 176 128 83 55 34 18 62 124 106 159 143 35 109 0 29 160 11 139 182 138 33 144 104 8 111 77 81 153 163 89 103 114 137 127 165 187 141 82 21 91 61 36 78 175 142 162 80 190 193 31 117 24 1 197 156 198 54 73 136 45 5 177 25 121 51 90 147 6 85 134 43 188 169 132 13 195 168 145 15
252,49195,1764959752748018953,34 55 18 62 124 106 143 35 109 12 0 29 160 33 138 182 139 11 43 168 195 145 15 3 70 13 132 169 188 6 147 191 90 125 120 51 121 135 63 1 24 156 42 198 117 193 54 31 73 164 136 190 80 45 142 175 78 5 177 21 8 104 144 111 82 77 61 36 141 187 153 81 159 119 163 89 103 127 137 114 113 194 176 166 179 66 94 47 148 20 99 185 86 95 130 183 140 28 149 152
253,48053,1764959752748018954,13 145 15 70 3 155 184 152 170 34 183 140 28 20 148 47 94 179 99 185 86 166 194 113 180 176 95 55 18 62 124 106 143 111 144 56 8 104 21 87 82 77 97 81 153 163 103 89 127 187 141 91 61 36 177 5 45 142 78 175 80 190 136 73 164 31 54 193 117 198 156 1 121 131 135 63 122 90 51 118 182 138 11 33 160 35 109 0 29 168 43 139 134 147 6 188 169 132 126 195
254,49291,1764959752748018955,6 134 85 147 71 51 121 131 90 10 133 122 135 63 38 1 117 31 190 80 45 175 78 5 177 21 61 36 91 141 87 82 111 144 160 0 35 143 106 159 81 77 153 163 89 165 127 114 103 113 180 176 194 166 86 179 66 94 47 99 185 95 128 124 62 18 55 34 183 140 148 60 20 28 149 4 152 155 189 109 29 49 33 56 8 104 138 182 11 139 168 195 13 145 15 3 70 132 169 188
255,47423,1764959752748018956,20 23 60 148 47 94 66 179 22 99 95 130 185 86 166 194 176 180 113 103 89 127 165 163 153 81 77 141 91 79 61 36 78 175 142 5 177 21 87 82 111 35 109 0 29 160 33 144 8 104 25 74 118 98 51 121 54 73 80 190 193 31 117 198 1 135 122 90 147 134 139 182 138 11 168 195 13 132 169 188 70 3 15 145 155 184 152 170 34 55 18 62 143 106 124 128 183 140 149 28
256,49505,1764959752748018957,11 49 160 29 109 0 35 124 62 128 106 159 143 111 8 144 56 104 33 138 182 139 134 147 51 90 122 63 135 131 121 158 25 73 31 54 117 1 38 27 198 193 190 80 162 45 175 78 142 5 177 36 61 79 91 21 87 82 141 77 81 153 163 89 127 103 113 176 166 86 185 99 179 66 94 47 148 60 20 140 183 55 18 34 152 184 155 3 15 145 13 70 132 169 188 6 43 126 195 168
257,48041,1764959752748018958,172 179 22 99 185 86 124 143 106 166 194 176 113 103 89 127 165 163 153 77 141 82 87 21 91 61 36 177 5 78 175 142 45 80 190 193 31 54 117 121 131 1 38 135 63 40 107 122 90 51 118 182 138 33 160 144 104 8 111 35 109 0 29 11 139 134 6 188 65 169 132 13 126 168 195 145 161 70 3 15 189 155 152 170 34 55 18 62 83 174 140 183 95 130 148 20 60 47 94 66
258,47202,1764959752748018959,156 198 117 193 54 31 164 73 136 190 80 162 175 78 142 45 5 177 21 61 36 141 97 77 81 153 159 143 163 89 103 113 194 176 166 86 185 179 94 47 148 20 28 140 183 130 95 128 106 124 62 18 55 34 152 184 155 145 15 3 70 169 132 13 195 168 139 11 33 29 0 109 35 111 82 8 104 138 182 134 188 6 147 191 90 120 51 125 121 131 135 122 107 40 100 63 38 27 16 1
259,48921,1764959752748018960,155 152 183 140 28 20 60 148 47 94 66 179 99 185 86 95 55 34 18 62 124 106 143 35 109 0 12 111 144 56 104 8 82 77 81 153 176 194 113 103 127 89 163 187 141 91 36 61 87 21 177 5 78 175 45 80 190 136 73 164 54 31 193 117 198 1 135 63 122 90 191 147 6 188 161 70 3 15 145 195 168 126 13 132 169 134 118 51 125 131 121 112 158 25 182 138 11 33 160 29
260,48585,1764959752748018961,78 175 80 190 193 198 1 117 54 31 73 136 177 21 82 111 143 159 106 124 35 109 0 29 144 8 104 160 33 49 11 138 182 139 43 134 85 74 118 98 51 90 121 131 135 63 122 133 10 147 192 6 188 169 132 13 195 168 145 15 70 3 155 34 55 18 62 86 185 95 183 140 152 4 149 28 20 23 60 148 47 94 66 179 166 194 176 113 103 127 165 89 163 187 153 81 77 141 36 5
261,47466,1764959752748018962,4 140 183 152 34 55 18 62 124 106 143 159 41 111 35 109 0 160 29 144 56 104 33 138 182 11 139 43 168 195 126 13 70 3 15 155 189 145 132 169 188 6 147 90 133 122 135 63 131 121 198 117 193 54 31 164 73 190 80 45 175 78 5 177 21 87 8 82 36 61 79 91 141 97 77 81 153 146 187 163 89 127 103 114 113 176 194 166 86 185 179 172 66 94 47 148 60 20 28 149
262,47571,1764959752748018963,175 45 80 190 136 73 193 31 54 121 25 182 138 33 104 8 82 111 35 109 0 29 11 139 51 90 131 151 117 198 156 1 38 63 135 122 133 147 6 188 169 132 13 126 168 195 145 15 161 70 3 189 155 184 170 152 183 140 20 148 47 94 66 22 99 130 95 55 34 18 62 124 106 128 86 185 179 172 166 194 176 180 113 114 137 127 89 103 163 187 153 77 141 91 36 61 21 177 5 78
263,47755,1764959752748018964,81 77 82 21 177 25 158 121 131 1 156 198 117 193 54 31 164 73 190 80 175 78 5 36 61 141 187 153 163 89 127 103 113 176 194 166 86 185 179 22 99 130 95 106 124 62 18 55 34 170 183 148 66 94 47 60 20 28 140 152 184 155 3 70 161 15 145 195 168 126 13 132 169 188 6 147 191 90 122 107 40 63 135 51 118 134 139 11 138 33 160 104 8 111 144 29 0 109 35 143
264,48893,1764959752748018965,24 156 198 117 193 31 54 73 190 80 45 175 78 5 177 36 61 91 141 77 153 81 111 8 82 21 104 144 33 160 29 0 109 35 159 143 34 55 183 130 95 18 62 128 124 106 176 163 89 103 113 194 166 52 172 179 86 185 22 99 66 94 47 148 20 28 140 152 184 155 3 70 15 145 13 195 168 126 132 169 188 6 147 71 51 118 134 139 11 138 25 158 121 90 191 10 133 122 135 1
265,48128,1764959752748018966,155 3 70 15 145 132 13 195 168 139 11 138 182 25 158 112 121 51 169 188 6 147 10 133 122 63 135 90 125 131 1 156 198 117 54 73 31 193 190 80 162 45 142 175 78 5 177 36 61 91 141 97 77 111 8 82 87 21 104 144 33 160 29 12 0 109 35 143 55 34 18 62 128 124 106 153 146 187 165 127 89 163 103 114 113 176 194 166 86 95 185 94 47 148 60 20 28 140 183 152
266,50520,1764959752748018967,70 161 132 13 195 145 15 189 29 0 109 35 143 34 55 18 62 124 106 153 81 111 144 160 33 11 168 43 139 138 182 118 98 51 134 169 188 6 147 178 10 133 107 40 63 135 122 191 90 131 121 112 54 1 198 117 193 31 164 73 136 190 80 162 45 142 175 78 5 25 177 36 61 21 8 82 141 77 187 163 89 127 103 113 176 166 86 95 183 140 185 179 94 148 20 28 149 152 155 3
267,47478,1764959752748018968,55 18 62 124 106 143 111 35 109 0 29 49 33 160 144 82 8 104 138 182 11 139 43 168 195 145 15 189 155 3 70 161 13 132 169 188 6 147 107 40 63 102 38 27 16 1 135 122 90 51 98 74 118 121 112 151 198 117 54 73 31 193 190 80 45 175 78 5 177 87 21 61 36 91 141 97 77 81 153 163 89 127 103 113 176 194 166 86 95 185 179 94 47 148 20 28 140 183 152 34
268,48500,1764959752748018969,89 103 163 153 81 159 143 109 35 0 29 160 33 144 104 8 111 77 141 91 36 61 82 21 177 5 175 80 190 73 54 31 193 117 198 156 1 27 38 135 63 40 122 90 191 120 71 147 134 51 121 98 118 139 182 138 11 168 195 188 169 132 13 145 15 70 3 155 184 170 152 140 183 174 34 55 18 83 62 124 106 86 95 130 28 20 60 148 47 94 99 185 179 166 194 176 113 114 137 127
269,48332,1764959752748018970,74 118 51 125 131 121 73 136 45 5 175 80 190 193 31 54 117 198 1 135 63 40 107 133 122 90 147 6 188 169 132 13 168 195 145 15 70 3 155 184 170 152 183 140 4 149 28 20 148 47 94 185 130 95 86 166 194 113 103 89 163 187 97 141 77 81 153 176 106 143 124 128 62 18 55 34 35 109 0 29 160 33 49 11 139 182 138 104 56 144 111 8 82 87 21 91 61 36 177 25
270,47039,1764959752748018971,111 41 81 153 176 166 194 113 103 127 89 163 187 146 97 77 141 61 36 177 5 78 175 142 45 80 190 136 73 54 31 193 117 198 1 38 63 135 122 131 121 25 182 138 11 139 168 134 51 90 191 71 147 6 188 169 132 13 195 145 15 161 70 3 155 152 34 55 18 62 86 185 179 66 94 47 148 60 20 28 149 140 183 99 130 95 128 124 106 143 35 109 0 29 160 33 104 21 82 8
271,50107,1764959752748018972,122 107 40 63 38 27 1 198 117 193 190 80 162 136 73 164 31 54 112 121 51 118 134 139 11 49 138 182 25 177 5 78 175 36 61 79 91 21 87 82 111 68 8 104 56 144 33 160 29 0 109 35 159 143 55 18 62 124 106 81 77 141 187 153 163 89 103 113 176 194 166 86 185 179 94 47 148 183 140 152 155 3 70 15 145 13 132 126 195 168 43 169 188 6 147 191 90 125 131 135
272,48651,1764959752748018973,97 141 82 111 39 12 0 35 109 29 160 33 144 56 104 8 21 61 36 177 5 78 175 45 80 190 136 73 164 193 31 54 151 117 198 1 135 63 40 107 122 90 121 51 71 147 134 74 182 138 49 11 139 168 195 6 188 169 132 13 145 70 3 15 155 184 152 183 140 28 20 148 94 179 185 86 130 95 34 55 18 62 128 124 143 106 180 176 166 194 113 103 114 137 127 89 163 153 81 77
273,46673,1764959752748018974,131 122 107 40 63 135 38 1 198 117 54 31 193 190 80 175 78 142 5 177 36 61 21 104 8 82 141 97 77 81 153 163 165 127 89 103 114 113 180 176 194 166 86 95 185 179 94 47 148 60 20 28 149 140 183 55 83 18 62 128 124 106 159 143 34 152 184 155 189 109 35 0 29 111 144 160 33 138 182 11 139 168 195 145 15 3 70 13 132 169 188 6 134 85 147 51 90 125 121 112
274,47860,1764959752748018975,144 56 104 25 158 121 131 125 51 90 122 135 63 38 27 1 198 117 193 31 54 73 190 80 45 142 175 78 5 177 21 61 36 91 141 97 77 82 8 111 81 153 163 89 127 103 113 176 194 166 106 124 62 18 55 95 86 185 179 66 47 94 148 60 20 28 149 140 183 152 184 155 3 70 15 145 195 126 13 132 169 188 6 192 147 85 134 43 168 139 11 182 138 49 29 109 35 0 160 33
275,47268,1764959752748018976,193 117 1 131 121 51 90 122 135 102 63 100 40 107 133 10 147 188 169 132 13 145 15 161 70 3 155 152 183 140 4 149 28 20 148 47 94 179 99 185 86 166 194 176 180 113 103 127 165 89 163 153 81 77 141 36 61 21 82 8 111 143 159 106 124 128 62 18 55 34 35 109 0 29 160 144 104 33 168 195 126 43 139 11 138 25 123 177 5 45 142 78 175 80 190 136 73 164 54 31
276,48631,1764959752748018977,89 163 153 187 141 77 81 143 106 124 128 62 18 55 34 35 109 0 111 144 56 104 8 21 91 61 36 177 5 142 78 175 80 190 193 54 31 117 1 135 63 122 90 191 147 6 188 65 169 132 13 126 195 168 139 134 51 125 131 121 25 182 138 11 33 160 29 15 3 70 161 145 189 155 184 170 152 140 149 28 20 60 94 66 47 148 183 95 99 22 179 185 86 166 194 176 113 103 114 127
277,47951,1764959752748018978,155 184 152 170 34 55 18 128 124 62 183 140 28 20 148 47 94 179 185 130 95 86 166 176 113 114 137 127 89 103 163 165 187 153 81 77 97 141 91 61 36 5 177 21 82 111 159 106 143 35 109 0 29 160 144 8 104 182 138 33 49 11 139 134 51 121 54 31 73 136 45 142 78 175 162 80 190 193 117 198 1 38 63 40 122 135 131 90 147 6 188 169 132 168 195 145 15 3 70 189
278,49631,1764959752748018979,187 165 127 89 103 114 113 194 166 176 180 163 153 106 124 143 35 0 109 34 18 62 128 86 185 179 94 47 148 60 23 20 28 140 183 130 95 83 55 152 155 3 70 161 15 145 13 195 168 126 132 169 188 6 147 51 90 10 133 122 135 63 1 131 121 25 182 138 33 160 49 11 139 29 111 8 104 21 87 82 91 61 177 5 136 73 31 54 198 156 117 193 190 80 175 78 36 141 77 81
279,47081,1764959752748018980,94 47 148 20 140 183 9 99 130 95 185 86 128 124 106 159 143 62 83 18 55 34 170 152 184 155 3 161 70 15 145 168 195 13 132 169 188 6 147 71 51 191 90 178 10 133 122 63 135 131 121 1 198 117 193 54 31 164 73 136 190 80 162 175 78 142 45 5 177 36 61 21 8 104 144 160 33 138 182 134 139 11 29 0 109 35 111 82 141 77 153 163 89 127 103 113 176 194 166 179
280,49435,1764959752748018981,130 99 22 179 185 176 180 153 159 143 106 124 62 55 18 183 140 20 28 152 34 35 109 0 29 111 81 82 8 104 144 160 33 138 182 11 139 168 195 145 189 184 155 15 3 70 13 132 169 188 6 134 118 98 51 125 90 191 10 133 122 135 107 40 63 38 1 131 121 198 117 193 31 54 73 190 80 175 78 5 177 21 61 36 91 141 77 97 187 163 103 89 127 137 114 113 194 166 86 95
281,47749,1764959752748018982,144 111 8 82 87 21 177 5 45 190 80 175 78 36 61 141 77 81 153 163 89 103 113 176 194 166 185 86 95 130 99 179 94 47 148 60 20 28 140 183 152 155 15 3 70 13 132 169 188 6 147 115 178 10 133 122 107 40 63 102 135 38 27 16 1 198 117 193 31 54 121 131 90 51 98 118 182 138 11 139 168 195 145 189 170 34 55 18 62 124 106 35 109 0 12 29 160 33 104 56
282,47681,1764959752748018983,165 127 114 113 176 194 166 86 95 185 94 47 148 60 20 28 140 183 152 170 34 55 18 83 62 124 106 143 111 35 109 0 29 33 11 139 43 168 195 13 145 15 3 70 132 169 188 6 147 71 51 90 133 122 135 102 63 38 27 16 1 198 117 151 193 54 31 164 73 136 190 80 45 142 175 78 5 36 61 91 177 19 112 121 158 25 182 138 104 8 82 21 141 77 97 81 153 163 103 89
283,48436,1764959752748018984,189 155 15 3 70 161 13 132 169 188 6 147 191 90 122 107 40 63 135 38 27 16 1 117 54 31 193 190 80 175 78 5 177 36 141 187 153 81 77 82 21 8 104 111 143 124 106 163 89 127 103 113 176 166 86 185 179 172 66 94 47 60 20 148 99 130 95 140 183 28 149 4 53 152 170 34 55 18 83 62 35 109 0 29 144 160 33 49 11 139 138 182 25 121 51 134 43 168 195 145
284,50046,1764959752748018985,164 54 31 193 117 198 1 38 63 135 122 131 121 125 90 191 51 98 118 134 139 182 138 49 11 43 6 188 169 132 70 3 15 145 13 126 195 168 29 109 155 152 34 35 0 160 33 104 144 111 41 14 77 81 153 163 89 176 106 143 124 62 18 183 140 28 20 60 148 47 94 179 22 99 185 86 166 194 113 103 127 187 97 141 91 82 8 21 61 36 177 5 78 175 142 45 80 190 136 73
285,50336,1764959752748018986,111 77 141 187 165 127 89 163 153 143 106 124 62 34 55 18 83 128 86 176 180 103 113 194 166 185 179 66 94 47 148 20 60 22 99 130 95 183 140 152 155 189 3 70 161 15 145 13 195 168 139 43 132 169 188 6 147 90 133 122 63 135 131 125 51 98 118 121 158 25 182 138 11 33 160 29 0 109 35 144 104 21 177 5 54 31 1 38 27 156 198 117 193 190 80 175 36 61 82 8
286,47482,1764959752748018987,5 177 36 61 87 21 91 141 77 81 153 163 89 127 103 113 176 180 194 166 86 179 66 94 47 60 20 148 22 99 185 130 95 183 140 152 34 55 18 83 62 128 124 106 159 143 35 109 0 29 49 160 144 111 82 8 104 33 138 25 121 51 134 139 11 43 168 195 126 13 145 189 155 15 3 70 132 169 188 6 147 90 122 107 40 63 135 38 1 156 198 117 193 31 54 164 73 190 80 175
287,48174,1764959752748018988,54 31 164 73 136 190 80 175 78 142 45 5 177 36 61 91 141 77 97 187 165 137 127 89 103 163 153 81 111 82 21 8 104 56 144 33 160 29 12 0 109 35 143 159 106 124 62 18 55 95 185 86 176 180 113 194 166 179 94 47 148 20 28 140 183 152 184 155 167 189 145 15 3 70 13 195 168 132 169 188 6 139 11 138 182 25 158 112 121 131 90 51 147 133 122 135 1 198 117 193
288,49541,1764959752748018989,121 125 90 51 98 118 25 45 142 175 78 5 177 36 61 91 141 21 87 157 182 138 33 160 11 139 43 168 195 29 0 109 35 111 144 56 104 8 82 77 81 153 159 143 106 124 128 86 176 180 113 103 163 89 165 127 137 114 194 166 185 95 99 22 179 94 47 148 20 140 183 152 55 18 62 34 155 3 70 15 145 13 132 169 188 147 133 122 135 63 38 1 198 193 190 80 31 54 117 131
289,49331,1764959752748018990,113 114 137 127 89 163 103 180 176 106 124 143 159 81 14 153 187 146 97 77 141 91 36 61 21 82 8 111 35 109 0 12 29 160 33 144 56 104 25 177 5 45 142 78 175 162 80 190 136 73 54 31 193 117 198 121 51 90 147 134 43 139 182 138 11 168 195 132 169 6 188 70 3 15 145 155 184 170 152 140 20 60 148 47 94 179 22 99 9 183 34 55 18 62 95 130 185 86 166 194
290,48995,1764959752748018991,104 8 82 111 81 187 165 89 127 137 114 113 103 163 153 77 97 141 91 36 61 87 21 177 5 175 80 190 73 54 31 193 117 198 156 24 1 27 38 63 135 131 90 122 133 10 147 188 169 132 70 13 145 15 3 189 155 152 183 140 28 20 60 148 47 94 185 166 194 176 86 95 34 55 18 62 124 106 159 143 35 0 109 29 49 11 195 168 134 118 51 121 25 182 139 138 33 160 144 56
291,46942,1764959752748018992,114 113 176 194 166 179 66 94 47 148 60 20 140 183 95 130 185 86 128 124 106 62 18 55 152 184 155 3 70 145 15 13 132 169 188 6 134 43 195 168 139 182 138 11 49 29 0 109 35 111 160 33 104 8 82 21 25 121 51 90 10 133 107 40 100 63 96 122 135 38 1 24 156 198 117 193 31 54 164 73 136 190 80 162 45 142 175 78 5 177 36 61 141 77 153 163 103 89 127 137
292,47921,1764959752748018993,139 11 43 168 126 195 29 109 34 18 55 170 152 184 155 3 70 15 145 13 132 169 188 6 147 134 118 51 121 131 90 122 133 10 107 40 63 135 38 27 16 1 156 198 117 193 31 54 164 73 136 190 80 162 45 175 78 5 177 21 87 82 61 36 91 141 97 77 153 163 103 113 176 194 166 179 94 47 148 20 28 140 183 130 95 185 86 62 124 106 143 35 0 160 144 111 8 104 33 138
293,48820,1764959752748018994,0 29 160 8 82 21 177 5 45 142 175 78 36 91 79 61 141 77 153 187 163 89 127 103 114 113 194 88 180 176 166 179 185 86 95 99 94 47 148 183 140 152 170 34 55 18 62 124 106 159 143 111 144 33 138 11 139 43 134 85 74 118 51 125 191 90 122 135 131 121 112 54 73 136 80 190 193 31 117 198 1 63 100 40 107 133 147 6 188 169 132 70 3 15 145 13 195 168 109 35
294,47017,1764959752748018995,0 29 144 160 33 49 11 138 182 139 74 25 104 8 82 111 81 77 141 91 36 61 87 21 177 5 175 80 190 136 73 54 31 193 117 198 1 135 63 122 90 121 51 147 6 188 169 132 126 168 195 13 145 15 70 3 155 184 152 170 174 183 140 149 28 20 60 148 47 94 66 179 22 99 130 95 185 86 166 194 176 113 103 163 89 127 165 187 153 106 124 128 62 18 55 34 143 159 35 109
295,49014,1764959752748018996,47 148 20 28 140 183 170 152 155 3 70 161 15 145 168 195 13 132 169 188 6 192 147 134 74 118 51 90 122 133 107 40 63 135 38 1 198 30 156 42 193 117 31 164 136 190 80 45 175 78 5 177 73 54 112 121 25 182 139 11 138 33 160 49 29 0 109 35 34 55 18 62 124 106 153 81 77 111 144 104 8 21 61 36 141 187 163 89 127 137 114 103 113 194 176 166 86 185 179 94
296,47431,1764959752748018997,11 138 104 8 56 144 160 33 29 0 109 35 143 159 106 124 62 18 55 34 152 140 183 95 130 28 20 60 148 47 94 66 179 99 185 86 166 194 180 176 113 103 89 127 165 163 153 81 111 82 77 141 36 61 21 177 5 78 175 80 190 193 117 54 31 73 25 118 98 51 90 191 125 121 112 131 1 27 38 135 63 40 107 122 133 147 134 6 188 169 132 13 195 70 3 155 15 145 168 139
297,49457,1764959752748018998,56 144 111 35 109 0 29 160 33 49 11 139 74 118 98 147 6 188 169 134 85 43 168 195 126 132 13 145 15 70 3 155 184 152 140 28 20 148 183 55 18 62 124 106 128 95 185 86 194 166 176 113 114 137 127 89 103 163 165 187 153 81 77 97 141 82 21 91 61 36 5 78 175 80 190 73 54 31 193 117 198 1 38 135 63 100 40 107 133 122 90 191 51 121 25 177 182 138 104 8
298,47132,1764959752748018999,63 135 38 1 198 117 121 112 73 31 54 193 136 190 80 175 78 5 177 21 87 82 61 36 79 91 141 97 77 153 163 89 127 114 103 113 176 180 194 166 86 185 99 179 66 94 47 148 60 20 28 140 183 152 170 34 55 18 83 62 128 124 106 159 143 35 109 0 29 111 144 8 104 182 138 33 160 49 11 139 134 169 132 70 3 15 145 13 195 168 188 6 147 71 51 191 90 122 107 40
299,48009,1764959752748019000,15 3 70 188 169 132 13 195 168 139 182 138 11 33 160 144 104 8 111 82 21 177 25 121 131 51 118 134 6 147 191 90 122 107 40 63 135 38 27 16 1 198 117 193 54 31 164 73 136 190 80 175 78 5 36 61 91 141 97 77 81 143 106 124 128 176 180 113 103 127 89 163 153 187 165 137 114 194 166 86 185 47 148 20 28 149 140 183 95 62 18 55 34 152 155 109 35 0 29 145
300,47339,1764959752748019001,82 21 177 25 74 182 138 33 11 139 43 168 195 13 132 169 188 6 134 147 191 90 51 121 131 122 40 63 135 38 27 1 156 198 117 193 31 54 73 136 190 80 45 175 78 5 36 61 141 77 187 127 89 103 113 194 166 176 163 153 81 143 106 124 128 62 18 55 34 183 95 86 185 99 22 179 66 94 47 148 60 20 28 140 152 155 70 3 15 145 189 109 35 0 29 160 144 104 8 111
301,49970,1764959752748019002,47 94 179 166 194 86 185 95 55 34 18 62 124 106 143 159 153 163 103 180 176 113 114 127 89 187 146 81 77 97 141 82 8 104 21 61 36 177 25 123 5 78 175 142 45 162 80 190 136 73 164 31 54 193 117 198 156 27 38 63 135 1 131 121 90 122 44 133 10 178 147 6 188 169 139 11 33 160 111 35 109 0 12 29 168 195 13 145 15 70 3 155 152 140 28 20 183 130 99 148
302,49128,1764959752748019003,165 127 137 114 113 194 166 172 179 66 94 47 148 60 20 28 149 140 183 152 155 3 70 188 6 134 139 43 168 195 13 169 132 145 15 189 29 0 109 35 143 159 111 160 33 49 11 138 182 51 121 131 1 198 117 193 31 54 73 136 190 80 162 175 78 142 45 5 177 25 104 8 82 87 21 61 36 141 97 77 81 146 187 153 106 124 62 18 34 55 83 95 130 185 86 176 180 103 163 89
303,49073,1764959752748019004,176 194 166 86 95 130 185 179 94 148 20 28 140 183 152 34 55 18 83 62 128 124 106 143 35 0 109 15 3 70 161 145 195 168 126 13 132 169 188 6 147 71 191 90 122 135 63 38 27 1 198 117 193 31 54 73 121 51 98 118 74 134 139 11 29 160 144 56 33 138 182 25 5 45 136 190 80 162 175 78 177 104 8 111 82 21 61 36 91 141 97 77 14 81 153 163 89 103 113 180
304,49671,1764959752748019005,3 155 184 152 140 28 20 60 148 47 94 66 172 179 185 86 166 194 176 113 114 127 89 103 163 187 146 97 77 141 61 36 5 175 80 190 117 54 31 177 21 82 111 81 153 159 143 106 124 62 18 55 95 130 22 99 183 34 35 109 0 29 49 33 160 144 56 8 104 138 11 139 182 25 121 135 63 40 107 122 90 191 147 71 51 118 74 134 6 43 168 195 126 188 169 132 13 145 15 70
305,49681,1764959752748019006,161 132 169 188 6 147 90 51 121 131 122 133 107 40 63 135 1 24 156 198 117 193 31 54 73 136 190 80 45 142 175 78 5 123 25 177 36 141 77 81 153 187 89 127 137 114 26 103 163 143 35 12 29 0 109 34 55 18 83 62 124 106 176 180 113 194 166 86 185 94 47 148 20 140 183 152 155 145 168 139 11 33 160 144 56 8 111 82 87 21 104 138 182 134 43 195 13 15 3 70
306,48020,1764959752748019007,3 15 189 155 152 183 140 20 148 47 94 179 172 52 166 194 86 185 22 99 130 95 55 34 18 62 124 143 159 106 128 176 180 113 114 137 127 89 103 163 165 187 153 77 111 35 109 0 29 144 160 33 11 168 195 126 43 139 182 138 104 8 82 21 61 36 177 5 78 175 142 45 80 190 193 31 73 54 117 1 16 27 38 63 135 131 121 51 191 90 122 147 134 6 188 169 132 13 145 70
307,47151,1764959752748019008,195 13 132 169 188 6 147 134 118 51 90 122 133 107 40 63 135 131 121 1 198 117 193 31 54 164 73 190 80 175 78 142 45 5 177 25 139 11 138 104 8 21 36 61 79 91 141 97 187 165 127 89 103 113 163 153 81 77 82 144 111 160 33 29 0 109 35 124 106 176 194 166 86 185 130 99 22 179 66 94 47 148 60 20 28 140 183 95 128 62 18 55 34 152 155 3 70 15 145 168
308,47527,1764959752748019009,144 160 33 49 11 138 182 139 118 98 51 134 43 168 195 145 15 189 184 155 3 70 13 132 169 188 6 147 90 122 135 63 38 1 198 117 193 31 54 73 190 80 175 78 45 136 112 121 25 5 177 21 82 61 36 91 141 77 81 153 163 89 127 114 103 113 180 176 194 166 86 95 130 185 179 66 94 60 47 148 20 28 140 183 152 34 55 18 62 124 106 143 35 109 0 29 111 8 104 56
309,46484,1764959752748019010,60 20 28 140 183 95 86 128 18 55 152 170 34 62 124 106 143 35 109 0 29 168 195 13 145 15 3 70 132 169 188 6 147 51 90 10 133 122 135 63 38 27 16 1 198 117 193 164 73 31 54 19 112 121 158 25 182 138 139 11 49 33 160 144 111 104 8 82 21 177 5 45 190 80 175 78 36 61 91 141 97 77 81 153 163 89 127 103 113 176 194 166 179 185 130 99 66 94 47 148
310,50108,1764959752748019011,98 121 131 51 85 134 132 169 188 6 192 147 90 133 122 135 1 24 156 42 198 117 193 54 31 164 73 190 80 175 78 142 5 177 25 138 33 104 8 21 36 141 77 97 187 127 89 103 180 176 194 113 163 153 81 82 111 29 0 109 35 143 106 124 86 166 179 94 47 148 20 28 149 4 140 183 95 130 99 185 62 18 55 34 170 152 155 189 3 70 15 145 13 126 195 168 139 11 182 118
311,50257,1764959752748019012,94 66 47 60 20 148 130 95 185 86 176 180 106 128 18 62 124 143 35 0 29 109 34 55 183 140 152 155 70 3 15 145 132 188 169 13 195 168 11 49 160 33 138 182 139 43 134 6 147 133 122 135 90 51 131 1 198 117 151 19 112 121 118 74 25 73 54 31 193 136 190 80 45 142 175 78 5 177 36 79 61 91 141 21 87 82 8 111 77 81 153 187 163 89 127 103 113 194 166 179
312,47323,1764959752748019013,60 148 47 94 66 99 130 95 86 185 179 166 194 176 180 113 114 137 165 89 127 103 26 163 153 77 141 36 61 21 82 8 104 144 111 35 143 106 124 62 83 18 55 34 109 0 29 160 33 138 182 11 139 74 25 177 5 78 175 80 190 193 54 31 117 198 156 1 121 51 191 90 125 122 135 63 100 40 107 133 10 147 134 43 168 195 6 188 169 132 13 145 15 70 3 155 152 183 140 20
313,49111,1764959752748019014,147 191 90 51 121 131 122 63 135 1 198 117 193 31 54 164 73 136 190 80 162 45 5 142 175 78 177 21 8 111 82 87 36 61 79 91 141 97 77 81 153 146 187 163 89 165 127 114 103 113 180 176 194 166 179 99 185 86 95 130 183 140 152 170 34 55 18 83 62 128 124 106 159 143 35 0 109 189 155 3 70 188 169 132 13 15 145 195 168 29 49 33 160 144 56 104 138 11 139 134
314,47205,1764959752748019015,104 56 144 8 111 81 77 97 141 82 87 21 61 36 177 5 78 175 45 80 190 136 73 164 193 31 54 117 198 1 135 63 122 90 131 19 112 121 51 147 134 6 188 169 132 13 195 168 145 15 70 3 155 152 170 34 143 106 124 128 62 18 55 95 183 140 149 28 20 23 60 148 47 94 179 99 130 185 86 166 194 176 180 113 103 127 89 163 153 35 109 0 29 160 33 49 11 139 182 138
315,47668,1764959752748019016,82 21 61 36 78 175 142 5 45 162 80 190 136 73 164 54 31 193 117 198 156 1 135 63 122 133 90 51 121 25 177 8 104 160 33 11 138 182 139 134 6 188 169 132 13 126 168 195 145 15 161 70 3 155 184 170 152 174 183 140 28 20 148 47 94 179 185 95 130 86 166 194 180 176 113 114 127 89 103 163 187 141 77 81 153 143 106 124 62 18 55 34 189 69 109 35 0 29 144 111
316,48510,1764959752748019017,179 94 47 148 20 28 149 4 140 183 152 170 34 55 18 62 143 35 109 0 29 160 33 145 189 155 15 3 70 188 6 169 132 13 195 168 139 11 138 182 118 51 90 131 121 158 25 177 5 136 73 164 31 54 135 122 63 38 27 16 1 156 198 117 193 190 80 45 175 78 36 61 141 91 21 8 82 77 81 153 187 163 103 89 127 114 113 194 166 176 180 106 124 128 86 95 185 130 99 22
317,50204,1764959752748019018,5 177 25 104 56 8 21 82 111 0 35 41 14 81 153 159 143 106 124 128 62 18 55 34 170 152 140 183 95 86 185 148 47 94 179 166 194 176 113 103 114 127 165 89 163 187 97 77 141 61 36 78 175 45 80 190 193 31 54 117 198 156 1 38 63 135 122 90 147 6 188 169 132 126 13 145 15 3 70 161 155 189 109 29 144 160 33 49 11 138 182 139 168 195 134 118 51 121 73 136
318,47932,1764959752748019019,135 122 90 121 131 38 27 1 198 117 193 54 31 164 73 190 80 45 142 175 78 5 177 25 182 138 139 11 33 160 144 56 104 8 21 61 36 91 87 82 111 29 0 109 35 143 81 77 141 97 153 187 163 89 127 103 113 176 194 166 179 94 148 20 28 149 140 183 185 86 128 106 124 62 18 55 34 152 155 3 70 15 145 195 168 126 13 132 169 188 147 178 10 133 72 107 40 100 63 102
319,49189,1764959752748019020,20 28 149 4 140 183 95 86 128 106 124 62 18 55 152 155 3 70 161 15 145 189 29 0 109 35 143 111 144 104 160 33 11 138 157 25 182 139 43 168 195 13 132 169 188 147 178 10 133 40 107 122 90 51 134 85 74 118 121 135 63 38 27 1 198 117 54 73 31 193 190 80 45 142 175 78 5 177 36 61 21 8 82 141 77 153 163 103 127 89 176 113 194 166 185 179 94 47 148 60
320,47995,1764959752748019021,160 144 56 104 177 25 5 78 175 142 45 190 80 136 73 54 31 193 117 198 1 131 121 125 90 191 147 71 51 98 118 134 139 11 182 138 33 49 168 195 6 188 169 132 145 13 15 70 3 155 184 152 34 55 18 62 124 143 106 86 185 22 99 130 95 9 183 140 28 20 60 148 47 94 179 166 194 176 180 113 103 127 89 163 153 81 77 141 91 61 36 21 87 82 8 111 35 109 0 29
321,50195,1764959752748019022,134 6 147 71 191 90 125 51 98 118 74 85 182 25 177 175 80 190 193 31 54 117 198 156 1 63 135 131 121 73 136 45 5 36 61 91 141 21 82 8 104 56 144 111 77 97 81 153 187 163 89 127 103 113 176 194 166 106 124 62 18 55 183 130 95 86 185 179 66 94 47 148 20 140 152 34 143 159 35 109 0 29 160 33 49 138 11 139 168 195 13 145 15 3 70 161 132 169 188 43
322,48190,1764959752748019023,61 36 177 21 87 82 8 104 144 160 29 195 168 43 134 85 139 11 49 33 138 182 25 5 78 175 45 80 190 73 54 31 193 117 198 1 135 122 63 40 107 133 10 90 121 51 147 6 188 169 132 13 145 15 161 70 3 155 152 170 34 55 18 62 128 124 106 159 143 35 109 0 12 111 81 153 163 176 86 95 183 140 20 60 148 47 94 66 179 185 166 194 113 103 89 127 187 77 141 91
323,48732,1764959752748019024,15 145 13 132 169 188 6 147 10 133 107 40 63 38 1 135 122 90 121 51 134 43 195 168 139 11 160 33 138 182 25 123 177 5 31 54 117 80 190 175 36 61 91 21 82 77 141 97 81 153 187 165 127 89 163 103 137 114 113 180 176 194 166 86 95 130 185 179 94 47 148 60 20 28 140 183 34 55 18 62 128 124 106 143 159 41 111 8 104 56 144 29 0 35 109 170 152 155 3 70
324,48103,1764959752748019025,158 121 182 138 139 11 33 160 144 111 29 0 109 35 143 159 106 124 62 18 55 34 95 185 179 94 47 148 9 199 60 20 28 149 140 183 152 184 155 3 70 15 145 168 195 13 132 169 188 147 90 122 133 107 40 63 102 32 135 38 1 198 117 193 54 31 164 73 136 190 80 45 142 175 78 5 177 36 61 91 141 187 165 127 89 103 113 194 166 86 176 163 153 77 82 87 21 8 104 25
325,48166,1764959752748019026,144 160 33 49 11 139 138 182 25 73 136 5 78 175 80 190 193 31 54 117 121 51 90 131 1 38 63 135 122 147 134 6 188 169 70 3 15 145 13 132 126 195 168 29 0 109 35 111 77 97 81 153 159 143 106 124 62 18 55 34 170 155 184 152 4 140 183 28 20 60 148 47 94 179 185 99 130 95 86 166 194 180 176 113 103 127 89 163 187 141 91 61 36 177 21 87 82 8 104 56
326,47560,1764959752748019027,77 81 153 163 89 127 103 113 194 166 176 180 106 143 124 128 62 18 55 34 170 183 95 86 185 99 179 172 66 94 47 148 60 20 140 152 184 155 189 3 70 15 145 168 195 13 132 169 188 147 71 51 90 122 135 131 121 112 1 156 198 117 193 31 54 164 73 190 80 45 142 175 78 5 177 123 25 182 138 139 11 49 29 0 109 35 111 144 160 33 104 8 82 87 21 61 36 91 141 97
327,48001,1764959752748019028,169 132 13 195 168 145 15 70 3 155 184 34 55 170 152 140 20 148 47 94 179 185 166 194 114 127 89 163 103 113 180 176 86 95 130 183 83 18 62 124 106 143 35 109 0 29 160 144 111 81 153 187 97 77 141 91 61 36 78 175 142 162 80 190 45 5 177 21 8 104 33 138 182 11 139 134 118 51 90 121 73 54 31 193 117 1 27 38 102 63 135 122 100 40 107 133 10 147 6 188
328,46397,1764959752748019029,198 117 193 54 31 164 73 136 190 80 175 78 142 45 5 36 61 91 141 21 82 8 104 160 144 111 77 153 146 187 163 89 127 137 114 103 113 176 194 166 86 95 130 99 185 179 66 94 47 148 60 23 20 28 140 183 152 34 55 18 62 128 124 106 143 35 109 0 29 33 138 182 25 158 121 131 51 134 139 11 168 195 145 15 3 70 13 132 169 188 6 147 90 122 107 40 63 135 1 156
329,48358,1764959752748019030,18 55 34 170 183 140 199 20 28 152 155 3 15 70 132 13 169 188 6 134 118 98 51 121 90 191 147 10 133 44 122 100 107 40 63 102 135 38 1 198 117 193 31 54 73 190 80 175 78 5 177 25 138 11 139 168 195 145 109 35 0 29 160 33 104 8 21 61 36 141 97 77 111 81 153 163 89 127 114 103 113 176 194 166 185 179 94 47 60 148 22 99 95 86 128 106 159 143 124 62
330,48774,1764959752748019031,155 152 183 140 28 20 148 47 94 179 185 22 99 130 95 86 166 194 176 180 113 103 127 89 163 153 187 141 91 61 36 175 78 5 177 21 8 104 138 182 25 158 121 54 31 80 190 193 117 198 1 38 63 135 131 125 90 122 133 10 191 51 98 118 74 134 147 6 188 169 132 13 195 168 139 11 49 29 0 109 35 160 33 144 56 111 82 77 81 143 106 124 62 18 34 189 145 15 70 3
331,47369,1764959752748019032,138 33 160 144 104 8 111 82 87 21 91 79 61 36 177 5 142 175 78 45 80 190 136 73 54 31 193 117 198 1 27 38 63 135 122 107 40 133 90 125 131 121 51 6 188 169 132 13 145 161 70 3 15 189 155 152 34 124 106 128 62 18 55 183 140 20 148 47 94 179 185 130 95 86 166 194 176 180 113 103 127 89 163 187 146 97 141 77 81 153 159 143 35 109 0 29 195 168 139 11
332,48571,1764959752748019033,156 1 27 38 63 135 131 121 25 182 138 33 160 11 139 134 51 90 147 192 6 188 169 132 13 70 3 155 189 15 145 195 168 29 0 109 35 144 104 8 111 143 106 124 62 83 18 55 34 152 183 140 20 148 47 94 179 22 99 130 95 185 86 166 194 114 113 180 176 103 127 89 163 187 153 81 77 82 21 141 91 61 36 78 175 80 190 45 5 177 112 19 151 54 73 164 31 193 117 198
333,49873,1764959752748019034,6 147 71 51 191 90 178 10 133 122 135 63 38 1 24 156 198 117 193 31 54 164 73 190 80 175 78 5 177 36 61 141 153 163 89 127 103 113 176 106 77 82 21 8 104 56 144 111 29 0 109 35 143 124 86 185 95 99 22 179 94 47 148 20 28 140 183 174 55 18 62 34 152 170 184 155 3 70 15 145 13 126 195 168 43 139 11 33 160 138 182 25 158 112 121 118 134 132 169 188
334,48979,1764959752748019035,103 113 194 166 176 106 143 124 62 18 128 86 95 130 99 185 179 172 57 66 94 47 148 60 23 20 28 149 140 183 174 55 34 152 184 155 3 70 132 15 145 13 195 168 169 188 6 147 115 178 133 10 90 51 121 131 122 40 63 102 135 38 27 1 156 198 117 31 190 80 175 36 61 91 141 77 21 177 25 182 138 139 11 33 160 56 104 8 144 29 0 109 35 111 153 163 89 127 137 114
335,48754,1764959752748019036,6 188 169 132 13 70 3 155 184 189 15 145 195 168 139 11 182 138 33 160 29 0 109 35 18 55 34 152 183 140 28 20 148 94 179 185 86 95 62 124 106 176 166 194 113 103 114 127 89 163 153 143 111 144 56 104 8 82 81 77 97 141 91 36 61 21 177 5 78 175 142 45 80 190 136 31 54 73 164 193 117 121 131 135 63 40 107 122 133 10 178 147 191 90 51 118 74 85 134 43
336,48104,1764959752748019037,180 113 103 163 89 127 165 187 153 77 97 141 61 36 177 5 142 78 175 80 190 193 31 54 117 1 38 63 135 122 133 147 71 120 191 90 121 51 98 118 182 138 33 11 139 134 6 188 65 169 132 13 145 195 168 29 109 35 0 144 160 56 104 8 21 87 82 111 159 143 106 124 128 62 18 55 34 189 15 70 3 155 152 183 140 20 60 148 47 94 66 179 185 99 130 95 86 166 194 176
337,48685,1764959752748019038,40 107 133 10 90 191 51 71 147 6 188 65 169 126 13 132 161 70 3 15 155 152 28 20 60 94 47 148 140 183 95 62 18 55 34 143 159 106 124 86 185 130 99 179 166 194 176 113 163 89 127 103 114 137 187 153 81 77 141 91 61 36 78 175 142 5 177 8 104 144 33 160 29 0 35 109 145 195 168 139 11 138 25 121 112 136 80 190 193 31 164 73 54 117 198 156 1 135 122 63
338,49714,1764959752748019039,182 139 134 118 51 120 191 90 125 131 135 63 100 40 107 72 122 133 147 6 188 169 132 13 70 3 15 145 195 168 11 29 0 109 35 34 18 62 124 143 106 176 180 86 185 130 95 183 152 140 28 20 148 94 166 194 113 103 114 127 89 163 153 81 77 141 91 79 61 36 5 78 175 80 190 73 164 54 31 193 117 198 156 27 38 1 151 19 112 121 158 25 177 21 82 8 104 160 33 138
339,48108,1764959752748019040,81 153 187 163 89 127 103 113 180 176 194 166 86 106 124 128 95 185 179 66 94 47 148 20 140 183 152 55 18 62 34 35 109 0 29 160 144 111 82 21 8 104 56 33 49 11 139 138 182 74 134 168 195 13 145 15 3 70 132 169 188 6 147 71 120 51 191 90 133 122 135 63 38 27 1 198 117 54 31 193 190 80 162 136 73 19 112 121 158 25 177 5 142 175 78 36 61 91 141 77
340,47405,1764959752748019041,11 49 29 0 109 35 143 159 106 124 62 18 55 34 189 145 13 126 195 168 134 51 121 112 19 151 54 73 31 193 117 198 156 1 135 63 122 133 90 147 6 188 169 132 161 70 3 15 155 152 140 183 28 20 60 148 47 94 66 179 185 130 95 86 166 194 176 113 103 127 89 163 153 81 14 77 97 141 91 61 36 78 175 80 190 45 5 177 21 87 82 8 104 111 144 160 33 138 182 139
341,49943,1764959752748019042,99 185 62 18 55 34 143 106 124 128 86 166 194 176 113 103 114 127 89 163 153 187 141 91 61 36 177 5 78 175 80 190 136 73 164 31 54 151 193 117 198 156 24 1 131 122 135 16 27 38 102 63 40 107 133 10 191 90 125 51 121 112 158 25 21 8 82 77 81 111 144 104 160 0 35 109 29 33 11 138 182 139 134 43 168 195 188 169 132 13 145 15 70 3 155 152 140 183 95 130
342,47481,1764959752748019043,95 130 185 86 176 113 194 166 179 66 94 47 148 20 28 101 149 4 199 140 183 152 155 3 70 15 145 189 29 160 33 11 138 182 139 43 168 195 13 132 169 188 6 147 90 51 121 131 135 63 38 27 16 1 117 193 31 54 73 136 190 80 45 142 175 78 5 177 21 87 36 61 79 91 141 163 103 114 127 89 165 187 153 81 77 82 8 104 144 111 0 109 35 143 106 124 62 18 34 55
343,48583,1764959752748019044,5 78 175 80 190 193 31 73 54 117 121 51 90 122 135 63 40 107 133 147 134 6 188 169 132 13 161 70 3 155 184 170 152 95 130 99 183 140 149 28 20 60 148 47 154 94 66 57 172 179 22 185 86 166 194 88 176 180 113 114 127 89 103 163 187 153 143 106 124 128 62 83 18 55 34 15 145 126 195 168 139 11 49 160 29 0 109 35 111 77 141 82 8 104 144 33 138 182 25 177
344,48584,1764959752748019045,169 188 147 71 51 191 90 122 107 40 63 135 1 131 121 117 54 31 193 190 80 45 175 78 5 36 61 141 91 177 25 182 138 33 160 144 104 8 21 82 77 81 153 187 163 165 127 137 114 89 103 113 176 194 166 172 179 185 86 128 183 95 130 99 94 47 148 60 20 59 28 149 4 140 152 170 184 155 70 3 34 55 18 83 62 124 106 143 35 0 109 12 29 11 139 168 195 145 13 132
345,48216,1764959752748019046,160 33 29 0 109 35 41 111 82 87 61 36 91 141 97 77 14 81 153 163 89 127 114 103 113 180 176 194 166 179 66 94 47 148 20 140 183 95 185 86 106 143 124 128 62 83 18 55 34 152 184 155 189 145 15 3 70 188 6 169 132 13 195 168 139 11 138 182 25 158 121 51 120 71 147 191 90 133 122 63 135 1 198 117 54 31 193 190 80 45 142 175 78 5 177 21 8 104 56 144
346,48779,1764959752748019047,36 141 77 81 153 187 163 89 127 103 113 176 194 166 86 185 179 94 47 148 20 28 140 152 155 3 70 161 15 195 13 132 169 188 6 147 178 10 107 40 63 102 135 122 133 191 90 121 131 1 198 117 193 31 54 73 136 190 80 175 78 5 177 25 118 98 51 74 182 138 33 160 49 11 139 168 145 189 29 0 109 35 34 55 18 62 183 9 99 130 95 128 124 106 143 111 144 104 8 21
347,48576,1764959752748019048,55 18 62 128 124 106 159 143 35 111 8 104 56 144 160 33 11 49 138 182 139 168 195 13 132 169 65 188 6 147 51 121 90 122 135 63 38 27 1 198 117 193 31 54 73 19 112 25 177 5 136 190 80 45 175 78 36 61 91 21 87 82 141 77 153 163 165 127 89 103 113 180 176 194 166 86 185 95 130 99 179 94 47 148 20 140 183 152 184 155 189 15 3 70 161 145 29 0 109 34
348,46725,1764959752748019049,34 170 152 184 155 15 145 29 0 109 35 62 124 106 143 111 82 21 8 104 144 160 33 138 11 139 168 195 13 70 3 132 169 188 6 134 118 98 51 121 131 90 191 10 133 122 107 40 63 135 1 117 193 31 54 164 73 136 190 80 45 142 175 78 5 177 36 61 79 91 141 77 153 163 89 127 103 113 176 194 166 86 185 179 66 94 47 148 60 20 28 101 149 4 140 183 130 95 18 55
349,47950,1764959752748019050,80 190 136 164 193 31 54 73 25 118 51 121 131 117 198 1 27 38 135 63 122 90 191 147 6 188 169 132 70 3 155 152 170 34 55 183 140 28 20 60 148 47 94 179 185 130 95 18 62 124 106 86 166 194 176 180 113 103 127 89 163 187 153 97 77 81 143 35 0 109 189 15 145 13 195 168 139 11 182 138 104 56 144 33 160 29 111 8 82 141 91 36 61 21 177 5 142 78 175 45
350,48782,1764959752748019051,8 82 77 153 163 176 106 124 128 95 62 18 55 34 189 155 184 170 152 174 183 140 4 149 28 59 20 60 148 47 94 179 99 185 86 166 194 113 103 127 187 141 61 36 177 5 45 142 78 175 162 46 80 190 136 73 54 31 193 117 198 1 38 63 135 122 90 191 147 6 188 169 70 3 15 145 13 132 126 195 168 43 139 11 138 182 118 51 121 25 104 33 160 29 0 109 35 143 159 111
351,48048,1764959752748019052,139 182 138 11 168 145 15 70 3 189 155 152 170 34 55 18 143 159 106 124 128 62 183 140 20 148 47 94 66 179 185 95 86 166 194 176 113 103 163 153 81 77 111 35 109 0 29 39 49 33 160 144 56 104 8 82 21 141 91 61 36 177 5 78 175 142 45 80 190 73 164 54 31 193 117 198 156 24 1 27 38 63 135 131 121 51 191 90 122 133 147 85 134 6 188 169 132 13 195 43
352,49271,1764959752748019053,177 21 87 104 138 25 158 121 131 135 63 122 133 10 191 90 51 147 6 188 169 132 13 134 118 74 182 11 139 168 195 145 15 70 3 155 152 170 34 55 183 140 28 20 148 47 94 66 99 22 179 185 130 95 86 128 83 18 62 124 106 143 35 109 0 29 160 33 144 111 8 82 77 81 153 176 166 194 113 103 127 89 163 187 141 91 79 61 36 78 175 142 45 162 80 190 193 117 31 5
353,48782,1764959752748019054,81 153 163 103 89 165 127 114 113 194 176 166 86 185 179 94 47 148 20 140 183 62 18 55 34 170 152 184 155 189 3 70 15 145 109 35 0 12 29 160 33 138 182 25 158 121 131 51 98 118 74 134 139 11 168 195 126 13 132 169 188 6 147 90 122 63 135 1 198 117 151 54 31 193 164 73 136 190 80 45 142 175 78 5 177 36 61 91 141 97 77 82 21 104 8 111 143 124 106 159
354,49249,1764959752748019055,177 25 121 51 98 118 134 43 139 138 104 8 21 82 77 97 153 81 111 144 0 109 35 34 55 18 62 124 143 106 128 95 130 99 22 185 86 176 163 103 113 194 166 179 94 47 148 60 20 28 101 149 4 140 183 152 170 184 155 29 160 33 11 168 195 13 145 15 3 70 132 169 188 147 71 191 90 133 122 63 135 1 156 198 117 193 31 54 73 190 80 175 78 142 45 5 36 141 91 61
355,47825,1764959752748019056,148 20 60 47 94 66 172 52 179 185 86 166 194 176 180 113 103 127 89 163 153 77 141 36 177 5 45 142 78 175 80 190 136 193 42 27 38 63 135 16 1 156 198 117 54 31 73 112 121 131 122 90 147 6 188 169 132 13 145 195 168 43 134 139 11 138 33 104 8 21 87 82 111 144 160 29 0 109 35 143 106 124 62 18 55 34 170 189 15 70 3 155 184 152 140 183 95 130 99 22
356,51210,1764959752748019057,124 106 143 153 111 68 8 82 77 141 91 79 61 36 21 87 157 104 56 144 39 160 33 49 11 139 138 182 121 25 177 5 175 78 45 80 190 136 73 164 31 54 193 117 135 63 40 107 122 133 10 90 191 51 147 134 6 188 169 132 126 168 195 13 145 15 161 70 3 155 184 152 183 140 28 20 60 148 47 94 179 166 194 113 176 86 185 99 130 95 18 55 34 189 29 12 0 35 109 62
357,47740,1764959752748019058,135 122 133 10 90 191 51 147 6 188 169 132 126 43 139 182 138 104 8 82 111 160 33 11 168 195 13 161 70 3 15 145 189 155 184 69 29 0 109 35 143 106 124 128 62 18 55 34 170 152 4 149 28 20 140 183 95 130 148 60 47 94 66 179 99 185 86 166 194 176 180 163 103 113 114 137 127 89 165 187 153 81 77 141 61 36 177 5 175 80 190 136 193 73 31 54 117 198 121 131
358,48736,1764959752748019059,5 142 78 175 80 190 193 198 117 54 31 164 73 19 112 121 131 51 90 122 135 63 133 10 178 115 147 6 188 169 134 182 138 104 56 8 111 144 33 160 29 49 11 139 43 168 195 13 132 145 15 70 3 155 184 170 152 183 140 28 20 148 47 94 66 179 166 194 114 127 89 163 103 113 176 106 124 128 86 185 130 95 62 18 55 34 109 0 35 143 153 81 77 141 82 87 21 61 36 177
359,49364,1764959752748019060,1 16 27 38 63 40 107 133 10 147 6 188 169 132 13 195 145 70 3 15 155 152 34 55 95 183 140 199 4 149 28 20 148 47 94 179 185 86 166 194 176 113 103 89 163 153 141 36 61 79 91 77 81 143 159 106 124 62 18 109 0 35 41 111 82 21 177 5 78 175 80 190 136 73 164 31 54 193 117 198 151 25 104 8 144 29 160 33 138 11 139 168 134 51 121 131 90 122 32 135
360,49509,1764959752748019061,77 141 36 177 5 78 175 80 190 136 73 164 193 31 54 151 19 112 121 98 51 125 131 1 198 117 156 27 38 135 63 40 107 133 122 90 147 6 188 169 134 139 168 195 13 132 70 3 15 145 29 0 109 35 34 55 18 62 124 106 86 185 99 179 66 47 148 183 152 140 28 20 60 94 57 172 52 166 194 176 113 103 127 89 163 153 81 159 143 111 144 160 33 11 182 138 104 8 21 82
361,49903,1764959752748019062,43 168 126 195 13 145 15 189 34 55 18 62 124 106 81 77 141 153 163 89 127 114 103 113 180 176 194 166 179 185 86 95 130 183 140 148 20 28 152 155 3 70 161 132 169 188 6 134 147 10 133 122 135 63 102 38 27 1 117 54 31 193 190 80 175 78 142 45 5 177 36 61 79 91 21 25 121 131 90 191 51 118 74 182 11 49 33 160 29 0 109 35 111 82 8 144 56 104 138 139
362,49001,1764959752748019063,97 77 81 82 8 111 144 160 33 49 29 109 0 35 143 159 153 146 187 163 89 103 113 166 194 176 106 124 62 18 55 95 185 86 179 22 99 66 94 47 148 60 20 140 183 152 155 70 161 3 15 145 195 13 132 169 188 6 134 85 43 168 139 11 182 138 104 25 158 121 118 98 51 191 90 122 135 1 156 198 117 193 31 54 73 136 190 80 175 78 142 45 5 177 21 36 61 79 91 141
363,49344,1764959752748019064,168 126 6 188 169 132 161 70 3 155 184 152 28 20 60 47 148 140 183 55 83 128 86 95 130 185 179 172 166 194 88 176 180 113 103 127 89 163 153 81 77 97 141 91 61 36 78 175 142 5 177 21 82 8 56 104 25 136 80 190 193 117 31 54 121 131 135 63 122 133 90 51 147 134 43 139 11 182 138 33 160 144 111 29 0 109 35 143 159 106 124 62 18 34 170 189 15 145 13 195
364,47410,1764959752748019065,183 140 4 149 28 20 60 148 47 94 179 185 130 95 86 128 55 34 18 62 124 106 143 81 153 163 89 103 113 176 166 194 114 137 127 165 187 97 77 141 91 36 61 82 21 177 5 175 80 190 193 31 54 117 1 38 135 32 102 63 40 107 133 122 90 131 121 51 147 6 188 134 118 74 182 138 33 160 104 8 144 111 35 109 0 29 11 139 168 195 13 132 169 70 3 15 145 189 155 152
365,49317,1764959752748019066,109 35 0 29 160 33 138 182 11 139 168 195 13 145 15 155 3 70 161 132 169 188 147 10 133 107 40 100 122 90 191 51 98 118 25 73 31 54 112 121 135 63 38 1 156 198 117 193 190 80 175 78 142 5 177 36 61 91 141 97 77 82 21 8 104 144 111 41 81 153 146 187 163 103 113 86 185 95 130 183 140 20 148 47 94 179 166 194 114 127 89 176 106 124 128 62 83 18 55 34
366,48785,1764959752748019067,166 194 176 180 113 103 163 89 127 165 187 153 81 111 35 109 0 29 160 49 33 144 56 104 8 21 82 58 77 97 141 61 36 5 78 175 142 45 162 80 190 193 73 54 31 117 198 1 135 122 90 147 188 6 51 131 121 158 25 182 138 11 139 43 168 195 126 132 169 13 145 15 161 70 3 189 155 184 152 170 34 55 18 62 128 124 143 106 95 130 99 183 140 20 148 47 94 179 185 86
367,46645,1764959752748019068,153 81 77 141 91 36 61 21 177 5 175 80 190 136 73 164 31 54 193 117 198 156 24 1 197 16 27 38 63 135 122 131 121 51 90 133 10 147 6 188 132 168 195 13 169 70 3 15 145 155 189 109 0 29 160 33 138 104 8 82 111 35 143 159 106 124 128 62 18 55 34 183 140 149 28 20 60 148 47 94 66 172 179 99 130 95 185 86 166 194 176 113 114 127 165 89 103 163 187 146
368,46468,1764959752748019069,38 27 16 131 121 112 1 156 198 117 193 31 54 73 136 190 80 162 45 142 175 78 5 36 61 91 141 97 77 81 153 163 89 127 103 113 176 194 166 86 106 143 124 62 18 34 55 95 185 179 94 47 148 60 20 28 149 140 183 152 155 3 70 15 145 168 195 13 132 169 188 6 134 139 182 138 11 33 160 29 0 109 35 111 104 8 82 87 21 177 25 118 51 90 10 133 122 135 63 102
369,49383,1764959752748019070,139 11 49 138 182 74 25 123 177 5 73 31 54 112 121 51 125 191 90 122 135 63 38 27 16 1 156 198 117 193 190 80 175 36 141 97 77 81 111 8 82 21 104 144 33 160 39 29 0 109 35 143 106 124 62 18 55 34 183 130 99 22 185 95 86 176 180 113 103 163 89 127 137 114 194 166 52 172 179 94 47 148 20 28 140 152 184 155 3 70 15 145 195 168 126 13 132 169 188 6
370,50074,1764959752748019071,94 47 148 140 183 170 34 55 18 83 62 128 86 95 185 179 166 194 176 113 103 127 89 163 153 77 82 8 21 61 36 78 175 80 190 193 31 73 54 117 198 156 1 16 27 38 131 125 71 191 90 122 135 102 63 133 10 178 115 147 6 188 169 134 51 121 45 5 177 25 182 138 139 11 49 33 160 144 111 143 106 124 35 109 0 29 168 195 13 132 145 15 70 3 155 184 152 28 20 60
371,49620,1764959752748019072,139 182 138 33 160 104 144 111 0 109 35 143 106 124 128 62 18 55 34 170 152 183 140 28 20 148 94 179 185 95 86 166 176 113 103 127 89 163 187 153 77 141 36 61 21 82 8 177 25 158 121 54 164 73 136 5 78 175 45 80 190 193 31 117 198 156 24 1 27 38 135 102 63 40 122 90 191 51 118 74 134 147 192 6 43 168 195 126 188 169 132 13 145 15 70 3 155 29 49 11
372,49396,1764959752748019073,137 127 165 89 163 153 81 77 97 141 61 36 78 175 80 190 5 177 21 87 82 111 8 104 138 139 11 33 29 168 195 13 134 85 74 118 121 54 31 193 117 198 156 1 16 27 38 102 63 135 122 133 10 90 191 51 147 6 188 169 132 145 15 3 70 155 152 170 34 18 62 124 128 83 55 183 140 20 148 47 94 66 179 185 22 99 130 95 86 166 194 176 106 109 0 35 143 103 113 114
373,49013,1764959752748019074,139 11 182 138 104 56 8 111 144 160 33 49 29 0 109 35 34 18 62 124 106 86 176 180 103 163 153 81 82 87 21 177 5 45 190 80 175 78 36 61 141 77 97 187 89 127 114 113 194 166 179 66 94 47 148 99 185 95 183 199 9 60 20 28 140 152 184 155 189 3 70 15 145 13 195 168 132 169 188 6 147 90 133 122 135 63 38 1 198 117 193 31 54 73 112 121 51 98 118 134
374,47478,1764959752748019075,0 35 109 29 160 33 56 104 138 11 139 168 43 134 51 90 191 71 147 188 169 132 13 195 145 15 161 70 3 155 152 170 34 55 18 62 124 106 128 86 185 95 183 140 4 149 28 20 148 94 179 166 194 176 113 103 89 163 187 153 81 77 141 61 36 5 78 175 142 45 80 190 136 31 54 73 193 117 198 156 1 27 38 63 40 107 133 122 135 131 121 158 25 177 21 82 8 144 111 12
375,49563,1764959752748019076,193 31 54 117 198 156 1 121 131 135 63 40 107 122 125 51 90 191 71 147 6 188 169 132 126 43 134 74 182 11 139 168 195 13 145 161 70 3 15 189 155 152 170 35 109 0 29 160 33 49 138 104 8 82 144 111 106 124 128 62 18 34 55 140 183 95 130 99 185 86 166 194 176 180 113 103 89 127 163 153 81 77 97 141 91 36 61 21 177 5 78 175 142 45 162 80 190 136 73 164
376,47368,1764959752748019077,113 176 194 166 86 95 130 99 185 179 94 47 148 20 28 140 183 55 83 18 34 170 152 155 3 70 161 15 145 195 13 132 169 188 6 147 51 121 112 19 131 90 10 133 122 135 63 38 1 198 117 193 31 54 73 136 190 80 45 142 175 78 5 177 25 182 138 33 49 11 139 168 29 0 109 35 111 144 160 104 8 82 21 61 36 91 141 97 77 81 159 143 62 128 124 106 153 163 89 103
377,49159,1764959752748019078,13 145 15 70 3 155 152 140 183 95 130 20 148 47 94 179 185 86 166 194 114 127 89 163 103 113 176 62 18 55 34 124 106 153 187 141 77 81 159 143 35 109 0 111 82 87 21 8 104 56 144 160 33 138 182 139 11 49 29 195 168 134 51 131 121 158 25 177 61 36 5 45 142 78 175 80 190 73 54 31 193 117 198 156 1 197 16 27 38 63 135 122 133 10 90 191 147 188 169 132
378,47774,1764959752748019079,94 47 148 20 28 149 140 183 152 184 155 15 3 70 132 13 145 195 168 11 139 43 134 169 188 6 147 10 133 122 90 191 125 51 98 118 121 131 135 63 38 27 1 198 117 193 31 54 73 190 80 175 78 142 5 177 25 182 138 104 8 82 21 61 36 141 77 97 187 153 81 111 56 144 33 160 29 0 109 35 143 124 106 163 89 127 103 113 180 176 194 166 86 62 18 34 55 95 130 185
379,47406,1764959752748019080,152 183 140 28 20 60 148 47 94 179 185 86 166 194 113 103 89 163 176 128 18 55 34 62 124 106 143 153 81 97 77 111 0 35 109 29 160 33 144 56 104 8 82 21 141 91 61 36 177 5 78 175 142 45 190 80 136 73 164 31 54 193 117 198 156 1 27 38 102 63 135 122 131 121 25 138 11 139 134 118 98 51 90 191 147 6 188 169 70 13 132 126 168 195 145 15 3 155 184 170
380,47748,1764959752748019081,127 89 165 187 141 61 36 5 78 175 45 80 190 193 31 54 117 1 135 63 122 131 121 125 90 51 25 177 21 87 82 8 104 144 111 77 81 153 163 103 26 113 88 180 176 128 124 106 143 35 109 0 29 160 33 138 11 139 134 147 6 188 169 132 13 195 168 145 15 70 3 189 155 152 183 140 28 149 20 60 148 47 94 66 172 179 22 99 130 95 55 34 18 62 185 86 166 194 114 137
381,48810,1764959752748019082,121 131 90 133 122 135 63 38 1 24 156 198 117 193 54 31 73 136 190 80 175 78 5 36 141 97 77 81 41 111 35 0 109 29 145 15 189 34 143 106 124 62 55 18 95 185 86 176 180 163 153 187 165 137 127 89 103 113 194 166 179 94 47 148 60 20 28 140 183 152 155 3 70 161 132 13 195 168 126 169 188 6 134 147 51 118 139 11 182 138 33 160 144 104 8 82 21 177 25 158
382,47349,1764959752748019083,159 143 106 124 128 62 18 55 34 35 109 0 29 49 11 139 182 138 33 160 144 56 104 8 111 82 21 91 61 36 177 5 78 175 142 45 80 190 136 73 164 31 54 193 117 198 121 131 1 38 63 135 90 191 51 98 118 134 6 188 169 132 126 168 195 13 145 161 70 3 15 189 155 184 170 152 183 140 20 60 148 47 94 179 185 86 166 194 176 180 113 103 127 89 163 153 187 141 77 81
383,48499,1764959752748019084,156 1 16 27 38 63 135 122 131 121 51 90 147 188 169 70 3 15 145 13 195 168 139 11 138 182 25 177 21 82 8 104 144 160 33 49 29 0 109 35 111 41 81 153 163 113 180 176 106 159 143 34 55 18 62 124 128 95 130 183 170 152 140 28 20 148 94 179 185 86 166 194 114 103 89 127 165 187 77 141 91 61 36 5 78 175 142 45 80 190 136 173 151 54 31 73 164 193 117 198
384,48606,1764959752748019085,19 73 136 45 5 177 21 87 82 8 104 56 111 144 160 33 138 11 139 43 134 6 188 65 169 126 13 132 70 3 15 145 195 168 29 0 109 35 143 106 153 163 176 86 124 62 18 55 34 152 28 140 183 95 130 99 148 20 60 47 94 66 179 185 166 194 113 103 89 127 187 77 141 61 36 78 175 80 190 193 31 54 117 198 156 1 27 38 63 102 135 122 133 10 147 191 90 51 121 112
385,46665,1764959752748019086,148 60 20 28 149 140 183 152 170 184 155 3 70 15 145 195 168 13 132 169 188 6 147 90 122 107 40 63 135 131 121 51 118 25 73 31 54 117 198 193 136 190 80 175 78 5 36 61 91 141 21 82 8 104 138 139 11 33 160 29 0 109 35 111 77 97 81 153 159 143 106 124 62 34 55 18 128 176 180 26 103 163 89 165 127 137 114 113 194 166 86 185 95 130 99 22 179 66 94 47
386,48804,1764959752748019087,194 166 86 185 179 66 94 47 148 60 20 28 149 140 183 99 130 95 128 124 62 83 18 55 34 152 155 70 3 15 145 13 195 126 132 169 188 6 147 51 191 90 133 10 122 135 1 24 156 198 117 193 54 31 164 73 190 80 162 175 78 142 45 136 112 121 158 25 177 5 36 61 91 141 77 187 127 89 163 153 111 8 144 160 33 104 138 182 11 139 43 168 29 0 109 35 143 106 176 113
387,47160,1764959752748019088,149 28 20 60 148 47 154 94 66 179 185 130 95 86 166 176 113 103 127 89 163 153 106 124 128 55 34 18 62 143 159 81 77 141 91 61 36 177 5 175 78 80 190 136 193 31 54 73 25 182 138 33 160 144 104 8 21 82 111 35 0 109 29 11 139 134 118 51 121 131 198 117 156 1 135 63 40 107 122 90 191 147 6 188 169 168 195 13 132 145 15 3 70 155 184 170 152 183 140 4
388,48458,1764959752748019089,15 189 34 18 55 183 140 152 155 3 70 161 132 169 188 6 134 74 118 147 71 191 51 121 131 90 178 10 133 107 40 63 122 135 1 156 198 117 54 31 190 80 45 142 175 78 5 177 25 138 33 160 144 111 104 8 82 21 61 36 91 141 77 81 153 163 103 89 127 137 114 113 176 194 166 86 179 94 47 148 20 99 185 95 62 124 106 143 35 109 0 29 49 11 139 168 195 126 13 145
389,47713,1764959752748019090,66 94 154 47 148 60 20 28 140 152 184 155 3 70 15 145 13 126 132 169 188 6 134 147 51 90 122 107 40 100 63 135 38 1 198 117 193 80 190 73 31 54 121 25 182 138 33 11 139 43 168 195 29 0 109 35 111 8 82 87 21 177 5 142 175 78 36 61 91 141 77 81 153 187 163 89 127 114 103 113 194 180 176 128 106 159 143 124 62 83 18 55 34 183 130 95 86 166 185 179
390,46763,1764959752748019091,135 122 133 10 90 51 121 118 74 182 138 33 49 11 139 134 6 188 169 132 13 195 168 145 15 70 3 155 152 34 55 18 62 95 99 130 183 140 149 28 59 20 60 148 47 94 66 179 185 166 86 128 124 106 176 194 113 114 137 127 165 89 103 163 187 153 81 77 111 35 109 0 29 160 104 8 82 21 141 91 61 36 5 45 142 78 175 162 80 190 136 73 54 31 193 117 198 156 1 63
391,50128,1764959752748019092,61 36 78 175 45 162 80 190 136 164 193 117 198 156 27 38 16 1 151 54 31 73 5 177 25 158 121 131 135 102 63 122 90 51 98 118 134 147 6 188 169 132 70 3 15 145 13 195 168 139 11 138 182 104 8 21 87 82 144 33 160 29 189 155 184 152 28 140 183 95 86 185 179 166 194 180 176 113 114 103 127 89 163 187 153 81 143 106 124 62 83 18 55 34 109 0 35 111 77 141
392,48802,1764959752748019093,164 136 80 190 105 193 31 54 117 198 156 24 1 135 122 63 40 107 133 10 191 90 131 121 51 71 147 134 6 188 169 70 3 155 152 34 55 18 143 106 124 62 83 183 140 20 148 47 94 66 179 185 130 95 86 166 194 176 113 103 127 89 163 153 81 111 8 82 77 97 141 91 61 36 175 78 5 177 21 104 144 160 29 0 35 109 189 15 145 13 132 126 195 168 11 33 138 182 25 73
393,49103,1764959752748019094,185 99 179 94 47 148 20 28 140 152 34 55 18 83 183 95 128 62 124 106 143 159 41 111 144 8 82 21 104 56 33 160 0 35 109 29 11 138 182 139 43 168 195 126 13 145 15 189 184 155 3 70 161 132 169 188 6 147 191 90 10 133 122 135 63 38 27 1 117 31 54 121 51 98 118 25 177 5 190 80 175 36 61 91 141 97 77 81 153 163 89 127 114 103 113 180 176 194 166 86
394,47347,1764959752748019095,35 0 29 168 195 13 145 15 3 70 132 169 188 6 134 147 51 191 90 10 133 122 63 135 1 198 117 193 31 54 121 112 73 190 80 45 175 78 5 177 36 61 141 97 77 82 21 8 104 182 138 139 11 33 160 144 111 153 187 165 127 89 163 103 113 176 166 86 128 124 106 143 34 55 18 62 95 130 99 22 185 52 172 179 66 94 47 148 60 20 28 149 140 183 152 170 184 155 189 109
395,46541,1764959752748019096,78 5 177 21 61 36 141 97 77 82 8 104 144 160 33 29 0 109 35 111 81 153 163 89 103 113 180 176 194 166 172 179 66 94 47 148 60 20 140 183 95 130 99 185 86 128 106 159 143 124 62 83 18 55 34 170 152 184 155 189 145 15 3 70 13 132 169 188 6 134 195 168 139 11 138 25 121 51 191 90 10 133 122 135 63 38 27 1 156 198 117 193 31 54 164 73 190 80 45 175
396,46088,1764959752748019097,121 51 90 122 133 147 134 6 188 169 132 70 3 15 155 184 189 145 13 195 168 139 11 138 104 8 33 160 29 0 109 35 111 143 106 124 62 18 55 34 170 152 183 140 149 28 20 60 148 47 94 179 185 22 99 130 95 128 86 166 194 176 113 103 114 137 127 89 163 165 187 153 81 77 141 91 36 61 21 177 5 175 80 190 73 164 54 31 193 117 198 156 1 16 27 38 63 40 107 135
397,47701,1764959752748019098,145 109 35 0 29 33 160 144 111 106 143 124 62 18 55 34 170 155 184 152 183 140 149 28 20 60 148 47 94 179 99 130 95 185 86 166 194 176 180 113 26 114 137 127 165 89 103 163 187 153 81 77 97 141 91 61 36 5 78 175 80 190 31 117 135 63 40 107 122 133 10 147 6 134 118 51 191 90 131 121 25 177 21 87 82 8 104 138 11 139 168 195 13 132 169 188 161 70 3 15
398,48294,1764959752748019099,183 152 170 184 155 145 15 3 70 161 188 6 147 191 90 122 40 63 135 38 27 1 198 117 121 51 169 132 13 126 195 168 43 139 182 138 11 33 144 160 29 0 109 35 111 8 82 21 177 5 78 175 162 80 190 193 31 54 73 45 36 61 91 141 77 81 153 187 163 89 103 113 176 166 86 128 106 124 62 83 18 55 34 174 95 130 99 185 179 66 94 47 148 60 20 28 149 4 199 140
399,48586,1764959752748019100,137 127 89 163 153 187 97 141 77 81 159 106 143 35 111 8 82 87 21 91 61 36 177 5 78 175 80 190 73 164 31 193 198 117 54 25 158 121 131 122 135 102 63 40 107 133 10 90 51 147 85 134 6 188 169 132 13 70 3 15 145 195 168 43 139 11 138 33 104 144 160 29 0 109 34 152 140 183 55 18 62 124 86 185 95 130 99 47 148 20 60 94 66 179 166 194 176 113 103 114
400,47350,1764959752748019101,36 91 141 77 81 153 163 89 127 137 114 103 113 176 194 166 86 185 95 130 183 148 47 94 60 20 28 149 140 152 55 18 62 124 106 159 143 35 109 0 111 160 33 29 189 184 155 3 70 161 15 145 13 195 126 132 169 188 6 134 43 168 139 11 138 182 25 121 51 191 90 10 133 122 107 40 63 135 38 1 156 198 117 193 54 31 164 73 190 80 162 45 175 78 5 177 8 82 21 61
401,46957,1764959752748019102,111 144 160 29 0 35 109 195 13 145 15 161 70 3 155 152 34 18 55 183 140 149 28 20 60 148 47 94 66 179 166 194 113 103 89 163 176 86 185 22 99 130 95 62 124 106 153 81 77 97 141 82 21 91 61 36 177 5 78 175 142 45 80 190 193 31 54 117 198 156 1 16 27 38 63 135 131 121 51 191 90 122 133 10 147 6 188 169 132 126 168 43 139 11 182 138 49 33 104 8
402,48583,1764959752748019103,6 188 70 3 155 152 183 140 28 20 148 47 94 185 179 166 86 130 95 18 55 34 62 128 124 106 143 35 109 0 29 160 49 11 139 33 104 138 182 74 118 51 90 121 158 25 21 82 8 111 81 153 163 103 176 194 113 114 127 89 165 187 97 77 141 91 79 61 36 177 5 78 175 80 190 136 73 164 54 31 193 117 198 1 16 27 38 63 135 122 133 147 134 43 168 195 145 13 132 169
403,47785,1764959752748019104,153 187 163 165 127 89 103 180 176 113 194 166 179 66 94 47 148 20 28 149 140 183 9 95 130 99 22 185 86 128 106 124 62 83 18 55 34 170 152 184 155 189 145 15 3 70 13 195 168 11 49 29 109 35 0 39 12 160 33 138 182 139 132 169 188 6 134 147 51 125 191 90 122 63 135 131 121 1 198 117 54 31 190 80 45 175 78 5 177 36 61 141 21 82 8 104 144 111 77 81
404,46767,1764959752748019105,176 113 114 137 127 89 103 163 187 153 97 141 91 61 36 177 21 82 77 81 41 111 144 8 104 160 33 138 11 139 182 25 5 78 175 142 45 162 80 190 73 164 54 31 193 117 198 156 1 16 27 38 63 135 131 121 51 125 191 90 122 133 10 147 188 169 132 145 15 3 70 13 195 168 29 0 109 35 143 159 106 124 62 18 55 34 170 152 183 140 149 28 20 148 47 94 185 86 166 194
405,48362,1764959752748019106,190 80 162 45 142 175 78 5 177 36 61 79 91 21 8 104 160 33 138 11 29 109 0 144 111 82 141 97 77 81 153 163 103 89 127 137 114 113 180 176 194 166 185 99 179 94 47 148 20 130 95 86 128 83 18 62 124 106 143 35 34 55 183 140 152 155 3 70 15 145 168 195 13 132 169 188 6 147 133 122 63 135 90 191 51 134 139 182 25 158 121 131 1 156 198 117 193 31 54 73
406,48903,1764959752748019107,91 141 77 97 81 153 187 163 89 127 137 114 103 180 176 113 194 166 179 66 94 47 148 20 28 140 95 185 86 106 143 111 0 109 35 124 62 18 55 34 183 170 152 155 3 70 15 145 29 160 33 49 11 139 168 195 132 169 188 147 191 90 51 125 121 131 135 63 40 107 133 122 38 27 1 117 54 31 193 190 80 136 73 25 182 138 104 56 144 8 82 21 177 5 142 175 78 36 61 79
407,48697,1764959752748019108,137 127 89 163 103 176 106 143 153 77 82 8 56 144 111 35 109 0 29 160 33 11 139 138 104 21 141 91 61 36 78 175 142 162 80 190 136 45 5 177 25 173 73 54 31 193 117 121 131 135 102 63 40 122 90 191 51 118 134 147 6 188 169 126 168 195 13 132 161 70 3 15 145 155 152 140 28 20 60 148 47 94 179 22 99 185 95 183 34 55 18 83 62 124 128 86 166 194 113 114
408,49001,1764959752748019109,51 169 188 6 147 10 133 107 40 100 63 122 135 102 38 27 16 197 1 24 156 42 30 198 117 193 54 31 164 73 190 80 175 78 5 177 36 61 21 8 104 144 33 160 29 0 109 35 111 82 77 81 153 163 89 165 127 103 113 194 166 185 86 176 106 143 124 62 95 99 47 94 148 20 28 140 183 55 18 34 152 184 155 15 3 70 132 13 145 195 168 139 11 138 25 158 121 131 90 191
409,49155,1764959752748019110,144 104 8 111 82 77 81 153 146 187 163 89 127 137 114 103 113 176 194 166 86 106 143 124 62 18 34 55 185 179 66 94 154 47 60 148 99 130 95 183 140 199 20 28 149 4 152 155 3 70 132 169 188 6 147 134 168 195 13 145 0 35 109 29 49 11 139 74 118 51 121 73 164 31 54 131 90 122 63 135 1 156 198 117 193 190 80 175 78 142 5 36 61 91 141 21 177 138 33 160
410,47654,1764959752748019111,139 11 33 160 29 0 109 35 111 153 187 165 89 127 137 114 194 166 86 176 180 113 26 103 163 106 124 128 62 18 55 95 185 179 94 47 148 20 28 140 183 34 152 184 155 3 70 15 145 168 195 13 132 169 188 6 147 10 133 122 63 135 1 156 198 117 193 54 31 164 73 136 190 80 45 175 78 5 177 21 61 36 141 77 82 8 144 104 138 182 25 121 112 131 90 51 118 74 134 43
411,48823,1764959752748019112,94 179 172 166 86 128 18 55 34 62 124 143 159 106 176 194 113 103 114 137 127 89 163 187 153 81 77 141 91 61 36 177 21 82 8 104 111 144 160 33 138 182 118 51 90 131 121 158 25 5 142 78 175 80 190 31 117 198 1 135 122 63 40 107 133 147 134 6 188 169 132 161 70 3 15 145 13 195 168 139 11 29 0 35 109 69 189 155 184 152 140 4 149 28 20 183 95 185 148 47
412,46811,1764959752748019113,176 180 113 26 103 114 127 89 163 187 153 81 77 111 144 8 104 160 33 49 11 139 138 182 25 177 21 87 82 141 91 61 36 5 45 142 78 175 80 190 136 73 54 31 193 117 198 156 1 63 100 40 107 10 133 122 135 131 121 51 90 191 147 6 188 169 145 15 3 70 13 195 168 29 0 109 35 143 159 106 124 62 83 18 55 34 152 183 140 20 148 47 94 179 185 130 95 86 194 166
413,50297,1764959752748019114,141 77 187 165 137 114 127 89 103 26 113 163 153 81 82 111 0 109 35 34 55 18 62 124 106 176 194 166 179 185 86 95 130 183 140 152 184 155 189 145 15 3 70 188 6 169 132 13 126 195 168 29 160 144 56 8 104 33 49 11 139 134 147 10 133 44 122 107 40 63 135 38 27 16 1 131 90 51 118 182 138 25 121 112 54 31 117 193 73 136 190 80 175 78 142 45 5 177 36 61
414,48486,1764959752748019115,73 54 117 198 156 1 38 63 135 131 121 51 191 90 122 133 147 6 188 169 132 134 74 118 25 177 21 82 8 104 138 182 49 11 139 168 195 13 70 3 15 145 189 155 152 170 34 183 140 148 47 94 179 22 99 185 95 55 18 62 124 106 128 86 166 194 180 176 113 103 163 89 127 165 187 153 81 159 143 35 109 0 29 160 33 111 77 141 91 61 36 5 142 78 175 80 190 193 31 164
415,49223,1764959752748019116,8 111 35 109 0 29 160 33 49 138 182 11 139 168 195 126 13 161 70 3 155 184 152 140 183 28 20 148 47 94 179 185 130 95 86 166 194 113 103 89 127 187 146 153 163 180 176 106 143 124 128 62 18 55 34 189 15 145 132 169 188 43 134 6 147 90 10 133 122 63 135 1 117 193 31 54 73 121 25 177 5 136 190 80 45 175 78 36 61 79 91 141 97 77 81 82 21 104 56 144
416,46326,1764959752748019117,143 34 170 152 155 109 35 0 29 160 33 11 138 182 139 168 195 126 13 145 15 3 70 161 132 169 188 6 147 51 121 90 10 133 122 135 63 38 27 1 156 198 117 193 31 54 73 190 80 175 78 142 5 177 104 56 144 111 8 21 61 36 91 141 77 153 146 187 163 165 127 89 103 113 176 194 166 86 185 99 179 94 47 148 60 20 28 149 4 140 183 130 95 83 55 18 62 124 106 159
417,48971,1764959752748019118,70 161 145 13 132 169 188 6 147 90 122 40 63 135 1 198 117 193 190 80 45 175 78 5 136 73 31 54 121 51 134 43 195 168 139 182 25 177 36 61 91 141 77 187 89 127 114 194 86 128 124 106 143 62 18 55 34 170 155 184 152 95 130 183 140 4 149 28 20 148 47 94 66 179 185 166 176 113 103 163 153 81 111 82 21 8 104 138 11 49 33 160 144 29 0 35 109 189 15 3
418,48648,1764959752748019119,185 94 47 60 148 20 28 149 4 140 183 152 155 189 145 15 3 70 161 132 169 188 147 191 90 51 134 13 195 168 29 160 33 11 139 138 25 121 131 1 135 122 40 63 38 27 16 156 198 117 193 31 54 164 73 136 190 80 175 5 177 21 82 8 104 144 111 0 109 35 34 55 18 83 62 128 124 106 153 81 77 91 61 36 141 187 165 137 127 89 163 103 180 176 113 194 166 86 95 130
419,47923,1764959752748019120,132 13 145 70 3 15 155 184 152 34 55 18 62 183 140 4 149 28 20 60 148 47 94 179 22 99 130 95 185 86 124 106 143 35 109 0 29 49 11 182 138 33 160 111 77 81 153 163 103 113 180 176 88 166 194 114 137 127 89 187 141 91 36 61 21 82 8 104 25 177 5 78 175 45 162 46 80 190 136 73 164 31 54 193 117 198 1 135 131 121 90 147 6 134 139 168 195 126 188 169
420,46574,1764959752748019121,38 27 1 156 198 117 193 54 31 164 73 136 190 80 175 78 142 45 5 36 61 21 177 25 138 139 11 33 160 144 104 8 82 141 77 81 153 163 103 89 127 137 114 113 180 176 194 166 179 66 94 47 148 20 28 140 183 174 34 55 18 62 83 95 130 99 185 86 128 124 106 143 111 35 109 0 29 189 170 152 184 155 70 3 15 145 168 195 13 132 169 188 6 147 90 51 121 131 135 63
421,47411,1764959752748019122,194 176 113 103 89 163 153 81 77 82 87 21 141 61 36 177 5 78 175 142 45 80 190 73 54 31 193 117 198 1 135 63 100 40 107 122 133 10 147 51 191 90 131 19 112 121 118 134 6 188 169 132 13 161 70 3 155 189 15 145 195 168 139 11 182 138 104 56 8 111 144 33 160 29 0 109 35 143 159 106 124 62 18 55 34 183 140 149 28 20 23 60 148 47 94 185 130 95 86 166
422,49208,1764959752748019123,18 55 34 183 130 95 86 185 179 94 47 20 148 28 140 152 155 3 70 15 145 168 195 13 132 169 188 6 147 51 118 134 139 11 138 33 160 29 189 69 109 0 35 111 82 8 104 21 177 25 121 131 90 122 135 63 27 38 1 24 156 198 117 193 31 54 164 73 136 190 80 45 175 78 5 36 141 77 81 187 165 89 127 137 114 194 166 176 180 113 103 163 186 153 159 143 106 124 62 83
423,47007,1764959752748019124,147 71 191 90 51 121 158 25 21 87 82 8 104 144 160 33 138 11 139 168 195 188 169 132 13 145 15 70 3 155 184 170 152 183 140 28 20 148 47 94 179 185 86 95 62 18 55 34 35 109 0 29 111 143 159 106 124 166 194 176 113 114 137 127 165 89 103 26 163 153 81 77 141 61 36 177 5 45 142 78 175 80 190 136 73 54 31 193 117 198 1 38 135 63 40 107 122 133 10 178
424,48600,1764959752748019125,120 191 90 125 51 121 131 135 122 133 10 147 6 188 169 132 126 43 168 195 13 70 3 15 145 29 0 109 35 143 159 106 124 128 62 18 55 34 152 140 28 20 60 94 47 148 9 183 95 130 99 179 185 86 166 194 176 113 103 114 127 165 89 163 153 81 77 82 111 144 160 33 11 139 182 138 104 8 21 61 36 175 80 190 193 117 198 156 1 54 31 164 73 136 5 177 25 74 118 98
425,48936,1764959752748019126,11 139 168 195 126 13 161 70 3 15 145 132 169 65 188 6 134 147 90 191 125 51 121 112 19 131 122 135 63 38 1 198 117 193 31 54 73 136 190 80 162 45 142 175 78 5 36 61 141 77 81 143 106 124 128 95 130 183 62 18 55 34 35 109 0 29 189 155 152 140 20 148 94 179 185 86 166 194 176 180 113 114 137 127 103 89 163 153 111 144 160 33 138 104 8 82 21 177 25 182
426,47803,1764959752748019127,136 190 80 45 142 175 78 5 177 36 61 21 82 141 77 81 153 163 127 89 103 113 194 166 179 94 47 148 20 140 183 9 99 130 95 185 86 176 128 62 18 55 34 124 106 143 35 109 0 29 189 155 3 70 15 145 195 168 132 169 188 6 147 134 139 11 182 138 49 33 160 144 111 8 104 25 121 51 125 90 191 178 10 133 122 135 107 40 63 38 1 24 156 198 117 193 54 31 164 73
427,48828,1764959752748019128,139 11 49 33 160 39 29 0 35 109 170 34 55 18 62 124 106 143 153 163 89 165 127 103 113 176 194 166 86 95 130 99 22 185 179 94 148 20 28 140 183 152 184 155 3 70 15 145 195 168 126 13 132 169 188 6 147 10 133 90 51 125 121 158 25 177 73 54 131 122 107 40 63 135 38 1 198 117 193 31 136 190 80 175 78 142 5 36 141 77 81 82 87 21 104 8 111 144 138 182
428,47292,1764959752748019129,135 63 38 1 131 121 112 198 117 193 31 54 73 136 190 80 175 78 142 45 5 177 36 61 21 87 82 8 111 144 104 138 182 139 11 33 160 29 12 0 109 35 34 55 18 62 95 130 128 124 106 143 153 77 141 187 165 163 89 127 137 114 103 113 180 176 194 166 86 185 99 179 94 47 148 20 28 149 140 183 152 155 189 3 70 15 145 195 168 132 169 188 6 134 74 118 98 51 90 122
429,47893,1764959752748019130,87 61 36 91 141 97 77 82 8 104 56 144 111 35 143 81 153 187 163 89 127 137 114 103 113 176 194 166 86 128 124 106 62 83 18 34 55 95 130 185 179 66 94 47 148 60 20 28 140 183 152 155 189 109 0 29 160 33 138 182 139 11 168 195 145 15 161 70 3 13 132 188 169 147 10 133 63 135 122 90 51 98 74 118 121 131 1 198 117 54 31 190 80 175 78 142 45 5 177 21
430,47283,1764959752748019131,29 168 11 139 134 6 188 169 132 161 70 13 195 145 15 3 155 152 183 140 28 20 60 148 47 94 179 185 130 95 62 18 55 34 143 106 124 128 86 166 194 176 180 113 114 137 127 89 103 163 153 81 111 56 104 8 82 77 97 141 61 36 177 5 78 175 45 80 190 193 31 54 117 198 156 24 1 27 38 102 63 32 135 122 133 10 90 191 51 121 25 182 138 33 160 144 12 0 35 109
431,48664,1764959752748019132,111 82 21 8 104 177 25 51 71 147 178 10 133 122 100 107 40 63 135 1 131 90 125 121 112 198 117 193 31 54 73 136 190 80 45 175 78 5 36 61 91 141 77 153 163 103 113 176 194 166 86 95 185 179 66 94 47 148 60 20 28 140 183 174 55 18 62 124 106 34 170 152 155 189 15 3 70 161 169 188 6 134 132 13 145 195 168 139 11 138 33 160 144 29 0 109 35 143 159 81
432,50069,1764959752748019133,87 82 8 104 138 11 49 33 144 160 29 0 109 35 111 77 81 159 143 124 62 34 55 18 128 106 153 163 89 127 103 113 180 176 88 194 166 86 185 130 95 183 140 152 184 155 3 70 15 145 195 168 126 13 132 169 188 6 134 147 178 10 133 107 40 63 38 27 1 198 117 193 31 54 73 19 112 121 131 135 122 90 51 98 118 74 139 182 25 177 5 142 175 78 36 61 79 91 141 21
433,46799,1764959752748019134,25 182 138 139 11 49 29 109 35 0 12 160 33 104 8 144 111 82 87 21 61 36 91 141 77 81 153 163 89 165 127 137 114 103 26 113 180 176 166 194 86 106 124 62 18 34 55 95 130 185 179 94 47 148 60 23 20 59 28 149 4 140 183 152 155 3 70 15 145 195 168 126 13 132 169 188 6 147 90 10 133 122 135 131 121 198 117 193 54 31 164 73 136 190 80 45 175 78 5 177
434,48156,1764959752748019135,177 5 136 73 164 31 54 112 121 131 135 122 133 10 107 40 63 38 27 16 1 156 198 117 193 190 80 175 78 36 61 91 141 97 77 111 81 153 187 163 103 89 165 127 137 114 113 180 176 194 166 185 179 94 47 148 140 183 95 86 124 106 159 143 62 18 55 34 170 152 155 3 70 15 145 109 35 0 29 168 195 13 132 169 188 147 191 90 51 118 134 139 11 138 33 160 144 104 8 21
435,49008,1764959752748019136,100 63 135 122 131 121 51 134 139 182 138 11 168 195 29 0 109 35 160 33 144 56 104 25 136 73 31 54 117 198 1 38 27 193 190 80 175 78 5 177 36 61 79 91 21 87 82 8 111 81 77 141 97 153 146 187 163 89 127 114 103 180 176 113 194 166 179 94 47 148 20 140 183 95 130 185 86 128 106 143 124 62 55 18 34 152 155 3 70 15 145 132 169 188 147 90 10 133 107 40
436,48342,1764959752748019137,66 94 47 148 60 20 28 9 130 95 62 18 55 34 183 140 152 155 3 70 145 195 13 132 169 188 6 134 85 74 118 98 116 121 131 51 90 122 135 63 38 1 198 117 54 73 31 193 190 80 175 5 177 21 61 36 91 141 187 89 127 137 114 194 166 176 113 103 163 153 81 77 82 8 104 144 160 33 138 182 11 139 168 29 0 109 35 111 41 159 143 106 124 128 86 185 99 22 179 172
437,47563,1764959752748019138,163 180 176 166 194 113 103 89 127 165 187 141 91 79 61 36 177 5 78 175 142 45 80 190 136 73 54 31 193 117 198 121 131 1 27 38 63 135 122 100 40 107 133 10 90 147 188 169 132 70 3 15 145 195 168 139 182 138 11 33 104 144 160 29 0 35 109 155 184 152 170 34 55 174 183 140 20 148 47 94 179 99 130 95 185 86 128 18 62 124 106 159 143 111 8 21 82 77 81 153
438,48795,1764959752748019139,193 31 54 117 198 1 38 63 102 135 122 133 10 90 51 134 139 168 195 13 6 188 169 132 145 15 70 3 189 155 184 152 183 140 20 60 148 47 154 94 66 172 179 99 130 95 185 86 128 62 18 55 34 35 143 124 106 176 166 194 113 103 127 89 163 187 153 81 97 141 77 111 82 21 91 61 36 177 8 104 144 29 109 0 160 33 11 138 25 121 112 19 73 136 45 5 78 175 80 190
439,46858,1764959752748019140,13 132 169 188 147 71 191 90 51 134 139 11 33 160 144 8 82 21 104 138 182 25 121 131 122 135 63 38 27 16 1 156 198 117 193 54 31 164 73 190 80 175 78 142 45 5 177 36 61 91 141 77 97 187 163 153 81 111 29 109 0 35 143 18 62 124 106 176 113 103 89 127 137 114 194 166 86 95 130 185 179 94 47 148 20 28 140 183 55 34 170 152 184 155 3 70 15 145 168 195
440,50043,1764959752748019141,47 94 66 179 99 185 166 194 113 176 86 95 18 62 128 124 106 143 159 163 103 89 127 165 187 146 153 81 77 141 91 61 36 177 21 87 82 8 111 12 0 35 109 29 160 33 144 56 104 138 11 182 25 73 136 5 175 80 190 193 31 54 117 198 121 51 191 90 131 135 63 40 107 122 147 192 6 134 118 74 139 168 195 13 188 169 132 145 15 161 70 3 155 152 34 55 183 140 20 148
441,48253,1764959752748019142,128 62 83 18 55 183 140 149 28 20 148 47 94 179 99 130 95 185 86 166 194 88 176 180 113 103 163 89 127 114 137 165 187 146 153 77 141 36 61 21 82 8 104 33 160 144 111 0 109 29 195 168 138 25 177 5 78 175 142 45 80 190 193 31 164 73 54 117 198 156 1 121 51 125 191 90 122 135 102 63 133 147 6 188 169 132 13 145 15 161 70 3 155 152 34 35 143 159 106 124
442,47506,1764959752748019143,140 28 20 199 183 95 130 185 22 99 148 47 94 179 86 166 194 176 113 114 137 127 89 103 163 187 153 97 141 77 81 159 106 124 128 62 18 55 34 143 35 109 0 29 160 33 138 11 139 182 25 177 8 104 144 111 82 87 21 61 36 5 78 175 45 80 190 193 31 54 117 1 27 38 135 63 40 107 122 90 131 121 51 147 6 188 169 132 126 168 195 13 70 3 15 145 189 155 184 152
443,48617,1764959752748019144,43 139 134 147 191 90 51 121 131 122 135 63 38 27 1 117 193 31 54 73 25 182 138 11 33 104 56 144 160 49 29 0 109 35 55 34 18 62 128 124 106 143 159 81 41 111 82 8 21 177 5 45 142 78 175 36 61 91 141 77 153 163 89 127 103 113 180 176 194 166 86 185 179 66 94 47 60 148 99 130 95 183 140 199 20 28 152 155 189 3 70 15 145 168 195 13 132 169 188 6
444,47533,1764959752748019145,152 184 155 189 3 70 15 145 13 132 169 188 6 147 51 90 125 121 131 122 135 63 102 38 27 1 156 198 117 193 31 54 73 136 190 80 162 142 78 175 45 5 36 61 177 25 182 138 139 168 195 11 33 160 29 0 109 35 111 144 104 8 82 87 21 91 141 97 77 81 159 143 62 124 106 153 187 163 89 165 127 103 113 176 194 166 86 95 130 185 179 94 47 148 140 183 55 18 34 170
445,48843,1764959752748019146,15 70 3 189 155 152 140 28 20 148 47 94 66 179 99 130 95 183 34 55 18 83 62 124 106 128 86 185 166 194 180 176 113 103 127 89 163 187 153 81 77 141 82 8 104 111 35 109 0 29 160 33 138 182 74 25 177 21 61 36 5 78 175 45 162 80 190 73 31 164 54 117 193 198 156 24 1 135 63 122 90 131 19 112 121 51 98 118 134 6 169 188 132 13 43 139 11 168 195 145
446,47910,1764959752748019147,55 18 83 62 124 106 159 143 35 109 0 29 144 111 77 97 141 91 61 36 78 175 142 45 5 177 21 82 8 104 160 33 49 138 182 11 139 134 51 121 54 31 193 117 198 156 1 38 135 122 63 40 107 133 90 147 6 188 169 168 195 13 132 70 3 15 145 189 155 184 152 140 28 20 60 148 47 94 66 99 130 185 22 179 180 176 113 103 89 163 165 127 114 194 166 86 95 183 170 34
447,48924,1764959752748019148,155 34 62 18 55 170 152 140 183 20 148 47 94 179 99 185 86 128 124 106 143 159 41 82 87 21 8 104 144 111 81 153 163 176 166 194 113 103 89 127 165 187 146 97 77 141 61 36 177 5 45 142 78 175 80 190 73 54 31 193 117 198 1 27 38 102 63 32 135 122 131 121 25 182 138 11 139 134 51 90 147 6 188 169 132 13 126 195 168 33 160 29 0 35 109 189 145 15 70 3
448,47446,1764959752748019149,29 145 15 189 155 3 70 161 188 169 132 13 195 168 139 134 6 147 90 122 135 100 107 40 63 38 1 117 193 31 54 73 190 80 175 78 5 177 25 182 138 11 49 33 160 37 41 111 144 56 104 8 82 87 21 61 36 91 141 77 81 153 146 187 165 127 89 163 103 137 114 113 180 176 194 166 86 185 179 66 94 47 148 60 20 28 149 140 183 152 34 55 18 62 124 106 143 35 109 0
449,47364,1764959752748019150,20 60 148 47 94 66 179 185 166 194 176 113 114 137 127 89 103 163 153 81 159 143 106 124 35 109 0 111 77 141 91 36 61 82 87 21 177 5 78 175 142 45 162 80 190 73 54 31 193 117 198 1 63 40 107 133 122 135 90 147 6 188 169 132 13 70 3 15 145 195 168 134 51 121 25 104 8 160 33 138 182 139 11 29 189 155 184 152 34 55 18 62 128 86 130 95 183 140 149 28
450,46944,1764959752748019151,31 54 121 112 73 136 190 80 162 175 78 142 45 5 177 36 61 79 91 141 77 153 163 89 127 137 114 103 113 180 176 194 166 179 185 130 99 94 47 148 20 28 140 183 95 86 124 106 159 143 62 83 18 55 152 170 34 35 109 0 29 160 144 111 82 87 21 8 104 33 138 182 11 139 168 195 13 145 15 189 155 3 70 161 132 169 188 6 147 90 122 135 63 38 27 1 156 198 117 193
451,50821,1764959752748019152,143 35 109 0 12 39 29 49 33 160 144 111 56 104 8 82 77 81 153 163 176 194 113 103 89 127 187 141 91 36 61 87 21 177 5 175 80 190 136 25 118 51 121 73 54 31 193 117 156 198 1 131 90 122 32 135 63 40 107 133 147 6 188 169 132 126 168 139 11 138 157 182 74 134 43 195 13 145 15 70 3 155 152 34 18 55 183 140 28 20 148 47 94 179 185 86 95 62 124 106
452,48216,1764959752748019153,1 156 198 117 193 31 54 73 112 121 25 104 8 144 33 138 182 139 43 168 11 49 160 111 82 21 177 5 45 190 80 162 175 78 36 61 141 77 153 187 165 127 89 163 103 113 194 166 176 124 106 159 143 35 109 0 29 189 34 55 18 62 128 86 95 130 185 179 22 99 66 94 47 148 60 20 28 149 140 183 152 155 3 70 15 145 195 126 13 132 169 188 6 134 147 51 90 122 63 135
453,49126,1764959752748019154,6 192 147 178 10 133 107 40 100 63 96 122 90 51 134 139 11 182 138 33 160 144 111 56 104 8 82 21 177 25 158 121 131 135 1 198 117 193 54 31 164 73 136 190 80 175 5 36 61 141 77 187 127 89 163 153 35 0 29 109 143 159 106 124 128 62 18 55 34 183 95 86 176 113 194 166 185 130 99 179 94 47 148 20 28 101 149 4 140 152 155 3 70 15 145 195 168 132 169 188
454,48415,1764959752748019155,164 73 136 190 80 175 78 142 45 5 177 121 51 118 134 139 182 138 104 21 36 61 79 91 141 97 187 165 127 137 114 113 103 89 163 153 81 77 82 8 56 144 111 35 109 0 29 160 33 49 11 168 195 13 145 15 34 55 18 62 124 106 176 194 166 86 185 95 183 140 94 47 148 20 28 152 155 3 70 132 169 188 6 147 191 90 122 133 107 40 63 135 38 1 156 198 117 193 31 54
455,47868,1764959752748019156,11 33 160 104 138 182 121 158 25 177 5 78 175 80 190 136 73 54 31 193 117 1 135 102 63 40 107 10 133 122 90 147 6 188 169 132 13 145 70 3 155 152 183 140 149 28 20 60 148 47 94 66 172 179 185 95 86 166 176 180 194 113 26 103 127 114 137 165 89 163 187 153 81 77 97 141 91 61 36 21 82 8 111 106 124 128 83 55 34 18 62 143 35 109 0 12 29 168 195 139
456,48756,1764959752748019157,118 134 139 11 49 29 0 109 34 55 83 18 62 124 86 166 172 179 66 94 154 47 99 22 185 130 95 183 140 148 60 20 28 149 4 152 155 15 3 70 145 168 195 13 132 169 188 6 147 191 90 122 63 135 131 51 121 54 31 117 193 136 190 80 175 78 142 5 177 36 61 21 82 141 97 77 81 153 187 163 89 127 114 103 113 194 176 106 159 143 35 111 8 104 144 160 33 138 182 74
457,51272,1764959752748019158,139 168 195 13 132 70 3 145 29 0 12 160 33 138 104 56 144 111 8 21 82 77 153 163 106 124 143 35 109 62 18 55 34 152 140 183 95 130 99 28 149 4 20 148 47 94 179 185 86 166 176 113 103 89 127 187 141 91 79 61 36 78 175 80 190 193 31 54 73 136 45 142 5 123 177 25 121 51 90 122 131 117 198 1 135 63 40 107 133 10 147 6 169 188 134 85 74 118 182 11
458,48654,1764959752748019159,111 153 81 77 141 91 79 61 36 5 175 80 190 73 31 193 117 54 112 121 131 135 102 63 122 133 10 147 71 191 90 51 118 25 177 21 8 104 56 144 160 33 138 182 11 139 43 134 6 188 169 132 195 168 13 70 3 15 145 189 155 184 152 140 28 20 60 94 47 148 9 183 34 55 18 62 124 128 95 130 99 22 179 185 86 166 194 176 180 113 103 89 163 106 159 143 35 109 0 29
459,47509,1764959752748019160,73 136 190 80 175 78 5 177 36 61 91 141 187 153 163 89 127 137 114 103 26 113 180 176 194 166 86 128 62 18 34 55 95 185 99 22 179 66 94 47 148 20 60 28 140 183 152 170 184 155 3 70 15 145 29 160 33 144 111 0 109 35 143 124 106 159 81 77 82 21 8 104 138 182 11 139 168 195 169 188 6 134 118 121 131 51 90 10 133 122 63 135 38 27 1 198 117 193 31 54
460,48171,1764959752748019161,55 34 18 83 62 128 124 106 86 166 194 88 176 180 113 26 103 114 137 127 89 163 187 153 97 141 36 61 21 8 82 77 81 159 143 111 35 109 0 29 160 33 11 138 25 177 5 78 175 80 190 193 31 54 117 198 1 38 131 121 118 98 51 125 191 90 122 135 63 100 107 40 72 133 10 147 188 169 132 168 195 145 70 3 155 184 152 183 140 149 28 20 148 47 94 179 185 99 130 95
461,48940,1764959752748019162,168 195 13 132 169 188 147 115 178 10 133 107 40 63 135 122 125 90 191 120 51 182 138 104 8 82 21 177 25 121 131 16 27 38 1 156 198 117 193 31 54 73 136 190 80 162 45 5 142 175 78 36 61 141 97 77 81 153 187 165 127 89 103 114 113 163 159 143 124 106 176 194 166 86 185 179 94 47 148 20 140 183 152 55 18 62 34 155 3 70 145 29 0 109 35 111 160 33 11 139
462,47848,1764959752748019163,175 142 45 80 190 193 31 73 54 117 198 1 63 135 131 112 121 51 191 90 122 133 10 147 6 188 169 132 126 195 13 145 15 70 3 155 184 170 152 140 28 20 60 148 47 94 66 99 185 179 166 194 113 103 89 127 187 146 153 163 176 86 95 183 55 18 62 124 106 159 143 35 109 0 29 160 33 49 168 43 139 11 138 182 25 177 21 82 8 104 56 144 111 77 141 91 61 36 5 78
463,47644,1764959752748019164,1 16 27 38 135 63 40 107 122 133 10 178 147 188 169 132 70 3 15 145 13 195 168 134 74 118 51 90 131 121 158 25 21 82 111 144 56 8 104 138 182 139 11 49 33 160 29 0 109 35 34 170 152 183 140 149 28 20 148 47 94 179 99 130 95 83 55 18 62 106 124 128 86 185 166 194 176 113 103 127 89 163 187 153 81 77 141 61 36 177 5 80 190 136 73 54 31 193 117 198
464,48408,1764959752748019165,77 82 21 8 104 33 29 0 109 35 34 55 18 62 143 159 106 124 128 86 176 180 113 163 165 127 89 103 114 194 166 179 94 47 60 20 148 185 95 183 140 28 149 4 152 3 70 15 145 195 168 132 169 188 6 147 71 191 90 122 133 107 40 100 63 135 131 121 51 134 43 139 11 138 182 25 1 38 27 156 198 117 193 31 54 73 136 190 80 45 175 78 5 177 36 61 141 187 153 81
465,49071,1764959752748019166,148 60 20 59 28 149 155 189 3 70 15 145 13 126 195 168 11 139 188 169 132 6 147 71 51 191 90 125 131 122 107 40 63 135 27 38 16 1 156 198 117 193 190 80 175 78 5 73 31 54 121 25 182 138 33 160 29 109 35 0 144 8 82 111 81 77 141 97 153 187 163 89 127 114 103 113 176 194 166 124 106 143 62 18 55 34 170 152 140 183 95 86 185 99 22 179 172 66 94 47
466,47718,1764959752748019167,134 51 118 25 5 45 142 78 175 162 80 190 193 54 31 164 73 112 121 90 131 117 198 1 135 63 40 107 122 133 147 6 188 70 3 15 145 189 155 184 152 183 140 20 60 148 47 94 66 179 185 130 95 55 34 18 62 124 106 128 86 166 194 176 180 113 103 127 89 163 187 146 153 81 77 141 91 61 36 177 21 87 82 8 111 35 109 0 29 160 144 33 138 11 139 168 195 13 132 169
467,47087,1764959752748019168,182 139 134 43 168 195 13 132 169 188 70 3 15 145 155 184 152 170 34 55 18 62 124 106 128 86 185 130 95 183 140 28 20 148 47 94 179 166 194 176 113 103 127 89 163 187 153 159 143 111 81 77 141 91 36 61 21 87 82 8 104 56 144 160 0 35 109 29 33 11 138 177 5 45 142 78 175 162 80 190 136 73 54 31 193 117 198 156 1 27 38 63 135 131 121 90 51 98 118 74
468,48584,1764959752748019169,111 144 8 104 138 182 25 177 5 45 142 78 175 80 190 136 73 54 31 193 117 198 1 38 63 40 107 10 133 122 32 135 121 51 90 191 147 134 139 11 33 160 12 0 35 109 29 168 195 188 169 132 13 145 15 70 3 152 140 28 20 148 47 94 183 34 55 18 62 83 95 130 99 185 86 128 124 106 143 153 163 89 103 176 166 194 113 114 127 165 187 81 77 141 91 79 61 36 21 82
469,48007,1764959752748019170,73 136 162 80 190 193 164 31 54 117 198 1 38 63 135 122 90 51 182 138 33 160 12 0 35 109 29 49 11 139 43 134 147 6 188 169 132 126 168 195 13 145 15 70 3 189 155 152 170 34 55 18 62 124 106 128 86 95 183 140 149 28 20 148 47 94 99 185 179 172 166 194 176 180 113 103 163 89 127 114 137 165 187 153 81 77 141 111 144 104 8 82 21 61 36 175 5 177 25 121
470,47638,1764959752748019171,140 183 152 34 55 18 62 128 124 106 143 35 109 0 29 160 33 49 11 139 43 168 132 13 195 145 189 155 15 3 70 169 188 6 134 51 121 131 90 191 71 147 178 10 133 122 107 40 63 135 1 156 198 117 54 31 193 190 80 45 175 78 5 177 36 61 21 87 82 8 104 138 182 56 144 111 81 77 141 153 187 163 89 127 103 113 166 176 194 86 95 130 185 179 172 66 94 47 148 20
471,47051,1764959752748019172,106 124 62 18 55 34 189 145 13 132 126 195 168 43 139 134 74 118 51 90 121 25 177 5 142 78 175 80 190 193 31 54 117 198 156 1 135 122 63 100 40 107 133 147 6 188 169 161 70 3 15 155 184 152 183 140 149 28 20 148 47 94 66 179 185 95 86 166 194 88 176 180 113 103 89 127 165 163 153 81 77 141 36 61 21 82 8 104 111 144 160 33 138 182 11 29 0 109 35 143
472,48129,1764959752748019173,40 107 122 135 63 38 27 1 198 117 193 31 54 73 136 190 80 175 78 5 36 61 141 187 153 81 77 111 160 144 56 104 8 21 177 25 121 51 98 118 74 134 6 169 132 13 195 168 139 182 138 11 49 33 29 0 35 109 143 159 106 124 128 62 18 55 34 95 130 86 176 163 165 127 89 103 113 194 166 185 179 94 47 148 20 28 140 183 152 184 155 189 145 15 3 70 188 147 90 133
473,50158,1764959752748019174,175 5 25 182 138 11 139 43 134 118 51 121 112 54 31 164 73 136 80 190 193 117 198 1 135 122 133 10 90 147 188 169 70 3 15 145 195 168 49 33 144 160 29 12 0 109 35 18 55 34 170 152 53 4 149 28 140 183 130 99 20 23 60 148 47 94 66 179 185 95 86 176 180 163 89 127 103 113 194 166 128 62 124 106 143 153 81 77 97 141 36 61 82 111 56 104 8 21 177 78
474,48803,1764959752748019175,60 47 94 185 86 166 194 176 113 103 163 89 127 165 187 153 81 77 141 91 79 36 61 82 8 21 177 5 78 175 142 45 80 190 31 117 198 1 27 38 63 135 131 121 118 74 98 51 125 191 90 122 44 133 10 147 6 134 139 182 138 104 144 111 35 109 0 29 160 33 11 168 195 126 13 132 169 188 161 70 3 15 145 155 152 28 140 183 170 34 55 18 62 124 143 106 128 95 148 20
475,46405,1764959752748019176,82 8 104 144 111 35 109 0 29 160 33 11 139 138 182 25 177 5 78 175 45 80 190 136 73 54 31 193 117 198 156 1 16 27 38 63 135 122 133 90 51 131 121 116 98 118 74 134 6 188 169 132 13 195 168 145 15 70 3 155 184 152 170 34 55 18 83 62 124 106 95 130 183 140 28 20 60 148 47 94 179 185 166 86 194 176 113 103 127 165 89 163 187 153 77 141 36 61 21 87
476,47201,1764959752748019177,117 198 156 1 151 19 112 121 131 135 63 122 90 191 51 118 25 177 21 111 35 109 0 29 160 8 104 33 11 138 182 139 134 6 188 169 168 195 13 132 70 3 15 145 189 155 184 152 170 34 55 18 62 128 95 130 99 183 140 149 28 20 23 60 148 47 94 66 172 179 185 86 166 194 176 113 103 127 89 163 106 124 143 153 81 77 141 61 36 5 78 175 45 80 190 136 73 54 31 193
477,49055,1764959752748019178,103 113 194 166 86 185 179 66 94 47 148 60 20 28 130 95 124 143 111 144 33 160 29 0 109 35 34 55 18 62 183 140 152 184 155 189 3 70 15 145 195 13 132 169 188 6 147 71 191 125 90 178 10 133 122 100 107 40 63 135 1 156 198 117 193 31 54 73 121 51 118 74 134 43 168 139 11 138 177 5 45 190 80 162 175 78 36 61 21 104 8 82 77 81 153 106 176 163 89 127
478,46923,1764959752748019179,86 166 194 176 113 114 103 163 89 127 165 187 153 81 77 141 61 36 21 87 82 8 111 143 124 106 62 18 55 34 35 109 0 29 160 144 104 33 49 11 139 138 182 25 177 5 78 175 142 45 80 190 136 73 164 54 31 193 117 198 156 1 16 27 38 102 63 135 122 90 131 121 118 98 51 71 147 6 188 169 168 195 145 70 3 155 184 170 152 183 140 4 149 28 20 60 148 47 94 185
479,48542,1764959752748019180,61 177 25 182 138 33 160 111 144 56 104 8 82 87 21 91 141 97 77 81 153 163 89 127 137 114 103 113 176 166 86 185 99 179 66 94 47 148 60 20 140 183 130 95 18 62 124 106 35 109 0 29 11 139 74 118 121 131 90 51 98 134 43 168 195 13 145 189 184 155 15 3 70 132 169 188 6 147 133 122 72 107 40 100 63 135 1 198 117 193 31 54 73 190 80 45 175 78 5 36
480,48109,1764959752748019181,10 133 107 40 63 122 135 38 1 131 112 121 125 90 51 98 118 25 73 31 54 117 193 190 80 45 175 78 5 177 21 36 61 91 141 77 82 8 104 160 29 0 109 170 34 55 18 62 124 106 143 35 111 81 153 163 165 127 89 103 113 180 176 194 166 86 130 95 185 179 94 47 148 20 28 140 183 152 184 155 145 15 3 70 161 169 188 132 13 126 195 168 139 11 33 138 182 134 6 147
481,46770,1764959752748019182,31 54 73 190 80 175 78 142 45 5 177 36 141 77 82 8 56 104 182 138 33 160 144 111 153 187 165 127 89 163 103 113 180 176 194 166 86 95 130 99 22 185 179 66 94 47 148 20 28 149 4 140 183 152 170 34 55 18 62 124 106 35 109 0 29 155 3 70 161 15 145 132 13 195 168 11 139 134 169 188 6 147 133 122 90 191 125 51 121 131 135 107 40 63 38 1 156 198 117 193
482,49362,1764959752748019183,123 177 21 87 82 8 111 12 0 35 109 189 155 184 152 34 62 18 55 183 140 20 60 148 47 94 66 179 99 185 166 194 113 180 176 86 124 106 143 159 153 163 103 89 127 187 81 77 141 61 36 5 175 80 190 136 73 164 31 54 193 117 198 1 121 131 135 63 100 40 107 122 133 10 147 71 191 90 51 134 139 182 138 11 168 195 13 169 188 132 70 3 15 145 29 160 33 144 104 25
483,46433,1764959752748019184,138 104 21 82 8 111 144 33 160 29 0 109 35 143 159 106 124 128 86 185 99 130 95 83 62 18 55 34 170 152 183 140 149 28 20 60 148 47 94 66 179 166 194 176 180 113 103 114 127 165 89 163 153 81 77 97 141 61 36 78 175 162 80 190 45 5 177 25 121 73 31 54 193 117 198 156 1 135 63 122 133 90 191 51 120 71 147 6 188 169 132 70 3 15 145 13 195 168 139 11
484,48154,1764959752748019185,156 198 117 121 112 73 54 31 193 136 190 80 175 78 142 5 177 36 61 91 141 187 153 163 89 127 103 113 176 166 86 185 99 179 94 47 148 60 20 59 28 149 4 140 183 130 95 152 34 55 18 62 128 124 106 143 159 81 97 77 82 21 104 8 111 35 109 0 29 160 33 11 139 138 182 74 118 134 169 132 13 195 168 145 15 189 155 3 70 188 6 147 178 10 133 90 122 63 135 1
485,48293,1764959752748019186,31 193 117 198 1 27 38 63 135 122 133 90 131 121 51 98 118 74 134 6 188 169 70 3 15 145 155 152 34 55 18 62 83 183 140 4 149 28 20 148 94 179 185 99 130 95 86 124 143 106 176 194 113 103 127 114 137 165 89 163 153 77 141 91 61 36 177 21 82 111 8 104 144 160 33 49 29 109 35 0 13 132 126 195 168 139 11 138 182 25 5 45 142 78 175 80 190 73 164 54
486,46838,1764959752748019187,187 165 127 89 163 103 113 176 194 166 86 95 130 99 22 185 179 94 47 148 20 140 183 152 184 155 34 55 18 62 128 124 106 143 35 109 0 29 160 33 49 138 182 25 139 11 168 195 145 15 3 70 13 132 169 188 6 134 147 191 90 51 98 118 121 112 131 122 107 40 63 135 1 156 198 117 193 54 31 164 73 190 80 175 78 142 5 177 36 61 141 77 82 21 8 104 144 111 81 153
487,48442,1764959752748019188,183 140 152 155 145 15 3 70 161 132 13 195 168 126 169 188 6 147 51 90 135 63 38 1 131 121 112 198 117 193 54 31 164 73 136 190 80 175 78 142 5 177 25 182 11 43 139 138 104 56 8 111 144 160 33 49 29 0 109 35 143 159 81 77 82 87 21 36 61 91 141 187 153 163 127 89 103 114 113 180 176 194 166 86 185 99 179 66 94 47 148 60 20 130 95 106 124 62 18 55
488,46694,1764959752748019189,169 188 6 147 191 90 51 121 131 135 122 133 10 107 40 63 38 27 1 198 117 54 73 164 31 193 190 80 175 78 5 177 25 138 139 11 33 104 56 144 160 29 0 109 35 34 55 18 62 124 106 143 111 82 8 21 36 61 91 141 97 77 81 153 187 165 127 137 114 89 163 103 26 113 180 176 194 166 86 185 94 47 148 20 28 140 183 152 155 189 3 70 15 145 13 195 168 43 126 132
489,48970,1764959752748019190,176 86 128 124 106 143 81 153 163 103 113 114 127 89 165 187 77 111 35 109 0 29 160 33 195 168 139 11 138 104 8 82 141 91 79 61 36 177 25 5 78 175 142 45 162 80 190 136 73 164 31 54 193 117 198 156 24 1 112 121 131 135 63 122 133 10 90 51 98 118 74 134 147 6 188 169 132 13 145 15 70 3 155 184 152 34 55 18 62 95 130 183 140 20 148 47 94 185 166 194
490,48221,1764959752748019191,51 121 182 139 11 33 160 29 0 109 35 111 144 8 104 138 25 54 31 117 198 1 156 193 190 80 175 78 5 177 36 61 79 91 141 21 87 82 50 81 77 153 187 165 137 114 127 89 163 103 113 180 176 194 166 86 185 99 130 95 22 179 94 47 148 60 20 28 149 140 183 174 83 128 106 159 143 124 62 18 55 34 170 152 184 155 3 70 15 145 168 195 13 132 169 188 6 147 191 90
491,48170,1764959752748019192,5 177 25 104 21 61 36 91 141 97 77 82 8 111 35 109 0 29 144 160 33 138 11 139 74 118 121 51 134 168 195 145 34 55 18 62 128 124 106 143 153 146 187 165 137 114 127 89 163 103 113 180 176 166 194 86 185 94 47 148 60 20 28 149 4 140 183 152 155 15 3 70 169 188 6 147 90 122 107 40 63 135 38 1 156 198 117 193 31 54 73 136 105 190 80 162 45 142 175 78
492,48382,1764959752748019193,155 3 70 15 145 13 195 168 126 132 169 188 6 134 147 51 90 122 135 1 198 117 193 31 54 164 73 190 80 175 78 36 61 79 91 141 21 87 82 8 104 138 25 177 5 121 182 139 11 49 33 160 144 111 29 0 109 35 143 159 106 124 128 176 153 81 77 187 163 103 89 165 127 137 114 113 194 166 86 95 130 185 99 22 179 94 47 148 60 20 28 140 183 62 18 55 34 170 152 184
493,48543,1764959752748019194,175 162 80 190 136 73 54 31 193 117 198 156 1 131 19 112 121 135 122 90 191 125 51 118 74 134 6 188 169 132 139 11 168 195 13 70 3 15 145 189 155 184 152 34 55 18 62 95 183 140 20 148 47 94 179 185 130 86 166 194 176 180 113 103 127 89 163 187 141 91 61 36 21 87 82 77 81 153 128 124 106 159 143 35 109 0 29 160 144 8 104 33 138 182 25 177 5 45 142 78
494,47428,1764959752748019195,74 85 134 6 188 169 132 13 126 168 195 145 161 70 3 15 189 155 184 152 149 28 20 148 94 179 185 166 194 114 137 127 89 163 103 26 113 176 86 95 183 140 34 55 18 62 124 106 159 143 35 109 0 29 160 33 11 139 182 138 104 21 82 8 111 81 153 187 146 97 77 141 61 36 177 5 142 78 175 80 190 73 164 54 31 193 117 198 1 27 38 135 63 40 107 122 90 51 121 118
495,48746,1764959752748019196,153 163 89 165 127 137 114 103 113 176 194 166 86 185 95 128 124 62 18 55 34 170 183 140 20 28 152 184 155 189 3 70 15 145 13 195 168 126 132 169 188 6 147 10 133 107 40 63 38 27 16 1 131 135 122 90 121 198 117 193 31 54 164 73 136 190 80 45 142 175 78 5 36 61 91 141 97 77 82 21 8 104 138 182 139 11 49 33 160 144 56 111 39 29 0 109 35 143 106 81
496,49213,1764959752748019197,54 31 193 117 1 198 112 121 125 90 131 135 63 122 133 10 147 51 134 6 188 126 168 195 13 169 132 145 15 70 3 155 184 152 55 95 130 183 140 20 148 47 94 66 179 22 99 185 194 166 86 128 106 159 143 124 62 18 34 35 109 0 29 11 139 182 138 33 160 104 56 144 111 77 97 81 153 163 103 176 113 114 137 127 89 187 141 91 36 61 21 82 8 177 5 78 175 80 190 73
497,48767,1764959752748019198,139 43 168 195 13 132 70 188 169 145 15 3 189 155 184 152 170 95 130 183 140 149 28 20 23 60 148 47 94 66 179 22 99 185 166 113 103 127 165 89 163 176 86 128 62 18 55 34 109 29 0 35 143 159 124 106 153 81 77 111 144 160 33 56 104 8 21 61 36 177 5 78 175 142 45 80 190 193 31 54 117 1 38 63 135 122 133 10 147 6 134 51 191 90 131 121 25 182 138 11
498,48140,1764959752748019199,140 183 152 170 34 55 18 62 124 106 159 143 111 160 29 0 35 109 155 3 70 15 145 132 169 188 6 13 195 168 139 11 33 138 182 74 134 147 178 10 133 107 40 100 63 38 27 1 198 117 80 190 31 54 131 135 122 90 191 125 51 98 121 25 104 8 21 177 5 78 175 36 61 141 97 77 81 153 187 163 103 89 127 137 114 113 176 194 166 86 95 130 185 179 66 94 47 148 60 20
499,49642,1764959752748019200,159 81 153 176 113 103 163 187 77 141 91 36 61 21 82 8 104 138 182 11 139 134 74 118 51 191 90 131 112 121 158 25 177 5 78 175 80 190 136 73 54 31 193 117 198 1 27 38 63 135 122 133 147 6 188 169 132 13 126 168 195 145 15 70 3 155 152 140 149 28 20 183 95 86 185 99 148 47 94 179 166 194 128 124 62 18 55 34 35 109 0 12 29 49 33 160 144 111 143 106
500,47525,1764959752748019201,193 117 198 156 1 151 54 31 164 73 136 45 5 25 121 131 135 63 122 133 10 191 90 125 51 147 134 6 188 169 132 13 195 168 43 139 11 182 138 104 8 82 111 144 33 160 29 12 0 35 109 145 15 70 3 155 152 34 55 18 62 124 106 128 95 183 140 4 149 28 20 148 47 94 66 179 22 99 185 86 166 176 113 103 127 89 163 153 81 77 141 91 61 36 21 177 78 175 80 190
501,48035,1764959752748019202,145 15 3 70 189 155 152 34 18 55 183 140 28 20 60 148 47 94 179 185 86 95 62 124 106 176 166 194 113 114 137 127 89 103 163 187 153 81 77 141 91 61 36 5 78 175 80 190 73 54 31 193 117 198 1 27 38 131 121 112 158 25 123 177 21 82 8 111 35 109 0 29 49 33 160 144 56 104 138 11 139 168 43 134 118 51 191 90 135 122 133 10 147 192 6 188 169 132 13 195
502,48907,1764959752748019203,144 29 0 109 35 111 82 77 97 81 153 163 176 86 128 124 106 119 159 143 62 18 55 34 145 13 195 168 169 188 70 3 15 155 152 183 140 28 20 148 47 94 66 22 99 130 95 185 179 172 166 194 113 103 89 127 187 141 91 79 61 36 177 5 78 175 142 45 80 190 136 73 54 31 193 117 198 156 1 38 63 135 122 90 191 147 71 51 131 121 158 25 138 139 11 49 33 160 104 8
503,48167,1764959752748019204,127 137 114 103 113 180 176 106 124 62 18 55 95 185 86 194 166 179 94 47 148 20 28 140 183 34 152 155 189 145 15 3 70 161 13 195 168 132 169 188 6 147 134 85 74 118 98 51 90 10 133 122 63 135 131 121 112 54 117 193 31 73 190 80 45 142 175 78 5 177 25 182 139 11 138 33 49 160 144 56 104 8 111 29 0 109 35 143 81 77 82 21 61 36 91 141 187 153 163 89
504,49185,1764959752748019205,88 194 166 86 185 95 130 99 179 94 47 148 60 20 28 140 183 62 18 55 34 152 184 155 189 3 70 15 145 13 126 132 169 65 188 6 134 147 51 90 122 135 1 117 193 190 80 136 73 31 54 121 25 138 104 160 33 11 139 43 168 195 29 0 109 35 144 8 21 177 5 45 162 142 175 78 36 61 91 141 187 89 127 137 114 103 163 153 81 77 82 111 159 143 106 124 128 176 180 113
505,47658,1764959752748019206,47 94 66 183 170 189 29 0 109 35 111 143 106 124 62 18 34 55 95 86 185 99 179 172 166 194 176 180 113 103 163 89 127 137 165 187 153 77 141 91 61 36 5 142 78 175 80 190 193 31 73 54 117 198 1 27 38 135 63 40 107 122 133 10 147 191 90 51 125 131 121 25 177 21 8 104 160 33 138 11 139 6 188 169 132 126 168 195 13 145 15 70 3 155 152 140 28 20 60 148
506,48084,1764959752748019207,94 47 148 20 28 149 4 140 183 55 18 62 34 152 184 155 189 3 70 15 145 13 132 169 188 6 85 134 195 168 139 33 11 138 25 121 51 71 147 10 133 122 90 191 125 131 135 63 102 38 27 1 198 117 193 31 54 73 136 190 80 175 5 177 21 36 61 91 141 77 82 111 8 104 144 160 29 0 109 35 143 81 153 163 89 127 103 113 176 106 124 194 166 86 185 95 130 99 22 179
507,48436,1764959752748019208,36 177 5 78 175 45 80 190 193 31 73 54 117 198 112 121 131 1 135 63 122 90 51 182 138 11 139 168 195 188 169 132 13 145 15 161 70 3 155 152 34 109 29 0 35 106 124 62 18 55 174 183 140 4 149 101 28 20 148 47 94 66 179 185 130 95 86 166 194 88 180 176 113 103 26 114 137 127 165 89 163 153 187 141 77 81 41 111 144 160 49 33 104 8 82 87 21 91 79 61
508,47128,1764959752748019209,89 165 127 137 114 26 113 180 176 194 166 86 179 22 99 185 130 95 183 140 148 47 94 60 20 28 149 4 152 184 155 3 70 15 145 13 195 168 126 132 169 188 6 147 133 122 90 51 121 135 63 38 1 198 117 54 73 164 31 193 190 80 45 142 175 78 5 177 36 61 21 82 111 8 104 138 11 33 160 144 29 12 0 109 35 159 143 34 55 18 62 124 106 81 77 141 187 153 163 103
509,49483,1764959752748019210,27 38 63 135 122 133 147 6 188 70 3 15 145 155 29 0 109 35 37 143 159 106 124 128 62 83 18 55 34 152 140 183 95 130 99 179 185 86 166 194 176 180 113 114 127 89 103 163 153 81 111 144 160 33 56 104 8 82 77 141 36 61 21 177 5 78 175 142 45 80 190 136 73 164 31 54 193 117 198 121 158 25 182 138 139 11 168 195 13 132 169 134 118 51 191 90 131 1 156 16
510,50425,1764959752748019211,179 94 47 148 20 140 152 170 55 34 155 3 70 15 145 13 132 169 126 195 168 139 11 49 33 160 29 109 35 0 144 111 82 8 104 138 182 74 118 85 134 188 6 192 147 133 122 135 131 125 90 191 51 98 121 73 31 54 117 193 190 80 175 78 5 177 21 61 36 141 77 97 187 165 127 89 103 114 113 26 163 153 81 143 124 62 18 83 183 130 95 128 106 176 194 166 86 185 99 22
511,47109,1764959752748019212,0 109 35 143 159 106 124 62 83 18 55 34 152 170 183 140 149 28 20 148 47 94 179 185 99 130 95 86 166 194 176 180 113 103 89 163 153 81 77 141 91 61 36 177 5 78 175 142 45 162 80 190 136 173 112 121 19 73 54 31 193 117 198 1 135 63 122 133 90 147 6 188 169 132 13 161 70 3 155 189 15 145 195 168 43 134 139 11 182 138 104 8 21 82 111 56 144 33 160 29
512,49008,1764959752748019213,169 188 6 147 134 74 118 51 191 90 178 10 133 122 135 63 38 27 1 198 117 193 31 54 112 121 19 73 190 80 175 78 5 177 36 61 141 77 153 163 89 127 103 113 176 194 166 86 179 94 47 148 185 130 95 128 124 106 159 143 35 0 144 111 82 21 8 104 138 182 11 49 33 160 29 109 34 55 18 62 183 20 28 149 4 140 152 155 189 15 3 70 161 132 13 145 195 168 139 43
513,47789,1764959752748019214,55 34 170 152 174 183 140 149 28 20 148 94 47 95 86 185 179 172 166 194 113 103 89 163 153 77 141 91 79 61 36 21 82 8 177 5 142 78 175 80 190 136 73 164 54 31 193 117 198 156 1 27 38 135 63 40 107 100 122 133 10 90 131 112 121 51 147 6 188 169 132 70 3 15 145 13 195 168 43 134 139 11 138 33 104 144 160 29 0 109 35 111 143 106 176 128 124 62 83 18
514,48162,1764959752748019215,111 41 159 106 143 37 35 109 0 29 160 33 138 11 139 168 43 134 147 6 188 169 132 13 195 145 15 70 3 155 184 152 183 140 4 149 28 20 148 47 94 179 185 130 95 34 55 18 62 124 128 86 166 194 176 180 113 103 127 89 163 153 81 77 97 141 91 61 36 5 175 80 190 193 31 73 54 117 198 121 131 122 135 102 63 100 40 107 133 10 90 191 51 25 177 87 21 82 104 8
515,47315,1764959752748019216,168 195 145 13 132 169 188 70 3 15 155 184 189 29 0 109 35 106 124 62 18 55 34 152 183 140 28 20 60 148 47 66 94 179 185 130 95 86 166 194 113 176 180 103 127 89 163 187 153 81 77 97 141 91 36 61 21 82 8 104 144 160 33 139 11 138 182 51 191 90 121 158 25 177 5 175 80 190 193 31 164 73 54 117 198 1 27 38 102 63 135 32 122 100 40 107 133 147 6 134
516,48203,1764959752748019217,132 169 188 147 191 90 51 121 112 19 131 122 135 63 27 38 1 198 117 54 73 31 193 190 80 175 78 5 177 21 91 61 36 141 77 82 8 104 56 111 41 81 153 187 163 89 127 137 114 103 113 176 86 185 179 66 94 47 148 20 60 28 149 4 140 183 99 130 95 83 55 34 18 62 124 106 159 143 35 109 0 29 144 160 33 11 139 168 195 126 13 145 189 170 152 155 15 3 70 161
517,47815,1764959752748019218,139 182 138 33 49 11 43 168 195 13 145 15 70 3 155 152 170 34 55 183 140 4 149 28 20 60 148 47 94 179 185 22 99 130 95 86 166 194 113 114 137 127 165 89 163 103 26 180 176 128 62 18 124 106 143 35 109 0 29 160 104 8 82 111 81 153 77 141 91 61 36 177 5 78 175 142 45 80 190 136 193 198 117 54 31 73 25 158 121 131 135 122 90 147 6 188 169 134 118 74
518,48388,1764959752748019219,20 28 152 155 3 70 15 145 29 12 0 109 35 111 144 160 33 104 8 21 177 25 182 138 11 139 168 195 13 126 132 169 188 6 51 121 131 90 191 10 133 122 107 40 100 63 135 1 198 117 193 31 54 73 136 190 80 162 45 142 175 78 5 36 61 141 97 77 81 153 159 143 62 34 55 18 83 128 124 106 176 180 163 103 89 165 127 137 114 113 194 166 86 185 95 183 140 94 47 148
519,47589,1764959752748019220,184 155 145 15 3 70 161 132 13 195 168 11 139 43 134 169 188 6 147 191 90 51 121 131 135 122 133 10 72 107 40 63 38 27 16 1 156 117 198 193 54 31 164 73 190 80 45 142 175 78 5 177 21 61 36 141 77 187 89 127 114 113 194 166 176 103 163 153 81 111 8 104 138 33 160 144 29 12 0 109 35 143 106 124 62 18 55 95 86 185 179 94 148 20 28 140 183 34 170 152
520,46541,1764959752748019221,66 94 47 148 20 28 149 4 140 183 130 95 86 128 124 62 18 55 34 170 152 155 3 70 15 145 189 109 35 0 29 160 111 82 21 8 104 182 138 33 49 11 139 168 195 13 132 169 188 6 147 51 121 90 122 135 63 27 38 1 198 117 193 31 54 73 136 190 80 45 175 78 5 177 36 61 141 77 81 159 143 106 119 153 187 165 127 137 114 89 163 103 26 113 180 176 194 166 185 179
521,47242,1764959752748019222,34 170 152 183 95 130 185 22 99 9 140 28 20 60 148 47 94 66 172 179 86 166 194 176 180 113 103 127 89 163 153 81 77 97 141 61 36 177 5 175 80 190 73 54 31 193 117 198 151 112 121 131 1 27 38 63 135 122 133 10 90 191 125 51 147 6 13 132 169 188 70 3 155 184 189 15 145 195 168 43 139 11 138 33 104 8 111 144 160 29 12 0 109 35 143 106 124 62 18 55
522,49917,1764959752748019223,188 6 147 51 90 133 107 40 100 63 135 122 131 1 198 193 117 54 31 73 121 25 177 5 190 80 175 36 61 79 91 141 187 165 89 127 137 75 76 166 86 185 179 94 47 148 60 20 28 149 4 140 183 95 130 99 22 18 55 170 152 184 155 34 62 124 106 143 180 176 194 113 114 26 103 163 153 77 82 87 21 8 104 144 111 35 109 0 29 33 138 182 11 139 168 145 3 70 169 132
523,47472,1764959752748019224,138 139 134 6 188 169 132 70 3 155 15 145 13 126 195 168 43 11 49 33 160 29 0 109 35 106 124 128 62 18 55 34 152 140 28 20 60 148 47 94 66 179 99 183 95 130 185 86 166 194 176 180 113 103 114 137 127 89 163 153 81 14 77 97 141 91 79 36 61 82 111 144 104 8 87 21 177 5 175 80 190 73 164 31 54 193 117 198 156 1 16 27 38 63 135 122 90 121 25 182
524,49270,1764959752748019225,61 91 141 97 77 111 0 35 143 62 124 106 163 89 103 113 180 176 194 166 86 95 130 185 179 94 47 148 20 140 183 174 55 18 34 170 152 184 155 189 109 29 168 195 126 13 145 15 3 161 70 132 169 188 6 134 139 11 33 160 144 56 104 8 82 21 177 138 182 25 158 112 121 118 98 51 191 90 133 107 40 63 135 122 131 38 1 156 198 117 54 31 193 136 190 80 175 78 5 36
525,47087,1764959752748019226,34 55 18 62 124 106 159 143 35 0 109 12 29 160 144 8 82 87 21 104 33 138 182 25 121 131 90 191 122 133 107 40 63 135 38 1 156 198 117 54 73 164 31 193 190 80 162 45 142 175 78 5 177 36 61 79 91 141 77 81 153 187 163 89 127 137 114 103 113 176 194 166 86 95 130 185 179 94 47 148 20 28 140 183 152 155 3 70 132 169 188 6 147 51 134 168 195 145 15 189
526,47990,1764959752748019227,40 107 10 133 122 90 51 131 121 25 182 138 104 21 82 8 144 33 160 29 195 168 134 147 6 188 169 132 13 145 15 70 3 155 184 152 170 34 55 18 83 62 95 183 140 28 20 148 94 179 185 86 166 176 180 194 113 114 137 127 165 89 103 163 187 146 153 81 159 106 124 143 109 0 35 111 77 141 91 61 36 177 5 175 78 80 190 136 73 54 31 193 117 1 16 27 38 135 63 100
527,50673,1764959752748019228,185 179 166 194 176 180 113 26 114 137 127 103 163 89 165 187 146 97 141 77 81 153 106 143 111 35 109 29 0 195 13 126 168 139 11 182 138 160 33 104 8 82 21 91 61 79 36 177 5 45 142 78 175 162 80 190 136 73 164 31 54 193 117 198 156 24 1 131 121 90 135 122 133 10 178 147 51 118 134 6 188 169 132 70 3 15 145 189 155 184 152 55 18 62 124 86 95 130 99 22
528,48992,1764959752748019229,140 199 20 28 152 155 15 3 70 132 169 188 6 147 115 10 133 107 40 63 122 178 191 90 125 51 134 139 168 195 13 145 189 109 35 0 29 11 182 138 33 160 144 56 104 8 111 82 21 25 158 121 131 135 1 117 193 31 54 73 136 190 80 175 78 142 45 5 177 36 61 91 141 77 153 143 62 18 55 34 124 106 176 163 89 127 103 113 194 166 179 94 47 148 99 185 86 95 130 183
529,47017,1764959752748019230,135 122 131 121 51 90 191 71 147 6 188 169 134 182 138 33 11 139 168 195 126 13 132 161 70 3 15 145 155 184 152 183 140 4 149 28 59 20 60 148 47 94 66 179 22 99 130 95 185 86 166 194 176 180 113 26 103 114 137 127 89 163 165 187 146 153 81 143 106 124 62 18 55 34 35 109 0 29 160 144 111 8 104 21 82 77 97 141 61 36 177 5 175 80 190 31 54 117 198 1
530,47904,1764959752748019231,70 15 145 195 168 126 13 132 169 188 6 147 10 133 107 40 63 38 27 1 198 117 193 190 80 136 73 31 54 131 135 122 90 51 98 118 121 25 138 139 11 33 144 111 35 109 0 29 160 104 8 21 177 5 78 175 36 61 141 77 81 153 163 103 89 127 114 113 194 166 86 176 180 106 159 143 124 62 128 95 185 94 47 148 20 28 149 4 140 183 55 18 34 170 152 53 184 155 189 3
531,49242,1764959752748019232,124 62 83 18 55 183 95 130 185 179 94 47 148 20 28 140 152 34 35 109 0 12 29 160 111 8 82 87 21 104 56 144 33 49 168 195 145 15 3 70 13 132 169 188 6 134 43 139 11 138 182 25 73 54 112 121 90 191 10 133 122 107 40 63 135 1 198 117 31 193 190 80 175 78 142 45 5 177 36 61 79 91 141 97 77 58 50 81 153 163 165 127 89 103 113 176 194 166 86 106
532,47731,1764959752748019233,5 45 136 73 54 31 1 156 198 117 193 190 80 162 175 78 36 61 141 77 81 153 143 124 106 163 89 127 103 113 180 176 194 166 86 95 130 185 179 66 94 47 148 20 28 149 140 183 55 83 62 18 34 152 170 184 155 189 3 70 161 15 145 11 139 43 168 195 13 132 169 188 6 147 191 90 122 63 135 131 121 51 98 118 74 182 138 33 160 29 0 109 35 111 82 87 21 8 104 177
533,48744,1764959752748019234,177 25 182 138 104 33 160 29 0 109 35 111 8 82 21 141 77 81 143 62 128 124 106 153 187 163 103 89 127 114 113 180 176 194 166 86 185 95 130 99 179 94 47 148 20 28 140 183 55 18 34 152 155 15 3 70 188 169 132 145 13 126 195 168 11 139 74 118 134 147 115 178 10 133 122 72 107 40 100 63 27 38 135 90 191 51 121 117 54 73 31 193 190 80 175 78 142 5 36 61
534,46590,1764959752748019235,11 168 195 13 132 169 188 70 3 15 145 155 184 152 170 34 55 18 62 143 159 106 124 128 86 95 183 140 4 149 28 20 60 148 47 94 66 99 130 185 179 166 194 176 180 113 114 137 127 89 103 163 153 81 77 141 61 36 78 175 162 80 190 193 117 54 31 73 136 45 5 177 21 87 82 8 144 160 33 29 0 109 35 111 104 138 182 25 121 131 135 63 122 133 90 51 71 147 134 139
535,48582,1764959752748019236,45 142 175 78 5 177 36 61 91 141 97 77 81 153 163 127 89 103 113 180 176 194 166 86 95 130 185 179 94 47 148 183 140 152 170 34 18 55 62 128 124 106 143 35 109 0 12 29 160 33 144 104 8 82 21 25 158 121 98 118 74 139 182 138 11 168 195 13 145 15 155 3 70 161 132 169 188 43 134 6 147 71 120 51 191 90 122 63 135 1 198 117 193 31 54 164 73 190 80 162
536,47631,1764959752748019237,188 161 70 3 15 155 184 152 34 18 55 140 183 130 95 22 99 9 199 28 20 60 148 47 94 66 179 185 166 194 113 103 89 127 165 187 163 176 86 128 62 124 106 159 143 35 109 0 29 11 139 182 138 33 160 144 56 104 8 111 81 153 77 82 21 141 61 36 177 5 175 80 190 136 73 54 31 193 117 198 1 27 38 63 40 107 135 122 90 51 147 6 134 43 168 195 145 13 132 169
537,51263,1764959752748019238,183 95 86 106 124 128 62 18 55 34 170 152 184 155 3 70 15 189 143 159 35 109 0 29 49 160 33 144 56 104 157 138 182 11 139 51 90 191 134 43 168 195 145 13 132 169 188 6 147 10 133 107 40 63 135 1 198 117 193 190 80 136 73 31 54 112 121 158 25 177 5 78 175 36 61 79 91 141 21 87 82 8 111 77 97 81 153 187 163 89 165 127 103 113 176 194 166 185 130 140
538,47759,1764959752748019239,141 61 36 177 5 78 175 142 45 80 190 136 73 54 31 193 117 1 135 102 63 122 133 10 90 191 51 131 121 25 21 87 82 8 104 33 138 182 11 139 134 6 188 169 132 161 70 3 15 145 13 126 195 168 49 29 109 35 0 12 160 144 111 143 106 124 128 86 185 130 95 83 62 18 55 34 170 152 174 183 140 149 28 20 60 148 47 94 66 179 166 194 176 113 103 89 163 187 153 77
539,47690,1764959752748019240,5 142 78 175 80 190 136 73 164 31 54 193 117 198 156 1 135 131 121 90 122 63 133 10 178 115 147 51 134 6 188 169 132 161 70 3 15 145 13 195 168 139 11 182 138 104 56 144 160 33 49 29 109 0 35 111 143 106 124 128 18 62 55 34 170 155 184 152 140 20 60 148 47 94 66 179 22 99 130 183 95 185 86 166 194 176 113 103 89 127 165 163 153 77 82 8 21 61 36 177
540,49149,1764959752748019241,137 114 103 113 176 166 86 185 95 130 9 99 22 179 66 94 47 148 60 20 28 149 140 183 152 184 155 3 70 132 169 188 6 147 90 51 121 131 135 63 38 27 16 1 156 198 117 151 112 158 25 138 177 5 73 54 31 193 190 80 175 78 36 61 91 21 82 111 8 104 144 33 160 12 35 109 0 29 49 11 139 168 195 13 145 15 34 55 18 62 124 106 153 77 141 97 187 163 89 127
541,47212,1764959752748019242,15 70 3 189 155 184 152 170 34 55 183 140 149 28 20 60 148 47 94 66 99 185 179 166 194 176 113 103 114 137 127 165 89 163 153 106 124 128 86 130 95 18 62 35 109 0 29 111 81 77 97 141 61 36 5 142 78 175 80 190 136 73 54 31 164 193 117 198 1 27 38 63 135 122 90 51 121 112 158 25 177 21 87 82 8 104 144 160 33 11 139 6 188 169 132 13 126 168 195 145
542,48384,1764959752748019243,182 138 104 56 33 160 144 111 8 82 21 61 36 141 97 77 153 163 89 127 103 113 180 176 194 166 86 185 47 148 20 28 149 4 140 183 95 62 124 106 143 35 109 0 29 168 195 126 13 145 15 189 34 18 55 152 155 3 70 161 132 169 188 6 147 71 191 90 10 133 122 135 63 102 38 27 16 1 156 198 117 193 54 31 164 73 190 80 45 142 175 78 5 177 121 51 118 134 139 11
543,48490,1764959752748019244,16 27 38 63 40 107 100 135 122 133 90 51 118 134 147 6 188 169 132 13 70 3 145 195 168 139 11 49 29 189 155 152 34 55 18 62 183 140 20 148 47 94 179 185 95 86 166 194 176 113 103 89 163 153 106 124 159 143 35 109 0 160 33 144 111 77 141 91 79 61 36 21 87 82 8 104 138 182 25 177 5 78 175 45 80 190 136 73 164 54 31 193 117 198 151 19 112 121 131 1
544,49070,1764959752748019245,111 8 104 56 144 33 160 29 12 0 109 35 143 106 124 62 83 18 55 34 183 95 130 99 185 86 176 113 194 166 94 47 148 60 20 28 140 152 184 155 189 15 3 70 145 132 13 195 168 11 49 138 182 139 134 169 188 6 147 133 122 63 135 131 90 191 125 51 121 198 117 54 73 136 164 31 193 190 80 45 142 175 78 5 177 21 87 82 36 61 79 91 141 77 187 127 89 163 153 81
545,48134,1764959752748019246,114 113 176 194 166 179 185 130 95 183 9 148 47 94 60 20 28 140 152 170 34 55 18 83 62 86 128 124 106 143 35 109 0 12 29 155 15 3 70 188 169 132 13 145 195 168 134 51 90 133 122 63 135 1 156 198 117 193 190 80 162 175 78 142 5 45 136 73 31 54 121 25 177 36 61 91 141 21 87 8 104 138 182 139 11 33 160 144 56 111 82 77 81 153 187 163 103 89 127 137
546,47768,1764959752748019247,194 166 86 185 179 94 47 148 60 20 130 95 183 140 152 170 34 55 18 62 128 124 106 143 35 0 12 160 33 144 111 8 82 21 104 138 182 74 118 98 51 134 139 11 49 29 109 189 155 3 70 15 145 195 168 13 132 169 188 6 147 10 133 90 122 135 63 131 121 112 19 73 31 54 117 193 136 190 80 175 78 142 5 177 36 61 91 141 97 77 153 187 163 89 127 103 114 113 180 176
547,49682,1764959752748019248,15 145 13 195 126 132 169 188 6 134 118 51 90 191 147 10 133 122 63 102 135 1 198 117 193 31 54 73 190 80 162 45 175 78 5 177 19 112 121 25 104 8 82 111 144 160 33 138 182 139 43 168 11 49 29 0 109 35 143 81 77 21 61 36 141 153 163 106 124 62 18 34 55 83 128 176 113 194 166 86 95 130 185 179 172 66 94 47 148 60 20 28 149 140 183 152 184 155 3 70
548,49911,1764959752748019249,73 54 31 193 117 198 1 135 63 122 131 112 121 51 90 133 10 178 147 6 188 169 132 161 70 13 126 195 168 43 139 134 85 118 74 182 138 104 11 49 33 160 35 109 0 29 145 15 3 155 152 170 34 55 18 83 183 140 28 20 148 47 94 179 166 194 113 176 86 185 22 99 130 95 62 124 106 159 143 111 8 21 87 82 77 153 163 89 187 141 61 36 177 5 175 78 142 45 80 190
549,48510,1764959752748019250,184 155 3 15 145 13 70 132 169 188 6 195 168 134 74 118 98 51 90 191 147 10 133 107 40 63 135 122 131 1 156 198 117 193 190 80 136 73 31 54 112 121 25 138 139 11 49 29 109 35 0 160 33 144 104 8 21 177 5 175 78 36 141 77 82 111 41 81 153 163 89 127 103 113 180 176 194 166 86 179 185 130 95 106 143 124 62 18 55 34 183 148 47 66 94 60 20 28 140 152
550,46900,1764959752748019251,143 159 106 86 185 95 130 99 183 140 4 149 28 20 60 148 47 94 179 172 166 194 176 113 103 114 127 89 163 153 77 97 141 61 36 5 78 175 80 190 193 117 54 31 164 73 136 177 21 87 82 8 104 111 35 109 0 29 144 160 33 49 11 139 138 182 25 121 131 1 38 135 63 40 107 122 90 191 51 71 147 6 188 169 132 168 195 13 70 3 15 145 189 155 152 34 55 18 62 124
551,47867,1764959752748019252,121 51 134 139 182 138 11 33 49 29 109 35 0 160 104 8 144 111 82 87 21 177 36 61 91 141 97 77 81 153 106 159 143 124 34 55 18 62 128 86 176 180 103 163 89 127 137 114 113 194 166 185 95 130 99 22 179 66 94 47 148 20 28 140 183 152 184 155 3 70 132 13 145 195 168 169 188 147 191 90 10 133 122 135 63 38 1 117 54 31 193 136 190 80 45 175 78 5 25 158
552,47133,1764959752748019253,0 29 195 168 11 138 182 139 134 6 188 169 132 13 145 15 3 70 155 184 170 152 183 140 4 149 28 20 60 148 47 94 66 179 166 86 185 99 130 95 55 18 62 124 143 106 176 180 194 113 103 127 89 163 153 81 41 111 82 77 97 141 91 61 36 177 5 142 78 175 80 190 136 73 54 31 193 117 198 1 38 63 135 122 133 10 178 147 71 191 90 51 121 25 104 8 33 160 35 109
553,48849,1764959752748019254,35 109 0 12 29 49 33 160 144 111 8 82 77 81 153 163 103 26 113 180 176 166 194 114 127 89 165 187 141 61 36 78 175 142 45 5 177 21 104 138 11 139 168 195 43 134 51 90 131 121 112 19 151 54 73 136 80 190 193 31 117 198 156 1 135 63 100 40 107 133 10 147 6 188 169 132 13 145 15 70 3 155 184 152 170 183 140 20 148 47 94 185 86 106 143 124 62 18 55 34
554,48603,1764959752748019255,182 138 104 21 82 8 111 144 160 33 49 29 0 35 109 155 152 170 34 18 83 55 183 140 28 20 60 148 47 94 179 99 185 166 194 114 127 89 103 113 180 176 86 95 62 124 106 143 81 153 163 187 77 141 91 61 79 36 78 175 80 190 193 117 54 31 5 177 25 121 131 198 42 156 24 1 27 38 135 63 40 107 133 122 90 51 147 6 188 169 70 3 15 145 132 13 195 168 139 11
555,47611,1764959752748019256,61 36 78 175 45 80 190 193 117 1 38 135 122 96 63 100 40 107 133 10 90 191 51 121 54 31 73 5 177 21 82 111 8 104 144 33 160 35 109 0 29 49 11 139 138 182 74 118 134 147 6 188 169 132 13 195 168 145 15 70 3 189 155 184 152 183 140 28 20 60 148 47 94 179 172 166 86 185 99 130 95 55 18 62 124 106 176 194 113 103 163 89 127 165 187 153 81 77 97 141
556,47978,1764959752748019257,175 78 5 177 21 104 144 8 82 91 61 36 141 97 77 81 111 29 0 109 35 34 55 18 83 62 128 124 106 143 159 153 163 89 103 113 176 194 166 86 95 130 185 179 66 94 47 148 183 140 152 155 189 15 3 70 161 145 168 195 13 132 169 188 6 147 134 139 11 33 138 25 121 131 122 90 51 191 178 10 133 107 40 63 135 38 1 156 198 117 193 31 54 164 73 136 190 80 45 142
557,48418,1764959752748019258,138 182 74 134 132 169 188 6 147 178 10 133 191 90 122 135 63 102 38 27 16 1 131 125 120 51 121 112 198 117 193 54 31 164 73 136 190 80 162 175 78 142 45 5 177 21 61 36 91 141 77 153 163 103 113 176 194 166 86 130 185 179 94 47 148 20 140 183 95 124 106 143 62 18 55 34 170 152 184 155 3 70 15 145 13 195 168 139 11 33 160 144 29 0 109 35 111 82 8 104
558,48566,1764959752748019259,149 140 183 170 34 55 18 62 124 106 128 95 130 99 152 155 3 70 188 169 132 15 145 13 195 168 29 12 0 109 35 143 159 81 111 82 8 104 144 160 33 11 139 138 182 74 118 98 51 90 122 107 40 63 135 131 121 25 177 136 73 164 31 54 117 198 193 190 80 175 78 5 36 61 21 87 91 141 97 77 153 187 163 89 127 103 113 180 176 194 166 86 185 179 94 47 148 60 20 28
559,46196,1764959752748019260,73 54 31 193 117 198 156 1 121 51 125 191 90 131 135 63 122 133 10 178 115 147 6 188 169 132 13 70 3 15 145 195 168 139 11 138 33 160 29 0 109 35 111 144 56 104 8 21 82 77 81 153 159 143 106 124 62 18 34 55 95 99 130 183 140 149 28 20 60 148 47 94 66 179 185 86 166 194 176 113 103 114 127 165 89 163 187 97 141 91 61 36 177 5 45 142 78 175 80 190
560,49231,1764959752748019261,62 18 55 34 170 189 15 145 195 168 43 134 139 11 138 25 121 112 177 5 78 175 142 45 80 190 73 164 54 31 193 117 198 1 38 63 135 122 133 90 147 188 6 65 169 132 13 70 3 155 184 152 183 140 28 20 148 47 94 179 185 130 95 86 166 194 180 176 106 81 153 163 103 113 114 127 89 165 187 141 36 61 91 77 82 87 21 104 8 111 144 33 160 29 0 109 35 143 124 128
561,47762,1764959752748019262,109 35 111 144 8 104 138 139 134 169 188 6 147 90 51 121 112 19 131 122 135 1 117 193 31 54 73 136 190 80 45 142 175 78 5 177 36 61 141 91 21 82 77 97 187 163 103 89 127 114 137 113 180 176 194 166 86 185 130 99 22 179 172 66 94 47 148 60 20 28 140 183 95 18 62 124 106 153 81 143 55 34 152 184 155 189 145 15 3 70 132 13 126 195 168 11 33 160 29 0
562,48079,1764959752748019263,131 90 191 51 98 118 74 85 134 43 168 195 13 145 15 155 3 161 70 132 169 188 6 147 133 107 40 63 122 135 1 198 117 193 31 54 73 136 190 80 175 5 177 36 61 141 77 82 21 8 111 41 143 106 159 81 153 187 163 89 127 103 113 176 194 166 179 94 47 148 60 20 28 140 183 95 130 99 185 86 128 124 62 83 18 55 34 35 109 0 29 160 33 104 138 11 139 182 25 121
563,48919,1764959752748019264,34 15 145 195 168 126 13 132 70 3 155 184 170 152 140 149 4 28 20 148 47 94 66 172 179 185 130 86 166 194 176 113 103 89 163 153 81 14 77 97 141 91 79 61 36 5 175 80 190 193 31 54 117 198 156 1 135 63 40 107 100 122 133 10 90 147 6 188 169 51 121 25 177 21 87 82 111 8 104 56 144 160 33 138 139 11 49 29 0 109 35 143 159 106 124 62 95 183 55 18
564,49212,1764959752748019265,145 15 161 70 3 155 189 35 34 170 152 53 4 149 28 20 60 148 47 94 66 172 179 166 194 114 137 127 165 89 163 103 113 180 176 86 95 185 130 183 199 140 55 18 62 128 124 106 159 143 153 77 97 141 36 61 82 111 0 109 29 195 168 43 139 11 33 138 104 8 21 177 5 78 175 80 190 73 54 31 193 117 198 121 51 191 90 122 135 102 63 133 147 134 6 188 169 132 126 13
565,47771,1764959752748019266,190 80 162 175 78 142 45 5 177 182 138 11 33 160 29 0 109 35 111 144 104 8 21 61 36 141 77 153 163 103 89 127 114 113 194 166 176 180 106 143 124 128 62 18 55 34 183 99 130 95 86 185 179 66 94 47 148 60 20 28 140 152 170 184 155 189 145 15 3 70 188 6 169 132 13 195 168 139 134 147 191 90 122 135 63 38 27 1 198 117 193 31 54 73 121 51 98 118 74 25
566,48056,1764959752748019267,164 54 31 193 117 198 1 16 27 38 63 135 131 121 118 74 98 51 125 122 133 10 90 191 147 134 6 188 169 132 13 195 168 145 15 70 3 155 152 140 28 20 183 95 185 148 47 94 179 166 194 113 103 89 163 176 86 18 55 34 62 128 124 106 143 35 109 0 29 160 33 11 139 182 138 104 21 87 82 8 144 111 81 153 77 141 91 61 36 177 5 175 78 142 45 162 80 190 136 73
567,48106,1764959752748019268,180 113 103 127 89 163 153 159 143 81 77 97 141 61 36 177 5 78 175 142 45 80 190 136 73 54 31 193 117 1 63 135 121 118 74 98 51 90 147 85 134 6 188 169 132 13 161 70 3 155 189 15 145 195 168 139 182 138 11 33 160 144 56 104 8 21 87 82 111 29 0 109 35 34 152 55 18 62 124 106 86 185 130 95 183 140 149 28 59 20 60 148 47 94 66 179 172 166 194 176
568,47308,1764959752748019269,103 89 127 165 187 163 106 124 143 35 109 0 29 49 11 139 138 33 160 144 104 8 82 77 111 41 81 153 97 141 91 36 61 87 21 177 5 142 78 175 80 190 193 31 54 117 198 156 1 38 135 63 40 107 133 122 121 51 90 147 6 188 169 132 126 168 195 13 145 15 70 3 189 155 184 152 140 28 20 60 148 47 94 179 185 130 95 183 83 18 55 34 62 128 86 166 194 176 180 113
569,48464,1764959752748019270,95 62 18 55 152 155 3 70 161 15 145 13 195 168 126 132 169 188 6 147 71 51 90 122 133 107 40 63 135 131 121 1 198 117 193 31 54 73 136 190 80 162 45 175 78 5 177 36 61 21 82 141 97 77 153 81 41 111 8 104 144 160 33 138 182 139 85 134 43 11 29 39 12 0 109 35 106 124 128 86 176 163 89 127 103 113 194 166 179 94 47 148 60 20 28 140 183 130 99 185
570,48865,1764959752748019271,144 160 33 138 25 54 117 193 31 73 190 80 45 175 78 5 177 21 61 36 91 141 77 81 153 106 124 128 86 176 180 103 163 89 165 127 114 113 194 166 185 99 179 94 47 148 20 140 183 62 18 55 34 170 152 184 155 189 3 70 15 145 13 195 168 126 132 169 188 6 134 85 147 10 133 107 40 63 135 1 131 122 90 51 121 118 74 139 11 29 0 109 35 143 159 111 82 8 104 56
571,49561,1764959752748019272,73 190 80 162 175 78 142 45 5 177 25 118 74 182 138 139 11 49 33 56 104 8 82 21 61 36 141 77 81 187 153 106 128 95 185 86 176 180 26 103 163 89 127 137 114 113 194 166 94 148 20 28 140 183 55 34 18 62 124 143 111 144 160 39 29 0 35 109 170 152 184 155 3 70 161 15 145 195 168 43 126 13 132 169 188 6 147 133 107 40 63 135 122 90 51 121 117 193 31 54
572,46601,1764959752748019273,35 109 0 29 160 33 144 8 82 21 104 138 182 11 139 134 43 168 195 13 132 169 188 6 147 51 90 133 122 63 102 135 131 121 117 54 31 193 190 80 162 45 142 175 78 5 177 36 61 79 91 141 77 81 153 163 89 127 137 114 103 113 176 180 194 166 86 185 95 130 99 179 66 94 47 148 60 20 28 140 183 152 170 184 155 3 70 161 15 145 189 167 34 55 18 83 62 124 106 143
573,49515,1764959752748019274,194 86 130 95 62 18 55 34 35 0 109 195 168 139 11 138 182 25 21 87 82 8 104 144 33 160 29 39 111 77 81 119 159 143 124 106 176 180 113 103 127 89 163 153 187 141 91 79 61 36 177 5 78 175 142 45 80 190 136 73 193 31 54 121 51 125 131 117 198 156 1 135 122 133 10 90 191 147 188 169 132 13 145 15 70 3 155 184 152 183 140 28 20 60 148 47 94 179 185 166
574,48516,1764959752748019275,103 113 176 194 166 179 185 86 62 18 55 183 140 148 47 66 94 60 20 28 149 152 170 34 124 106 35 109 189 184 155 3 15 145 70 132 13 195 168 169 188 6 147 51 90 122 133 107 40 63 135 38 27 1 24 156 198 117 31 193 190 80 136 73 54 121 25 177 5 142 175 78 36 61 91 141 21 87 82 8 104 138 182 139 11 49 29 0 12 160 33 56 144 111 77 81 153 163 89 127
575,47131,1764959752748019276,194 176 180 113 103 114 127 89 163 187 146 153 77 141 91 61 36 177 5 78 175 142 45 80 190 73 54 31 193 117 198 1 38 63 135 122 107 40 133 10 90 51 125 131 121 112 158 25 138 33 160 11 168 195 145 13 132 169 6 147 188 70 3 15 155 184 189 109 35 0 29 144 104 21 82 8 111 143 106 124 62 18 55 34 152 183 140 28 20 60 148 47 94 179 185 99 130 95 86 166
576,50487,1764959752748019277,190 164 73 136 45 5 177 21 87 82 8 104 138 182 118 51 120 71 191 90 121 54 31 193 117 198 1 135 102 63 122 133 10 178 147 6 188 169 132 13 195 168 43 134 139 11 33 160 144 111 35 109 0 12 29 145 15 70 161 3 155 152 28 20 148 140 183 34 55 18 83 62 143 124 106 128 86 95 185 166 194 176 180 113 103 89 163 153 81 77 141 91 79 61 36 78 175 142 162 80
577,47464,1764959752748019278,139 11 182 138 33 104 8 21 82 111 144 160 29 0 109 35 143 106 176 86 185 130 95 128 124 62 18 55 34 183 140 4 149 28 59 20 23 60 148 47 154 94 66 179 172 166 194 113 103 127 89 163 153 81 77 97 141 91 61 36 177 5 78 175 80 190 193 31 54 117 198 1 38 135 63 100 40 107 133 147 6 188 169 132 161 70 3 15 145 168 195 13 43 134 90 122 131 121 51 118
578,46551,1764959752748019279,73 112 121 51 191 90 131 151 54 31 193 117 198 156 1 27 38 63 135 122 147 134 6 188 169 132 70 3 15 145 13 195 168 139 11 138 33 49 29 109 0 12 160 144 56 104 8 111 35 143 159 106 124 62 18 55 34 152 183 140 28 20 60 148 47 94 66 179 185 130 95 86 166 194 176 180 113 103 89 127 165 163 187 153 81 77 141 91 36 61 82 21 177 5 78 175 45 80 190 136
579,49930,1764959752748019280,40 122 90 51 121 98 118 134 147 192 150 6 188 169 132 126 168 195 13 145 15 70 3 155 170 34 55 18 62 128 86 185 99 130 95 183 152 140 28 20 60 148 47 94 179 166 194 176 180 113 103 89 127 165 163 106 124 159 143 35 109 0 29 49 11 139 182 138 157 104 56 33 160 144 111 8 21 87 82 77 81 146 187 153 97 141 91 61 36 177 5 80 190 31 54 117 1 135 102 63
580,48367,1764959752748019281,139 168 195 13 132 169 188 6 134 147 90 122 133 107 40 63 135 38 27 16 1 131 121 51 118 74 25 173 73 164 31 54 117 198 193 136 190 80 45 175 78 5 177 21 87 104 8 82 79 61 36 91 141 77 153 163 89 127 103 113 180 176 194 166 86 185 179 94 148 20 28 140 183 152 155 3 70 15 145 34 55 18 83 62 124 106 159 143 35 109 0 29 111 144 160 33 49 138 182 11
581,48538,1764959752748019282,190 73 31 54 193 117 198 1 135 102 63 122 131 121 116 98 51 90 191 71 147 6 188 169 132 13 168 195 145 15 161 70 3 155 152 34 55 18 62 183 140 149 28 20 148 47 94 179 185 86 166 194 113 114 137 127 89 163 103 176 106 124 143 153 77 81 97 141 91 61 36 78 175 142 5 177 21 82 8 104 111 35 109 0 29 144 160 33 11 138 182 139 43 134 85 74 118 25 136 80
582,46871,1764959752748019283,140 152 184 155 15 3 70 161 132 169 188 6 134 118 98 51 147 71 191 90 121 131 122 135 63 38 1 198 117 193 31 54 164 73 136 190 80 175 78 5 177 21 36 61 91 141 77 81 153 187 165 127 89 163 103 113 176 194 166 86 62 18 55 34 124 106 143 35 109 0 29 160 33 144 8 104 138 11 139 168 195 13 145 189 170 183 95 130 185 99 22 179 172 66 94 47 148 60 20 28
583,49484,1764959752748019284,18 62 124 143 159 106 176 86 185 95 99 47 94 66 179 172 166 194 113 103 127 89 163 187 153 81 111 35 109 0 29 160 33 104 8 21 87 82 77 97 141 61 36 78 175 80 190 193 117 54 31 5 177 138 139 134 71 191 90 51 98 118 116 121 131 1 198 156 27 38 135 63 40 107 133 10 147 6 188 169 132 126 168 195 13 145 15 70 3 155 152 140 28 20 60 148 9 183 34 55
584,48009,1764959752748019285,137 127 89 103 163 187 146 153 81 77 141 91 61 36 5 78 175 80 190 193 31 73 54 117 198 1 38 131 19 112 121 51 125 191 90 135 63 40 107 100 122 133 147 134 6 188 169 132 161 70 15 3 145 13 195 168 139 11 138 182 25 177 21 82 8 111 144 104 33 160 29 0 35 109 155 184 152 183 140 149 28 20 148 47 94 179 185 166 86 95 55 18 62 124 143 159 106 176 113 114
585,48488,1764959752748019286,179 66 94 47 148 60 20 28 140 183 95 62 18 55 34 152 184 155 3 70 161 15 145 29 160 33 49 11 138 182 74 134 139 43 168 195 126 13 132 169 188 6 147 90 122 107 40 63 135 121 158 25 177 5 136 73 31 54 117 198 193 190 80 45 175 78 36 61 91 141 97 146 187 153 81 77 82 21 8 104 144 111 0 109 35 124 106 176 180 113 103 163 89 127 137 114 194 166 86 185
586,48682,1764959752748019287,54 73 121 25 177 5 45 190 80 162 142 175 78 36 61 79 91 141 21 104 56 144 111 8 82 58 77 97 146 187 163 103 89 127 114 113 176 194 166 86 179 185 95 183 140 148 47 94 60 20 28 152 170 34 55 18 62 124 106 153 81 143 35 109 29 0 160 33 49 11 138 182 139 43 168 195 13 145 15 3 70 132 169 188 6 147 71 51 90 10 133 122 135 1 24 156 198 117 193 31
587,46725,1764959752748019288,176 194 113 103 163 106 124 62 143 153 81 77 141 91 61 36 177 5 78 175 142 45 162 80 190 136 173 73 164 31 54 193 117 198 156 1 16 27 38 135 63 40 107 133 122 121 51 90 191 147 6 188 169 132 13 70 3 145 195 168 139 182 138 11 33 160 144 104 21 87 82 8 111 29 0 109 35 34 18 55 152 183 140 4 149 28 20 60 148 47 94 66 179 185 22 99 130 95 86 166
588,47256,1764959752748019289,144 33 160 29 0 109 35 111 159 143 124 106 163 153 187 165 127 89 103 113 176 194 166 86 128 62 83 18 55 34 170 183 95 130 99 185 179 66 94 47 148 60 20 28 140 152 155 3 70 15 145 168 195 13 132 169 188 6 147 85 134 139 11 138 182 25 158 121 51 90 10 133 122 135 1 117 193 31 54 73 136 190 80 45 142 175 78 5 177 21 87 61 36 91 141 97 77 82 8 104
589,46103,1764959752748019290,31 193 117 198 1 135 122 90 131 121 51 98 118 74 85 134 6 188 169 132 70 3 155 189 15 145 13 195 168 11 138 33 160 144 104 8 82 111 29 0 109 35 143 106 124 62 18 55 34 170 152 174 95 130 183 140 4 149 28 20 60 148 47 94 66 179 185 86 166 194 176 180 113 103 114 137 127 89 163 153 81 77 141 91 36 61 87 21 177 5 175 78 142 45 162 80 190 136 73 54
590,48147,1764959752748019291,70 3 155 152 183 140 149 28 20 60 148 47 94 66 179 185 130 95 128 62 18 55 34 170 189 109 0 35 143 106 124 86 166 180 176 194 113 103 163 89 127 165 187 146 153 77 97 141 91 79 61 36 78 175 80 190 136 73 164 31 54 193 117 198 156 1 16 27 38 63 135 133 10 122 90 121 45 142 5 177 21 87 82 8 111 144 104 138 33 160 29 11 168 195 13 169 188 132 145 15
591,47213,1764959752748019292,138 139 11 29 0 109 35 124 62 83 18 55 34 152 155 3 70 161 132 13 15 145 195 168 169 188 6 147 51 90 122 135 63 38 27 1 131 121 112 19 73 164 31 54 117 193 190 80 175 78 142 5 177 21 61 36 91 141 77 81 153 163 165 127 137 114 89 103 113 180 176 88 194 166 179 22 99 66 94 47 148 20 28 140 183 9 130 185 95 86 128 106 143 111 82 8 104 144 160 33
592,46534,1764959752748019293,95 130 99 185 179 94 47 148 20 28 149 4 140 183 55 18 62 124 106 143 34 152 184 155 3 15 145 195 168 126 13 70 132 169 188 6 134 139 11 29 0 109 35 12 160 33 138 182 51 90 121 131 122 133 10 107 40 63 135 1 198 117 193 54 31 73 136 190 80 45 175 78 142 5 177 36 61 21 8 104 144 111 81 77 141 187 153 163 103 89 127 137 114 26 113 180 176 194 166 86
593,49412,1764959752748019294,78 175 142 45 162 80 190 136 73 54 31 193 117 198 27 38 102 63 40 107 72 10 133 122 135 1 131 121 116 118 98 51 90 191 71 147 6 188 169 132 13 195 168 139 11 182 138 33 144 104 8 82 111 143 106 124 128 86 62 18 55 34 35 109 0 160 29 189 15 145 70 3 155 152 140 183 95 130 185 166 194 176 180 113 103 127 89 163 153 81 77 97 141 91 36 61 87 21 177 5
594,50288,1764959752748019295,176 106 128 62 124 143 159 153 81 77 97 141 91 82 87 21 61 36 78 175 142 162 80 190 45 5 177 25 118 51 131 121 112 54 31 73 164 193 117 198 156 1 135 63 40 107 122 90 147 6 188 65 169 134 139 11 182 138 104 8 111 144 33 160 49 29 0 35 109 189 3 70 161 132 13 126 168 195 145 15 155 184 152 34 18 55 183 140 20 60 148 47 94 185 86 166 194 113 103 163
595,46748,1764959752748019296,28 20 60 148 47 94 66 179 185 22 99 130 95 62 106 124 128 86 166 194 176 180 113 114 127 89 103 163 153 159 143 35 109 0 29 160 33 104 8 82 111 81 77 141 61 36 177 5 175 80 190 73 54 31 193 117 198 156 1 135 102 63 100 40 107 10 133 122 90 131 121 51 98 118 74 182 138 11 139 134 6 188 169 132 13 195 168 145 70 3 155 34 55 18 170 152 183 140 4 149
596,48448,1764959752748019297,121 45 78 175 80 190 136 193 31 54 117 198 156 1 38 63 135 122 90 191 147 6 188 132 169 13 70 3 155 152 140 28 20 23 60 148 47 94 66 172 179 185 86 166 194 88 176 180 113 103 127 165 89 163 153 77 141 91 61 36 5 177 21 87 82 8 104 144 160 33 138 182 139 11 29 0 109 35 111 143 106 124 128 95 130 183 83 18 62 55 34 189 15 145 126 195 168 134 118 51
597,48588,1764959752748019298,26 103 114 137 127 89 163 187 153 77 141 91 61 36 175 78 142 5 177 21 104 138 25 121 112 54 31 164 73 136 80 190 193 117 198 1 135 63 122 133 10 90 51 98 118 134 139 11 168 195 13 132 169 6 147 188 161 70 3 15 145 189 155 152 149 28 20 60 47 148 94 66 179 185 130 95 183 140 34 55 18 62 35 109 0 29 160 33 8 111 143 106 124 86 166 194 88 180 176 113
598,48181,1764959752748019299,169 188 6 195 168 11 139 134 147 51 98 118 121 131 90 122 135 63 38 1 156 198 117 193 54 31 73 136 190 80 45 142 175 78 5 177 25 158 74 182 138 104 8 82 21 61 36 141 77 81 153 159 143 41 111 144 33 160 29 0 109 35 34 55 18 62 124 106 128 95 130 99 185 86 176 180 163 89 165 127 103 113 194 166 179 66 94 47 148 20 140 183 152 155 3 70 15 145 13 132
599,48313,1764959752748019300,40 107 10 133 122 125 90 191 71 147 6 188 169 132 70 3 15 145 13 195 168 11 139 134 51 121 112 158 25 138 33 29 109 35 0 160 144 56 104 8 21 87 82 111 81 159 143 106 124 62 83 18 55 95 130 183 34 152 140 20 148 47 94 66 179 185 86 166 194 176 180 113 103 89 163 153 77 141 91 79 61 36 177 5 78 175 142 45 80 190 73 164 31 54 193 117 198 1 135 63
600,48079,1764959752748019301,8 82 111 35 109 0 12 29 144 104 160 33 138 182 25 121 90 51 139 11 168 195 126 13 145 15 34 55 18 83 62 128 124 106 143 153 146 187 165 89 163 103 127 137 114 113 176 194 166 86 185 99 22 179 94 47 148 20 28 140 183 152 170 184 155 3 70 132 169 188 6 147 133 122 63 135 38 27 1 198 117 54 31 193 190 80 45 142 175 78 5 177 36 61 91 141 97 77 21 87
601,47882,1764959752748019302,155 189 109 35 0 29 160 33 144 104 8 111 82 21 25 121 51 182 138 11 139 43 168 195 126 13 15 145 3 70 161 132 169 188 6 134 147 90 122 133 10 107 40 63 102 135 38 1 198 117 193 31 54 73 136 190 80 175 78 142 5 177 36 141 77 81 153 159 143 106 176 163 89 127 103 113 194 166 179 94 47 148 60 20 28 149 152 170 140 183 95 130 185 86 128 124 62 18 55 34
602,48850,1764959752748019303,83 62 128 95 130 185 86 166 176 113 103 89 163 106 124 143 159 153 81 77 141 91 61 36 5 45 142 78 175 162 80 190 73 54 31 193 117 198 156 1 27 38 63 102 32 135 122 131 121 90 191 51 25 177 21 82 8 104 56 68 111 144 33 160 0 35 109 29 49 138 182 11 139 168 195 13 169 188 132 145 15 70 3 155 152 28 20 60 47 94 66 179 22 99 148 140 183 34 55 18
603,48495,1764959752748019304,142 175 78 5 177 21 82 61 36 91 141 97 77 153 81 111 144 56 8 104 33 160 29 0 109 35 143 106 124 128 62 18 55 34 170 183 95 130 99 185 86 176 163 89 103 113 194 166 172 179 94 47 148 20 28 140 152 155 3 70 15 145 195 168 139 11 138 182 118 98 51 134 169 188 6 147 90 122 135 63 102 38 27 1 156 198 117 193 164 73 31 54 151 121 112 19 136 190 80 45
604,48213,1764959752748019305,13 195 168 145 15 3 70 189 155 184 152 183 140 28 20 148 47 94 179 185 130 95 86 166 194 176 113 103 163 153 106 124 62 18 55 34 109 29 0 35 81 77 141 91 79 61 36 78 175 162 80 190 45 142 5 177 21 87 82 111 8 104 56 144 160 33 11 139 138 25 121 112 54 73 31 193 117 198 1 135 63 40 107 10 133 122 131 125 90 191 51 98 118 74 134 147 6 188 169 132
605,48829,1764959752748019306,63 102 38 27 1 117 54 31 193 190 80 175 78 5 177 36 61 87 21 91 141 77 81 153 163 89 127 103 113 194 166 94 47 148 20 28 149 140 152 184 155 189 170 34 18 55 183 95 130 185 86 176 106 124 62 128 143 109 35 0 29 160 144 111 82 8 104 33 49 11 138 182 139 43 168 195 145 15 3 70 13 132 169 188 6 134 85 74 118 121 51 90 191 71 147 178 10 133 122 135
606,47827,1764959752748019307,0 29 109 35 143 159 106 119 81 77 82 21 25 121 51 90 10 133 122 135 63 38 27 1 156 198 117 54 31 193 190 80 162 45 175 78 5 177 36 61 91 141 153 163 103 89 165 127 137 114 113 176 194 166 86 185 179 94 60 20 28 149 148 47 99 130 95 128 124 62 18 55 34 183 140 152 184 155 3 70 161 15 145 13 132 169 65 188 6 195 168 139 11 138 104 8 111 144 33 160
607,49568,1764959752748019308,121 51 90 122 107 40 63 135 1 198 117 54 73 31 193 190 80 175 78 142 45 5 36 61 79 91 141 82 8 104 21 177 25 182 138 11 33 144 160 29 0 109 35 111 143 153 81 77 97 187 163 89 103 113 194 166 176 106 124 62 83 128 86 185 95 130 99 22 179 94 47 148 20 140 183 152 170 55 18 34 167 189 184 155 161 70 3 15 145 13 195 168 43 126 132 169 188 6 134 118
608,46143,1764959752748019309,62 83 18 55 34 183 140 28 20 60 148 47 94 179 22 99 95 185 86 166 176 194 113 103 163 89 127 165 187 153 81 77 97 141 91 36 61 21 8 82 111 144 160 33 138 182 25 177 5 175 78 142 45 80 190 136 73 54 31 193 117 198 156 1 121 131 135 63 122 44 133 10 90 191 51 147 6 188 169 132 161 70 3 15 145 13 195 168 139 11 49 29 109 0 35 143 159 106 124 128
609,47906,1764959752748019310,31 54 117 1 156 198 193 190 80 175 78 36 61 91 141 187 165 89 163 103 127 137 114 26 113 176 194 166 185 99 179 66 94 47 148 60 20 28 149 4 140 183 152 155 3 70 15 145 13 195 168 132 169 188 6 147 10 133 63 135 122 90 51 121 25 182 138 139 11 49 33 160 144 111 29 0 109 35 170 34 55 18 83 62 86 128 124 106 143 153 77 82 8 21 177 5 142 45 136 73
610,49538,1764959752748019311,82 8 104 144 111 160 33 138 11 139 43 168 195 126 13 161 70 3 155 109 0 29 12 35 143 62 83 18 55 34 170 174 183 99 130 95 124 106 153 81 77 187 163 89 127 103 113 176 194 166 86 185 179 172 66 94 47 148 60 20 140 152 15 145 132 169 188 6 134 147 51 191 90 122 40 63 135 131 121 112 19 151 1 156 198 117 54 73 31 193 190 80 45 175 78 5 177 36 61 21
611,47711,1764959752748019312,128 124 106 159 143 35 109 0 12 29 160 33 144 104 8 82 77 111 41 81 153 163 180 176 166 194 113 103 89 127 165 187 141 36 61 21 177 5 78 175 45 80 190 73 54 31 193 117 198 1 38 63 135 122 90 147 139 11 138 25 158 121 51 134 6 188 169 132 168 195 13 70 3 15 145 155 184 170 152 183 140 28 20 60 148 47 94 66 172 179 86 185 22 99 130 95 55 34 18 62
612,48155,1764959752748019313,21 61 36 91 141 82 8 144 160 29 109 35 0 111 50 77 97 81 143 159 119 153 187 163 89 127 114 103 113 194 166 176 180 106 124 62 128 86 185 179 94 47 148 60 20 28 149 4 140 183 99 130 95 83 18 55 34 170 152 155 189 145 15 3 70 13 195 168 132 169 188 6 147 71 51 121 90 133 122 135 1 117 193 31 54 73 136 190 80 175 78 5 177 25 182 139 11 138 33 104
613,49217,1764959752748019314,18 83 55 152 53 4 149 28 140 183 199 20 60 148 47 94 66 179 185 130 99 95 86 166 194 114 137 127 89 165 187 97 141 82 77 81 153 163 103 26 113 180 176 128 62 124 106 143 111 8 104 21 61 36 177 78 175 142 5 25 121 112 54 31 164 73 80 190 193 117 198 156 1 135 63 122 90 51 134 139 11 33 160 35 109 0 29 145 168 195 13 132 169 188 70 3 15 155 170 34
614,47722,1764959752748019315,61 91 141 77 82 21 8 111 144 29 0 109 35 143 159 81 153 146 187 165 127 89 163 103 114 113 176 194 166 179 66 94 47 148 20 99 185 95 86 128 106 124 62 18 55 34 183 140 152 155 3 70 15 145 13 195 168 126 132 169 188 6 147 191 90 10 133 122 135 63 38 1 24 156 198 117 193 31 54 73 121 51 134 139 11 33 160 104 138 182 25 136 190 80 45 175 78 5 177 36
615,46771,1764959752748019316,160 111 82 8 104 33 138 11 139 168 195 13 132 169 188 6 147 51 90 122 133 107 40 63 135 131 121 198 117 54 73 31 193 190 80 45 175 78 5 177 21 36 61 79 91 141 77 97 187 165 127 137 114 194 166 176 180 113 103 89 163 153 81 143 106 124 62 55 18 128 86 185 95 130 99 179 94 47 148 20 28 149 4 140 183 174 34 170 152 53 184 155 3 70 15 145 109 35 0 29
616,50325,1764959752748019317,1 24 156 198 117 54 31 164 193 190 80 136 73 19 112 121 158 25 177 5 45 162 142 175 78 36 61 21 104 8 82 141 77 81 153 159 143 106 124 62 18 34 55 95 185 86 176 113 166 179 94 148 47 20 140 183 152 184 155 189 145 15 3 70 13 126 195 168 139 11 49 29 0 109 35 111 144 160 33 138 182 118 74 134 132 169 188 6 147 51 191 90 122 133 10 107 40 63 135 38
617,46850,1764959752748019318,15 161 70 3 155 189 184 170 152 34 55 18 62 143 106 124 128 95 185 130 183 140 4 149 28 20 60 148 47 94 179 86 166 194 176 180 113 103 127 89 163 153 81 35 109 0 29 111 77 141 91 61 36 177 5 78 175 45 80 190 136 73 164 54 31 193 117 198 156 1 135 63 122 133 90 51 121 25 21 82 8 104 160 33 138 182 11 139 74 118 134 147 6 188 169 132 13 195 168 145
618,48286,1764959752748019319,185 86 166 194 176 180 113 103 127 89 163 153 143 106 124 62 18 55 34 35 109 0 29 111 144 160 33 11 139 138 104 8 21 82 81 77 97 141 91 61 36 5 177 25 121 51 191 90 122 135 1 54 31 164 73 45 78 175 80 190 193 117 198 27 38 102 63 100 40 107 133 10 178 147 134 6 188 169 132 13 195 168 145 15 70 3 189 155 184 152 149 28 20 148 47 140 183 95 130 99
619,48848,1764959752748019320,95 185 86 166 179 22 99 130 183 140 9 66 94 47 148 60 20 28 152 170 34 184 155 70 3 15 145 13 195 168 132 169 188 6 147 90 122 40 63 102 135 1 117 193 31 54 164 73 136 190 80 45 175 78 5 177 36 61 21 8 111 144 104 138 182 25 121 131 51 134 139 11 33 160 29 12 0 109 35 81 77 141 187 165 89 127 114 194 176 113 103 163 153 106 143 124 62 18 55 83
620,49491,1764959752748019321,121 131 1 198 156 16 27 38 63 135 122 133 10 90 191 120 71 147 6 188 169 132 70 15 3 155 189 145 13 195 168 29 0 109 35 143 159 106 124 128 62 18 55 34 183 140 148 47 94 179 99 185 166 194 86 176 113 114 127 89 103 163 187 153 77 141 61 36 91 21 82 8 111 144 160 56 104 177 5 175 78 45 80 190 193 117 54 31 73 25 182 138 33 11 139 43 134 74 118 51
621,48075,1764959752748019322,117 54 31 193 190 80 175 78 5 36 61 141 97 77 81 153 163 89 127 103 113 180 176 194 166 185 99 130 95 183 140 149 28 20 60 148 47 94 66 179 86 128 62 124 106 159 143 35 0 109 34 18 55 152 184 155 3 70 15 145 13 195 126 132 169 188 6 147 10 133 63 135 122 90 191 51 182 138 139 43 168 11 49 29 160 33 144 104 8 82 87 21 177 25 158 121 131 38 1 198
622,48683,1764959752748019323,163 89 103 113 176 166 86 185 179 94 47 148 20 28 149 4 140 183 95 130 152 170 184 155 3 70 161 15 145 189 167 34 55 18 62 128 124 106 143 35 109 0 29 111 82 8 104 160 33 11 139 138 177 5 45 136 112 121 131 51 118 134 168 195 13 132 169 188 6 147 90 122 107 40 63 102 135 38 27 16 1 198 117 193 31 54 73 190 80 162 175 78 36 61 91 141 97 77 81 153
623,48994,1764959752748019324,121 51 125 191 90 122 135 63 133 147 6 188 134 139 168 126 169 132 13 161 70 3 15 145 195 29 109 155 152 170 34 55 18 62 128 124 106 159 143 35 0 144 111 81 153 163 89 103 113 176 86 185 95 183 140 28 20 60 148 47 94 179 166 194 114 137 127 165 187 141 77 82 87 21 8 104 160 33 11 138 182 25 177 91 61 36 5 175 80 190 73 164 54 31 193 117 198 156 1 131
624,48574,1764959752748019325,193 31 54 73 190 80 45 142 175 78 5 177 36 61 91 21 87 82 8 104 56 144 33 49 160 111 81 77 141 97 153 187 163 89 127 114 103 113 180 176 88 194 166 86 95 62 124 106 159 143 35 0 29 109 34 18 55 174 183 130 185 179 172 66 94 47 148 60 20 28 140 152 155 3 70 15 145 132 169 188 6 126 13 195 168 139 11 138 182 74 134 147 133 63 135 122 90 51 121 117
625,46637,1764959752748019326,195 168 145 15 70 3 155 189 29 0 109 35 143 106 124 62 83 18 55 34 170 152 183 140 20 60 148 47 154 94 66 179 185 86 166 194 176 113 103 114 127 165 89 163 187 153 77 97 141 91 36 61 21 177 5 78 175 45 80 190 136 73 164 31 54 193 117 198 1 135 32 122 63 40 107 133 10 178 147 191 90 51 121 25 138 104 8 111 144 160 33 49 11 139 134 6 188 169 132 13
626,46659,1764959752748019327,134 6 188 169 132 13 195 168 145 15 70 3 155 189 109 35 34 55 18 62 124 143 159 106 86 185 99 95 130 183 140 4 149 28 20 60 148 47 94 66 179 172 166 194 176 113 103 127 89 163 153 81 77 97 141 91 61 36 177 21 82 8 104 144 111 0 29 160 33 11 139 138 25 5 78 175 45 80 190 136 73 54 31 193 117 198 121 51 90 191 122 135 63 40 107 133 10 178 115 147
627,46093,1764959752748019328,148 47 94 179 185 86 166 194 176 180 113 114 137 127 165 89 103 163 187 153 81 77 141 91 36 61 21 82 111 8 104 144 0 35 109 29 160 33 11 138 25 177 5 78 175 142 45 80 190 136 73 164 31 54 193 117 198 1 27 38 135 102 63 100 40 107 10 133 122 131 121 51 90 147 6 134 139 168 195 13 132 169 188 70 3 15 145 189 155 152 55 18 62 124 106 95 183 140 28 20
628,48349,1764959752748019329,187 97 77 141 82 21 61 36 177 5 78 175 80 190 136 173 112 121 19 73 54 31 164 193 117 198 156 1 27 38 63 100 40 107 122 32 135 131 90 51 182 138 139 11 33 160 104 8 144 111 29 0 35 109 189 15 145 13 195 168 6 188 169 132 70 3 155 184 152 140 28 20 148 47 94 179 166 194 113 176 86 185 99 130 95 183 55 18 62 124 106 143 81 153 163 103 114 137 127 89
629,47441,1764959752748019330,135 63 133 147 6 188 134 139 182 11 168 195 145 13 132 169 161 70 3 15 155 184 167 189 69 109 35 0 29 160 33 138 104 21 82 8 144 111 143 159 106 124 62 18 55 34 170 152 183 140 4 149 28 20 60 148 47 94 66 172 179 185 99 130 95 86 166 194 176 113 103 89 163 153 81 77 141 91 61 36 177 5 78 175 45 162 80 190 136 73 31 193 117 54 121 51 125 191 90 122
630,48408,1764959752748019331,136 73 164 54 31 193 117 1 135 122 133 10 147 6 188 169 132 13 195 145 168 134 118 51 191 90 131 121 25 177 21 82 8 104 144 160 33 138 182 139 11 29 0 35 109 69 189 15 70 3 155 184 152 183 140 28 20 148 47 94 179 185 86 95 18 55 62 124 106 180 176 166 194 113 26 103 114 137 127 165 89 163 187 153 159 143 81 77 97 141 91 61 36 5 142 78 175 45 80 190
631,50561,1764959752748019332,160 144 56 104 25 118 74 134 6 147 10 133 122 135 63 38 27 131 90 191 125 51 121 1 156 198 117 193 31 54 164 73 136 190 80 45 142 175 78 5 177 7 36 61 79 91 141 21 87 8 82 77 81 111 29 0 109 35 143 124 106 176 113 103 163 89 165 127 114 166 194 86 179 185 95 183 140 55 18 62 34 152 184 155 15 3 70 161 188 169 132 13 145 195 168 139 11 182 138 33
632,47732,1764959752748019333,194 113 103 89 163 176 86 124 106 153 77 141 91 79 61 36 177 87 21 5 175 78 142 45 80 190 136 73 164 54 31 193 198 117 1 38 135 63 40 107 122 90 191 125 51 121 25 182 138 49 29 0 109 35 111 82 8 104 56 144 160 33 11 139 43 134 6 188 169 132 13 195 168 145 15 70 3 155 184 152 170 34 55 18 62 95 185 22 99 130 183 140 28 20 148 47 94 66 179 166
633,51099,1764959752748019334,11 49 33 160 104 56 144 111 35 109 0 29 195 168 43 134 85 74 118 51 191 90 121 73 136 80 190 193 31 54 117 198 1 135 122 133 147 6 188 169 132 126 13 145 15 70 3 155 184 152 140 183 95 130 99 185 166 194 113 103 89 127 187 146 153 163 176 86 128 62 18 55 34 124 106 143 159 81 77 97 141 82 8 87 21 91 79 61 36 78 175 142 45 5 177 123 25 182 138 139
634,48229,1764959752748019335,198 121 131 135 122 133 90 51 147 134 139 11 138 25 123 177 21 82 8 104 33 160 29 12 0 109 35 111 81 159 143 106 124 62 18 55 34 170 189 15 145 13 195 168 188 169 132 161 70 3 155 152 149 28 140 183 95 130 185 22 99 148 20 60 47 94 66 172 179 86 166 194 176 113 114 103 163 89 127 165 187 153 77 141 61 36 5 78 175 142 45 80 190 136 164 73 54 31 193 117
635,49306,1764959752748019336,43 134 51 121 25 177 5 78 175 142 45 162 80 190 136 73 54 31 193 117 131 90 122 135 32 102 63 40 107 133 10 147 6 188 169 11 33 160 29 0 35 109 189 15 145 168 195 13 132 161 70 3 155 184 152 140 28 20 148 183 34 55 18 62 124 106 86 95 185 179 166 194 176 113 103 114 137 127 89 163 165 187 153 81 97 77 87 21 61 36 91 141 82 111 144 8 104 138 182 139
636,48769,1764959752748019337,183 140 20 60 148 47 94 99 130 95 86 185 179 166 194 176 180 113 103 163 89 127 165 187 153 77 141 91 79 36 61 82 21 177 5 142 78 175 80 190 73 54 31 193 117 198 1 131 121 25 138 139 11 49 33 160 104 8 111 143 159 106 128 83 55 34 18 62 124 35 109 0 29 168 195 145 13 132 169 51 125 191 90 135 102 63 40 107 122 44 133 10 147 6 188 70 3 155 184 152
637,48948,1764959752748019338,25 177 5 142 45 136 164 31 193 198 117 54 73 190 80 175 78 36 61 91 141 21 104 138 182 11 49 33 160 29 0 109 35 111 144 56 8 82 77 81 153 163 89 127 137 114 103 113 194 166 176 180 106 143 124 128 62 18 55 95 86 185 179 94 148 20 28 140 183 152 184 155 3 70 15 145 195 13 132 169 188 6 168 43 139 134 147 133 107 40 100 63 102 135 122 90 51 121 118 74
638,48484,1764959752748019339,34 145 13 195 168 43 11 139 134 118 51 131 121 25 182 138 104 8 111 144 160 33 49 29 109 0 35 143 153 81 77 141 82 21 91 61 36 177 5 78 175 45 80 190 136 73 54 31 193 117 198 1 38 63 135 122 90 147 6 188 169 132 70 3 15 155 152 4 149 28 140 183 9 148 20 60 47 94 66 179 185 166 194 113 127 165 89 163 103 176 106 124 128 86 130 95 83 62 18 55
639,47159,1764959752748019340,87 82 77 81 153 187 163 89 127 137 114 103 26 113 180 176 194 166 86 106 159 143 124 62 34 55 18 185 95 130 99 179 94 47 148 60 20 28 140 183 152 170 184 155 3 70 161 188 169 132 13 15 145 195 168 11 33 160 29 0 109 35 111 8 104 138 182 139 43 134 85 6 147 51 90 10 133 122 63 135 131 121 54 117 193 31 73 190 80 45 142 175 78 5 177 36 61 91 141 21
640,49551,1764959752748019341,124 143 159 119 153 187 141 77 81 111 0 35 62 18 55 34 170 109 29 160 33 11 168 43 139 182 138 104 56 144 8 21 91 61 36 78 175 142 5 177 25 121 131 122 135 1 198 117 54 31 193 156 27 38 63 40 107 100 133 10 90 147 6 188 169 132 13 195 15 145 161 70 3 155 152 183 140 149 28 20 60 148 47 94 179 99 185 86 166 194 114 137 127 89 163 103 113 180 176 106
641,47748,1764959752748019342,95 130 99 22 179 172 66 94 47 148 60 20 28 140 183 34 55 18 62 124 106 159 143 35 111 160 33 49 11 139 134 182 138 25 121 54 31 193 117 198 156 1 38 63 40 107 10 133 122 32 135 131 90 51 147 6 188 169 132 13 195 168 145 15 70 3 155 152 170 189 69 109 0 29 144 56 104 8 82 21 177 5 78 175 36 61 141 77 81 153 163 89 127 103 113 176 194 166 86 185
642,47131,1764959752748019343,78 142 5 177 36 61 91 141 97 77 81 82 21 87 8 104 138 182 139 11 49 33 144 160 111 41 153 187 163 89 127 103 113 176 194 166 86 95 130 185 179 94 47 148 20 28 140 183 152 184 155 34 55 18 62 124 106 143 35 109 0 29 189 3 70 15 145 126 168 195 13 132 169 188 6 147 51 121 131 125 90 191 178 10 133 122 63 135 1 156 198 193 117 54 31 73 136 190 80 175
643,48445,1764959752748019344,121 118 74 134 43 126 195 168 139 11 33 160 144 111 104 138 25 54 31 193 136 190 80 162 45 142 175 78 5 177 36 61 91 141 21 8 82 77 153 187 165 137 127 89 163 103 113 180 176 194 166 86 185 179 94 47 148 20 28 140 183 130 95 55 34 18 62 124 106 159 143 35 109 0 29 189 170 152 184 155 3 70 161 15 145 13 132 169 188 6 147 51 90 122 63 135 1 198 117 131
644,46378,1764959752748019345,78 142 45 5 25 138 11 139 33 160 29 0 109 35 111 144 104 8 82 21 177 36 61 141 77 81 153 163 89 127 114 103 113 176 180 194 166 86 185 179 66 94 60 47 148 20 28 149 4 140 183 130 95 83 62 128 124 106 159 143 18 55 34 170 152 184 155 3 70 15 145 13 195 168 43 126 132 169 188 6 147 51 121 131 90 122 63 135 1 156 198 117 193 31 54 73 190 80 162 175
645,48202,1764959752748019346,29 0 12 111 144 160 33 49 11 139 138 182 25 157 104 56 8 82 77 141 91 177 21 87 61 36 5 78 175 45 162 80 190 136 73 164 54 31 193 117 198 1 38 63 135 122 131 121 51 90 147 188 169 132 13 195 168 145 15 3 70 189 155 184 152 34 55 18 62 124 128 183 140 20 60 47 148 94 66 172 179 185 130 95 86 166 194 176 113 103 127 89 163 153 81 159 106 143 35 109
646,50911,1764959752748019347,182 139 11 49 33 160 144 8 111 35 109 0 29 189 34 55 18 62 95 86 176 113 194 166 185 148 20 28 140 183 152 170 184 155 3 70 15 145 13 195 168 126 132 169 188 43 134 6 147 71 191 90 122 133 107 40 100 63 135 131 121 51 98 118 25 123 5 45 136 73 31 54 117 193 190 80 175 78 142 177 36 61 91 141 187 127 89 163 106 124 143 159 81 153 97 77 82 21 104 138
647,49327,1764959752748019348,134 139 11 29 0 109 35 160 33 138 182 25 177 21 87 8 104 144 111 82 77 81 153 163 103 114 127 89 165 187 97 141 91 79 61 36 5 78 175 45 80 190 136 73 54 31 193 117 198 156 1 27 38 102 63 135 122 131 121 51 90 191 147 6 188 169 132 70 3 155 152 140 28 20 183 95 185 166 194 113 180 176 86 128 124 106 143 62 83 18 55 34 189 145 15 13 126 195 168 43
648,49319,1764959752748019349,111 144 160 33 49 11 138 182 139 134 74 118 25 158 121 112 19 151 54 31 190 80 136 73 164 193 117 198 156 1 135 63 122 125 51 120 90 191 147 6 188 169 132 70 3 155 15 145 13 126 195 168 29 0 109 35 143 106 124 128 62 83 18 55 34 152 140 183 95 130 185 86 166 194 176 113 103 114 137 127 89 163 153 81 77 141 91 61 36 78 175 142 45 5 177 21 87 82 8 104
649,46370,1764959752748019350,95 183 34 55 18 62 124 143 106 128 86 166 194 180 176 113 103 114 127 89 163 187 153 81 77 141 91 36 61 82 87 21 177 5 142 78 175 45 162 80 190 136 73 164 193 31 54 151 117 198 156 1 135 63 40 107 133 122 90 121 25 104 8 144 160 33 138 182 139 11 29 0 35 109 168 195 13 169 188 132 145 15 70 3 155 184 152 140 28 20 60 148 47 94 66 179 185 22 99 130
650,49410,1764959752748019351,152 155 15 3 70 188 6 147 191 90 133 122 63 135 131 51 118 134 169 132 13 195 168 145 189 109 0 29 11 138 121 112 19 151 54 1 156 198 117 193 31 164 73 136 190 80 175 78 5 177 61 36 91 21 82 8 111 144 56 104 33 160 35 143 106 124 62 18 34 55 128 176 180 163 153 77 141 97 187 127 89 103 113 194 166 86 95 130 185 179 66 94 47 148 60 20 28 149 140 183
651,48113,1764959752748019352,114 103 163 89 127 165 187 153 77 141 36 61 21 82 111 8 104 144 160 33 138 11 49 29 0 109 35 143 106 124 128 86 185 95 62 18 55 34 189 145 13 132 126 195 168 139 43 134 90 122 135 63 38 27 1 117 193 31 54 73 136 190 80 175 5 177 25 121 51 147 192 6 188 169 70 15 3 155 184 152 140 4 149 28 199 183 130 99 148 20 60 47 94 66 179 166 194 176 180 113
652,47541,1764959752748019353,109 35 34 170 152 183 140 4 149 28 20 148 47 94 66 179 99 130 95 55 18 62 83 185 86 166 194 176 180 113 103 89 163 187 77 81 153 106 128 124 143 111 104 8 82 141 91 79 61 36 177 5 78 175 142 45 80 190 136 73 164 31 54 193 117 198 156 1 27 38 63 135 122 131 121 51 90 147 85 134 6 188 132 169 70 3 15 145 13 195 168 139 182 138 11 33 160 144 29 0
653,50024,1764959752748019354,94 47 148 20 185 130 95 183 140 28 152 155 15 3 70 161 13 132 169 188 6 147 90 122 133 107 40 63 135 38 1 24 156 198 117 193 164 31 54 73 136 190 80 45 142 175 78 5 36 61 79 91 141 87 21 177 25 158 121 51 134 43 168 195 145 189 34 18 62 124 106 35 109 0 12 29 160 144 56 33 49 11 139 138 104 8 82 111 41 81 77 153 163 103 113 176 194 166 86 179
654,46492,1764959752748019355,168 139 11 138 33 160 144 29 0 109 35 111 8 104 21 82 81 159 143 106 124 62 18 34 55 128 86 185 95 183 140 149 28 20 148 47 94 66 179 166 194 176 180 113 103 127 89 163 187 146 153 77 141 91 61 36 177 5 78 175 45 80 190 136 73 164 31 54 193 117 198 156 1 27 38 135 63 40 107 122 131 112 121 118 98 51 90 133 10 147 6 188 169 132 13 70 3 15 145 195
655,49109,1764959752748019356,89 127 137 114 113 194 166 86 185 47 148 20 28 140 183 152 155 189 3 70 15 145 13 195 168 126 132 169 188 6 134 118 98 51 90 10 133 122 135 63 38 1 24 156 198 117 193 190 80 175 78 5 136 164 73 31 54 19 112 121 158 25 177 8 104 144 160 33 138 182 139 11 49 39 29 0 109 35 111 82 21 61 36 91 141 97 77 81 153 159 143 34 55 18 62 124 106 176 103 163
656,48333,1764959752748019357,121 112 158 25 177 36 61 141 77 81 153 163 113 176 194 166 86 106 159 143 124 62 83 18 55 183 9 95 130 99 185 179 66 94 47 148 60 20 28 149 4 140 152 34 35 109 0 29 111 82 8 104 144 160 33 11 138 182 139 168 195 145 15 3 70 132 13 126 169 188 6 147 71 51 191 90 122 133 10 72 107 40 100 63 135 1 198 117 193 54 31 164 73 190 80 175 78 5 45 136
657,48305,1764959752748019358,55 152 155 3 70 15 145 168 195 13 132 169 188 6 147 51 125 191 90 122 44 133 10 107 40 100 63 102 135 131 121 1 156 198 117 54 31 193 190 80 175 78 142 5 25 182 138 11 29 0 109 35 144 160 33 56 104 177 36 61 141 21 82 8 111 77 97 81 146 187 153 163 89 165 127 114 103 113 180 176 194 166 179 94 47 148 20 140 183 95 130 185 86 128 106 159 143 124 62 18
658,48622,1764959752748019359,10 133 122 90 191 147 6 188 169 168 11 139 138 33 160 35 109 0 29 195 13 132 161 70 3 15 145 155 152 55 18 62 124 106 95 130 183 140 20 148 47 94 66 179 99 185 86 166 194 176 180 113 103 127 89 163 187 153 143 111 144 104 8 82 81 77 97 141 36 61 21 177 5 78 175 142 45 80 190 136 73 25 74 118 98 51 131 121 112 19 54 31 193 117 198 1 135 63 40 107
659,46962,1764959752748019360,169 188 6 147 90 51 121 131 135 63 38 27 1 156 198 117 193 31 54 73 136 190 80 45 142 175 78 5 177 25 182 138 11 33 160 29 109 35 0 144 104 8 82 87 21 61 36 141 77 153 81 111 41 159 143 106 124 128 62 18 55 34 170 183 95 86 176 113 103 163 89 127 114 194 166 185 179 172 66 94 47 148 60 20 28 140 152 184 155 3 70 161 15 145 13 195 168 139 43 132
660,49627,1764959752748019361,164 136 190 80 45 5 142 175 78 36 61 91 141 187 153 81 77 82 111 144 29 0 109 35 143 106 176 163 89 103 113 194 166 86 185 99 22 179 94 47 148 60 20 140 183 130 95 128 124 62 18 55 34 170 152 53 184 155 3 70 161 15 145 132 169 188 6 13 195 168 139 134 118 98 51 90 122 135 131 121 112 19 158 25 138 11 33 160 104 8 87 21 177 73 31 54 117 198 156 193
661,48221,1764959752748019362,97 141 91 79 61 36 78 175 80 190 193 117 198 31 54 164 73 136 45 5 177 21 82 111 8 104 25 121 131 1 135 63 122 133 90 191 51 71 147 6 188 169 132 13 195 168 139 11 182 138 33 160 29 189 145 15 70 3 155 184 152 183 140 28 20 148 47 94 66 179 185 130 95 86 166 194 176 113 103 127 89 163 187 146 153 143 159 106 124 128 62 83 18 55 34 109 0 35 81 77
662,46943,1764959752748019363,6 147 71 51 90 133 122 135 131 121 1 198 117 193 31 54 73 190 80 45 5 78 175 36 61 91 141 97 77 81 153 187 163 89 127 103 113 180 176 88 194 166 86 95 130 185 179 66 94 47 148 60 20 28 140 183 152 34 55 18 62 128 124 106 143 159 111 35 109 0 12 29 49 33 160 144 104 8 82 87 21 177 25 182 138 11 139 168 195 13 145 189 155 3 15 70 132 169 65 188
663,48339,1764959752748019364,111 81 77 97 141 61 36 5 177 21 8 104 56 144 160 33 49 11 168 195 43 139 138 182 74 118 51 121 112 131 1 117 54 31 164 73 136 80 190 193 198 156 16 27 38 63 135 122 133 90 191 147 6 188 169 132 13 145 15 70 3 155 184 152 183 140 149 28 20 60 148 47 94 66 179 22 99 95 185 86 166 194 176 180 113 103 114 137 127 89 163 153 106 124 62 18 35 109 0 29
664,49122,1764959752748019365,142 175 78 177 104 56 111 35 109 0 29 49 33 160 144 8 82 21 61 36 141 97 77 153 187 163 89 127 114 113 103 194 166 176 180 106 124 128 62 18 34 55 130 95 86 185 99 179 94 47 148 60 20 140 183 152 170 184 155 15 145 3 70 132 13 195 168 169 188 6 147 90 122 135 1 117 198 156 42 193 190 80 136 73 164 31 54 112 121 51 98 118 134 43 139 11 138 182 25 5
665,46742,1764959752748019366,31 193 117 198 1 135 63 122 133 10 147 71 191 90 131 121 51 118 74 134 6 188 169 70 3 15 145 13 195 168 139 11 182 138 33 104 8 21 82 111 144 160 29 0 109 35 143 159 106 124 62 83 18 55 34 170 155 184 152 183 140 28 149 4 59 20 60 148 47 94 179 185 95 130 86 166 194 176 113 103 89 163 153 81 77 97 141 61 36 177 5 45 142 78 175 80 190 73 164 54
666,48967,1764959752748019367,189 155 152 170 34 55 18 62 95 130 185 22 99 9 199 183 140 28 20 60 148 47 94 179 166 86 128 124 106 143 159 153 176 194 113 103 89 163 187 141 77 81 111 144 104 8 82 21 61 36 78 175 142 5 177 25 118 51 121 54 31 190 80 193 117 1 135 63 40 107 10 133 122 125 90 191 147 134 139 182 138 11 33 160 35 109 0 29 168 195 13 132 169 6 188 70 161 15 3 145
667,47502,1764959752748019368,31 54 117 1 131 112 121 51 125 90 135 63 40 107 122 133 10 191 71 147 6 188 169 132 161 70 3 15 145 13 126 195 168 139 11 138 33 160 29 0 109 35 111 8 77 81 153 159 143 128 86 185 95 130 99 22 179 172 66 94 47 148 60 20 28 149 4 140 183 152 170 34 55 18 62 124 106 163 180 176 166 194 113 103 89 127 187 141 91 79 61 36 21 177 5 78 175 80 190 193
668,47122,1764959752748019369,35 109 69 189 155 184 152 170 34 55 18 62 124 106 128 86 185 99 130 95 183 140 28 20 60 148 47 94 179 166 194 176 113 114 137 127 89 103 163 153 81 77 97 141 82 111 8 21 91 61 36 177 104 56 144 160 33 138 182 118 51 191 90 131 121 25 5 142 78 175 80 190 193 31 73 54 117 198 156 1 135 63 40 107 147 6 188 169 132 13 70 3 15 145 195 168 139 11 29 0
669,48661,1764959752748019370,153 187 146 141 61 36 5 78 175 142 45 80 190 73 164 54 31 193 117 1 135 63 122 133 10 147 6 188 169 132 126 168 195 13 161 70 3 15 145 29 189 155 152 170 34 18 55 183 140 28 20 148 47 94 179 166 194 113 103 89 127 165 163 176 86 185 130 95 128 62 124 106 159 143 35 109 0 111 82 8 104 144 160 33 11 138 182 139 134 51 90 131 121 158 25 177 21 77 97 81
670,47550,1764959752748019371,163 89 165 127 137 114 103 113 180 176 194 166 86 185 95 130 99 179 94 47 148 20 140 183 62 18 55 34 170 152 155 3 70 161 15 145 168 195 13 132 169 188 6 134 147 51 90 10 133 122 63 135 131 112 121 1 198 117 193 31 54 164 73 190 80 162 45 175 78 5 25 182 138 139 11 29 12 0 109 35 160 33 104 8 111 82 21 177 36 61 91 141 77 97 187 153 81 143 124 106
671,48546,1764959752748019372,127 165 187 146 97 77 141 91 61 36 5 45 142 78 175 162 80 190 193 31 73 54 117 198 156 1 63 135 131 121 158 25 177 21 8 104 182 138 33 49 11 139 118 51 90 191 147 134 6 188 169 132 13 195 168 145 15 70 3 155 184 170 152 183 140 20 148 47 94 185 130 95 86 166 194 114 113 180 176 106 159 143 124 62 83 18 55 34 109 35 0 29 160 144 111 81 153 163 103 89
672,48499,1764959752748019373,162 80 190 73 54 31 193 117 198 1 121 25 21 87 82 58 77 81 153 106 128 62 124 159 143 35 109 0 29 160 144 111 8 104 56 33 11 138 182 139 168 195 43 134 51 90 147 6 188 169 132 13 145 15 70 3 155 184 152 34 55 18 83 183 140 28 20 148 47 94 179 22 99 95 130 185 86 166 194 176 180 113 103 163 89 127 137 165 187 97 141 91 61 36 177 5 78 175 142 45
673,48387,1764959752748019374,145 189 155 184 152 183 140 28 20 148 47 94 99 185 179 166 86 124 62 18 83 55 34 35 109 0 29 160 33 138 182 11 139 168 195 134 118 51 121 25 104 8 144 111 143 106 176 180 194 113 103 114 137 127 89 163 187 146 153 81 77 97 141 82 21 91 79 61 36 177 5 142 78 175 80 190 136 193 54 31 117 1 38 63 40 107 133 122 135 90 191 147 6 188 169 132 13 70 3 15
674,48155,1764959752748019375,40 63 38 27 1 198 117 193 31 54 73 190 80 175 78 142 5 177 36 61 141 77 81 153 187 163 89 127 103 113 180 176 194 166 86 179 185 99 130 95 128 124 106 143 62 18 55 34 183 140 28 149 4 152 170 184 155 189 109 35 0 29 111 82 87 21 8 104 56 144 160 33 49 11 168 195 145 15 3 70 161 13 132 169 188 6 147 90 51 118 134 139 138 182 25 158 121 131 135 122
675,49375,1764959752748019376,153 143 35 109 0 160 33 144 104 21 82 8 111 81 77 141 61 36 177 5 78 175 45 162 80 190 136 73 25 118 51 125 191 90 131 121 112 19 54 31 193 117 198 156 1 16 27 38 63 40 107 100 135 122 133 10 147 6 188 169 132 70 3 15 145 13 195 168 43 134 139 182 138 11 49 29 189 155 152 140 183 148 47 94 179 185 86 95 55 34 18 62 124 106 166 194 176 113 103 163
676,47082,1764959752748019377,117 198 121 131 1 27 38 135 63 40 107 122 133 10 90 191 51 147 6 188 134 74 182 138 33 160 11 139 168 195 126 169 132 13 145 15 3 70 155 184 152 34 55 18 62 86 95 130 183 140 28 20 60 148 47 94 99 22 185 179 166 194 176 180 113 103 127 89 163 153 77 81 159 106 124 143 35 109 0 29 144 104 8 82 141 91 61 36 177 5 78 175 45 80 190 136 73 54 31 193
677,46494,1764959752748019378,140 183 83 62 18 55 34 152 184 155 3 70 15 145 132 13 195 168 169 188 6 134 139 11 182 138 33 160 29 109 0 35 143 124 106 159 41 111 144 104 56 8 82 87 21 177 25 121 51 191 90 10 133 107 40 100 63 122 135 1 198 193 117 54 31 73 136 190 80 45 175 78 5 36 61 91 141 77 81 153 187 163 89 127 114 103 113 176 194 166 86 95 185 179 94 47 148 60 20 28
678,48978,1764959752748019379,130 185 179 94 47 148 20 140 183 62 18 55 34 152 184 155 3 70 15 145 13 132 169 195 168 11 33 160 29 109 35 0 144 56 8 111 82 87 21 104 138 182 139 134 118 51 71 147 191 90 133 122 135 63 38 1 24 156 198 117 31 54 151 131 121 112 19 73 164 193 190 80 45 175 78 5 177 36 61 91 141 77 153 106 124 176 180 113 26 103 163 89 165 127 137 114 194 166 86 95
679,48578,1764959752748019380,160 33 138 51 90 121 131 1 117 54 31 73 190 80 175 78 5 45 136 193 198 156 27 38 63 135 122 133 147 6 188 169 132 70 3 15 145 13 126 195 168 43 139 11 29 12 0 109 35 143 106 124 62 18 86 185 130 95 183 34 155 184 170 152 140 28 20 60 148 47 94 99 22 179 166 194 176 113 103 163 89 127 165 187 146 153 81 77 111 82 141 91 61 36 177 21 87 8 104 144
680,48357,1764959752748019381,18 62 124 106 143 159 180 176 166 194 113 103 114 127 89 163 187 153 81 111 8 21 87 82 77 97 141 91 79 61 36 5 142 78 175 80 190 193 198 117 54 31 177 104 144 29 109 35 0 160 33 138 182 11 139 134 118 51 121 131 135 63 122 90 191 147 6 188 169 132 13 195 168 145 15 70 3 155 152 28 20 60 148 47 94 179 185 22 99 130 9 199 140 183 95 86 128 83 55 34
681,48682,1764959752748019382,135 1 198 117 193 31 54 73 190 80 45 142 175 78 5 177 25 182 138 11 33 104 21 61 36 141 187 163 89 165 137 114 127 103 113 180 176 88 194 166 86 185 179 22 99 130 95 183 140 94 47 148 20 28 149 152 170 34 55 18 83 62 124 106 143 159 119 153 81 77 82 8 144 160 29 0 35 109 155 145 15 3 70 161 188 6 169 132 13 195 168 139 134 51 90 121 112 19 131 122
682,48911,1764959752748019383,159 153 81 77 82 21 141 91 61 36 177 5 142 78 175 80 190 193 117 54 31 164 73 112 121 131 122 32 135 1 16 27 38 63 40 107 133 10 147 71 191 90 51 98 118 74 134 6 188 169 132 70 3 15 145 13 195 168 139 11 138 33 104 8 111 144 160 29 0 35 109 155 152 170 34 18 55 183 140 148 47 94 185 95 62 124 128 86 166 194 180 176 113 103 114 127 89 163 106 143
683,49075,1764959752748019384,36 61 79 91 141 77 97 187 163 89 127 103 113 176 153 81 111 29 0 109 35 143 106 124 128 86 194 166 179 185 99 94 47 148 20 28 140 183 62 18 55 34 170 152 155 3 70 161 15 145 132 169 188 6 126 13 195 168 139 182 138 11 33 160 144 56 8 82 21 104 25 31 54 121 51 98 118 74 134 147 191 90 10 133 122 135 63 38 27 1 117 193 136 190 80 45 175 78 5 177
684,49228,1764959752748019385,6 134 147 10 133 131 121 125 90 191 51 139 11 182 138 33 160 29 109 35 0 111 8 82 21 61 36 177 5 73 31 54 117 1 135 122 107 40 63 38 27 198 193 136 190 80 45 175 78 141 77 187 163 103 89 127 113 194 166 185 99 22 179 94 47 148 20 28 140 183 95 86 176 153 81 143 159 106 124 128 62 18 83 55 34 170 152 53 184 155 70 3 15 145 168 195 13 132 169 188
685,48564,1764959752748019386,80 190 136 73 31 54 193 117 198 121 131 135 122 133 90 191 51 118 74 25 182 138 104 8 82 111 144 160 33 49 11 139 168 195 43 134 6 188 169 132 13 145 15 70 3 155 184 189 69 29 0 109 35 34 55 152 183 140 4 149 28 20 60 148 47 94 66 179 166 194 113 176 86 185 22 99 130 95 18 62 124 106 143 159 153 81 77 97 141 91 36 61 87 21 177 5 78 175 142 45
686,50509,1764959752748019387,34 183 130 95 86 176 113 103 163 89 165 127 137 114 194 166 185 179 94 47 148 20 140 152 184 155 15 3 70 188 169 132 195 168 139 134 118 74 182 138 11 49 29 0 109 35 160 33 104 177 5 142 45 173 19 151 1 135 32 122 131 121 51 191 90 133 107 40 63 38 27 16 156 198 117 193 54 31 164 73 136 190 80 175 78 36 61 141 97 77 82 8 144 111 143 106 124 62 18 55
687,46653,1764959752748019388,47 148 20 28 149 4 140 183 152 170 34 55 18 62 128 124 106 143 35 109 0 29 160 49 168 195 13 145 189 155 15 3 70 161 132 169 188 147 90 122 107 40 63 102 135 38 1 156 198 117 193 31 54 73 112 121 51 134 43 139 11 182 138 33 104 144 111 8 82 21 177 5 142 45 190 80 175 78 36 61 91 141 77 81 153 163 89 127 103 113 180 176 194 166 86 95 130 185 179 94
688,46300,1764959752748019389,11 182 138 104 8 82 21 61 36 141 77 153 163 89 103 113 176 194 166 86 185 95 130 99 22 179 66 94 47 148 60 20 28 149 4 140 183 152 170 34 55 18 62 124 106 143 111 144 160 33 49 29 12 0 35 109 168 195 145 15 3 70 13 132 169 188 6 147 191 90 133 122 135 63 38 1 117 193 31 54 73 136 190 80 162 175 78 142 45 5 177 25 121 51 98 118 74 134 43 139
689,48083,1764959752748019390,152 170 34 55 18 62 95 86 124 106 159 143 111 8 104 138 182 25 118 74 139 11 33 29 0 35 109 145 15 3 70 161 13 195 168 126 132 169 188 43 134 6 147 51 121 131 125 191 90 122 107 40 63 135 1 24 156 198 117 193 31 54 73 136 190 80 45 175 78 5 177 36 61 21 82 141 97 77 81 153 187 163 89 127 114 103 26 113 176 194 166 185 179 94 47 148 20 28 140 183
690,48586,1764959752748019391,113 180 176 194 166 86 124 106 159 143 62 18 34 55 95 130 185 179 66 94 154 47 148 60 20 28 140 183 152 170 184 155 189 145 15 3 70 169 188 132 13 195 168 109 35 0 29 33 11 139 43 134 51 90 131 121 25 182 138 104 144 111 8 82 21 177 73 31 54 117 1 135 122 63 102 38 27 156 198 193 190 80 175 5 36 61 141 97 77 81 153 146 187 165 89 127 137 114 103 163
691,49069,1764959752748019392,35 109 0 29 160 144 104 33 138 11 168 126 195 145 15 3 70 13 132 169 188 147 191 90 122 63 135 131 121 51 98 118 74 134 139 182 25 73 31 54 117 193 190 80 175 78 5 177 21 8 82 61 36 91 141 77 81 153 143 106 124 62 18 34 55 140 183 95 130 86 88 176 180 113 26 103 163 89 165 127 137 114 194 166 52 172 179 185 99 94 47 148 20 28 149 152 170 155 184 189
692,46415,1764959752748019393,56 144 33 160 29 0 109 35 111 143 106 124 128 62 18 55 34 170 152 140 28 20 60 148 47 94 179 185 99 130 183 95 86 166 194 180 176 113 103 114 137 127 89 163 187 153 81 77 141 61 36 177 5 78 175 80 190 73 54 31 193 117 198 1 63 40 107 122 135 131 121 90 147 6 188 169 132 161 70 3 15 155 184 189 145 13 195 168 43 134 139 11 138 182 25 21 87 82 8 104
693,48681,1764959752748019394,80 190 193 117 198 1 16 27 38 131 90 122 135 63 100 40 107 133 10 147 6 188 169 132 13 70 3 15 145 195 168 126 43 134 139 11 49 29 0 109 35 18 62 124 106 86 95 130 183 140 28 20 148 47 94 99 185 179 172 166 194 176 113 103 114 127 89 163 153 81 111 144 160 33 138 182 104 8 21 82 77 141 36 177 25 74 118 51 121 112 54 31 164 73 136 45 5 142 78 175
694,48513,1764959752748019395,124 62 18 55 95 130 183 140 149 28 20 60 148 47 94 179 185 86 166 194 176 113 103 163 153 81 111 77 97 141 91 36 61 21 87 82 8 177 5 45 142 78 175 80 190 193 198 117 54 31 164 73 25 182 138 104 56 144 33 160 29 49 11 139 134 51 120 191 90 125 121 131 1 27 38 63 135 122 133 10 147 6 188 169 132 168 195 13 70 3 15 145 189 155 152 34 109 0 35 106
695,49106,1764959752748019396,11 139 168 195 33 160 29 0 109 35 143 159 124 106 153 81 77 141 187 163 103 89 165 127 137 114 113 180 176 194 166 86 128 62 18 34 55 95 130 185 52 172 179 66 94 47 22 99 9 183 199 148 60 20 28 101 149 4 140 152 184 155 3 70 15 145 13 132 169 188 6 134 85 147 51 90 133 122 135 131 121 112 19 73 31 54 117 193 190 80 175 78 5 177 21 82 111 8 104 138
696,49209,1764959752748019397,21 8 104 144 160 33 138 182 25 121 125 90 131 1 27 38 135 63 40 107 133 10 147 71 51 98 118 74 134 139 11 168 195 13 132 169 188 70 3 15 145 155 29 0 109 35 62 18 55 34 152 183 140 20 148 47 94 179 99 130 95 185 86 124 106 143 159 81 153 163 103 113 180 176 166 194 114 137 127 89 187 77 97 141 91 61 36 5 78 175 45 80 190 136 31 193 117 54 73 177
697,50127,1764959752748019398,77 81 187 127 89 103 113 163 153 143 106 124 128 62 83 18 55 140 183 95 185 86 176 166 179 94 148 20 28 149 4 152 170 34 35 109 0 29 160 33 138 182 11 139 168 195 145 15 3 70 13 132 169 188 6 147 178 10 133 191 51 90 122 135 63 38 1 121 112 19 73 54 31 117 198 193 190 80 136 173 25 104 8 144 111 82 87 21 177 78 175 142 162 45 5 36 61 79 91 141
698,47854,1764959752748019399,94 66 179 185 86 166 194 176 180 113 103 163 153 81 77 141 111 144 8 82 21 91 61 36 177 5 78 175 45 80 190 136 73 54 31 193 117 198 156 1 135 63 122 131 121 158 25 104 160 33 49 11 138 182 139 134 51 90 191 147 6 188 169 132 126 168 195 13 145 15 70 3 155 184 53 152 170 55 18 62 34 189 29 0 109 35 143 106 124 128 95 130 183 140 4 149 28 20 148 47
699,48349,1764959752748019400,152 140 183 95 130 99 28 20 60 148 47 94 66 179 185 86 166 194 176 180 113 103 89 163 187 153 81 159 143 106 124 62 83 18 55 34 170 109 35 0 29 160 144 111 77 82 8 104 21 36 177 5 78 175 142 45 162 80 190 73 54 31 193 117 198 156 27 38 16 1 112 121 131 135 122 133 90 51 98 118 74 182 138 33 49 11 139 168 195 134 6 188 169 132 13 145 15 3 70 155
700,48702,1764959752748019401,62 124 143 106 128 130 95 183 140 28 20 148 47 94 179 99 185 86 166 194 176 180 113 103 127 89 163 153 77 111 35 109 0 29 160 104 8 82 21 61 36 177 25 5 45 142 78 175 162 80 190 73 164 54 31 193 117 24 1 156 198 151 19 112 121 131 16 27 38 63 135 122 133 10 191 90 125 51 118 182 138 33 11 168 195 13 134 147 6 188 169 132 145 15 70 3 155 152 55 18
701,47572,1764959752748019402,133 107 40 100 122 135 63 38 27 16 1 198 117 193 31 54 73 190 80 175 78 5 177 25 138 104 160 33 11 139 43 168 29 0 109 35 111 8 82 21 61 36 141 97 77 81 153 163 89 103 113 176 194 166 86 185 179 172 57 66 94 47 99 130 95 106 143 124 62 18 55 34 183 148 60 20 28 140 152 184 155 3 70 15 145 13 132 195 169 188 6 147 71 51 125 121 131 90 191 10
702,49465,1764959752748019403,21 177 5 142 78 175 45 80 190 136 73 54 31 193 121 118 98 51 191 90 122 135 38 16 1 117 198 156 27 63 40 107 133 10 147 6 188 169 161 70 3 15 145 13 132 126 195 168 43 134 85 139 182 138 11 33 160 29 12 0 109 35 143 106 124 128 62 18 55 34 170 53 152 28 140 183 95 130 185 179 86 166 194 176 113 103 89 163 153 77 141 91 36 61 82 111 144 56 104 8
703,49466,1764959752748019404,20 28 140 152 184 155 189 15 3 70 161 145 126 43 168 195 13 132 169 188 6 147 90 51 118 74 85 134 139 11 49 33 160 144 56 104 138 182 25 158 121 131 1 117 193 31 54 164 73 136 190 80 45 142 175 78 5 177 36 61 91 21 87 82 8 111 29 0 109 35 34 55 183 130 95 18 62 128 124 106 143 159 81 77 141 187 153 163 113 176 194 166 86 185 179 66 94 47 148 60
704,48628,1764959752748019405,193 117 198 1 27 38 102 63 135 122 133 10 90 191 147 6 188 169 132 13 195 168 139 182 138 104 144 29 160 33 11 145 15 161 70 3 155 189 109 0 35 34 170 152 140 4 149 28 59 20 60 148 47 94 66 179 185 99 130 86 95 183 55 18 83 62 128 124 106 180 176 166 194 113 103 163 89 127 187 153 77 82 8 21 61 36 177 5 78 175 80 190 136 25 118 51 121 73 54 31
705,48362,1764959752748019406,183 130 99 179 66 94 47 148 60 20 28 149 140 152 170 34 55 18 62 124 106 143 35 109 0 29 160 33 49 11 138 182 139 134 43 168 195 126 145 15 3 70 13 132 169 188 6 147 71 191 125 90 10 133 122 135 1 117 193 190 80 73 31 54 112 121 51 98 118 74 25 177 175 5 36 61 21 82 8 104 56 144 111 41 81 77 141 187 153 163 89 127 103 113 176 194 166 86 185 95
706,47756,1764959752748019407,166 86 95 130 183 140 9 99 185 179 94 47 148 20 28 152 155 189 145 15 3 70 161 188 6 169 132 13 195 168 43 139 11 138 104 160 33 29 0 109 35 34 55 18 62 128 124 106 143 159 111 144 8 82 21 177 25 182 74 118 98 51 121 90 191 147 10 133 122 135 1 198 117 193 31 54 73 136 190 80 45 5 142 175 78 36 61 91 141 77 81 153 163 89 127 103 113 180 176 194
707,49903,1764959752748019408,147 178 10 133 191 120 51 125 90 122 63 135 1 198 117 193 190 80 73 164 31 54 121 118 134 139 182 25 177 5 78 175 36 61 21 8 104 144 33 138 11 160 29 0 109 35 111 82 77 81 153 143 106 124 62 18 34 55 83 128 176 113 26 103 163 89 127 114 194 166 86 95 183 140 9 99 130 185 179 94 47 148 20 28 149 152 184 155 3 70 15 145 195 168 43 126 13 132 169 188
708,48835,1764959752748019409,111 81 77 82 87 21 141 91 61 36 177 136 73 164 31 54 117 24 1 156 198 193 190 80 45 142 175 78 5 25 104 33 49 11 138 182 139 134 118 51 121 131 135 63 40 122 90 147 6 188 169 168 195 13 70 3 15 145 155 152 34 55 18 62 128 95 183 140 9 199 4 149 28 20 60 148 47 94 179 185 86 166 194 176 113 103 89 163 187 153 143 106 124 35 109 0 29 160 144 8
709,49585,1764959752748019410,194 166 86 95 130 185 179 94 47 148 60 20 28 140 183 34 55 18 62 124 106 159 143 35 109 189 155 3 70 161 15 145 168 195 13 132 169 188 6 147 191 90 178 133 10 122 107 40 100 63 135 117 31 121 51 134 139 11 182 138 33 160 49 29 0 41 81 77 58 82 87 21 8 111 144 56 104 25 5 45 190 80 175 78 142 177 36 61 91 141 97 153 187 163 89 127 103 113 180 176
710,47351,1764959752748019411,27 1 198 117 54 73 164 31 193 190 80 45 142 175 78 5 177 36 61 91 141 97 187 153 81 77 82 87 21 8 144 111 35 143 106 124 62 18 34 55 95 130 185 86 176 103 163 89 165 127 114 113 194 166 179 66 94 47 148 20 28 140 183 152 155 15 3 70 188 147 6 169 132 13 195 168 145 109 0 29 160 33 11 139 182 138 104 25 121 51 191 90 122 133 107 40 63 102 135 38
711,48358,1764959752748019412,103 89 127 187 97 77 141 91 61 36 177 5 142 78 175 45 162 80 190 136 193 117 54 31 164 73 25 158 112 121 135 63 122 133 90 191 51 147 6 188 169 132 13 145 15 70 3 155 152 183 140 4 149 28 20 148 47 94 179 166 86 185 130 95 34 55 18 62 124 106 159 143 35 109 0 29 160 33 11 139 168 195 134 118 74 182 138 104 56 144 8 21 82 111 81 153 163 176 194 113
712,47024,1764959752748019413,124 143 106 128 86 185 130 95 183 140 20 60 148 47 94 66 99 22 179 166 194 176 180 113 114 137 127 89 103 163 187 153 81 111 35 109 0 29 160 33 11 182 138 144 82 77 141 36 61 21 8 104 25 177 5 78 175 142 45 80 190 193 31 54 117 198 156 1 121 131 135 63 122 90 51 147 6 188 169 132 13 195 43 134 139 168 145 15 161 70 3 155 184 152 170 34 55 18 83 62
713,47934,1764959752748019414,185 179 94 47 148 20 130 95 128 106 124 62 18 55 34 183 140 152 155 3 70 161 15 145 195 13 132 169 188 6 134 147 71 51 125 90 191 10 133 122 135 63 38 131 121 1 156 198 117 54 73 31 193 190 80 162 175 78 142 45 5 36 61 91 141 21 177 25 182 139 43 168 11 138 33 160 29 0 109 35 111 144 56 104 8 82 77 81 153 187 163 89 127 103 113 194 180 176 166 86
714,47659,1764959752748019415,63 122 131 121 51 90 147 134 139 11 6 188 169 132 13 195 168 145 15 70 3 155 184 152 183 95 130 99 9 140 28 20 148 47 94 66 179 185 166 194 113 114 137 127 89 165 187 97 77 81 153 163 103 176 86 55 34 18 62 124 106 159 143 35 109 0 29 160 33 138 104 56 144 111 8 82 21 141 91 79 61 36 177 5 78 175 45 80 190 136 73 164 193 31 54 151 117 198 1 135
715,46620,1764959752748019416,176 194 166 86 95 130 185 179 94 47 148 20 28 140 183 152 34 55 18 83 62 124 106 159 143 111 82 8 144 56 104 138 182 134 139 11 49 33 160 0 35 109 29 168 195 13 145 15 3 70 132 169 188 6 147 191 90 122 107 40 63 135 131 125 51 121 112 1 156 198 117 193 31 54 73 190 80 45 142 175 78 5 177 87 21 61 36 91 141 97 77 81 153 187 163 165 127 89 103 113
716,45744,1764959752748019417,61 141 77 81 153 187 163 103 89 127 137 114 113 180 176 194 166 86 185 179 66 94 47 148 60 23 20 28 140 183 130 95 128 124 106 159 143 62 18 55 34 152 184 155 3 70 161 15 145 168 195 13 132 169 188 6 134 139 11 29 109 35 0 160 33 138 104 144 111 8 82 21 177 25 121 51 191 90 10 133 122 135 63 102 38 27 16 1 156 198 117 54 31 193 190 80 175 78 5 36
717,49796,1764959752748019418,131 121 112 1 156 198 117 193 31 54 73 136 105 190 80 46 162 45 175 78 142 5 36 61 91 21 82 8 177 25 182 139 11 49 138 104 56 144 160 33 39 29 12 0 109 35 111 77 141 187 153 81 159 143 124 106 176 180 26 103 163 89 127 137 114 113 194 166 179 94 47 60 20 148 99 185 86 95 62 18 55 34 183 140 152 184 155 3 70 145 195 168 169 188 6 147 90 122 63 135
718,49205,1764959752748019419,4 149 28 59 199 9 148 20 60 47 94 66 179 185 86 95 130 183 174 170 34 55 18 62 109 29 0 35 143 124 106 176 166 194 113 114 137 127 89 103 163 153 81 77 21 25 182 138 33 160 144 111 56 104 8 82 141 61 36 177 5 78 175 142 45 162 80 190 193 198 117 54 31 164 73 19 112 121 131 135 122 133 90 51 134 139 11 168 195 13 132 169 70 3 15 145 155 184 152 140
719,49249,1764959752748019420,184 155 15 3 70 169 132 188 6 147 10 133 191 51 90 122 63 102 135 1 198 117 193 31 54 121 182 138 25 136 190 80 175 78 5 177 21 61 36 141 187 153 163 165 127 89 103 113 180 176 166 194 86 185 179 172 66 94 47 148 60 20 28 149 140 183 9 99 130 95 128 83 55 18 62 124 106 143 35 109 29 0 160 111 81 77 8 104 33 11 139 43 168 195 13 145 189 34 170 152
720,46134,1764959752748019421,24 156 198 117 193 54 31 164 73 136 190 80 45 175 78 5 36 61 91 141 77 81 153 146 187 163 89 127 103 113 194 176 166 86 95 130 99 185 179 94 47 148 60 20 140 183 152 155 3 70 15 145 13 195 168 132 169 188 6 147 134 139 11 182 138 56 104 144 33 160 29 0 109 35 34 55 18 62 124 106 143 111 8 82 21 177 25 121 51 191 90 122 107 40 63 135 38 27 16 1
721,48438,1764959752748019422,138 11 168 195 13 145 15 189 34 55 18 83 62 128 124 106 143 159 41 111 35 109 0 29 160 33 104 8 21 61 36 91 141 77 81 153 187 163 103 89 165 127 137 114 113 180 176 88 194 166 86 185 179 94 47 60 20 28 148 130 95 183 140 152 184 155 3 70 188 169 132 126 43 139 134 6 147 191 90 125 51 121 131 1 198 117 54 73 31 193 190 80 45 142 175 78 5 177 25 182
722,47281,1764959752748019423,91 141 77 153 163 89 127 103 113 176 166 179 66 94 47 148 20 28 140 183 95 130 185 86 106 124 62 18 55 152 53 170 34 35 109 0 29 49 160 144 33 11 139 168 195 145 15 3 70 13 132 169 188 6 147 90 122 133 10 107 40 100 63 135 38 27 16 156 1 131 121 112 151 198 117 193 54 31 164 73 136 190 80 45 175 78 5 177 25 182 138 104 56 8 111 82 87 21 61 36
723,48378,1764959752748019424,81 153 187 163 89 127 103 113 194 166 176 180 106 124 143 35 0 12 29 109 34 18 55 62 128 86 95 130 185 179 94 47 148 60 20 28 149 4 140 183 152 155 189 145 15 3 70 132 13 195 168 139 11 160 33 138 25 121 131 90 51 118 74 85 134 169 188 6 147 122 63 135 1 117 193 54 31 164 73 136 190 80 175 78 142 45 5 123 177 36 61 141 97 77 82 21 8 104 144 111
724,48132,1764959752748019425,20 148 47 94 179 22 99 185 130 86 166 194 176 180 113 114 127 89 103 163 153 81 77 82 87 21 141 91 61 36 5 45 142 78 175 80 190 73 164 54 31 193 117 198 1 38 63 135 122 107 40 133 90 125 131 121 51 118 182 138 104 8 160 33 11 139 134 147 192 6 188 169 132 13 195 168 145 15 70 3 155 184 170 55 18 34 109 29 0 35 106 124 62 95 183 140 152 4 149 28
725,47721,1764959752748019426,135 63 100 40 107 133 10 178 147 134 6 188 169 132 126 168 195 13 145 15 70 3 189 155 184 152 170 34 183 140 20 148 47 94 179 185 95 86 176 180 113 166 194 103 127 89 163 153 77 141 91 61 36 79 177 21 82 8 104 56 33 160 144 111 143 106 124 62 18 55 35 109 0 29 49 11 139 138 182 25 5 78 175 80 190 73 164 31 54 193 117 198 1 27 38 131 121 51 90 122
726,48395,1764959752748019427,55 18 62 143 106 124 128 86 166 194 176 180 113 26 103 89 127 114 137 165 163 153 111 35 109 0 29 160 33 138 104 8 82 21 61 36 177 25 74 118 98 121 112 19 151 54 31 73 136 45 5 78 175 80 190 193 117 198 1 135 63 122 90 51 71 147 6 188 169 134 139 11 168 195 13 132 70 3 15 145 189 155 184 152 149 28 20 60 148 47 154 94 66 179 185 130 95 183 140 34
727,47498,1764959752748019428,106 159 143 35 0 29 109 34 55 18 62 95 185 86 194 166 179 66 94 47 148 60 20 28 149 4 140 183 152 170 184 155 3 70 15 145 195 168 126 13 132 169 188 6 147 51 121 112 131 90 133 122 63 135 1 198 117 193 31 54 164 73 136 190 80 45 142 175 78 5 177 36 61 21 25 182 134 139 11 138 33 160 104 8 144 111 82 141 97 77 81 153 163 89 127 103 113 176 128 124
728,47898,1764959752748019429,127 89 103 113 194 166 176 106 124 128 86 95 130 185 179 94 47 148 60 20 28 140 183 83 62 18 55 34 170 152 53 184 155 189 145 15 3 70 169 132 13 195 168 43 139 134 188 6 147 191 90 125 51 98 74 118 121 131 135 122 107 40 63 1 198 117 193 31 54 73 190 80 175 78 5 36 61 141 77 111 8 82 21 177 25 182 138 11 33 144 160 29 0 109 35 143 81 153 163 165
729,49136,1764959752748019430,3 161 70 188 6 169 132 13 195 168 29 0 109 35 111 82 8 104 144 160 33 11 139 134 51 98 118 74 182 138 25 73 54 121 90 133 122 135 63 102 38 27 1 24 156 198 117 31 193 190 80 45 175 78 5 177 21 91 61 36 141 77 97 146 187 163 153 81 143 106 124 62 18 55 34 170 183 95 130 185 86 176 103 89 127 113 194 166 179 94 47 148 20 28 140 152 155 189 145 15
730,47901,1764959752748019431,5 177 25 104 56 144 160 33 11 139 138 182 51 121 131 1 38 135 63 40 107 122 90 147 6 188 65 169 132 70 3 15 145 13 195 168 29 0 109 35 143 106 124 62 83 18 55 34 155 184 152 183 140 20 60 148 47 94 179 185 130 95 86 166 194 176 180 113 114 137 127 165 89 103 163 187 153 97 77 81 41 111 68 8 82 21 141 61 36 78 175 80 190 193 117 54 31 73 136 45
731,49548,1764959752748019432,3 70 15 145 13 195 168 132 169 188 6 134 147 133 122 63 135 1 156 198 193 117 54 31 164 73 190 80 175 36 61 91 141 77 87 21 177 5 121 131 90 51 98 118 74 25 182 138 139 11 49 33 160 29 109 35 0 144 56 104 8 82 111 81 187 163 89 127 137 114 103 26 113 194 166 179 185 95 130 86 176 180 153 143 106 124 62 18 55 34 183 148 47 94 60 20 140 152 184 155
732,49693,1764959752748019433,198 156 1 16 27 38 63 40 107 100 135 122 133 10 191 90 121 54 73 25 138 104 8 33 160 144 111 41 159 106 143 35 109 0 29 49 11 139 168 195 43 134 147 192 6 188 169 126 132 13 145 15 70 3 155 152 140 20 148 47 183 34 55 18 62 124 128 95 185 86 166 194 176 113 103 127 89 163 187 153 81 77 97 141 36 61 21 177 5 78 175 142 45 80 190 136 164 31 193 117
733,48874,1764959752748019434,1 156 198 117 31 193 190 80 162 136 73 54 121 51 98 118 74 25 5 142 175 78 177 104 33 160 144 111 8 21 61 36 141 97 77 153 163 103 113 176 194 86 166 95 130 99 185 179 94 47 148 20 28 140 183 55 18 62 128 124 159 106 143 34 170 152 155 189 35 109 0 29 49 11 138 182 139 43 168 195 145 15 3 70 13 132 169 188 6 147 90 122 133 107 40 63 135 38 27 16
734,48885,1764959752748019435,60 20 28 140 152 170 184 155 3 70 15 145 13 195 168 139 43 132 169 188 6 134 85 147 71 51 121 131 90 133 122 63 135 1 117 193 31 54 164 73 190 80 45 175 78 142 5 25 138 11 33 104 8 144 160 29 109 0 35 111 82 21 177 36 61 91 141 77 187 127 89 163 153 81 143 34 55 18 62 128 124 106 176 180 103 113 194 166 86 179 172 66 94 47 99 185 130 95 183 148
735,47248,1764959752748019436,45 78 175 5 177 21 104 33 160 144 111 8 82 61 36 79 91 141 77 81 153 163 89 103 113 176 194 166 86 95 183 130 185 179 66 94 47 148 20 28 140 152 34 55 18 83 62 128 124 106 159 143 35 109 0 29 189 155 3 70 15 145 132 188 169 13 195 168 139 11 138 182 25 158 121 51 118 134 6 147 191 90 10 133 122 135 63 27 38 1 156 198 117 193 31 54 73 136 190 80
736,50299,1764959752748019437,90 131 135 122 107 40 63 38 27 1 117 31 54 121 51 98 118 74 182 138 139 11 49 33 160 104 144 29 0 111 8 21 177 36 61 141 77 81 153 187 163 103 89 127 114 113 180 194 166 179 66 94 47 148 60 20 99 130 95 185 86 176 159 143 106 124 62 18 55 34 183 140 28 149 4 53 152 170 35 109 189 155 3 70 161 15 145 13 132 169 188 126 195 168 43 134 6 147 10 133
737,49028,1764959752748019438,138 182 74 118 121 51 90 122 135 117 193 31 54 73 190 80 175 78 142 5 177 36 61 141 77 81 153 187 165 127 137 114 194 166 176 180 113 103 89 163 106 143 111 82 8 144 29 0 109 35 170 34 55 18 62 124 128 86 185 52 172 179 95 183 130 99 22 66 94 47 148 60 20 59 28 149 4 140 152 184 155 3 70 15 145 132 169 188 6 192 147 134 13 195 168 139 11 33 160 104
738,48317,1764959752748019439,177 5 78 175 45 80 190 136 164 73 54 31 193 117 198 156 1 135 122 133 10 90 121 51 98 118 74 134 6 188 169 132 70 3 155 184 152 183 140 20 60 148 47 94 179 185 130 95 86 166 194 176 180 113 103 114 127 89 163 187 97 77 81 153 106 124 62 18 55 34 143 159 35 109 0 111 8 82 141 91 36 61 21 104 56 144 160 33 29 145 13 195 168 43 139 11 49 138 182 25
739,48628,1764959752748019440,56 104 157 138 11 33 160 144 111 29 0 109 35 143 62 18 34 55 83 86 128 124 106 163 103 89 165 127 114 113 176 194 166 179 66 94 47 148 60 20 28 149 140 9 99 22 185 130 95 183 152 184 155 189 145 15 3 70 188 169 195 168 139 182 25 121 51 125 90 191 147 10 133 122 135 63 38 1 117 54 73 31 193 190 80 45 175 78 5 177 36 61 79 91 141 153 81 77 82 8
740,48242,1764959752748019441,60 20 59 28 149 140 183 130 185 86 95 152 155 70 3 15 145 168 195 169 188 6 147 10 133 107 40 63 135 122 90 191 51 134 139 11 182 138 33 29 0 109 35 34 55 18 62 128 124 106 143 159 81 111 8 104 25 177 5 45 112 121 131 38 1 198 117 193 31 54 73 136 190 80 162 175 78 36 61 21 82 141 97 77 153 163 165 127 89 103 113 176 194 166 179 66 94 154 47 148
741,47733,1764959752748019442,147 133 122 135 63 38 27 1 131 125 90 191 51 134 139 138 25 121 198 117 193 31 54 73 136 190 80 175 78 5 177 36 61 91 141 77 81 153 163 89 165 127 114 103 113 180 176 88 194 166 86 185 179 66 94 47 148 20 140 9 99 130 95 183 152 184 155 34 55 18 62 124 106 143 35 109 0 12 29 160 33 144 111 82 87 21 8 104 11 168 195 13 145 15 3 70 132 169 188 6
742,48564,1764959752748019443,185 95 183 140 152 170 34 55 18 62 143 35 109 0 29 160 33 144 111 56 104 8 82 21 177 25 118 74 134 182 138 11 139 168 195 145 15 3 70 13 132 169 188 6 147 71 51 90 125 121 131 135 32 122 133 107 40 63 102 38 27 1 24 156 198 117 193 31 54 73 190 80 162 45 142 175 78 5 36 61 91 141 77 81 153 187 163 103 89 127 137 114 113 194 166 176 180 106 124 86
743,49827,1764959752748019444,5 177 21 8 104 33 138 182 25 121 131 135 63 122 133 10 191 90 125 51 118 74 85 134 139 11 43 6 188 169 132 70 3 15 155 152 140 199 4 149 28 20 60 148 47 94 185 86 95 130 183 170 189 145 13 195 168 29 0 109 35 143 34 55 18 62 124 106 176 166 194 113 103 89 127 165 163 187 146 153 81 111 77 97 141 61 36 78 175 80 190 193 117 198 156 1 54 31 73 136
744,50549,1764959752748019445,152 184 155 15 3 70 13 132 169 188 6 147 51 134 43 126 195 145 189 34 55 18 83 62 128 124 106 143 35 109 0 29 39 111 144 160 33 49 11 168 139 182 138 104 8 82 21 177 25 121 90 122 40 63 135 38 27 16 156 1 131 19 151 54 31 117 198 193 164 73 136 190 80 45 142 175 78 5 36 61 91 141 77 153 187 163 89 127 103 113 180 176 194 166 86 185 95 183 140 28
745,50437,1764959752748019446,113 103 127 89 163 187 153 97 77 81 159 143 106 128 86 83 18 55 34 62 124 35 109 0 29 111 68 8 82 21 141 91 61 36 177 5 142 78 175 45 80 190 193 117 31 164 73 54 198 1 38 27 63 40 107 135 122 133 10 90 191 51 121 158 25 104 56 144 33 160 49 195 168 11 138 182 139 43 134 6 188 169 132 13 145 15 70 3 155 152 140 28 20 183 95 130 185 179 166 176
746,47477,1764959752748019447,179 66 94 47 60 20 148 130 95 183 140 152 170 34 55 18 83 62 124 106 159 143 35 0 109 29 189 155 15 3 70 161 169 132 13 145 195 168 139 11 33 160 104 8 111 82 21 177 25 138 182 74 118 134 188 6 147 178 10 133 122 90 191 51 121 131 135 107 40 63 1 198 117 31 54 73 193 190 80 45 175 78 5 36 61 91 141 77 81 153 163 89 127 103 113 176 194 166 86 185
747,47204,1764959752748019448,18 55 34 155 184 152 4 149 28 140 183 9 199 20 60 148 47 94 179 185 99 130 95 86 166 194 176 113 103 89 163 153 81 77 141 36 21 87 82 8 104 56 111 144 160 33 138 182 25 177 5 78 175 80 190 136 73 54 31 193 117 198 156 1 131 121 51 191 90 122 135 63 133 147 85 134 6 188 169 132 13 161 70 3 15 145 195 168 139 11 29 0 109 35 143 106 124 62 128 83
748,47211,1764959752748019449,132 13 70 3 15 145 195 168 139 11 182 138 33 160 29 0 109 35 111 8 104 21 87 82 77 81 143 106 124 128 62 83 18 55 34 170 155 184 152 183 140 4 149 28 59 20 60 148 47 94 179 99 185 86 166 194 176 113 103 89 127 165 163 153 187 141 91 61 36 5 78 175 142 45 80 190 73 164 54 31 193 117 198 1 27 38 63 135 131 112 121 51 191 90 122 133 10 178 147 169
749,47747,1764959752748019450,130 86 166 176 113 103 127 89 163 153 81 77 111 8 144 56 104 138 182 25 177 21 82 141 91 61 36 5 78 175 142 45 80 190 136 73 164 31 54 151 193 117 198 156 1 112 121 131 135 122 90 191 51 98 118 74 134 147 6 188 169 132 13 70 3 155 189 15 145 195 168 139 11 33 160 29 12 0 109 35 143 159 106 124 62 18 55 34 170 152 183 140 28 20 148 47 94 179 185 95
750,46398,1764959752748019451,198 117 193 31 54 73 136 190 80 175 78 142 45 5 177 36 61 21 104 8 82 141 77 153 81 111 144 33 160 29 0 109 35 170 34 55 18 83 62 124 106 143 159 163 89 127 103 113 176 194 166 86 95 185 179 66 94 47 148 60 20 28 140 183 152 184 155 189 3 70 15 145 168 195 13 132 169 188 6 147 134 139 11 138 25 158 121 51 90 10 133 107 40 63 122 135 38 27 1 156
751,48481,1764959752748019452,109 0 29 33 160 111 82 21 61 36 78 175 142 5 177 8 104 138 11 139 25 121 54 31 73 136 80 190 193 117 198 156 27 38 1 131 125 51 191 90 122 135 63 100 40 107 72 133 10 178 147 6 188 169 70 3 15 145 155 152 183 140 28 20 60 148 47 94 66 179 22 99 9 130 95 185 86 166 194 176 113 103 163 89 127 165 187 141 77 81 153 106 124 62 83 55 34 18 143 35
752,47659,1764959752748019453,160 33 138 104 8 82 87 21 61 36 91 141 77 97 187 163 89 165 127 103 113 180 176 194 166 179 94 47 148 20 28 149 140 183 185 86 128 124 106 159 153 81 111 41 143 62 18 55 34 152 155 145 15 3 70 132 13 195 168 169 188 6 147 51 121 131 90 122 135 63 102 38 27 16 1 198 117 193 54 31 73 136 190 80 162 175 78 142 45 5 177 123 25 182 139 11 29 109 35 0
753,49385,1764959752748019454,179 94 47 148 60 20 28 149 140 183 55 34 152 184 155 145 15 3 70 188 169 132 13 195 168 43 6 147 191 90 10 133 107 40 100 63 122 135 38 27 1 156 198 117 193 31 54 73 19 112 121 131 125 51 118 134 139 11 33 138 182 25 177 175 80 190 5 36 61 79 91 21 82 8 104 111 144 160 29 0 109 35 143 106 124 18 62 86 176 163 153 81 77 141 187 103 113 194 166 185
754,47310,1764959752748019455,193 117 54 121 131 122 135 63 100 40 107 133 10 90 191 51 71 147 134 43 139 182 138 11 49 33 160 144 56 104 8 111 12 0 35 109 29 168 195 126 13 132 169 6 188 70 3 15 145 155 184 152 170 34 183 140 28 20 148 47 94 179 185 130 95 55 18 62 106 124 86 166 194 176 113 103 127 89 163 153 81 77 82 21 141 91 61 36 177 5 45 142 78 175 162 80 190 136 73 31
755,48590,1764959752748019456,33 160 144 8 82 141 77 97 187 127 137 114 103 89 163 153 81 111 35 109 0 29 49 11 139 168 195 126 13 145 189 34 55 18 62 124 143 106 176 180 113 88 194 166 86 185 179 22 99 95 183 140 148 47 94 60 20 28 152 155 15 3 70 132 169 188 6 134 147 51 90 122 63 135 1 131 121 112 151 198 117 193 31 54 164 73 136 190 80 175 78 142 5 177 61 36 21 87 104 138
756,48008,1764959752748019457,103 113 180 176 194 166 86 95 185 179 94 47 148 20 28 149 4 140 183 34 55 18 62 124 106 159 143 37 35 109 0 29 195 168 145 15 3 70 161 13 132 169 188 6 147 90 133 122 135 63 38 1 156 198 117 193 31 54 151 19 112 121 51 98 118 74 158 25 73 136 190 80 175 78 142 5 177 138 182 139 11 33 160 144 111 56 104 8 82 21 61 36 141 97 77 81 153 163 127 89
757,47582,1764959752748019458,113 180 176 88 194 166 86 185 95 130 99 179 94 47 148 20 28 149 140 183 34 55 18 62 124 106 159 143 35 109 0 29 189 155 3 70 161 15 145 13 132 169 188 147 90 121 131 122 135 63 38 1 198 117 193 31 54 73 190 80 162 175 78 142 45 5 177 123 25 138 11 139 43 168 126 195 49 33 160 144 104 8 82 21 61 36 141 97 77 81 153 146 187 165 127 137 114 89 163 103
758,48630,1764959752748019459,121 25 138 104 144 29 160 33 11 139 168 195 13 169 188 132 145 15 161 70 3 155 184 167 189 109 0 35 34 18 83 55 170 152 183 140 149 28 20 60 148 47 94 66 179 166 194 113 103 127 89 163 180 176 86 185 99 130 95 128 62 124 106 143 153 81 77 141 82 8 21 36 177 5 78 175 45 80 190 193 31 73 54 117 198 156 1 38 135 63 40 107 133 10 147 6 134 118 51 90
759,47407,1764959752748019460,128 106 124 62 18 55 34 170 152 155 15 3 70 13 132 169 188 6 147 51 90 122 133 10 107 40 100 63 135 38 27 1 117 31 193 80 190 73 54 112 121 116 158 25 177 5 45 142 175 78 36 61 91 141 77 82 21 8 104 144 160 33 11 138 182 139 168 195 145 29 0 109 35 143 159 81 153 163 165 127 89 103 113 176 194 166 86 185 94 148 47 60 20 28 149 4 199 140 183 95
760,47078,1764959752748019461,29 0 109 35 62 124 128 106 159 143 111 144 104 8 82 21 61 36 91 141 77 81 153 163 89 127 103 113 176 194 166 86 95 130 99 185 179 94 47 148 20 28 140 183 18 55 152 155 3 70 145 168 195 13 132 169 188 6 147 191 90 51 98 118 121 112 131 122 135 63 102 38 27 16 197 1 156 198 117 193 54 31 164 73 136 190 80 162 175 78 142 45 5 177 25 138 139 11 33 160
761,48699,1764959752748019462,190 80 175 5 36 61 21 82 8 104 160 29 0 109 35 111 41 81 77 141 97 153 146 187 163 103 89 127 137 114 113 194 180 176 106 159 143 124 62 18 128 95 130 99 185 86 166 179 94 47 148 60 23 20 28 149 140 183 55 34 152 155 145 15 3 70 161 13 195 168 126 132 169 188 6 134 147 191 90 51 11 33 138 121 131 135 122 133 107 40 63 38 27 1 198 117 193 31 54 73
762,46347,1764959752748019463,8 82 21 25 158 121 51 90 122 135 63 38 27 1 117 193 31 54 73 136 190 80 162 45 142 175 78 5 177 36 61 91 141 97 77 153 163 103 89 165 127 137 114 113 180 176 194 166 86 185 95 130 99 22 179 66 94 47 148 20 28 183 140 152 184 155 145 15 3 70 188 6 169 132 13 195 168 139 11 138 33 160 29 0 35 109 170 34 55 18 83 62 128 124 106 159 143 111 144 104
763,47847,1764959752748019464,155 152 149 28 20 60 47 148 140 183 34 55 18 95 130 99 22 179 185 86 166 194 176 180 113 103 127 89 163 153 77 97 141 91 79 61 36 5 78 175 142 45 162 80 190 136 73 54 31 193 117 198 156 1 38 63 135 122 90 147 6 188 169 134 118 51 121 158 25 177 21 82 8 104 56 111 143 106 124 62 35 109 0 29 144 160 33 49 138 182 11 139 168 195 13 132 145 15 70 3
764,48281,1764959752748019465,153 81 77 111 144 8 82 61 36 5 45 142 78 175 162 80 190 136 193 42 156 1 24 198 117 54 31 164 73 19 112 121 51 131 16 27 38 63 135 90 147 6 188 169 132 161 70 3 15 145 13 126 168 195 43 139 11 138 25 177 21 104 56 33 160 29 0 35 109 143 106 124 62 18 55 34 170 152 183 140 149 28 20 148 47 94 179 185 130 95 86 166 194 176 113 103 127 89 163 187
765,47101,1764959752748019466,198 1 135 63 122 90 131 121 51 118 74 25 182 138 33 160 144 56 104 8 21 87 82 111 35 109 0 29 11 139 134 6 188 169 132 13 195 168 145 15 70 3 155 184 170 34 55 152 4 149 28 20 148 47 94 179 185 99 130 140 183 95 86 166 194 113 114 137 127 89 163 103 176 18 62 124 106 143 153 81 77 97 141 91 61 36 177 5 45 142 78 175 80 190 136 73 54 31 193 117
766,47405,1764959752748019467,137 114 113 180 176 194 166 86 106 159 143 124 62 95 130 185 179 172 66 94 47 148 60 20 140 183 152 55 18 34 35 109 0 29 160 33 138 182 11 139 168 195 145 3 70 13 132 169 188 6 147 51 90 122 133 107 40 63 135 131 121 112 1 156 198 117 193 31 54 164 73 190 80 45 142 175 78 5 123 25 177 36 61 91 21 104 8 82 141 97 77 81 153 146 187 165 163 103 89 127
767,48929,1764959752748019468,165 187 153 81 77 97 141 91 36 61 82 87 21 25 74 118 51 90 131 121 177 5 78 175 80 190 193 164 73 54 31 117 198 1 38 63 135 122 133 147 134 182 138 104 8 111 56 144 160 33 11 139 168 195 13 132 169 188 70 3 155 189 15 145 29 12 0 109 35 143 106 124 62 18 55 34 152 140 183 148 47 94 66 99 22 179 172 185 130 95 86 166 194 176 180 113 103 163 89 127
768,48325,1764959752748019469,45 80 190 193 31 54 117 198 1 121 51 125 131 135 16 27 38 63 40 107 133 122 90 191 147 188 169 132 161 70 3 15 145 13 195 168 139 182 138 11 33 160 29 0 35 109 143 159 106 124 62 18 55 34 170 155 184 152 183 83 128 95 130 99 140 28 20 148 47 94 179 185 86 166 194 176 113 103 89 163 187 153 81 82 87 8 104 56 144 111 77 141 91 36 61 21 177 5 78 175
769,48758,1764959752748019470,147 10 133 63 102 135 122 90 51 121 54 31 117 193 190 80 175 78 5 177 21 82 8 104 160 33 138 182 139 168 195 11 29 12 0 109 35 111 77 91 79 61 36 141 97 81 153 187 163 89 165 137 114 127 103 113 194 180 176 106 124 86 166 185 22 179 172 66 94 47 148 60 20 28 140 183 9 99 130 95 62 18 55 34 170 152 155 3 70 161 15 145 13 126 132 169 188 6 134 85
770,46951,1764959752748019471,18 55 34 155 184 152 183 140 28 20 148 47 94 179 22 99 130 95 185 86 166 194 176 113 103 127 89 163 153 81 77 97 141 91 36 61 21 177 5 78 175 142 45 80 190 136 73 164 193 31 54 25 182 139 134 51 90 131 121 117 198 156 1 38 63 135 122 133 10 147 188 169 132 161 70 3 15 145 13 126 195 168 11 138 104 8 82 111 144 33 160 29 0 109 35 143 106 124 128 62
771,48242,1764959752748019472,8 104 56 111 81 77 141 97 153 187 163 103 89 165 127 137 114 26 113 180 176 88 194 166 86 130 95 185 179 66 94 47 148 60 20 28 149 4 140 183 152 55 34 18 83 62 124 106 159 143 35 0 109 155 145 15 3 70 188 169 132 13 195 168 29 144 160 33 49 11 138 182 139 134 147 10 133 63 135 122 90 51 121 25 177 5 31 54 117 198 193 190 80 45 175 78 36 61 21 82
772,48500,1764959752748019473,163 187 153 81 77 111 144 104 8 82 141 91 36 61 87 21 177 5 80 190 73 164 54 31 193 117 198 156 1 121 118 98 51 90 131 27 16 38 63 135 122 133 147 6 188 169 132 70 3 15 145 13 126 195 168 134 43 139 11 138 33 160 29 0 109 35 106 124 62 128 95 130 183 140 174 55 18 34 152 4 149 28 20 60 148 47 94 185 86 166 194 176 180 113 103 114 137 127 165 89
773,50857,1764959752748019474,31 54 73 136 5 177 21 87 82 8 104 56 144 111 81 159 143 124 106 34 170 35 109 0 29 49 160 33 138 182 74 118 98 51 121 117 198 1 27 38 63 135 122 133 90 191 71 147 188 169 132 13 43 139 11 168 195 145 15 70 3 189 155 184 152 28 148 47 20 140 183 55 18 62 128 180 176 86 185 179 166 194 113 103 127 89 163 153 77 97 141 91 61 36 78 175 45 80 190 193
774,47216,1764959752748019475,54 73 136 190 80 45 175 78 142 5 177 21 61 36 141 77 153 81 111 8 104 56 144 160 33 138 139 11 29 0 109 35 143 159 106 176 163 89 127 103 113 194 166 86 95 130 185 179 66 94 47 148 60 20 28 140 183 152 170 55 18 62 124 34 189 184 155 3 70 15 145 195 168 126 13 132 169 188 6 134 147 191 90 122 135 63 102 38 27 1 131 125 51 121 112 151 198 117 193 31
775,47762,1764959752748019476,127 89 163 153 81 77 82 8 144 104 21 61 91 141 36 177 5 78 175 142 45 80 190 193 117 198 27 38 16 1 54 31 164 73 112 121 131 125 51 191 90 122 135 63 100 40 107 133 10 147 6 188 132 169 13 70 3 145 195 168 139 182 138 11 33 160 29 0 109 35 143 159 106 124 128 62 18 55 34 170 189 155 184 152 183 140 20 148 47 94 66 179 22 99 185 86 166 176 113 103
776,48029,1764959752748019477,34 15 145 13 70 3 155 152 183 140 4 149 28 20 60 148 47 94 66 172 179 22 99 130 95 185 166 88 194 176 180 113 26 103 114 137 127 165 89 163 153 81 77 141 36 61 82 8 104 21 177 5 80 190 136 73 54 31 193 117 198 112 121 131 1 27 38 63 135 122 133 10 191 90 147 6 188 169 195 168 139 11 182 138 33 144 160 29 0 109 35 143 106 124 128 110 86 62 18 55
777,45034,1764959752748019478,170 152 183 140 149 28 20 60 148 47 94 66 179 185 99 130 95 86 166 194 176 180 113 103 114 127 165 89 163 187 153 81 77 141 91 36 61 21 177 5 78 175 142 45 162 80 190 73 54 31 193 117 198 1 121 131 135 63 40 107 122 90 191 125 51 147 6 188 169 132 70 3 155 189 15 145 13 195 168 43 139 11 138 33 160 104 8 111 144 29 0 109 35 143 106 124 18 62 55 34
778,47869,1764959752748019479,51 90 131 121 25 177 21 82 111 8 104 144 35 109 0 29 160 33 49 138 182 11 139 43 168 195 13 6 188 169 132 145 15 70 3 155 184 152 183 140 4 149 28 20 148 47 94 66 179 172 166 194 114 127 187 153 163 89 103 113 176 86 185 99 130 95 55 18 62 128 124 106 143 159 81 77 97 141 61 36 175 80 190 73 54 31 193 117 1 38 135 63 100 40 107 122 133 10 147 71
779,48551,1764959752748019480,103 127 89 163 153 77 141 91 79 61 36 87 82 111 159 143 35 109 0 29 49 33 160 56 144 104 8 21 177 5 175 80 190 136 73 19 112 121 54 31 193 117 198 156 24 1 135 63 122 133 90 191 51 118 182 138 11 139 134 85 147 6 188 169 132 126 168 195 13 145 15 70 3 155 184 152 170 34 55 18 62 124 106 128 95 183 140 28 20 60 148 47 66 94 179 185 86 166 176 113
780,49485,1764959752748019481,160 144 8 104 138 182 11 139 134 51 98 118 74 25 177 21 141 91 61 36 5 142 78 175 80 190 136 193 117 31 54 121 122 135 131 1 27 38 63 40 107 133 10 90 191 147 6 188 169 132 126 168 195 13 70 3 15 145 189 155 184 152 34 55 18 62 95 130 183 140 20 148 94 179 185 86 128 124 106 143 81 153 163 176 166 194 113 103 127 187 97 77 82 111 35 109 0 29 49 33
781,47024,1764959752748019482,51 121 112 198 117 193 31 54 73 136 190 80 175 5 177 104 8 82 21 61 36 141 77 81 153 187 163 127 89 103 113 180 176 194 166 86 185 99 179 172 66 94 47 148 20 140 183 130 95 128 106 143 124 62 18 55 34 170 152 184 155 189 3 70 15 145 29 0 109 35 111 160 33 138 182 11 139 134 43 168 195 13 169 132 188 6 147 133 40 107 122 135 63 38 27 16 1 131 90 191
782,50910,1764959752748019483,188 6 192 147 10 133 107 40 63 135 1 156 198 117 193 31 54 73 164 136 190 80 175 78 5 177 36 141 77 82 21 8 56 104 138 25 158 19 112 121 131 90 191 51 118 74 182 139 11 49 33 160 144 111 153 163 89 127 137 114 103 26 113 180 176 194 166 86 185 95 183 140 55 18 62 124 106 143 35 109 0 29 69 189 34 170 152 155 3 70 15 145 13 132 169 126 195 168 43 134
783,47135,1764959752748019484,72 133 10 191 90 122 131 121 51 118 182 138 11 139 6 188 169 132 13 195 168 145 15 70 3 155 184 189 69 35 0 109 29 160 33 104 8 82 111 143 159 106 124 128 62 83 18 55 34 152 140 183 95 130 99 47 148 20 60 94 66 179 185 86 166 194 176 180 113 103 127 89 163 153 81 77 97 141 91 36 61 21 177 5 78 175 80 190 193 117 31 54 198 1 38 135 63 100 40 107
784,47197,1764959752748019485,0 109 35 124 106 159 143 111 82 21 8 104 160 33 138 11 139 134 169 188 6 147 90 122 135 63 38 27 16 1 156 198 117 193 31 54 73 19 112 131 121 158 25 177 5 45 190 80 175 78 36 61 91 141 77 81 153 187 163 103 89 127 114 113 180 176 194 166 179 66 94 47 148 20 28 149 140 183 95 130 99 185 86 128 62 18 55 34 152 155 3 70 15 145 132 13 126 195 168 29
785,47668,1764959752748019486,51 98 118 25 177 8 104 160 33 138 11 139 182 74 134 6 188 169 132 13 161 70 3 15 155 189 145 195 168 29 0 109 35 111 143 106 124 62 18 55 34 170 152 140 183 9 199 4 149 28 20 148 47 94 179 185 95 86 166 176 113 103 127 89 163 153 81 77 141 61 36 5 45 142 78 175 162 80 190 136 73 164 31 54 193 117 198 156 1 27 38 63 40 122 135 131 121 125 90 191
786,48808,1764959752748019487,81 111 104 8 82 87 21 141 91 79 61 36 7 177 25 5 78 175 142 45 80 190 31 54 117 198 1 27 38 102 63 32 135 122 133 10 147 71 51 191 90 131 121 118 182 138 139 11 33 160 144 35 109 0 29 195 168 134 6 188 169 132 13 145 15 70 3 189 155 152 34 55 18 62 124 106 128 95 130 183 140 4 149 28 20 148 47 94 179 185 86 166 194 176 113 103 163 153 97 77
787,48441,1764959752748019488,29 160 104 144 33 11 139 138 182 25 177 21 82 8 111 159 143 106 124 86 166 194 88 176 180 113 103 114 127 165 89 163 187 153 81 77 141 91 79 61 36 5 78 175 142 45 80 190 136 73 54 31 193 117 1 38 63 135 122 131 121 125 90 191 147 51 118 74 134 6 188 169 132 126 168 195 13 145 15 70 3 155 184 170 152 140 183 148 94 179 185 130 95 62 18 55 34 35 109 0
788,47579,1764959752748019489,162 80 190 73 54 31 193 117 198 121 25 21 82 8 104 144 160 33 138 182 11 139 134 51 125 191 90 122 135 32 102 63 40 107 133 10 147 188 169 132 13 195 168 145 70 3 15 109 35 0 29 111 143 159 106 124 62 18 55 34 170 152 140 149 28 20 199 183 95 86 185 99 148 47 94 66 179 166 194 176 113 114 137 127 89 103 163 165 187 153 77 141 61 36 177 5 142 78 175 45
789,48289,1764959752748019490,175 80 190 193 164 73 54 31 117 198 1 135 63 100 40 107 122 90 147 6 188 169 132 70 3 15 155 152 4 149 28 20 60 154 94 66 172 179 47 148 9 199 140 183 95 130 185 86 166 176 113 103 127 89 163 187 97 141 77 81 153 159 143 106 124 128 62 83 18 55 34 35 109 0 29 145 13 195 168 134 51 121 25 8 104 138 182 139 11 33 160 144 111 82 21 61 36 177 5 78
790,47367,1764959752748019491,191 90 122 135 63 133 147 6 188 169 132 13 195 168 145 70 3 155 184 152 34 55 18 62 124 143 106 128 86 95 185 183 140 28 20 148 47 94 179 166 194 176 113 103 114 127 89 163 165 187 153 81 77 111 35 109 0 29 11 139 138 33 160 144 104 8 82 87 21 141 61 36 177 5 78 175 142 45 80 190 136 73 164 54 31 193 117 198 156 1 131 121 112 158 25 182 74 118 98 51
791,47675,1764959752748019492,36 61 91 141 21 82 77 97 81 153 163 89 127 103 113 176 194 166 86 95 185 94 47 148 20 28 149 4 140 183 55 18 62 128 124 106 159 143 34 152 184 155 3 70 15 145 195 168 169 13 132 188 6 147 10 133 107 40 63 135 122 90 191 125 51 134 139 11 182 138 56 144 160 33 49 29 0 109 35 111 8 104 25 158 121 131 38 1 117 193 31 54 164 73 190 80 175 78 5 177
792,47826,1764959752748019493,21 104 33 138 11 139 134 51 121 131 135 122 133 10 107 40 63 125 90 191 71 147 6 188 169 132 13 195 168 145 15 70 3 155 152 34 55 18 62 124 106 128 86 95 130 99 183 140 28 20 60 148 47 94 66 179 185 166 194 176 180 113 26 103 163 89 127 114 137 165 187 146 153 111 35 109 0 29 160 144 8 82 77 97 141 36 78 175 80 190 156 1 198 117 193 31 54 73 5 177
793,48647,1764959752748019494,16 1 156 198 117 193 31 54 164 73 136 190 80 45 175 78 5 177 21 36 61 141 97 77 82 8 33 160 29 0 109 35 143 124 34 55 18 62 128 106 163 153 187 127 89 103 113 176 194 166 86 185 99 22 179 94 47 148 130 95 183 20 28 140 152 155 145 15 3 70 188 169 132 195 168 139 11 138 25 158 112 121 131 90 191 125 51 118 74 85 134 6 147 10 133 122 135 63 27 38
794,48233,1764959752748019495,13 132 169 6 188 70 3 15 155 152 140 149 28 20 60 148 47 94 66 172 52 179 185 86 166 194 88 176 180 113 26 103 114 137 127 89 163 165 187 153 77 97 141 91 61 36 177 5 78 175 142 45 162 80 190 31 117 198 1 135 63 40 122 90 51 121 25 182 138 139 11 33 160 104 56 144 111 8 21 82 81 143 106 124 62 128 130 99 95 183 55 18 34 35 109 0 29 168 195 145
795,50020,1764959752748019496,3 70 169 188 6 147 133 122 63 135 1 198 117 193 31 54 73 190 80 45 142 177 36 7 175 78 5 25 138 104 8 144 111 82 87 21 61 91 141 97 77 81 153 187 163 165 127 89 103 176 113 194 166 86 95 130 185 179 94 47 148 20 28 140 183 62 18 55 34 152 184 155 189 109 35 124 128 106 159 143 37 0 12 29 160 33 11 139 51 121 90 191 134 43 168 195 13 132 145 15
796,49303,1764959752748019497,188 6 147 10 133 63 102 135 122 90 51 121 131 1 156 198 117 54 31 73 193 190 80 136 162 45 78 175 142 5 177 36 61 79 91 141 77 97 187 163 89 103 113 176 153 81 82 8 56 104 138 33 49 11 182 139 195 168 29 109 35 0 12 160 144 111 143 106 124 34 55 18 62 128 86 95 130 185 179 94 47 60 20 28 148 99 9 183 140 152 170 184 155 3 70 15 145 13 132 169
797,48768,1764959752748019498,74 118 51 121 112 19 151 54 31 164 73 136 80 190 105 193 117 198 156 1 38 135 63 122 90 147 139 138 11 168 195 13 132 169 188 70 3 15 145 155 184 152 183 140 28 20 60 148 47 94 185 130 95 55 34 18 62 128 124 106 159 143 111 35 109 0 29 160 33 144 104 8 21 82 81 153 163 176 86 166 194 113 103 89 127 165 187 97 77 141 91 79 61 36 78 175 142 5 177 25
798,50341,1764959752748019499,13 132 126 195 168 43 134 139 11 33 138 182 25 74 118 51 98 116 121 112 151 117 31 54 164 73 136 80 190 193 198 156 24 1 38 63 135 122 178 10 133 90 191 147 6 188 169 70 3 15 155 184 170 152 28 20 140 183 95 185 179 86 166 194 176 113 103 89 163 153 77 141 61 36 5 78 175 142 177 21 82 111 8 104 56 144 160 29 0 109 35 143 106 124 62 18 55 34 189 145
799,48132,1764959752748019500,183 130 185 95 86 194 166 179 66 94 47 148 60 20 28 149 4 199 140 152 155 189 3 70 15 145 195 168 126 13 132 169 188 6 147 191 90 122 135 63 16 27 38 1 156 198 117 193 190 80 136 73 31 54 112 121 51 98 118 182 138 139 11 33 104 8 21 177 5 175 36 61 91 141 77 153 163 176 113 114 137 127 103 89 165 187 81 111 29 0 109 35 34 143 159 106 124 62 18 55
800,47106,1764959752748019501,124 35 109 0 29 144 160 33 138 182 11 139 168 43 134 51 147 6 188 169 132 13 195 145 15 70 3 155 152 170 34 55 18 62 95 130 183 140 149 28 20 148 47 94 179 185 86 166 194 176 113 103 127 89 163 153 81 77 141 91 79 61 36 177 5 78 175 80 190 136 193 31 54 117 198 156 1 27 38 102 63 135 122 133 10 90 131 121 158 25 21 87 82 8 104 56 111 143 159 106
801,47234,1764959752748019502,28 20 60 148 47 94 66 99 185 179 166 194 176 180 113 103 89 163 153 81 77 97 141 91 61 36 5 78 175 80 190 73 164 31 54 193 117 198 156 24 1 38 27 16 135 63 40 122 121 118 74 98 51 90 191 147 6 188 169 132 13 70 3 15 145 195 168 139 11 138 25 177 21 82 8 104 111 144 160 33 29 0 109 35 143 106 124 128 86 95 62 18 55 34 170 155 184 152 183 140
802,47248,1764959752748019503,138 182 25 121 131 90 191 51 134 6 147 107 40 63 122 135 38 27 1 156 198 117 193 54 31 164 73 190 80 175 5 177 36 61 91 141 77 82 8 104 111 144 160 29 0 109 35 124 106 143 159 81 153 163 89 127 165 137 114 103 113 180 176 194 166 172 179 94 47 148 60 23 20 28 140 183 130 185 86 95 62 18 55 34 170 152 155 3 70 15 145 13 132 169 188 195 168 139 11 33
803,49851,1764959752748019504,163 103 89 127 114 113 180 176 194 166 179 66 94 47 20 148 130 95 185 86 128 106 124 62 18 55 183 140 152 170 184 155 15 3 70 161 145 13 132 169 188 65 6 147 90 134 43 168 195 29 0 109 35 111 82 8 144 160 11 139 74 118 51 121 135 122 40 63 38 1 156 198 117 193 54 31 164 73 190 80 136 173 25 182 138 33 56 104 21 78 175 5 177 36 61 141 97 77 81 153
804,46834,1764959752748019505,56 144 160 0 35 109 29 33 138 11 139 168 13 195 145 189 184 155 15 3 70 132 169 188 6 147 191 90 125 51 121 112 131 135 122 133 10 107 40 63 38 1 156 198 117 193 31 54 73 190 80 175 78 142 45 5 177 25 104 8 82 21 61 36 91 141 77 153 163 89 127 103 113 176 166 86 185 179 66 94 47 148 60 20 28 149 4 140 183 130 95 55 18 62 128 124 106 159 143 111
805,46258,1764959752748019506,179 185 95 183 34 55 18 62 124 106 128 86 166 194 176 180 113 114 137 127 89 103 163 187 153 81 143 35 109 0 29 160 33 11 138 182 25 177 21 8 104 144 111 82 77 97 141 91 61 36 5 45 142 78 175 80 190 136 73 54 31 193 117 198 121 131 135 63 40 107 10 133 122 90 191 51 71 147 6 188 169 13 132 195 168 145 15 70 3 189 155 152 140 28 20 60 148 47 94 66
806,49280,1764959752748019507,60 20 28 140 183 152 184 155 189 170 34 109 29 0 35 143 81 77 82 111 8 104 144 160 33 138 182 11 139 43 168 195 145 15 3 70 13 132 169 188 6 134 74 118 25 112 19 121 131 51 191 90 133 10 122 135 63 38 27 1 156 198 117 54 31 190 80 175 78 5 177 21 87 61 36 79 91 141 153 163 89 103 113 194 176 106 124 18 55 62 86 166 185 95 99 22 179 94 47 148
807,49511,1764959752748019508,187 97 141 91 61 36 177 138 182 118 98 51 191 90 121 54 73 136 5 142 78 175 80 190 193 31 117 198 1 38 135 63 40 107 100 122 133 147 134 85 6 188 169 132 70 3 145 13 195 168 11 33 160 144 111 8 104 21 82 77 81 153 159 143 35 109 0 29 189 155 184 152 170 34 18 55 183 140 148 47 94 179 185 130 95 86 128 62 124 106 176 166 194 113 103 114 137 127 89 163
808,51969,1764959752748019509,193 31 54 73 190 80 175 5 177 21 87 61 36 91 141 187 163 153 81 77 82 111 68 8 104 56 144 160 33 138 25 182 11 139 168 195 145 189 69 109 29 39 12 0 35 143 106 124 128 86 176 103 89 127 114 113 166 185 95 183 140 55 18 62 34 152 184 155 3 70 15 13 132 169 188 6 134 74 118 98 51 90 191 147 10 133 122 135 63 38 27 16 156 1 131 121 112 151 198 117
809,50042,1764959752748019510,82 8 104 144 160 33 11 139 134 118 98 51 147 6 188 169 70 3 15 155 184 152 170 189 145 13 195 168 29 0 109 35 111 143 153 146 187 163 165 137 114 127 89 103 26 113 176 194 166 86 185 179 66 94 47 148 20 28 149 183 140 99 130 95 18 62 124 106 81 97 77 141 36 61 177 5 78 175 80 190 136 73 164 54 31 193 117 135 122 133 90 131 121 112 158 25 182 138 21 87
810,47083,1764959752748019511,0 29 155 3 70 15 145 168 195 13 132 169 65 188 6 134 43 139 11 49 160 144 33 138 182 121 51 191 90 122 107 40 63 135 38 27 1 198 117 193 31 54 73 136 190 80 175 78 142 5 36 61 91 177 25 104 21 82 8 111 81 77 141 187 153 163 103 89 127 114 113 180 176 194 166 86 185 179 172 66 94 47 148 60 20 28 149 140 183 152 34 55 18 62 128 124 106 143 35 109
811,48606,1764959752748019512,153 81 77 97 141 91 36 61 82 21 177 5 54 31 193 117 121 131 1 27 38 135 32 122 63 100 40 107 133 10 90 147 6 188 169 132 161 70 3 15 155 184 152 4 149 28 20 60 148 47 94 66 179 185 99 130 95 183 140 34 189 145 13 126 195 168 139 11 182 138 33 160 49 29 0 109 35 144 104 8 111 159 143 106 124 62 18 55 86 166 194 176 180 113 103 114 127 89 163 187
812,48415,1764959752748019513,138 33 160 144 56 104 8 111 82 21 177 5 45 190 80 162 175 78 142 36 61 91 141 77 81 153 163 165 127 89 103 113 194 166 176 180 106 124 143 159 37 35 0 29 109 34 55 18 62 95 130 86 185 179 66 94 47 148 20 140 183 152 184 155 15 3 70 145 132 13 195 168 43 134 169 188 6 147 51 120 71 191 90 122 107 40 63 135 38 27 1 117 193 31 54 121 25 182 139 11
813,47987,1764959752748019514,159 143 106 124 62 128 86 166 185 95 130 99 22 179 94 47 148 60 20 28 149 4 140 183 55 18 34 170 152 155 3 70 145 195 13 132 169 188 6 147 51 90 122 63 135 1 156 198 117 193 31 54 164 73 190 80 175 78 142 5 177 19 112 121 25 138 11 139 168 29 0 109 35 111 160 33 104 8 21 61 36 91 141 77 187 163 89 165 127 137 114 103 26 113 194 176 180 129 153 81
814,48147,1764959752748019515,124 35 109 0 29 189 155 3 70 15 145 168 195 13 132 169 188 6 134 139 11 138 33 160 144 104 8 82 21 177 5 136 73 31 54 112 121 51 90 133 122 135 1 156 198 117 193 190 80 162 45 142 175 78 36 61 91 141 187 163 103 89 165 127 137 114 113 194 166 176 153 81 97 77 111 143 159 106 128 86 95 130 185 179 94 47 148 20 28 149 140 183 174 152 170 34 55 18 83 62
815,47505,1764959752748019516,175 80 190 136 73 164 54 31 193 117 198 1 27 38 63 135 122 133 90 121 51 147 6 188 169 132 168 195 13 145 15 70 3 155 152 183 140 149 28 20 23 60 148 47 94 66 179 166 194 113 103 89 163 176 86 185 130 95 128 124 62 83 18 55 34 189 29 0 109 35 143 159 106 153 81 77 97 141 91 61 36 177 21 82 111 8 56 144 160 33 11 139 182 138 104 25 5 45 142 78
816,47881,1764959752748019517,179 94 47 148 60 20 28 140 183 95 128 62 18 55 34 152 184 155 189 3 70 15 145 13 132 169 188 6 147 133 107 40 63 135 122 90 121 198 117 54 31 193 190 80 45 175 78 5 36 61 79 91 141 97 77 81 82 21 177 123 25 182 138 139 134 43 126 195 168 11 33 104 8 160 29 0 109 35 111 143 124 106 153 187 163 89 165 127 137 114 103 113 180 176 194 166 86 185 130 99
817,47860,1764959752748019518,142 175 78 5 36 61 79 91 21 87 82 111 41 81 77 141 187 153 163 89 103 113 176 194 166 179 94 47 148 20 140 183 152 184 155 170 34 55 18 62 95 185 86 128 124 106 159 143 35 109 0 29 160 33 144 56 104 8 177 25 182 138 11 139 168 195 13 145 3 70 132 169 188 6 147 51 121 90 10 133 122 107 40 63 102 135 38 27 16 1 198 117 193 31 54 73 136 190 80 45
818,46828,1764959752748019519,31 54 164 73 190 80 175 78 142 5 177 104 144 111 8 82 87 21 36 61 91 141 77 81 153 163 89 127 103 113 176 194 166 86 185 179 66 94 47 148 20 28 149 4 140 183 130 95 128 106 124 62 18 55 34 35 109 0 29 160 33 11 139 168 195 145 15 3 70 161 13 132 169 188 6 147 71 51 125 90 191 178 10 133 122 72 107 40 100 63 102 32 135 131 112 121 1 198 117 193
819,48778,1764959752748019520,113 114 137 127 89 103 163 153 106 128 55 34 18 62 124 143 77 141 82 8 111 35 109 0 29 160 33 104 87 21 61 36 177 5 78 175 142 45 162 80 190 193 31 73 54 117 198 156 1 135 102 63 40 107 10 133 122 131 121 51 90 191 147 6 134 138 11 139 43 188 169 132 13 195 168 145 70 3 152 28 20 60 148 140 183 95 130 47 94 66 179 172 22 99 185 86 194 166 176 180
820,49171,1764959752748019521,24 156 198 117 193 190 80 175 78 5 36 177 136 73 164 31 54 112 121 131 90 51 98 118 74 134 169 132 13 195 168 139 11 182 138 33 160 29 0 109 35 111 144 104 8 82 141 97 77 81 146 187 153 159 143 124 106 176 180 113 103 163 89 127 114 194 166 86 95 130 185 179 94 47 148 20 28 140 183 34 18 62 83 55 152 155 145 15 3 70 161 188 6 147 133 122 135 63 38 1
821,47226,1764959752748019522,141 91 61 36 177 5 142 78 175 80 190 136 73 31 54 193 117 198 1 38 135 63 40 107 133 122 90 191 51 147 6 188 169 132 13 195 168 145 15 70 3 155 184 170 152 140 28 20 60 94 47 148 9 183 34 55 18 62 124 128 95 185 86 166 194 113 176 106 143 163 103 89 127 165 187 153 81 77 82 111 35 109 0 29 11 139 134 118 98 121 25 182 138 33 160 144 56 104 8 21
822,48784,1764959752748019523,78 45 80 190 136 73 164 31 54 193 117 198 156 24 1 16 27 38 63 135 122 133 90 147 192 6 188 169 132 13 70 3 155 152 140 28 20 60 148 47 94 99 185 179 166 86 95 130 183 34 55 18 62 124 106 176 194 113 103 127 89 163 187 153 143 189 15 145 195 168 134 118 51 121 177 21 82 8 104 160 33 11 139 138 144 29 0 109 35 111 41 81 77 97 141 61 36 5 142 175
823,48173,1764959752748019524,128 124 106 143 159 119 153 187 163 89 127 103 113 176 166 194 86 179 66 94 47 60 20 148 185 130 95 183 140 28 149 152 155 3 70 13 132 169 188 6 147 51 90 133 122 135 63 38 1 131 121 112 198 117 193 31 54 73 136 190 80 45 175 78 5 177 21 82 61 36 91 141 97 77 81 111 35 0 109 29 49 33 160 56 144 68 8 104 138 182 11 139 168 195 145 15 34 55 18 62
824,48270,1764959752748019525,22 179 94 47 148 20 28 140 183 128 124 62 18 55 34 152 155 189 145 15 3 70 13 195 168 169 188 6 147 71 51 90 133 122 63 135 131 121 25 182 139 11 138 33 160 29 0 109 35 143 106 159 81 41 111 144 56 104 8 82 21 177 5 45 136 73 164 31 54 117 198 193 105 190 80 46 162 142 175 78 36 61 91 141 77 153 163 89 127 114 103 113 180 176 194 166 86 185 95 99
825,47414,1764959752748019526,86 95 130 99 185 179 66 94 47 60 148 20 28 149 4 140 183 152 155 189 3 70 15 145 160 104 8 144 33 138 11 139 168 195 13 132 169 188 6 147 51 121 131 90 122 135 63 38 27 1 198 193 117 54 31 73 136 190 80 162 175 78 142 45 5 177 21 61 36 141 187 146 97 77 81 153 163 89 165 127 137 114 103 113 180 176 106 124 143 109 29 0 35 55 34 18 62 128 194 166
826,48519,1764959752748019527,5 177 21 82 8 111 35 109 29 0 160 33 104 138 11 139 168 43 134 51 90 125 121 54 31 193 117 198 1 16 27 38 131 122 135 63 40 107 147 6 188 169 132 13 126 195 145 15 70 3 155 184 170 152 4 149 28 20 148 47 94 66 179 99 185 130 95 183 140 34 55 18 83 62 128 124 143 159 106 176 86 166 194 113 163 153 81 77 141 91 61 36 78 175 142 45 162 80 190 136
827,52416,1764959752748019528,121 51 90 10 133 122 135 1 198 117 193 31 54 73 190 80 45 175 78 142 5 123 25 104 8 87 21 177 36 61 91 141 187 153 81 77 82 111 41 159 143 106 124 62 83 18 55 174 183 95 166 194 114 127 89 163 103 113 180 176 86 185 148 20 28 140 152 184 155 170 34 35 109 189 3 70 15 13 132 169 188 6 147 134 43 139 11 168 195 145 0 12 29 49 33 160 144 138 182 118
828,47390,1764959752748019529,90 51 98 118 74 139 182 138 11 33 160 29 0 109 35 143 124 106 153 163 103 89 127 114 113 176 194 166 86 185 179 94 47 148 20 28 140 183 95 130 99 128 62 55 18 34 170 152 155 189 3 70 15 145 13 195 168 126 132 169 188 6 134 147 10 133 122 107 40 63 135 38 27 1 117 54 31 190 80 45 142 175 78 5 36 61 141 77 81 111 144 56 104 8 82 87 21 177 25 121
829,47848,1764959752748019530,122 131 121 25 177 21 82 111 8 104 160 33 138 11 139 51 90 191 147 85 134 6 188 169 132 13 168 195 145 15 3 70 155 189 29 109 0 35 143 106 124 62 83 18 55 34 152 4 149 28 20 60 47 148 140 183 95 86 185 130 99 179 166 194 176 180 113 114 103 89 127 165 153 163 187 81 77 141 91 61 36 175 5 190 80 73 54 31 193 117 198 156 1 38 135 102 63 40 107 133
830,47619,1764959752748019531,130 95 183 55 34 35 109 12 0 29 145 15 70 3 155 184 152 140 28 20 148 47 94 66 179 172 166 194 113 176 180 103 163 89 127 114 137 165 187 153 77 141 91 61 36 177 5 45 142 78 175 80 190 193 31 164 73 54 117 198 1 121 131 135 63 122 133 90 51 147 6 188 169 132 13 195 168 43 139 11 49 160 33 138 104 8 21 87 82 111 81 159 143 106 124 62 18 128 86 185
831,46583,1764959752748019532,136 73 31 54 117 198 193 190 80 162 142 175 78 36 61 91 141 97 77 111 29 0 109 35 143 34 55 18 62 124 106 81 153 146 187 165 163 103 89 127 137 114 113 180 176 166 194 86 185 95 130 99 22 179 66 94 47 148 60 20 28 140 183 152 155 3 70 15 145 195 168 126 13 132 169 188 6 147 10 133 122 63 135 131 121 90 51 139 11 138 33 160 144 104 8 82 21 177 5 45
832,49917,1764959752748019533,55 95 185 99 179 94 47 148 60 20 28 140 183 152 184 155 145 168 195 13 15 3 70 161 132 169 65 188 6 134 85 147 71 51 121 90 191 178 10 133 122 63 135 1 117 193 31 54 73 25 74 139 182 138 11 49 33 160 104 144 111 29 0 109 35 143 106 124 81 77 82 8 87 21 177 5 142 45 190 80 175 78 36 61 91 141 187 153 163 103 113 180 176 194 166 86 128 62 18 34
833,46117,1764959752748019534,161 70 3 15 145 189 155 184 170 152 183 140 4 149 28 20 60 148 47 94 66 172 179 185 99 130 95 55 34 18 62 124 143 159 106 128 86 166 194 176 113 103 163 89 127 165 187 146 153 81 77 111 35 109 0 29 144 160 33 11 139 138 104 8 82 21 141 61 36 177 5 45 142 78 175 162 80 190 73 164 54 31 193 117 198 1 121 131 135 122 90 147 6 188 169 132 126 168 195 13
834,49929,1764959752748019535,62 124 106 159 143 35 109 0 12 29 33 49 11 139 182 138 104 56 144 160 111 8 82 87 21 25 121 51 90 191 71 147 10 133 122 117 193 54 31 164 73 190 80 175 78 142 45 5 177 36 61 79 91 141 77 153 146 187 163 103 89 165 127 114 113 180 176 194 166 86 185 179 66 94 47 60 20 148 99 130 95 83 55 174 183 140 28 152 155 3 70 132 169 188 168 195 145 15 34 18
835,48238,1764959752748019536,70 3 155 184 152 170 34 55 183 140 28 20 148 47 94 66 99 130 95 185 22 179 166 194 113 176 86 128 83 18 62 124 106 143 159 163 103 114 127 89 165 187 153 81 77 97 141 91 79 61 36 21 87 82 111 35 109 0 29 144 104 8 177 5 78 175 142 45 80 190 73 54 31 193 117 198 1 135 63 122 131 121 25 182 138 11 160 33 139 168 195 134 51 90 147 188 169 132 13 145
836,47632,1764959752748019537,10 178 147 134 139 11 138 33 160 35 109 0 29 145 15 13 195 168 188 169 132 70 3 155 184 152 4 149 28 20 60 148 47 154 94 66 179 99 9 140 183 95 130 185 86 166 194 176 113 103 89 127 165 163 106 124 62 18 55 143 153 81 77 97 141 91 36 61 21 82 8 104 177 5 45 142 78 175 80 190 136 73 164 54 31 193 117 198 156 1 131 19 112 121 51 90 135 63 122 133
837,47769,1764959752748019538,90 122 107 40 63 135 1 131 121 112 198 117 193 31 54 73 190 80 45 175 78 5 177 21 104 8 111 82 36 61 141 77 81 153 119 159 143 106 124 62 18 34 55 183 140 199 9 99 130 95 86 176 180 103 163 89 127 114 113 194 166 185 179 94 47 148 20 28 149 4 152 184 155 109 35 0 29 160 33 138 11 139 168 195 145 15 3 70 161 13 132 169 188 6 147 134 85 74 118 51
838,47774,1764959752748019539,8 82 21 61 36 141 97 77 111 144 56 104 160 33 29 0 109 35 143 159 106 124 86 176 180 113 103 163 153 146 187 89 127 114 194 166 172 179 185 95 99 22 66 94 47 148 60 20 28 140 183 174 55 18 62 34 170 152 184 155 3 70 15 145 13 132 169 188 6 134 43 195 168 139 11 138 182 25 158 121 90 122 40 63 135 1 198 117 193 31 54 73 190 80 45 142 175 78 5 177
839,48327,1764959752748019540,152 184 155 145 15 3 70 169 6 188 147 133 122 135 63 38 1 156 198 117 193 31 54 121 112 73 190 80 175 78 142 5 177 25 118 51 90 191 134 139 11 168 195 126 132 13 29 109 35 0 144 160 33 138 182 104 8 111 82 21 36 61 79 91 141 97 77 153 187 163 89 127 114 103 113 180 176 194 166 86 130 185 179 94 47 148 20 28 140 183 95 128 124 106 143 62 18 55 34 170
840,48407,1764959752748019541,45 142 175 78 5 177 36 61 79 91 21 87 8 82 141 97 77 81 153 159 143 106 124 62 128 194 180 26 103 163 89 127 114 113 176 166 86 185 94 47 148 20 28 140 183 152 170 34 55 18 35 109 29 0 160 111 144 56 104 33 11 138 182 139 134 43 168 195 13 145 15 189 155 3 70 132 169 188 6 147 90 122 107 40 63 135 51 121 131 1 156 198 117 193 31 54 73 190 80 162
841,47893,1764959752748019542,66 179 172 52 86 128 124 62 18 55 34 106 176 166 194 113 103 114 137 127 89 163 187 153 81 77 141 36 177 5 78 175 80 190 193 31 164 73 54 117 198 156 1 121 131 16 27 38 102 63 135 122 90 51 147 6 188 169 168 139 11 138 33 160 104 8 82 111 144 35 109 0 29 195 13 132 161 70 3 15 145 155 184 170 152 4 149 28 60 20 199 140 183 95 130 185 99 148 47 94
842,48054,1764959752748019543,99 185 86 128 18 55 34 62 124 106 166 194 176 113 103 163 89 127 165 187 153 97 141 91 61 36 78 175 45 80 190 193 117 198 156 1 135 102 63 40 107 122 90 51 121 112 54 31 73 5 177 21 82 77 81 111 8 12 35 109 0 29 144 56 104 160 33 49 11 138 182 139 43 134 147 6 188 169 168 195 13 145 15 70 3 155 184 152 183 140 149 28 20 60 148 47 94 179 95 130
843,48232,1764959752748019544,106 124 62 18 55 34 170 152 184 155 189 145 15 3 70 188 6 169 132 13 195 168 139 11 182 138 33 104 21 177 5 136 73 164 31 54 19 112 121 51 90 122 63 135 1 156 198 117 193 190 80 45 175 78 36 61 91 141 87 82 77 97 187 165 137 114 194 86 95 183 140 20 60 148 47 94 66 179 99 185 166 176 113 103 127 89 163 153 81 111 8 144 160 29 12 0 109 35 143 159
844,47157,1764959752748019545,140 28 20 60 148 47 94 66 179 99 130 95 185 86 166 194 176 180 113 114 127 89 103 163 187 153 106 124 62 18 55 34 143 77 141 91 36 61 82 111 35 109 0 29 11 33 160 144 56 104 8 21 177 5 78 175 80 190 136 73 54 31 193 117 1 156 198 121 131 135 63 40 107 133 122 90 191 51 118 74 182 138 139 168 195 145 13 132 169 147 6 188 70 3 15 189 184 155 152 183
845,47955,1764959752748019546,160 104 8 82 21 177 36 61 141 77 111 29 0 109 35 143 106 124 62 18 128 86 176 163 153 146 187 165 127 89 103 113 194 166 185 95 130 99 179 66 94 47 148 60 20 28 149 140 183 55 34 170 152 184 155 167 189 145 15 3 70 161 13 195 168 11 139 43 132 169 188 6 147 90 122 107 40 63 135 38 1 156 131 121 112 19 73 31 54 117 193 190 80 175 78 142 5 25 138 33
846,47272,1764959752748019547,113 103 127 89 163 187 153 81 77 97 141 61 36 5 78 175 80 190 31 54 117 198 156 16 27 38 1 121 25 177 21 82 8 111 39 29 160 33 144 104 138 182 11 139 51 191 90 122 135 63 40 107 147 6 188 169 132 126 168 195 13 145 15 70 3 155 184 189 109 0 35 143 106 124 62 83 18 55 34 152 183 140 149 28 20 60 148 47 94 66 179 185 99 130 95 86 166 194 180 176
847,48317,1764959752748019548,188 195 168 29 160 33 11 139 182 138 177 25 158 121 131 135 122 90 51 147 10 133 72 107 40 100 63 1 117 193 31 54 73 136 190 80 175 78 142 5 36 61 141 82 21 104 56 144 8 111 0 109 35 143 81 77 153 163 165 127 89 103 114 113 194 180 176 106 124 128 86 166 179 66 94 47 148 20 28 149 4 140 183 99 185 130 95 62 18 55 34 152 155 3 70 15 145 13 132 169
848,48147,1764959752748019549,71 147 134 6 188 169 132 13 126 43 168 195 145 15 70 3 155 152 34 55 18 83 62 124 106 128 95 130 99 183 140 20 148 47 94 179 185 86 166 194 180 176 113 103 127 89 163 187 153 81 77 111 35 109 0 29 160 33 144 8 104 138 11 139 74 118 51 25 36 61 177 5 78 175 45 80 190 136 73 164 54 31 193 117 198 156 1 121 131 122 135 63 100 40 107 133 10 178 90 191
849,48137,1764959752748019550,86 176 180 113 194 166 179 94 47 148 60 20 28 149 140 152 170 184 155 189 145 15 3 70 132 13 169 188 6 147 10 133 122 90 191 51 121 131 135 63 1 198 117 54 31 190 80 175 5 177 21 61 36 141 77 187 165 127 89 103 163 153 81 111 82 8 104 56 144 160 33 11 139 138 182 25 158 118 74 85 134 43 168 195 29 0 109 35 143 106 124 62 18 55 34 183 95 99 130 185
850,49074,1764959752748019551,155 3 70 15 145 13 168 195 126 132 169 6 188 147 71 191 90 10 133 107 40 100 63 96 32 122 131 135 102 38 27 16 1 198 117 193 31 54 73 190 80 175 78 142 5 36 61 177 25 121 51 98 118 74 134 139 11 182 138 33 144 160 29 0 111 104 8 82 21 141 77 81 153 163 89 103 113 176 166 86 95 130 185 179 94 47 148 20 28 149 140 183 55 18 62 124 106 35 109 189
851,48348,1764959752748019552,63 135 1 198 117 54 31 193 136 190 80 45 142 175 78 5 177 36 61 141 77 153 163 103 89 127 114 113 180 176 88 194 166 86 185 130 99 22 179 66 94 47 148 60 23 20 28 149 152 155 3 70 15 13 132 169 188 6 134 139 168 195 145 189 140 183 95 55 34 18 83 62 106 124 143 35 109 29 0 111 82 21 8 104 33 138 25 121 131 125 51 71 147 191 90 122 133 10 107 40
852,47001,1764959752748019553,18 83 62 124 106 159 143 35 111 144 56 104 8 82 21 177 25 74 182 138 139 11 33 160 29 0 109 155 3 70 15 145 13 195 168 126 132 169 188 6 147 90 122 133 107 40 63 135 131 121 54 117 193 31 73 5 45 190 80 162 175 78 36 61 91 141 97 77 81 153 146 187 165 127 89 163 103 113 180 176 194 166 86 95 130 185 179 66 94 47 148 60 20 28 140 183 152 170 34 55
853,48600,1764959752748019554,89 127 165 163 106 124 143 35 109 0 29 160 33 144 104 8 111 82 21 77 81 153 141 91 61 36 177 5 142 78 175 80 190 31 54 117 198 1 27 38 135 122 63 100 40 107 133 90 191 147 71 51 121 116 98 118 74 85 134 139 182 138 49 11 43 168 195 145 15 13 132 169 6 188 70 3 155 184 152 170 34 55 18 62 183 140 28 20 148 47 94 185 95 86 166 194 176 180 113 103
854,50113,1764959752748019555,66 94 154 47 148 60 23 20 28 149 4 140 152 170 35 109 0 12 111 82 8 144 104 138 182 139 11 33 160 29 189 184 155 15 3 70 161 169 132 13 145 195 168 126 188 6 147 51 90 133 122 135 63 38 27 1 121 118 74 25 54 31 117 193 190 80 5 177 21 87 36 61 79 91 141 97 77 153 143 106 124 62 18 55 34 183 95 130 185 86 176 113 103 163 89 127 114 194 166 179
855,48410,1764959752748019556,0 29 160 33 144 56 104 21 177 5 78 175 142 45 162 46 80 190 136 73 112 121 131 151 54 31 193 117 198 156 1 38 63 135 122 90 147 6 188 169 132 13 195 168 139 182 138 11 145 15 70 3 155 152 4 149 28 140 183 170 34 55 18 62 143 106 124 128 95 130 20 148 47 94 66 179 99 185 86 166 194 176 180 113 26 103 114 137 127 165 89 163 153 77 82 8 111 41 35 109
856,47776,1764959752748019557,179 94 47 148 20 28 149 4 140 183 152 184 155 3 70 15 145 13 132 169 188 6 147 134 74 118 98 51 90 10 133 122 135 63 38 27 1 131 121 112 198 117 54 73 164 31 193 190 80 162 175 78 142 45 5 177 36 61 21 82 8 104 138 182 11 139 43 168 126 195 29 160 33 144 111 141 77 81 143 35 0 109 34 55 18 62 124 106 153 163 89 127 103 113 176 194 166 86 185 99
857,47855,1764959752748019558,13 145 15 3 70 161 169 188 6 134 147 51 90 122 107 40 63 135 131 121 112 151 198 156 27 38 1 117 54 73 164 31 193 190 80 175 5 177 36 61 91 141 187 163 89 127 103 113 176 166 194 185 95 86 179 172 66 94 47 148 20 28 140 183 174 152 170 34 55 18 62 106 124 143 159 153 81 77 82 21 8 104 56 144 111 41 35 109 0 29 160 33 138 11 139 43 168 195 126 132
858,47698,1764959752748019559,55 18 83 62 128 124 106 176 194 113 26 114 137 165 127 89 103 163 187 153 81 77 141 91 61 36 177 5 78 175 80 190 54 31 117 121 131 135 63 40 107 10 133 122 90 51 147 6 188 169 132 13 70 3 15 145 195 168 139 11 182 138 33 160 144 56 104 8 21 82 111 159 143 35 109 0 29 69 34 170 189 155 184 152 183 140 28 20 23 60 148 47 94 179 166 86 185 99 130 95
859,49429,1764959752748019560,63 135 122 100 40 107 72 133 10 90 191 51 147 6 188 169 132 13 126 195 168 43 134 139 11 138 33 160 104 21 82 8 111 144 29 0 35 109 69 189 145 15 70 3 155 184 152 170 34 55 18 62 124 106 86 185 183 140 149 28 20 148 47 94 166 176 113 163 187 146 153 77 97 141 91 61 36 177 5 175 80 190 136 73 164 54 31 193 117 198 156 151 19 112 121 131 1 16 27 38
860,47364,1764959752748019561,130 95 185 86 166 194 180 176 113 103 127 89 163 153 141 36 61 21 104 144 8 82 77 81 41 111 35 143 159 106 124 128 62 83 18 55 34 109 0 29 160 33 138 11 139 134 51 90 131 121 25 177 5 78 175 142 45 80 190 73 164 54 31 193 117 198 156 24 1 38 63 135 122 133 147 6 188 169 132 13 126 168 195 145 15 70 3 155 152 183 140 28 20 148 47 94 66 179 22 99
861,49887,1764959752748019562,184 152 28 140 183 130 95 86 185 148 47 94 179 166 194 176 113 103 89 163 187 153 81 77 141 91 61 36 78 175 162 80 190 136 73 193 31 54 117 198 156 1 38 131 121 112 173 45 5 177 21 87 82 8 111 159 143 106 124 62 18 34 35 0 109 189 145 13 195 168 11 49 29 160 33 144 104 138 182 139 134 118 51 125 191 90 122 135 63 40 107 133 147 188 169 132 70 3 15 155
862,47971,1764959752748019563,35 109 0 29 160 33 11 139 182 138 104 8 21 25 121 131 90 191 51 98 118 74 134 43 168 195 189 34 55 18 62 124 106 128 86 153 163 103 89 127 137 114 113 180 176 194 166 179 185 95 130 99 94 47 148 20 28 149 4 140 183 152 155 3 70 15 145 13 132 169 188 147 133 107 40 63 122 135 38 1 198 117 193 31 54 164 73 190 80 175 78 5 177 36 61 141 97 77 81 111
863,48140,1764959752748019564,55 18 83 62 124 106 143 153 77 82 87 21 177 25 138 33 11 139 43 168 195 145 15 3 70 132 169 188 6 147 51 90 121 131 122 107 40 63 135 38 27 16 1 198 117 193 31 54 164 73 136 190 80 45 142 175 78 5 36 61 79 91 141 8 104 111 144 160 29 35 0 109 189 155 152 140 28 20 199 9 148 60 47 94 179 166 194 127 89 163 103 113 180 176 86 185 130 95 183 34
864,50898,1764959752748019565,141 97 77 81 153 163 113 176 194 166 179 185 86 95 183 140 28 152 55 18 62 128 124 106 159 143 35 0 109 189 155 3 70 161 15 145 29 160 33 144 111 8 82 21 104 138 182 11 139 43 168 195 126 13 132 169 188 6 134 74 118 25 158 19 112 121 131 90 191 51 71 147 178 10 133 122 63 135 1 156 117 198 193 31 54 73 136 190 80 162 45 175 78 142 5 177 36 61 79 91
865,46931,1764959752748019566,198 156 1 16 27 38 63 40 107 122 135 121 51 90 191 147 6 188 169 132 13 195 168 145 70 3 155 152 183 95 130 140 20 148 47 94 66 172 179 185 86 166 194 176 180 113 103 89 127 114 137 165 163 187 153 81 159 143 106 124 62 83 18 55 34 35 109 0 29 49 11 139 138 33 160 144 111 8 56 104 21 82 77 97 141 91 61 36 177 5 45 142 78 175 162 80 190 31 54 117
866,47377,1764959752748019567,66 94 179 86 128 124 62 83 18 55 34 152 155 189 15 3 70 161 145 13 195 168 126 132 169 188 6 147 51 191 90 133 107 40 100 63 135 122 131 121 117 193 31 54 164 73 136 190 80 175 78 5 177 36 141 77 81 111 82 21 8 144 104 138 182 139 11 33 160 29 0 109 35 143 159 106 163 153 187 127 89 103 113 180 176 194 166 185 99 130 95 183 140 149 4 101 28 20 148 47
867,48221,1764959752748019568,185 86 166 194 176 180 113 103 127 89 163 187 153 81 77 141 82 21 61 36 175 5 177 138 104 8 144 160 33 49 11 139 134 118 98 51 191 90 131 121 112 19 73 54 31 193 117 198 1 135 63 122 133 10 147 6 188 169 132 126 195 168 13 161 70 3 15 145 29 0 109 35 111 143 159 106 124 128 62 18 55 34 189 155 184 170 152 183 140 20 60 148 47 94 66 179 22 99 130 95
868,48414,1764959752748019569,36 61 177 5 25 138 11 168 13 195 33 160 29 0 109 35 144 8 82 21 91 141 97 77 153 81 111 143 159 106 124 128 163 103 89 127 137 114 26 113 180 176 88 194 166 86 185 179 66 94 47 148 60 20 28 140 183 99 130 95 62 18 55 34 170 152 155 145 15 3 70 169 188 147 71 51 121 131 90 122 133 107 40 63 135 38 27 16 1 198 117 193 31 54 164 73 190 80 175 78
869,48499,1764959752748019570,63 40 107 133 90 131 54 31 73 173 25 158 121 51 125 191 71 147 134 6 188 169 132 13 195 168 139 182 138 11 33 160 29 0 35 109 189 145 15 70 3 155 152 34 55 18 62 95 130 183 140 20 60 148 47 94 66 179 185 86 166 194 113 103 127 165 89 163 180 176 106 124 143 153 81 77 111 104 8 82 21 141 91 61 36 177 5 78 175 45 162 80 190 136 193 117 198 1 135 122
870,49365,1764959752748019571,135 131 90 122 63 100 107 40 133 10 147 71 51 98 118 139 11 138 33 111 8 104 144 160 0 35 109 29 195 168 134 6 188 65 169 13 126 132 145 15 161 70 3 155 152 183 140 28 20 60 148 47 94 179 99 22 130 95 185 86 128 55 34 18 62 124 106 143 163 89 103 176 166 194 113 114 137 127 187 153 81 77 141 91 61 36 5 177 25 121 73 54 31 193 117 198 1 16 27 38
871,47773,1764959752748019572,106 128 176 180 113 103 163 89 127 137 114 194 166 86 95 130 185 179 94 47 148 60 20 140 183 152 155 3 70 15 145 189 170 34 55 18 62 124 35 109 0 29 168 195 126 13 132 169 188 6 147 133 122 90 51 98 118 121 131 135 63 1 156 198 117 193 31 54 73 136 190 80 175 78 142 5 25 182 139 11 138 33 160 111 144 104 8 82 21 177 36 61 91 141 77 81 153 119 159 143
872,48046,1764959752748019573,155 152 34 55 183 140 149 28 20 60 148 47 94 179 185 86 130 95 18 62 128 124 106 166 194 176 113 103 114 137 127 89 163 187 153 77 82 8 21 141 61 36 78 175 142 162 80 190 164 54 31 193 117 198 156 1 135 63 40 107 122 133 10 147 51 90 131 121 112 19 73 136 45 5 177 25 182 138 33 144 111 159 143 35 109 0 29 160 11 139 168 195 145 13 132 188 169 70 3 15
873,46455,1764959752748019574,94 66 179 166 194 114 127 89 163 103 113 180 176 86 185 130 95 55 18 62 128 124 106 143 35 109 0 29 160 33 144 104 8 111 81 153 77 141 91 36 61 82 21 177 5 78 175 142 45 80 190 136 73 164 31 54 193 117 1 38 63 40 107 100 135 122 90 131 121 51 118 182 138 11 139 168 195 13 6 147 188 169 132 145 15 70 3 155 152 170 34 183 140 4 149 28 20 60 148 47
874,48106,1764959752748019575,163 89 127 103 113 194 176 180 166 86 95 130 185 179 66 94 47 148 20 28 149 140 183 55 18 62 124 128 106 159 143 109 29 0 35 34 170 152 184 155 189 145 15 3 70 188 169 132 13 126 195 168 11 33 160 144 111 82 87 21 8 104 138 139 43 134 6 147 191 90 120 51 125 121 131 135 122 133 178 10 107 40 100 63 1 117 54 31 193 190 80 175 5 177 36 141 77 81 153 187
875,49303,1764959752748019576,163 153 77 141 61 36 78 175 142 45 80 190 136 31 54 73 5 177 25 74 118 51 191 90 121 117 193 198 1 38 63 135 122 133 10 178 147 134 6 188 65 169 132 161 70 3 145 15 13 126 195 168 43 139 11 182 138 49 29 160 33 144 104 8 82 111 35 0 109 155 184 152 34 143 159 106 124 128 62 18 55 183 140 28 20 148 47 94 179 185 95 130 86 194 166 176 113 103 127 89
876,46403,1764959752748019577,51 125 90 191 147 6 188 169 132 13 195 168 139 11 145 15 161 70 3 155 189 29 0 109 35 111 143 106 124 62 83 18 55 34 152 183 140 28 20 148 47 94 179 185 95 86 166 194 176 180 113 103 114 127 89 163 187 153 81 77 97 141 36 61 21 82 8 104 144 160 33 138 177 5 78 175 45 80 190 136 173 73 164 31 54 193 117 198 156 1 27 38 135 63 40 107 133 122 131 121
877,48406,1764959752748019578,165 127 89 163 103 113 180 176 194 166 106 124 62 18 55 34 140 183 95 86 185 179 66 94 47 148 20 28 149 4 53 152 170 184 155 3 70 145 195 168 132 169 188 147 90 133 122 63 135 131 121 112 73 31 54 1 38 27 16 156 198 117 193 136 190 80 175 78 142 45 5 177 25 182 138 11 33 56 104 8 111 144 160 29 12 0 35 109 143 153 81 77 82 21 61 36 91 141 97 187
878,48025,1764959752748019579,124 62 18 55 143 159 119 81 77 141 91 36 61 21 87 82 111 144 8 104 160 33 138 182 25 177 5 45 142 78 175 162 80 190 136 73 164 193 31 54 151 117 198 156 1 112 121 131 135 63 40 122 90 147 6 188 169 134 139 11 168 195 145 13 132 161 70 3 15 155 189 29 0 109 35 34 152 183 140 149 28 20 60 148 47 94 179 185 86 166 194 180 176 113 103 127 89 163 153 106
879,47520,1764959752748019580,183 140 152 170 184 155 189 29 109 0 35 81 77 82 87 21 8 111 144 160 33 56 104 138 182 49 11 139 168 195 13 145 15 3 70 132 169 188 6 147 191 90 51 121 131 122 135 63 38 27 1 198 117 193 31 54 73 136 190 80 45 142 175 78 5 177 36 141 153 163 89 127 103 113 194 166 172 179 66 94 47 60 20 28 149 148 22 99 130 95 185 86 176 180 106 124 62 18 55 34
880,48019,1764959752748019581,127 187 97 141 77 81 153 163 176 86 128 55 34 18 62 124 106 143 35 109 0 29 144 160 104 8 111 82 87 21 91 61 36 177 5 78 175 45 162 80 190 193 31 73 54 117 1 135 63 40 107 122 131 121 125 90 191 51 118 74 25 182 138 33 11 139 134 147 6 43 168 195 13 132 169 188 70 3 15 145 155 184 152 183 140 28 20 148 47 94 66 99 95 185 179 166 194 113 103 89
881,50711,1764959752748019582,97 77 82 87 21 177 25 118 74 134 43 168 195 132 169 188 6 147 71 51 191 90 133 122 63 135 1 131 121 112 19 54 198 117 193 31 73 136 190 80 45 175 78 5 36 61 141 187 165 127 89 103 114 113 180 176 194 166 86 185 99 130 95 183 140 62 18 55 34 170 152 184 155 3 70 15 145 109 35 0 29 160 144 33 11 139 182 138 104 56 8 111 81 159 143 124 128 106 163 153
882,50751,1764959752748019583,159 143 124 62 55 18 95 185 179 99 183 140 152 184 155 3 70 145 195 168 132 169 188 6 192 147 133 122 135 63 38 27 1 131 90 51 121 158 25 177 5 45 136 73 164 54 31 193 117 198 156 190 80 175 78 36 141 97 77 91 79 61 21 87 82 8 104 138 182 74 118 134 139 11 33 160 29 0 109 35 144 111 81 153 187 165 163 103 89 127 137 114 113 180 176 194 166 86 128 106
883,49949,1764959752748019584,54 164 73 136 190 80 175 78 142 45 5 36 61 79 91 141 77 97 187 165 127 89 103 113 194 166 86 185 95 124 62 83 18 55 34 183 140 20 28 152 184 155 189 29 0 109 35 143 106 176 163 153 81 111 144 104 8 82 87 21 177 25 182 138 33 160 49 11 139 43 134 169 132 13 195 168 145 15 3 70 188 6 192 147 133 122 135 63 38 27 16 1 131 90 51 121 198 117 193 31
884,44847,1764959752748019585,152 34 55 18 62 124 106 143 35 109 0 29 11 139 168 195 145 189 155 15 3 70 13 132 169 188 6 147 191 90 125 51 121 131 122 133 107 40 63 135 38 1 198 117 193 54 31 73 190 80 45 142 175 78 5 177 25 182 138 33 160 144 111 104 8 82 21 36 61 79 91 141 77 81 153 187 163 89 127 103 113 176 194 166 86 95 130 99 185 179 66 94 47 148 60 20 28 149 140 183
885,50402,1764959752748019586,107 40 100 133 10 90 191 71 147 134 6 188 169 70 3 155 184 152 183 140 20 148 94 47 179 185 166 194 114 127 89 187 153 163 103 113 176 86 130 95 18 34 189 15 145 13 132 168 195 139 11 138 33 104 8 111 29 0 109 35 62 124 106 143 159 81 77 97 141 91 36 61 82 21 177 5 45 142 78 175 80 190 193 31 54 73 121 25 74 118 98 51 131 117 1 27 38 63 135 122
886,51026,1764959752748019587,1 63 135 121 158 25 104 21 87 58 82 8 56 144 160 33 11 138 182 139 168 43 74 118 51 90 191 147 134 6 188 169 132 195 13 145 15 70 3 155 184 152 140 183 174 55 18 62 124 106 128 86 95 130 185 179 166 194 176 180 103 113 114 137 127 89 163 153 143 34 189 29 0 109 35 111 81 77 97 141 91 79 61 36 177 5 45 142 78 175 80 190 136 73 54 31 193 117 198 156
887,47789,1764959752748019588,45 80 190 73 54 31 193 117 198 156 24 1 38 63 135 122 133 10 90 191 51 121 112 158 25 104 8 111 143 106 124 128 62 18 55 34 170 35 109 0 29 160 33 168 132 169 188 6 134 195 13 145 15 70 3 155 152 4 149 28 20 60 94 47 148 199 140 183 95 130 99 22 185 86 179 166 194 176 180 113 114 137 127 89 103 163 153 81 77 141 91 36 61 21 82 177 5 78 175 142
888,47700,1764959752748019589,95 62 18 55 34 152 183 140 28 20 148 47 94 66 179 166 194 176 180 113 103 127 89 163 187 153 81 97 141 77 111 144 56 8 82 91 36 61 21 87 104 25 177 5 78 175 45 80 190 73 54 31 193 117 198 156 16 27 38 1 121 131 135 63 122 133 90 147 6 188 169 132 13 70 3 155 15 145 195 168 43 139 182 138 33 11 160 29 12 0 109 35 143 159 106 124 128 86 185 130
889,48743,1764959752748019590,183 55 18 62 124 34 152 155 3 70 15 145 132 169 188 147 90 10 133 122 135 107 40 63 38 27 1 198 117 131 51 121 112 54 31 193 164 73 136 190 80 175 78 142 5 177 123 25 138 11 139 74 118 134 168 195 29 0 109 35 111 144 160 33 56 104 8 82 21 61 36 141 77 81 153 143 106 176 180 103 163 89 127 114 113 194 166 86 185 95 130 99 22 179 94 47 148 20 28 140
890,48890,1764959752748019591,3 70 169 132 13 145 195 168 33 138 11 139 134 188 6 147 10 133 44 122 135 63 102 38 27 1 117 193 31 54 121 131 90 191 51 118 74 182 25 136 190 80 46 162 45 142 175 78 5 177 21 8 104 160 144 111 82 61 36 79 91 141 77 81 153 187 163 89 127 103 113 176 194 166 86 95 130 185 179 66 94 47 148 20 28 149 140 183 34 55 18 62 124 106 35 109 0 29 155 15
891,47974,1764959752748019592,183 140 148 47 94 179 185 95 86 166 194 88 176 180 113 114 137 127 89 103 163 187 153 81 77 97 141 91 61 36 177 21 87 82 8 104 144 111 35 109 0 12 29 160 33 138 11 139 168 195 134 118 51 90 131 121 112 19 151 54 73 136 45 5 78 175 162 80 190 193 31 117 198 1 38 63 135 122 133 10 147 6 188 169 132 145 15 70 3 189 155 184 152 170 34 106 124 62 18 55
892,48015,1764959752748019593,31 54 117 198 1 38 63 135 122 90 191 125 51 121 25 138 139 11 49 33 160 144 104 8 21 87 82 111 35 109 0 12 29 168 134 6 188 169 132 13 195 145 15 161 70 3 155 184 152 170 34 55 183 140 20 60 148 47 94 66 179 22 99 185 86 130 95 18 62 128 176 180 166 194 113 114 137 127 89 103 163 187 153 106 124 143 159 81 77 97 141 61 36 177 5 78 175 45 80 190
893,47715,1764959752748019594,143 106 153 77 141 187 165 163 89 127 137 114 103 113 176 194 166 86 128 124 62 34 55 18 83 95 130 185 179 66 94 154 47 148 60 20 28 140 183 152 170 184 155 15 3 70 161 145 132 13 195 168 126 169 188 6 134 147 51 90 122 107 40 100 63 135 131 121 117 54 31 193 190 80 45 175 78 5 36 61 91 21 177 25 182 138 139 11 49 29 109 35 0 160 33 144 56 104 8 111
894,47517,1764959752748019595,127 89 103 113 180 176 194 166 179 185 86 128 106 124 62 18 95 130 99 66 94 47 148 20 28 140 183 34 152 155 3 70 15 145 168 195 13 132 169 188 147 90 121 135 122 133 10 72 107 40 100 63 38 27 1 156 198 117 54 73 31 193 190 80 175 78 5 177 25 182 138 139 11 49 33 144 160 29 0 109 35 143 159 81 77 111 56 104 8 82 87 21 61 36 91 141 187 153 163 165
895,50308,1764959752748019596,169 132 13 195 145 15 189 170 55 18 83 62 34 35 109 0 29 168 43 139 11 33 160 144 56 104 138 182 25 73 31 54 121 51 90 122 107 40 63 135 131 1 16 38 27 156 198 117 193 136 190 80 162 45 175 78 5 177 36 61 91 141 77 82 87 21 8 111 41 81 187 153 106 124 128 176 113 194 166 86 185 179 94 47 148 99 130 95 183 199 20 28 149 140 152 155 3 70 188 6
896,48981,1764959752748019597,10 178 147 6 188 169 132 13 195 145 70 3 15 189 155 152 183 140 20 60 148 47 94 179 22 99 185 86 166 194 114 127 165 89 163 103 113 180 176 106 124 62 18 34 35 109 0 29 39 111 8 77 141 91 61 36 177 5 78 175 142 45 162 80 190 136 193 117 198 156 1 38 63 135 131 121 112 19 54 31 73 25 104 144 160 33 11 138 182 139 168 43 134 118 98 51 191 90 122 133
897,47866,1764959752748019598,81 153 187 163 89 127 137 114 103 113 180 176 194 166 86 185 179 94 47 148 20 28 149 4 140 183 99 130 95 55 18 62 124 106 143 35 12 0 109 189 34 170 152 155 3 70 15 145 168 195 13 132 169 188 6 147 90 122 63 135 1 156 198 117 193 190 80 136 73 164 31 54 112 121 25 138 139 11 49 29 160 144 33 56 104 8 111 141 91 61 36 78 175 142 5 177 21 87 82 77
898,48148,1764959752748019599,189 15 3 70 161 145 195 126 13 132 169 188 6 43 168 139 11 74 118 134 147 51 121 131 90 133 122 63 135 1 198 117 54 73 164 31 193 190 80 45 175 78 5 25 182 138 33 160 29 0 109 35 111 144 104 8 82 21 177 36 61 91 141 77 153 163 89 127 103 113 176 106 124 128 62 18 95 130 99 22 185 86 194 166 172 179 94 47 148 20 28 149 140 183 55 34 170 152 184 155
899,48496,1764959752748019600,175 80 190 136 73 193 31 54 19 112 121 51 90 135 131 117 198 156 1 16 27 38 102 63 40 107 100 122 133 10 178 147 134 6 188 169 132 70 3 155 184 152 170 55 34 189 145 15 13 195 168 139 11 138 33 160 49 29 109 35 0 144 104 8 82 111 143 106 124 62 18 183 140 20 148 47 94 66 179 185 130 95 86 166 194 88 176 180 113 103 127 89 163 153 141 36 61 177 5 78
900,49481,1764959752748019601,90 125 51 120 71 147 188 169 132 13 145 70 3 15 155 189 29 0 109 35 143 159 106 124 34 152 28 140 183 55 18 62 128 86 185 95 130 99 179 166 194 180 176 113 103 127 165 89 163 187 153 81 77 97 141 91 21 82 8 104 144 160 33 49 195 168 139 11 138 182 25 177 61 36 5 142 175 78 45 162 80 190 73 164 31 54 193 117 198 156 1 121 131 135 102 63 122 133 10 191
901,47274,1764959752748019602,104 144 160 11 33 138 182 139 168 195 126 13 145 15 3 70 132 169 188 6 134 147 10 133 107 40 63 135 122 90 51 98 118 121 131 1 117 193 31 54 73 190 80 45 175 78 5 177 36 61 91 141 97 77 81 153 159 143 124 106 163 89 127 103 113 176 194 166 86 185 130 95 183 99 179 94 47 148 20 28 140 83 62 18 55 34 170 152 184 155 189 29 0 109 35 111 8 82 87 21
902,47538,1764959752748019603,18 62 124 106 159 143 35 109 0 29 160 33 104 56 144 111 8 82 21 25 121 51 98 118 182 138 49 11 139 43 168 195 13 145 189 155 15 3 70 132 169 188 6 147 71 191 90 133 122 135 63 38 1 117 193 31 54 73 136 190 80 162 45 142 175 78 5 177 36 61 79 91 141 97 77 81 153 187 163 103 89 127 114 113 176 194 166 86 185 95 183 140 148 47 60 20 28 152 34 55
903,48581,1764959752748019604,51 71 147 6 134 168 195 126 188 169 132 13 145 15 70 3 155 184 152 140 183 9 199 28 20 148 47 94 185 86 166 194 176 180 113 103 114 137 127 89 163 153 81 77 97 141 91 21 82 111 41 159 143 106 124 62 18 55 34 35 0 109 29 160 144 8 104 33 11 139 138 182 74 118 25 177 61 36 5 78 175 80 190 73 31 193 117 54 121 131 198 156 1 27 38 63 135 122 90 191
904,47666,1764959752748019605,18 62 124 106 143 35 109 0 29 111 144 160 33 138 11 139 182 74 134 169 132 126 168 195 13 145 189 184 155 15 3 70 161 188 6 147 107 40 63 122 90 191 51 121 131 135 38 27 1 198 117 193 31 54 73 136 190 80 162 45 5 142 175 78 177 61 36 91 141 21 8 82 77 97 81 153 163 89 127 137 114 103 113 176 194 166 86 179 94 47 60 20 148 185 95 183 140 152 34 55
905,50460,1764959752748019606,18 62 128 176 103 113 194 166 86 95 130 99 185 179 94 47 148 20 140 183 152 170 184 155 3 70 15 13 132 169 6 188 126 195 168 43 134 147 71 191 90 122 135 63 38 27 1 117 54 31 190 80 175 78 142 45 5 177 121 51 98 118 74 139 11 182 138 104 8 82 87 21 61 36 91 141 97 187 127 89 163 153 106 124 143 159 81 77 111 144 160 33 49 0 35 109 29 145 189 34
906,49323,1764959752748019607,160 144 111 29 0 109 35 143 62 83 18 55 34 170 152 140 183 95 185 179 166 194 113 114 137 127 165 89 163 103 176 86 128 124 106 153 81 77 141 61 36 177 5 78 175 142 45 80 190 73 164 54 31 193 117 198 156 1 27 38 102 63 135 122 131 112 121 51 90 191 147 85 134 6 188 169 132 70 3 155 184 189 15 145 13 126 195 168 43 139 182 25 21 82 8 104 138 11 49 33
907,46805,1764959752748019608,155 3 70 161 15 145 168 195 13 132 169 188 6 147 51 134 139 11 138 25 158 121 131 125 191 90 122 63 135 1 198 117 193 31 54 73 136 190 80 45 175 78 142 5 177 36 61 91 141 97 77 153 187 165 163 89 127 114 103 113 180 176 194 166 86 185 99 179 94 47 148 20 28 140 183 152 170 34 55 18 62 124 106 159 143 111 82 87 21 8 104 144 160 33 49 29 0 35 109 189
908,47318,1764959752748019609,13 145 15 132 169 188 70 3 189 155 152 170 34 62 83 18 55 183 140 4 149 28 20 60 148 47 94 66 179 185 130 95 86 166 194 176 113 103 127 89 163 187 97 141 36 61 21 8 104 33 160 144 111 77 81 153 106 124 143 35 109 0 29 49 11 139 138 182 118 51 90 122 135 131 121 158 25 177 5 175 80 190 193 54 31 117 198 1 27 38 63 40 107 133 10 147 6 134 168 195
909,47292,1764959752748019610,179 172 52 166 194 114 137 127 89 165 187 141 91 61 36 78 142 175 45 5 177 21 8 82 77 153 163 103 113 180 176 86 95 55 34 18 62 124 106 143 111 144 0 35 109 29 160 33 11 139 138 182 25 121 112 73 136 80 190 193 31 54 117 198 156 1 135 63 122 133 10 90 51 147 6 188 169 132 13 195 168 145 15 70 3 155 184 170 152 183 140 28 20 60 148 47 94 99 130 185
910,47906,1764959752748019611,36 141 187 153 81 77 82 8 104 144 111 29 0 109 35 34 55 18 83 62 143 159 106 124 128 95 130 99 185 86 176 163 89 127 103 113 194 166 179 94 47 148 20 28 140 183 152 155 145 15 3 70 161 169 188 6 132 13 195 168 139 11 160 33 138 182 74 118 134 85 147 71 191 90 51 121 131 135 122 133 10 107 40 63 38 27 1 198 117 193 31 54 73 190 80 175 5 177 21 61
911,47802,1764959752748019612,109 0 29 160 11 139 168 195 13 145 15 3 70 132 169 188 147 191 90 10 133 122 135 1 117 54 31 193 190 80 162 175 78 142 45 5 36 61 91 177 25 158 121 51 118 74 182 138 33 144 56 104 8 111 82 21 141 97 77 81 153 187 163 89 165 127 137 114 103 113 194 166 172 179 66 94 47 148 20 28 140 183 152 34 55 18 62 128 95 130 99 22 185 86 176 180 106 124 143 35
912,49414,1764959752748019613,111 8 104 144 160 33 49 29 0 109 35 143 106 124 62 18 34 55 128 86 176 180 103 113 194 166 179 94 47 148 185 130 95 183 140 152 155 3 70 161 15 145 13 132 169 188 6 195 168 43 11 138 182 139 134 147 10 133 107 40 63 135 1 117 193 31 54 73 136 190 80 162 45 175 78 5 112 121 131 90 51 118 74 25 177 21 82 61 36 91 141 77 97 187 165 127 89 163 153 81
913,48898,1764959752748019614,16 1 131 121 198 117 193 31 54 73 190 80 175 78 142 5 177 25 182 138 104 21 61 36 141 187 127 89 103 113 166 86 95 185 179 94 47 148 60 20 28 140 183 152 170 34 55 18 62 124 176 163 153 119 106 143 159 81 77 82 8 111 144 12 0 35 109 29 160 33 11 139 168 195 145 189 155 3 70 15 13 132 169 6 188 43 134 147 51 191 90 10 133 122 135 107 40 63 38 27
914,48662,1764959752748019615,38 135 102 63 40 107 122 131 121 51 191 90 10 133 147 188 169 132 70 3 145 13 195 168 139 11 138 182 25 177 21 87 82 111 8 104 144 33 160 29 0 109 35 143 106 124 34 55 18 83 62 128 176 86 185 95 183 140 20 148 94 179 166 194 113 103 127 89 163 153 81 77 97 141 91 61 36 5 78 175 142 45 162 80 190 136 173 73 164 31 54 193 117 198 42 156 24 1 16 27
915,48472,1764959752748019616,29 0 35 109 189 155 3 70 188 169 132 13 15 145 195 168 139 11 160 33 138 182 134 147 51 90 122 135 63 38 1 198 117 193 190 80 175 78 36 61 177 5 136 73 164 31 54 112 121 25 104 21 87 82 141 97 77 81 153 187 163 89 127 103 113 180 176 194 166 86 185 179 172 66 94 47 148 60 20 59 28 149 4 140 183 130 95 128 18 55 34 62 124 106 143 159 41 111 8 144
916,49931,1764959752748019617,55 18 83 62 128 86 185 130 95 99 22 179 166 194 176 113 103 127 89 163 153 141 91 61 36 5 78 175 45 162 80 190 136 193 117 198 156 1 135 63 40 107 133 10 147 51 191 90 122 131 121 54 31 73 25 177 21 104 8 111 82 77 81 106 124 143 35 109 0 29 160 144 56 33 138 182 11 139 134 6 188 169 168 195 13 132 70 3 15 145 189 167 155 184 152 28 140 183 170 34
917,49058,1764959752748019618,81 77 97 141 91 61 36 5 78 175 45 80 190 136 73 164 31 54 193 117 1 135 63 40 107 10 133 122 90 191 147 6 188 169 132 161 70 3 155 152 170 189 15 145 13 195 168 134 74 118 98 51 131 121 25 177 21 87 82 8 104 56 111 144 160 33 138 182 139 11 49 29 0 109 35 143 106 124 128 62 18 55 34 174 140 183 95 130 185 179 86 166 194 176 113 103 89 163 187 153
918,48587,1764959752748019619,152 170 34 35 109 0 29 160 144 33 11 138 182 139 85 134 43 168 195 13 126 145 189 155 15 3 70 161 132 169 188 6 147 51 121 90 122 107 40 63 135 38 1 156 198 117 193 31 54 73 190 80 136 173 25 177 5 142 175 78 36 61 141 77 82 87 21 104 8 111 81 153 163 89 103 113 180 176 194 166 86 185 179 94 148 20 28 149 140 183 130 95 128 106 143 124 62 83 18 55
919,47917,1764959752748019620,147 6 134 139 11 168 195 126 13 132 169 188 161 70 3 15 145 189 155 184 152 170 109 29 0 35 143 106 124 128 62 83 18 55 34 183 140 28 20 60 148 47 154 94 66 179 185 130 95 86 166 194 176 180 113 103 163 89 127 165 187 153 77 141 36 78 175 162 80 190 193 31 54 73 136 45 5 177 21 87 82 8 104 56 111 144 160 33 138 182 25 121 131 117 198 1 135 63 122 90
920,48037,1764959752748019621,56 8 111 82 87 21 61 36 91 141 77 81 153 163 89 103 113 194 166 176 106 159 143 124 62 18 55 86 95 130 99 185 179 94 47 148 20 28 140 183 152 170 34 35 109 0 29 144 160 33 49 11 139 168 195 13 145 15 3 70 132 188 169 6 147 191 90 51 121 131 122 135 32 63 102 38 27 1 156 198 117 193 164 73 31 54 151 173 136 190 80 175 78 5 177 25 74 182 138 104
921,49757,1764959752748019622,62 34 170 184 155 3 70 15 145 29 12 0 109 35 111 8 104 144 160 33 49 11 139 168 195 13 132 169 188 6 134 147 10 133 191 90 125 51 121 131 122 40 63 135 38 1 117 193 31 54 164 73 136 190 80 175 78 5 25 182 138 177 36 61 91 141 21 87 82 77 153 187 165 127 89 103 163 159 143 106 124 86 88 176 180 113 194 166 185 95 130 179 94 47 148 183 140 152 55 18
922,47164,1764959752748019623,1 135 63 122 133 10 147 6 188 169 132 13 126 168 195 145 15 70 3 155 152 140 149 28 20 183 170 34 55 18 62 124 143 159 106 128 95 130 185 148 47 94 179 86 166 194 176 113 103 114 137 127 89 163 187 153 77 141 91 36 61 21 82 8 111 35 109 0 29 160 33 138 182 11 139 134 118 51 125 191 90 131 121 158 25 177 5 142 78 175 80 190 136 73 54 31 193 117 198 156
923,48786,1764959752748019624,94 47 148 20 28 149 140 183 130 95 86 128 18 62 124 106 143 35 109 0 29 11 139 168 195 126 132 13 145 189 34 55 152 170 184 155 3 15 70 169 188 6 147 71 51 191 90 122 135 100 107 40 63 38 1 117 31 54 121 118 182 138 33 160 144 111 104 8 82 87 21 25 177 5 78 175 36 61 79 91 141 97 77 81 153 187 165 127 89 163 103 113 176 194 166 179 185 22 99 66
924,52474,1764959752748019625,29 160 11 168 195 13 132 145 189 184 155 15 3 70 161 169 188 6 147 71 120 191 90 133 122 135 63 38 27 1 131 121 117 31 5 177 25 74 118 98 51 85 134 43 139 182 138 33 56 104 8 87 21 61 36 91 141 187 89 127 114 113 103 163 153 77 82 144 111 143 106 124 86 176 180 88 194 166 185 179 66 94 47 60 20 148 130 95 183 140 28 149 152 55 18 62 34 35 109 0
925,46375,1764959752748019626,35 0 109 189 184 155 3 70 161 15 145 168 195 13 132 169 188 6 147 90 51 121 131 135 63 1 198 117 193 31 54 73 190 80 45 142 175 78 5 177 36 61 79 91 141 77 82 87 21 8 104 56 144 160 33 138 182 139 11 29 111 81 153 187 163 89 127 103 113 180 176 194 166 179 185 86 95 99 22 66 94 47 148 60 20 28 149 4 199 140 183 152 34 55 18 83 62 124 106 143
926,47231,1764959752748019627,176 180 113 103 114 127 89 163 187 153 81 77 141 61 36 5 142 78 175 80 190 136 73 164 54 31 193 117 198 1 135 63 122 121 177 21 82 8 104 111 144 160 33 138 182 118 51 90 191 147 134 6 188 169 132 13 145 195 168 43 139 11 29 0 109 35 143 159 106 124 128 62 18 55 34 189 15 161 70 3 155 184 170 152 183 140 28 20 148 47 94 66 179 185 99 130 95 86 166 194
927,48961,1764959752748019628,177 21 82 8 104 138 182 25 121 54 31 80 190 193 117 198 1 135 100 107 40 63 96 122 133 10 90 51 71 147 6 188 169 132 13 70 3 15 145 195 126 168 43 139 11 33 160 29 0 109 35 111 77 81 153 163 89 103 113 180 176 88 86 185 130 95 183 34 55 18 83 62 124 106 159 143 189 155 184 152 140 20 60 148 47 94 179 166 194 114 137 127 187 141 91 61 36 175 78 5
928,48448,1764959752748019629,6 188 169 132 13 70 3 15 155 34 55 18 62 124 106 128 95 183 140 170 152 4 149 28 20 60 148 47 94 66 57 172 179 185 86 166 176 113 114 127 89 103 163 187 153 81 143 159 111 82 8 104 56 144 33 160 35 109 0 29 145 195 168 43 134 85 139 11 49 138 182 25 177 21 77 97 141 61 36 5 78 175 80 190 193 31 73 54 117 198 156 1 121 131 135 63 122 90 51 147
929,48353,1764959752748019630,97 77 81 153 163 103 89 127 114 113 176 194 166 86 128 124 106 159 143 62 18 55 34 183 95 185 179 94 47 148 20 140 152 184 155 189 145 15 3 70 161 13 195 168 132 169 188 6 43 11 139 134 118 51 120 71 147 133 122 63 135 131 90 191 125 121 198 117 193 31 54 73 190 80 162 45 142 175 78 5 177 25 182 138 33 160 29 0 109 35 111 104 8 82 21 36 61 79 91 141
930,48846,1764959752748019631,124 62 86 166 194 176 113 103 127 165 89 163 187 153 81 77 141 82 87 21 61 36 78 175 142 162 80 190 136 45 5 177 25 104 8 33 138 182 11 139 168 134 51 90 122 131 121 112 73 164 54 31 193 117 198 1 38 135 63 133 10 147 6 188 169 132 145 15 70 3 155 152 149 28 20 60 148 47 94 179 185 130 95 183 140 174 55 18 34 35 109 0 29 160 144 111 41 159 143 106
931,50327,1764959752748019632,158 121 131 117 198 1 38 63 40 107 100 32 135 122 90 51 71 147 134 6 188 169 132 13 15 70 3 155 184 152 189 145 195 168 43 139 11 138 182 177 21 104 33 160 29 0 109 35 124 62 34 55 18 95 183 140 20 148 47 94 99 185 179 172 52 166 194 113 180 176 86 106 143 111 8 82 77 81 153 163 103 89 127 187 141 61 36 5 45 142 78 175 162 80 190 193 31 54 73 25
932,49127,1764959752748019633,81 153 146 187 163 89 127 103 114 113 180 176 194 166 86 185 130 95 183 20 28 140 152 55 18 62 124 106 143 35 109 0 29 160 33 8 104 138 11 139 168 195 145 15 3 70 13 132 169 188 6 147 71 191 10 133 107 40 63 96 122 135 38 27 16 1 156 198 117 151 54 31 193 164 73 190 80 162 45 142 175 78 5 112 121 131 90 125 51 118 25 177 21 61 36 91 141 97 77 111
933,46285,1764959752748019634,35 109 0 29 160 33 11 139 182 138 104 8 82 87 21 177 25 121 90 51 134 188 6 147 10 133 122 135 63 102 38 27 1 198 117 54 31 193 190 80 45 142 175 78 5 36 61 91 141 77 81 153 187 163 103 89 127 114 113 180 176 194 166 86 95 130 99 185 179 66 94 47 148 60 20 28 140 183 152 155 3 70 132 169 168 195 13 15 145 189 170 34 55 18 62 128 124 106 143 111
934,47376,1764959752748019635,180 113 114 137 127 89 103 163 187 153 97 141 61 36 5 78 175 45 80 190 73 164 54 31 193 117 1 38 63 135 122 133 10 90 191 51 121 158 25 177 21 82 77 81 111 8 104 33 138 11 139 6 188 169 132 161 70 3 15 145 13 126 195 168 29 0 35 109 189 155 184 170 34 55 18 62 124 143 159 106 128 183 140 152 4 149 28 20 60 148 47 94 179 185 130 95 86 166 194 176
935,49483,1764959752748019636,1 198 117 193 31 54 73 190 80 175 78 5 45 136 19 112 121 90 51 118 134 139 43 168 195 126 13 109 35 0 29 160 111 144 33 11 138 182 25 177 104 8 21 61 36 141 97 77 153 146 187 165 127 89 163 103 113 180 176 194 166 86 185 179 94 47 148 20 140 152 183 130 95 128 106 124 62 18 55 34 170 155 3 70 15 145 132 169 188 147 10 133 72 107 40 100 63 96 122 135
936,49128,1764959752748019637,175 78 5 177 104 8 87 21 36 61 79 91 141 77 153 159 143 81 82 111 144 56 33 160 35 109 0 29 49 138 182 11 139 43 168 195 13 145 189 34 55 18 62 124 106 176 163 89 103 113 194 166 86 185 99 22 179 66 94 47 148 60 20 140 183 152 170 184 155 15 3 70 161 132 169 188 6 147 134 74 118 98 51 191 90 125 121 131 122 63 135 1 156 198 117 54 31 193 190 80
937,48534,1764959752748019638,145 195 168 29 109 35 0 160 144 104 8 82 77 81 153 163 176 86 128 124 143 159 106 62 83 18 55 34 170 152 28 140 183 95 130 99 148 20 60 47 94 179 185 166 194 113 114 137 103 89 127 165 187 141 91 79 61 36 87 21 177 5 142 78 175 80 190 136 164 31 193 117 54 73 25 138 33 11 139 134 118 98 51 121 131 135 63 122 133 10 90 147 6 188 169 13 132 70 3 15
938,47899,1764959752748019639,18 55 174 183 140 4 149 101 28 20 60 148 47 94 179 99 130 95 185 86 166 176 113 103 89 163 153 81 77 141 36 61 21 82 111 144 56 8 104 160 33 138 182 11 139 195 168 43 134 74 118 158 25 177 5 175 80 190 73 54 31 193 117 198 156 1 121 131 122 135 102 63 40 107 133 10 90 51 147 6 188 169 132 13 145 70 3 15 155 152 34 109 29 0 35 143 106 124 128 62
939,49443,1764959752748019640,34 35 0 109 152 184 155 3 70 15 145 168 195 13 132 169 188 6 147 90 135 122 10 133 72 107 40 100 63 38 1 117 31 193 80 190 136 73 54 112 121 51 118 134 43 139 11 29 160 33 138 182 25 45 175 78 5 177 36 61 91 141 97 77 82 87 21 104 8 111 81 187 127 89 103 113 176 163 153 143 106 124 86 185 179 66 94 47 148 60 20 28 140 183 130 95 62 83 18 55
940,48048,1764959752748019641,144 56 104 21 87 82 8 111 160 12 0 35 109 29 145 195 168 134 51 121 90 147 6 188 169 132 13 161 70 3 15 189 155 184 152 170 34 55 18 62 143 106 124 128 86 95 130 183 140 28 20 60 148 47 94 99 185 179 166 194 176 180 113 26 103 114 137 127 165 89 163 153 81 77 141 91 79 61 36 177 5 45 142 78 175 162 80 190 136 73 164 31 193 117 54 25 138 139 11 33
941,48409,1764959752748019642,0 29 111 82 81 77 141 91 21 8 144 104 160 33 138 182 11 139 168 134 51 98 118 25 177 61 36 5 78 175 80 190 73 164 54 31 193 117 198 151 19 112 121 131 1 16 27 38 135 63 40 107 10 133 122 90 147 6 188 169 132 195 13 70 3 15 145 189 155 152 34 55 18 62 124 106 128 95 183 140 149 28 59 20 60 148 47 94 179 185 86 166 194 176 113 103 163 153 35 109
942,47464,1764959752748019643,78 5 177 36 61 91 141 77 153 163 89 165 127 103 113 194 176 166 86 185 179 94 47 60 20 148 130 95 183 140 152 34 55 18 62 128 124 106 143 35 109 0 12 29 33 160 111 82 8 104 25 121 51 98 118 182 138 11 139 134 43 168 195 13 145 15 3 70 132 169 188 6 147 10 133 178 191 90 125 131 122 107 40 63 102 135 38 27 1 198 117 193 54 31 73 190 80 45 142 175
943,48801,1764959752748019644,131 90 191 51 121 54 31 193 190 80 175 78 5 177 21 104 144 8 82 61 36 91 141 97 77 81 143 124 106 153 163 103 89 165 127 137 114 113 176 194 166 86 185 94 47 148 60 20 28 149 140 183 130 95 62 18 55 34 35 109 0 12 29 189 155 70 3 15 145 168 195 13 132 169 6 188 43 11 49 160 33 138 182 139 134 147 10 133 122 135 100 107 40 63 38 1 24 156 198 117
944,50500,1764959752748019645,0 160 144 8 111 143 159 106 124 62 18 55 34 189 145 13 132 126 195 168 134 6 188 169 70 3 15 155 184 152 28 140 183 95 185 86 166 176 113 103 89 163 153 81 77 141 91 36 61 21 82 177 5 45 46 142 78 175 162 80 190 136 73 31 54 193 117 198 156 1 27 38 102 63 135 122 107 40 133 10 191 90 125 131 121 116 51 98 118 74 182 139 11 138 104 33 49 29 109 35
945,46286,1764959752748019646,20 28 149 4 152 155 189 3 70 15 145 29 109 0 35 111 82 8 104 33 138 11 139 43 168 195 132 169 188 6 147 191 90 125 51 121 131 122 133 107 40 63 102 32 135 38 27 16 1 156 198 117 193 31 54 73 190 80 175 78 5 177 21 36 61 91 141 77 81 153 187 165 163 103 89 127 137 114 113 176 194 166 86 128 106 159 143 124 62 18 55 34 140 183 95 185 179 94 47 148
946,50038,1764959752748019647,3 70 132 13 195 168 126 169 188 6 134 147 71 51 191 90 10 133 122 135 107 40 63 38 27 16 1 198 117 54 31 193 190 80 45 175 78 5 136 73 151 19 112 131 121 177 36 61 141 77 21 82 8 104 111 144 160 11 139 182 138 33 29 12 0 109 35 81 153 146 187 163 89 165 127 103 113 194 166 179 185 86 176 106 124 62 18 55 34 183 148 20 28 140 152 184 155 189 145 15
947,47092,1764959752748019648,190 193 31 54 117 1 27 38 63 135 122 133 10 90 131 121 25 177 21 87 82 111 8 104 144 160 33 138 182 11 139 134 118 51 147 6 188 169 132 161 70 3 15 155 189 145 13 126 195 168 49 29 0 109 35 143 106 124 62 18 55 34 170 152 28 20 60 94 47 148 140 183 95 130 99 185 86 166 194 176 180 113 103 114 127 165 89 163 153 81 77 141 91 61 36 5 142 78 175 80
948,46587,1764959752748019649,18 62 124 106 86 166 194 176 113 103 89 127 165 163 187 153 81 143 35 109 0 29 160 33 144 111 77 97 141 91 36 61 82 8 104 87 21 177 5 142 78 175 80 190 136 73 54 31 193 117 198 156 1 135 63 40 107 10 133 122 90 191 51 121 25 138 11 139 134 147 6 188 169 132 13 195 168 145 70 3 155 152 140 4 149 101 28 20 60 148 47 94 179 185 99 130 95 183 34 55
949,48527,1764959752748019650,97 141 91 36 61 82 21 177 5 142 78 175 80 190 73 54 31 193 117 198 156 24 1 16 27 38 102 63 40 107 133 10 147 71 191 90 122 135 131 121 125 51 134 139 182 138 11 33 104 8 144 160 29 0 109 35 111 143 159 106 124 62 18 55 34 189 145 168 195 13 132 169 188 70 3 15 155 184 152 183 140 149 28 20 185 86 166 194 176 180 113 103 163 89 127 165 187 153 81 77
950,47443,1764959752748019651,56 104 138 182 118 51 191 90 121 131 135 63 40 107 122 133 10 147 6 188 169 132 13 145 195 168 139 11 33 160 144 29 12 0 109 35 143 159 106 124 62 18 55 34 170 189 15 70 3 155 152 183 140 4 149 28 20 148 47 94 179 185 22 99 130 95 86 166 194 176 180 113 103 114 137 127 89 163 187 153 81 77 141 36 61 5 78 175 80 190 193 117 54 31 177 21 82 111 68 8
951,49177,1764959752748019652,32 135 122 107 40 133 10 147 6 188 169 132 13 145 195 168 43 139 11 138 33 160 104 8 111 35 109 0 29 69 189 15 70 3 155 152 140 20 148 47 94 66 179 185 95 183 55 18 62 143 106 124 86 166 194 113 176 103 127 165 89 163 153 77 141 61 36 177 25 74 118 51 191 90 121 112 131 1 156 198 117 193 54 31 164 73 136 45 5 78 175 162 80 190 42 16 27 38 102 63
952,49613,1764959752748019653,94 47 148 60 20 28 140 183 152 170 34 55 18 83 62 124 128 95 130 185 86 176 180 106 159 143 111 8 104 144 160 29 0 35 109 189 184 155 3 70 15 145 13 132 169 188 126 195 168 43 6 192 147 71 191 90 122 135 63 131 121 51 118 134 139 11 33 138 182 25 177 5 45 136 73 54 31 193 117 198 1 156 190 80 175 78 36 61 91 141 21 82 77 81 153 163 113 194 166 179
953,50306,1764959752748019654,159 143 81 77 141 91 79 61 36 5 177 25 104 21 87 82 8 111 144 160 33 138 182 11 139 43 134 118 51 121 112 19 73 136 45 78 175 80 190 193 164 31 54 117 198 1 135 122 133 90 191 71 147 6 188 169 132 13 195 168 145 15 3 70 155 4 149 28 20 140 183 152 170 29 0 109 35 34 55 18 62 124 106 128 95 130 185 179 86 166 194 176 113 103 114 127 89 163 187 153
954,48390,1764959752748019655,91 61 36 5 78 175 142 45 162 80 190 73 54 31 193 117 1 27 38 63 135 122 133 10 131 19 112 121 116 158 25 177 21 8 104 33 138 11 139 51 90 147 134 6 188 169 132 168 195 145 70 3 155 184 170 152 183 140 28 20 148 47 94 179 22 99 130 95 185 86 166 194 176 180 113 103 127 89 163 187 146 153 81 159 143 124 106 128 62 18 55 34 35 109 0 29 111 82 77 141
955,49029,1764959752748019656,8 111 82 21 177 36 61 141 77 153 163 26 103 89 165 127 137 114 113 176 194 166 86 128 106 143 124 62 95 185 179 172 57 66 94 47 60 148 20 28 140 183 55 18 34 152 155 3 70 188 6 147 90 122 40 63 135 131 38 27 16 1 24 156 198 117 193 151 54 31 164 73 136 190 80 175 78 5 45 173 19 112 121 51 134 169 195 168 139 11 138 33 49 29 109 35 0 160 144 104
956,48510,1764959752748019657,194 166 86 185 99 22 179 172 66 94 47 148 60 20 28 140 9 130 95 183 34 18 55 170 152 155 3 70 161 15 145 168 195 13 132 169 188 6 134 43 139 11 138 25 121 51 191 90 10 133 122 135 1 117 54 31 193 190 80 175 78 5 177 8 104 144 33 160 29 109 35 0 12 111 82 21 61 36 91 141 77 81 153 143 124 62 83 181 128 106 176 180 103 163 89 165 127 137 114 113
957,46366,1764959752748019658,3 70 188 169 132 13 195 168 43 134 139 182 138 11 33 160 111 144 104 8 21 25 158 121 51 191 90 122 133 107 40 63 135 1 156 198 117 193 31 54 73 136 190 80 162 175 78 142 45 5 177 36 61 91 141 77 81 153 146 187 163 89 127 103 113 176 194 166 86 185 95 130 99 179 66 94 47 148 60 20 28 140 183 55 18 62 124 106 159 143 35 109 0 29 152 184 155 189 145 15
958,49392,1764959752748019659,0 29 195 168 43 139 134 74 118 51 90 122 135 102 63 40 107 133 10 147 188 169 132 126 13 145 15 70 3 155 184 189 143 159 106 124 128 62 83 18 55 34 170 152 28 140 183 95 130 185 86 166 194 176 113 26 103 114 127 165 89 163 187 153 77 97 141 36 61 21 177 5 45 142 78 175 162 80 190 136 73 164 54 31 193 117 198 1 131 121 25 182 138 11 33 104 8 111 35 109
959,49626,1764959752748019660,104 8 111 29 0 109 35 170 34 55 18 62 128 124 106 143 159 81 77 141 97 153 187 163 103 89 165 127 137 114 113 180 176 194 166 86 185 95 183 140 152 184 155 3 70 15 145 13 195 168 169 132 188 6 147 90 122 135 32 100 107 40 63 38 27 1 156 198 117 193 164 73 31 54 151 121 112 136 190 80 45 175 78 5 36 61 177 25 118 98 51 134 43 139 182 138 11 33 160 144
960,48781,1764959752748019661,95 62 18 55 34 109 29 144 8 104 160 33 11 168 195 13 145 15 3 70 132 169 188 6 134 139 138 182 74 118 98 147 133 122 90 51 121 131 135 63 38 27 1 156 198 117 193 31 54 73 136 190 80 175 78 142 45 5 25 177 36 61 91 21 82 141 97 77 81 111 12 0 35 124 106 143 159 119 153 187 163 89 127 103 113 180 176 194 166 86 185 179 94 47 148 20 28 140 152 183
961,47697,1764959752748019662,94 47 148 60 20 28 149 4 140 183 130 95 152 184 155 189 145 15 3 70 13 132 169 188 6 147 71 51 90 10 133 72 107 40 100 63 135 122 131 121 112 19 73 164 31 54 117 198 193 190 80 45 175 78 5 177 36 61 91 141 97 77 82 21 8 104 138 182 74 134 43 195 168 139 11 33 160 29 0 109 35 34 55 18 62 143 106 124 128 86 176 163 89 127 103 113 194 166 185 179
962,48982,1764959752748019663,86 194 114 137 127 89 163 103 113 180 176 166 52 172 179 94 47 148 60 20 28 149 140 183 55 18 62 124 35 109 0 29 168 195 189 155 3 70 15 145 13 126 132 169 188 6 139 11 49 33 138 182 51 191 90 10 133 122 135 131 121 112 151 117 198 193 164 54 31 73 136 190 80 45 142 175 78 5 177 21 82 91 61 36 141 77 153 81 111 8 104 144 160 143 106 128 95 130 99 185
963,48693,1764959752748019664,94 47 148 20 28 140 183 152 184 155 189 29 49 33 138 104 56 144 160 0 109 35 143 34 55 18 62 124 106 159 81 111 8 82 21 25 158 121 51 118 74 182 11 139 168 195 13 145 15 3 70 132 169 188 6 134 147 191 90 178 10 133 122 135 63 38 1 24 156 198 117 193 31 54 73 136 190 80 162 175 78 142 45 5 177 36 61 91 141 77 153 163 89 103 113 176 166 86 185 179
964,48691,1764959752748019665,193 31 54 73 136 190 80 162 45 142 175 78 5 25 177 36 61 141 21 87 82 8 104 56 144 111 143 106 124 128 86 176 163 153 81 77 187 127 103 113 194 166 179 66 94 47 60 20 148 22 185 95 130 99 9 199 28 149 140 183 152 34 55 18 62 35 109 0 12 29 160 33 138 11 139 168 195 13 132 145 15 155 3 70 169 188 6 147 51 121 131 135 122 90 133 63 1 156 198 117
965,48161,1764959752748019666,127 89 103 163 187 153 176 86 124 106 143 35 109 0 29 160 33 144 56 104 8 82 111 81 77 97 141 91 36 61 21 177 25 182 138 11 195 168 139 134 51 121 112 19 151 54 73 136 45 5 142 78 175 80 190 193 31 117 198 156 1 135 63 122 90 191 147 6 188 169 132 13 145 15 70 3 155 152 140 183 170 34 55 18 62 95 130 185 99 148 20 60 47 94 66 179 166 194 113 114
966,46907,1764959752748019667,47 94 66 179 99 130 95 185 86 166 194 88 176 180 113 26 103 114 137 127 165 89 163 187 153 81 77 141 91 79 61 36 177 5 78 175 45 80 190 193 31 54 117 198 156 1 121 51 90 122 135 102 63 40 107 133 147 6 188 169 134 139 11 168 195 13 132 70 3 155 15 145 29 49 160 144 56 33 138 182 104 8 82 111 0 109 35 143 106 124 62 18 55 34 183 140 28 20 60 148
967,49123,1764959752748019668,135 1 156 198 117 131 121 112 73 54 31 193 136 190 80 162 45 142 175 78 5 177 36 61 141 77 97 82 87 21 8 104 138 139 11 49 33 160 144 56 111 41 81 153 163 103 113 176 166 179 94 47 148 20 28 140 183 95 185 86 128 106 143 124 62 18 55 34 170 152 184 155 189 109 35 0 29 145 15 3 70 169 132 195 168 188 147 71 51 191 90 178 10 133 122 72 107 40 100 63
968,48141,1764959752748019669,190 80 162 175 78 142 45 5 177 36 61 91 141 77 81 82 8 144 111 109 0 35 143 128 18 55 34 62 124 106 153 163 89 127 114 103 113 180 176 194 166 86 95 130 185 179 94 47 148 20 28 140 183 152 184 155 29 49 160 33 56 104 87 21 25 182 138 11 139 43 168 195 13 145 15 3 70 132 169 6 188 147 133 122 90 191 125 51 121 131 135 63 38 1 117 193 54 31 73 136
969,47288,1764959752748019670,70 3 155 15 145 195 168 139 182 11 33 160 144 111 109 29 0 35 143 106 124 62 18 34 55 152 140 183 130 95 86 185 99 28 20 60 148 47 154 94 66 179 166 194 88 176 180 113 103 127 89 163 187 153 81 77 97 141 91 36 61 21 82 8 104 138 177 5 78 175 80 190 136 164 73 54 31 193 117 121 131 1 198 156 16 27 38 63 135 122 90 51 147 134 6 188 169 132 13 161
970,50512,1764959752748019671,3 155 152 170 34 62 18 55 140 183 95 130 99 185 179 166 194 113 114 137 127 89 165 187 97 141 61 36 78 175 142 45 5 177 21 82 77 81 153 163 103 176 86 124 106 159 143 111 144 8 104 160 33 138 25 182 139 11 29 12 0 35 109 168 195 145 15 13 132 169 6 51 125 131 121 54 73 136 80 190 193 31 117 198 1 16 27 38 63 40 107 100 135 122 133 90 191 147 188 70
971,49524,1764959752748019672,15 3 70 145 13 132 169 188 6 134 147 90 122 133 107 40 100 63 135 131 38 27 16 1 54 31 117 198 193 190 80 45 175 78 5 112 121 125 51 118 139 43 168 195 29 0 109 35 106 159 143 41 111 8 104 56 144 160 33 11 138 25 177 36 61 21 82 141 77 81 153 187 163 103 89 127 113 180 176 194 166 185 179 94 47 148 140 183 95 86 128 124 62 18 55 34 170 152 184 155
972,47716,1764959752748019673,31 54 117 198 1 135 63 122 133 147 6 188 169 132 13 70 3 15 145 168 195 134 74 118 98 51 90 131 121 158 25 177 21 87 82 8 104 138 182 139 11 33 29 0 35 109 189 155 4 149 28 20 60 148 47 94 185 95 183 140 152 170 34 55 18 62 143 106 124 128 86 166 194 88 176 180 113 114 137 127 89 103 163 153 81 77 97 141 91 61 36 5 142 78 175 80 190 73 164 193
973,47175,1764959752748019674,103 163 143 106 124 128 86 176 180 113 194 166 172 179 94 47 148 60 20 28 149 140 183 130 99 22 185 95 62 18 55 34 152 155 3 70 161 13 132 169 188 6 147 51 90 10 133 122 135 63 38 27 16 1 156 198 117 193 31 54 73 112 121 25 138 11 168 195 145 15 109 35 0 29 33 160 144 104 8 111 82 21 177 5 45 190 80 162 175 78 36 61 91 141 77 81 153 187 127 89
974,50192,1764959752748019675,63 100 40 107 133 122 90 121 25 157 104 8 56 144 111 41 35 109 0 12 29 160 33 49 11 138 182 139 43 168 195 13 6 188 169 132 145 15 161 70 3 155 184 152 140 183 34 55 18 62 95 130 185 179 166 194 113 103 127 89 163 180 176 86 124 106 159 143 153 187 146 81 77 141 82 21 91 79 61 36 177 5 45 142 78 175 162 80 190 193 31 73 54 117 198 156 24 1 38 135
975,48743,1764959752748019676,136 73 164 31 54 112 121 98 118 134 6 147 71 51 191 90 10 133 122 135 63 38 27 16 1 156 198 117 193 190 80 142 78 175 36 61 141 77 82 21 8 144 35 109 0 29 33 160 111 81 153 163 103 89 127 114 113 194 166 176 106 143 124 62 18 55 183 95 86 185 179 94 47 148 60 20 140 152 170 184 155 3 70 161 15 145 13 132 169 188 126 195 168 139 11 138 25 177 5 45
976,48820,1764959752748019677,6 188 169 132 70 3 155 15 145 13 195 168 43 134 98 51 120 71 191 90 131 121 118 74 182 138 139 11 33 160 144 56 111 81 153 163 180 176 86 128 124 106 143 35 0 29 109 62 18 55 34 170 152 183 140 149 28 20 148 47 94 99 130 95 185 179 166 194 113 103 89 127 165 187 77 141 91 36 61 21 82 8 104 25 177 5 142 78 175 80 190 193 31 54 117 1 135 122 133 147
977,48762,1764959752748019678,190 80 175 78 5 177 36 141 77 81 153 163 103 89 127 137 114 26 113 180 176 194 166 86 128 124 106 143 18 62 55 34 170 152 140 183 95 185 179 94 47 148 60 23 20 28 149 4 155 189 109 0 35 111 8 104 33 160 29 11 138 182 74 85 134 139 168 195 145 3 70 13 132 169 188 6 192 147 51 98 118 116 121 112 131 125 90 122 135 63 38 27 16 1 198 117 54 73 31 193
978,48507,1764959752748019679,148 47 94 179 185 130 95 86 55 18 62 124 106 143 111 77 81 153 176 194 113 103 127 165 89 163 187 141 91 79 61 36 177 5 45 142 78 175 80 190 136 73 54 31 193 117 198 156 16 27 38 1 19 112 121 131 135 63 40 107 122 90 191 51 118 139 11 182 138 104 8 33 160 29 0 35 109 189 145 13 126 195 168 43 134 147 6 188 169 132 70 3 15 155 152 183 140 149 28 20
979,48476,1764959752748019680,35 109 0 29 49 11 139 43 134 118 51 121 131 117 198 1 27 38 135 63 40 122 90 147 6 188 169 132 126 168 195 13 145 15 70 3 155 184 34 55 170 152 183 140 28 20 60 148 47 94 99 22 179 172 166 194 86 185 130 95 128 18 62 124 143 159 106 176 180 113 114 137 127 89 103 163 187 153 77 141 91 61 36 175 190 80 193 31 54 5 177 25 182 138 33 160 144 104 8 111
980,48504,1764959752748019681,8 82 111 144 104 33 160 0 29 11 139 138 182 25 121 51 191 90 122 135 63 40 107 133 10 147 6 188 169 132 13 195 168 145 70 3 155 184 152 4 149 101 28 59 20 60 148 47 94 179 22 99 185 166 86 128 124 62 18 95 183 140 55 34 109 35 143 106 176 194 113 103 163 89 127 165 187 153 77 97 141 36 61 78 175 162 80 190 164 31 193 198 117 54 73 136 45 5 177 21
981,48732,1764959752748019682,175 45 80 190 73 54 31 193 117 198 1 27 38 135 63 40 107 10 133 122 131 121 51 90 191 147 6 188 169 132 13 195 168 134 74 182 139 11 138 33 160 144 111 8 104 21 87 82 77 81 159 143 106 176 86 124 62 18 35 109 0 29 145 15 161 70 3 155 184 152 34 55 183 140 4 149 101 28 20 148 47 94 66 179 22 99 95 185 166 194 113 103 163 153 187 141 36 177 5 78
982,48642,1764959752748019683,117 198 1 135 63 122 133 90 191 51 147 134 139 43 6 188 169 132 126 168 195 13 145 15 3 70 155 184 152 34 124 62 18 55 183 140 28 20 148 47 94 66 172 179 185 22 99 130 95 86 166 194 176 180 113 89 127 103 163 153 81 159 106 143 35 109 0 12 29 160 33 56 144 111 77 141 21 82 8 104 138 11 182 74 118 121 25 177 5 78 175 142 45 80 190 136 73 54 31 193
983,49828,1764959752748019684,193 31 164 73 54 117 198 156 24 1 27 38 63 135 122 133 10 90 125 131 121 51 98 118 25 177 21 87 82 8 56 104 138 182 11 139 134 147 6 188 169 132 161 70 3 15 145 13 195 126 168 49 29 109 35 0 160 33 144 111 77 81 153 159 143 106 124 128 86 62 18 55 34 152 28 140 183 95 130 185 179 166 194 176 113 103 89 163 187 141 61 36 5 78 175 142 45 162 80 190
984,47975,1764959752748019685,145 15 189 34 55 18 83 62 128 124 106 159 143 111 35 109 0 12 29 11 139 138 33 160 144 104 8 82 21 87 177 5 45 162 142 175 78 36 61 91 141 77 81 153 187 163 89 103 113 176 194 166 86 95 130 99 22 185 179 94 47 148 20 28 140 183 152 155 3 70 13 132 169 188 6 147 133 122 135 63 102 38 27 16 1 156 198 117 193 31 54 73 190 80 136 121 90 51 168 195
985,48065,1764959752748019686,189 3 70 15 145 132 13 195 168 126 169 188 6 147 71 51 191 90 122 40 63 135 1 198 117 193 164 73 31 54 121 98 118 134 139 11 49 29 109 35 0 160 144 111 8 82 21 104 33 138 182 25 136 190 80 175 78 5 177 36 61 91 141 77 81 153 143 106 163 89 165 127 137 114 103 113 176 194 166 86 95 130 185 179 94 47 148 20 28 140 183 55 18 62 124 34 170 152 184 155
986,46924,1764959752748019687,99 130 95 86 166 194 176 180 113 103 89 163 153 81 77 141 91 36 61 82 8 104 21 177 5 78 175 142 45 80 190 73 54 31 193 117 1 38 63 135 122 107 40 133 10 191 90 125 51 121 25 138 33 160 144 111 41 35 109 0 29 11 139 168 134 147 6 188 169 132 13 195 145 15 70 3 155 152 34 55 18 83 62 143 159 106 124 128 183 140 149 28 20 60 148 47 94 66 179 185
987,48416,1764959752748019688,194 166 86 95 130 99 185 179 66 94 47 148 60 20 28 149 4 199 140 183 34 152 155 70 161 3 15 145 189 109 35 0 12 29 33 160 111 82 8 104 138 182 11 139 168 195 13 132 169 188 6 147 71 51 98 118 121 131 125 191 90 122 133 10 107 40 100 63 135 117 193 31 54 164 73 136 190 80 175 5 36 61 141 77 81 159 143 55 18 62 124 106 153 163 89 127 103 113 180 176
988,47653,1764959752748019689,188 6 169 132 13 195 168 11 138 182 139 134 147 10 133 107 40 63 102 135 122 90 191 51 121 112 131 38 1 198 117 193 31 54 73 136 190 80 175 78 5 36 61 177 25 104 8 82 87 21 141 77 153 163 103 113 180 176 194 166 86 185 95 130 99 22 179 94 47 148 20 28 149 4 140 183 170 152 184 155 189 34 55 18 62 124 106 143 35 109 0 111 144 33 160 29 145 15 3 70
989,49013,1764959752748019690,153 187 163 103 89 127 137 114 113 180 176 88 194 166 106 159 143 124 62 86 185 179 94 47 148 20 140 183 55 18 34 152 155 3 70 15 145 29 0 109 35 111 82 87 21 8 104 144 160 33 49 11 139 43 168 195 13 132 169 65 188 6 147 10 133 122 90 191 125 51 121 131 135 63 1 198 117 193 31 54 73 136 25 182 138 177 5 142 45 190 80 162 175 78 36 61 141 97 77 81
990,48024,1764959752748019691,124 106 143 81 77 82 111 8 104 25 158 121 131 125 90 191 51 138 33 0 35 109 29 11 168 195 145 15 3 70 169 132 188 147 40 107 122 135 63 38 27 16 1 198 117 193 31 54 73 136 190 80 175 5 177 21 61 36 91 141 153 163 26 103 89 165 127 137 114 113 180 176 194 166 86 95 130 99 185 179 94 66 47 148 60 20 28 149 4 140 183 152 184 155 170 34 55 18 62 128
991,45663,1764959752748019692,10 133 122 90 191 125 51 121 131 135 63 38 1 156 198 117 54 73 31 193 190 80 175 78 142 45 5 177 25 104 8 82 21 61 36 141 97 77 81 153 187 165 127 89 163 103 113 176 166 179 185 86 95 99 22 66 94 47 148 60 20 28 149 140 183 152 170 34 55 18 62 128 124 106 143 35 109 0 29 111 144 160 33 138 11 139 43 168 195 13 145 15 3 70 132 169 188 6 134 147
992,48068,1764959752748019693,61 36 177 5 175 80 190 193 31 54 117 198 1 38 135 63 40 122 90 51 121 25 182 139 43 134 147 6 188 169 132 13 161 70 3 155 189 15 145 195 168 11 33 138 157 104 56 8 21 87 82 111 144 160 29 0 109 35 143 124 62 18 55 34 152 140 149 28 20 148 47 94 66 179 22 99 183 95 130 185 86 128 106 176 166 194 113 114 137 127 165 89 103 163 187 146 153 81 77 141
993,49016,1764959752748019694,152 155 189 3 70 15 145 13 132 126 195 168 43 169 188 6 134 139 182 177 25 158 121 51 147 10 133 107 40 63 135 122 90 131 38 27 1 198 117 54 73 164 31 193 190 80 45 142 175 78 5 36 61 91 141 21 87 82 8 104 138 11 49 33 160 144 29 0 109 35 77 97 81 153 163 165 127 89 103 113 176 194 166 86 95 185 179 94 47 148 140 183 55 18 62 128 124 106 143 34
994,48357,1764959752748019695,113 180 176 194 166 86 185 179 94 47 148 20 28 140 183 34 55 18 62 124 106 153 81 77 21 82 111 8 104 144 160 33 11 49 138 182 139 29 12 0 35 109 170 152 155 3 70 15 145 168 195 13 132 169 188 6 147 10 133 107 40 63 102 135 122 178 191 90 125 51 98 118 121 112 19 131 1 156 198 117 193 31 54 164 73 136 80 190 175 78 5 36 61 91 141 187 163 89 127 103
995,48480,1764959752748019696,55 34 152 155 3 70 15 145 195 168 132 169 188 6 134 118 121 51 90 122 107 40 63 135 38 1 24 156 42 198 117 193 151 54 31 164 73 136 190 80 45 142 175 78 5 36 61 141 77 187 127 89 163 153 81 14 41 111 104 8 82 87 21 177 25 182 138 139 11 33 160 29 0 109 35 143 106 124 62 128 95 130 99 185 86 176 180 103 113 194 166 179 66 94 47 148 20 140 183 18
996,49199,1764959752748019697,70 15 145 13 132 169 188 6 134 43 195 168 139 182 138 11 33 104 8 21 177 5 142 45 173 25 158 19 112 121 131 135 122 90 51 147 10 133 107 40 63 38 1 156 198 117 193 31 54 73 136 105 190 80 162 175 78 36 61 82 111 144 160 29 0 109 35 62 124 106 143 81 77 153 163 89 103 113 180 176 194 166 86 95 130 185 179 94 47 148 60 20 140 183 18 55 152 184 155 3
997,46882,1764959752748019698,11 138 33 160 104 8 82 111 35 109 0 29 189 155 152 140 183 149 28 20 60 148 47 99 22 94 66 179 166 194 113 114 127 89 163 103 180 176 86 185 95 55 34 18 62 128 124 143 106 81 153 187 146 97 77 141 91 36 61 21 177 5 78 175 142 45 162 190 80 136 73 54 31 193 117 198 156 24 1 27 38 63 135 131 121 51 90 147 6 188 169 132 70 3 15 145 13 195 168 139
998,46245,1764959752748019699,111 143 159 106 124 62 18 55 34 170 152 183 140 28 20 148 47 94 179 185 95 86 166 194 176 113 163 103 114 137 127 89 187 153 81 77 141 61 36 78 175 142 45 5 177 21 82 8 104 56 33 11 138 182 139 134 118 121 112 19 73 136 80 190 193 31 54 117 198 1 27 38 135 63 40 107 133 122 90 51 147 6 188 169 132 13 195 168 145 15 70 3 155 189 109 35 0 29 160 144
999,49200,1764959752748019700,0 109 35 18 55 34 152 28 20 199 140 183 95 130 185 99 148 47 94 179 86 62 124 106 143 81 153 163 26 113 180 176 166 194 114 103 89 127 165 187 77 141 91 61 36 177 5 45 142 78 175 80 190 193 31 73 54 117 198 156 1 38 131 121 116 118 98 51 135 122 90 147 6 188 169 132 70 3 15 145 13 195 168 43 139 134 74 182 138 11 49 33 8 104 21 82 111 144 160 29
