method,run,objective,tour_length,selected_costs,evaluations,improvements,final_selected,seed,duration_ms
steepest_intra:nodes_start:random,0,90810,41743,49067,1928550,128,176;80;79;63;180;133;162;43;184;160;54;177;4;112;70;86;100;53;118;115;41;193;159;139;51;124;145;38;31;78;25;94;108;18;22;146;34;181;42;116;65;151;165;27;90;81;40;185;92;57;55;52;106;178;3;138;14;144;62;15;114;186;23;121;26;101;75;120;44;16;171;175;113;56;157;196;179;137;46;68;143;183;89;102;49;129;2;1;97;152;167;9;148;154;135;123;59;93;117;0,3965385044276842368,0.064094
steepest_intra:nodes_start:random,1,87576,38369,49207,2287350,152,89;186;144;14;178;106;52;129;2;1;101;26;97;152;167;148;9;62;102;49;137;115;195;146;22;68;46;139;193;41;42;181;34;160;118;51;176;80;63;180;70;127;112;4;84;35;131;47;5;159;18;108;116;65;59;151;133;79;122;94;100;86;75;120;44;82;92;55;185;40;196;31;78;145;179;57;124;162;149;123;135;154;53;16;171;175;119;165;90;81;56;113;25;177;54;184;43;0;143;183,4411277219981693595,0.065617
steepest_intra:nodes_start:random,2,87583,38732,48851,2137850,142,139;137;90;27;164;21;14;144;167;1;97;26;121;63;79;133;151;162;149;131;65;116;59;72;80;176;51;43;42;181;34;160;177;4;112;127;70;135;154;180;53;100;86;101;75;2;129;92;57;55;52;119;40;81;196;184;35;123;120;44;25;179;178;3;106;185;165;186;23;89;183;143;0;117;93;140;68;46;94;152;124;148;9;62;102;49;145;78;16;171;175;113;56;31;118;115;41;193;22;18,9035938987640684299,0.062634
steepest_intra:nodes_start:random,3,86146,36432,49714,2302300,153,158;154;180;94;124;9;62;49;138;165;145;78;31;113;175;171;16;25;70;112;177;54;48;181;96;115;80;122;97;1;2;129;55;52;167;148;15;114;186;23;152;101;86;26;100;121;63;176;137;0;46;51;151;133;79;106;178;3;14;144;183;143;117;139;41;193;159;69;108;18;22;34;160;184;43;42;5;116;59;118;162;135;127;123;149;131;65;57;196;81;90;40;185;179;92;82;44;120;75;53,5453719295993907052,0.068198
steepest_intra:nodes_start:random,4,92423,42701,49722,2137850,142,165;27;90;81;196;78;120;75;86;70;35;184;177;54;160;34;146;22;159;18;69;108;68;46;100;26;94;124;148;9;62;102;52;55;179;145;92;129;89;183;143;0;2;25;175;171;16;44;1;97;121;162;47;77;131;149;79;144;14;49;167;123;112;127;135;53;101;113;56;31;157;106;178;15;137;176;80;51;118;59;65;116;43;5;115;72;151;133;180;154;139;41;193;181;42;63;152;57;185;40,4938117047328461881,0.061595
steepest_intra:nodes_start:random,5,93140,41257,51883,2541500,169,120;75;70;127;47;65;116;43;42;117;143;0;176;79;63;189;97;101;1;152;62;9;137;112;177;54;34;160;184;35;123;136;57;55;52;106;178;46;139;22;193;41;115;129;92;167;148;186;23;89;183;165;119;40;175;171;16;86;154;135;131;149;162;180;158;53;100;26;121;133;151;59;118;109;51;80;122;94;124;2;82;145;196;27;90;81;157;56;113;31;179;49;102;144;14;138;185;78;25;44,170393199942175848,0.073528
steepest_intra:nodes_start:random,6,80895,32503,48392,2287350,152,152;97;1;101;75;86;135;70;127;184;34;146;22;159;193;18;69;108;140;68;46;139;41;42;160;54;177;43;116;65;35;84;112;131;149;123;162;151;51;0;93;117;143;183;89;23;186;144;14;138;40;185;106;178;52;55;57;179;92;129;2;63;79;133;180;154;53;100;26;121;122;176;137;15;165;90;81;196;145;82;44;25;78;31;113;175;171;16;120;59;115;118;80;94;124;148;9;62;102;49,48480363122803573,0.068236
steepest_intra:nodes_start:random,7,88492,39499,48993,2033200,135,0;183;89;15;55;179;145;92;129;41;193;93;117;143;23;186;137;140;108;18;22;34;181;42;94;2;175;171;16;53;158;154;70;135;180;63;79;133;151;162;123;127;176;80;122;189;121;100;26;97;101;86;75;1;152;124;115;139;46;102;49;178;106;52;196;31;113;81;90;165;40;185;78;25;44;120;57;3;14;144;62;9;148;51;118;59;116;65;47;149;131;43;184;84;112;4;177;54;160;68,2709842000484743757,0.060425
steepest_intra:nodes_start:random,8,85198,34209,50989,2257450,150,165;40;185;52;55;129;25;44;120;1;154;135;70;75;16;171;175;113;31;78;2;152;97;189;63;182;136;53;121;100;26;94;124;12;176;51;46;115;5;41;193;139;68;140;93;117;143;183;89;62;9;159;22;146;181;42;116;59;118;23;137;80;79;122;101;86;158;180;133;151;65;43;184;160;34;48;54;177;10;4;112;127;123;162;149;131;18;108;0;148;57;92;145;179;106;178;3;49;144;14,2095064188052594288,0.065577
steepest_intra:nodes_start:random,9,88073,40119,47954,2212600,147,35;123;70;75;113;31;86;180;149;131;184;54;177;10;4;112;127;135;154;53;1;2;57;55;52;106;178;14;138;165;119;40;90;81;175;171;16;97;151;51;137;23;186;89;183;143;117;65;116;43;160;42;5;41;193;159;146;22;18;108;185;196;78;25;44;120;101;26;100;94;176;80;79;63;152;129;92;145;179;49;102;144;62;9;148;118;59;162;133;124;167;15;114;0;46;139;115;181;34;48,2962809564053156929,0.065612
steepest_intra:nodes_start:random,10,91491,42879,48612,2078050,138,102;62;15;89;183;143;0;176;80;120;25;44;75;1;97;26;53;180;63;137;186;23;115;177;54;48;34;160;184;149;79;165;39;27;90;81;196;145;92;129;57;106;178;14;144;9;148;94;154;135;70;127;123;131;5;41;193;159;42;43;116;65;59;51;167;185;40;179;101;86;133;151;118;46;68;139;22;146;103;195;181;162;16;171;175;113;56;31;78;18;108;140;93;117;124;152;2;55;52;49,518593445343927851,0.060579
steepest_intra:nodes_start:random,11,86413,38297,48116,2063100,137,181;193;41;5;42;59;109;51;176;80;79;63;122;137;46;68;0;183;89;23;148;106;178;49;102;9;62;144;14;138;165;81;196;115;159;22;34;160;184;35;84;4;112;127;70;135;25;16;171;175;113;31;78;145;179;92;53;180;154;162;151;133;100;120;44;75;86;101;1;97;152;129;2;26;121;118;139;18;108;117;143;21;164;27;90;40;185;52;55;57;124;94;123;65;116;43;10;177;54;48,7529807134040927881,0.058568
steepest_intra:nodes_start:random,12,85997,35423,50574,2347150,156,44;25;55;52;49;62;15;137;0;143;117;93;68;176;148;3;178;106;167;124;122;79;162;149;131;47;65;116;115;46;183;89;186;144;165;39;27;90;40;185;179;92;57;80;51;118;59;151;133;180;63;94;9;102;14;138;152;97;121;53;158;100;26;86;101;1;2;129;82;145;78;31;113;175;171;16;120;43;42;160;181;193;159;22;18;108;69;139;41;34;54;184;112;123;127;194;135;70;154;75,1851392348054959660,0.068260
steepest_intra:nodes_start:random,13,90110,41862,48248,2406950,160,101;16;171;31;78;145;179;55;52;62;9;15;186;0;46;68;108;18;193;139;51;94;124;3;178;106;1;97;152;167;102;144;14;165;119;40;49;148;131;184;177;54;34;160;43;116;59;118;137;23;89;183;143;117;93;140;176;80;79;63;121;100;86;75;175;113;56;196;81;90;185;154;135;70;127;112;4;123;162;133;151;115;41;159;22;146;181;2;120;44;92;57;129;53;180;149;42;5;65;26,7294120676732596844,0.068688
steepest_intra:nodes_start:random,14,87403,37318,50085,2182700,145,157;81;196;169;185;55;167;124;162;184;160;80;148;9;62;176;51;46;139;41;193;159;69;108;18;22;34;181;115;137;144;165;119;40;90;27;164;14;102;49;52;106;178;3;15;186;23;0;143;183;89;79;133;135;194;127;123;149;65;43;42;116;59;151;63;94;129;92;57;179;145;113;175;171;16;82;2;152;97;1;101;86;26;53;180;154;112;4;10;177;54;70;75;120;44;25;78;31;56;85,7646735081539855671,0.063088
steepest_intra:nodes_start:random,15,86738,37412,49326,2137850,142,148;49;3;178;167;124;94;137;117;108;18;22;34;177;4;112;162;15;9;62;144;14;138;81;196;145;120;2;152;1;97;121;63;193;159;146;181;41;42;160;54;184;43;46;0;143;183;89;23;186;129;92;57;55;52;106;185;40;90;165;102;37;122;79;133;151;65;116;115;139;118;51;26;101;44;16;171;175;113;56;31;78;25;75;86;100;135;70;127;123;131;149;59;72;180;154;158;53;80;176,5463740813515560688,0.063768
steepest_intra:nodes_start:random,16,89255,40650,48605,2257450,150,183;137;176;80;51;109;118;115;41;193;139;46;167;57;92;78;145;40;185;55;152;63;133;162;54;48;34;160;53;100;26;86;101;129;52;106;178;124;122;79;151;59;116;65;47;149;131;35;184;43;42;5;18;108;117;143;0;68;159;22;146;181;123;135;154;180;94;148;9;62;49;14;165;90;27;164;7;21;144;70;127;84;177;10;4;112;75;44;25;120;2;97;1;16;171;175;113;31;23;89,8430042509954411282,0.070554
steepest_intra:nodes_start:random,17,92218,43863,48355,2197650,146,16;171;175;113;90;27;164;21;183;89;23;186;15;55;57;92;129;152;124;94;115;5;42;41;193;159;18;139;68;117;143;0;46;118;72;79;63;97;1;167;9;49;178;106;52;2;101;26;100;43;160;48;34;22;181;116;59;51;176;80;151;162;112;4;84;137;148;179;145;78;31;196;40;185;127;10;177;54;184;70;75;120;44;25;165;138;14;144;62;180;154;135;123;149;131;47;65;133;53;86,4115129420867850247,0.076014
steepest_intra:nodes_start:random,18,89594,38542,51052,2122900,141,68;46;51;80;94;124;97;1;101;86;100;26;179;196;81;52;55;145;31;56;113;78;2;180;123;112;84;184;54;160;34;22;159;115;118;109;14;138;106;178;3;49;167;129;82;44;120;154;70;135;176;137;15;144;102;37;148;9;62;186;23;89;0;139;193;41;42;43;149;53;75;16;171;175;25;133;162;65;116;59;151;79;122;63;121;152;92;57;185;40;165;90;164;7;21;73;114;183;143;117,7606312571836780790,0.062158
steepest_intra:nodes_start:random,19,89924,40015,49909,2481700,165,117;16;171;175;145;92;57;55;52;106;178;14;144;23;0;46;118;72;162;70;135;133;151;65;47;77;43;42;5;41;139;198;137;165;119;40;185;94;80;160;34;181;193;143;183;89;59;184;54;177;112;123;127;2;129;179;196;90;81;113;31;78;25;44;120;75;53;154;180;79;63;182;121;100;26;86;101;1;97;152;167;3;49;102;62;9;148;176;51;149;131;116;115;68;93;140;159;22;18;108,2185181451695588052,0.070742
steepest_intra:nodes_start:random,20,84154,33364,50790,2362100,157,183;143;0;23;186;15;62;9;148;137;59;116;42;41;193;159;18;108;140;68;46;139;115;131;149;123;162;133;63;182;121;53;180;79;80;122;94;26;100;151;118;51;176;124;97;1;2;129;57;92;78;16;171;175;145;49;14;178;106;52;55;185;40;90;27;165;152;101;70;127;112;4;84;47;65;43;184;190;10;177;54;30;34;146;22;195;181;160;48;35;135;154;86;75;120;44;25;102;144;89,1648761934110027160,0.097968
steepest_intra:nodes_start:random,21,91052,41244,49808,2182700,145,81;90;165;119;40;185;115;41;193;139;183;89;186;114;144;14;138;179;145;31;113;175;112;4;123;167;106;178;49;102;62;9;122;79;151;162;133;53;121;63;72;59;65;116;43;149;131;35;184;177;84;127;70;101;2;25;171;16;44;120;129;92;57;55;52;152;1;97;26;100;94;137;143;117;0;176;80;51;118;46;68;108;18;22;34;54;160;42;23;15;37;148;124;180;135;154;158;86;75;78,6657211047662913490,0.071020
steepest_intra:nodes_start:random,22,93766,43897,49869,2137850,142,114;15;62;9;37;148;122;79;80;176;137;23;186;144;57;92;31;113;175;171;16;70;127;123;131;149;59;51;102;49;55;129;2;75;86;53;158;180;41;193;139;178;106;185;40;81;196;157;179;145;78;44;120;184;160;43;116;167;52;119;90;27;165;138;14;133;162;65;42;181;22;34;54;177;112;135;154;121;100;26;101;1;97;152;115;159;18;68;46;118;151;63;94;124;89;0;117;170;143;183,4562449504327784339,0.062169
steepest_intra:nodes_start:random,23,82027,34114,47913,2825550,188,176;51;115;116;43;42;5;193;159;22;146;34;160;184;84;4;112;127;70;135;154;53;26;57;185;165;90;81;196;119;40;179;145;78;157;31;56;113;175;171;16;25;44;120;75;86;180;162;149;65;59;118;151;133;80;9;62;15;186;23;46;68;0;143;183;89;137;152;1;97;63;79;94;148;49;55;52;106;178;14;144;117;93;108;18;69;139;41;181;48;54;177;10;123;101;2;82;92;129;124,4065537424929544398,0.080186
steepest_intra:nodes_start:random,24,85282,36372,48910,2392000,159,133;121;86;101;1;97;152;57;55;52;94;63;79;124;148;9;102;49;14;144;62;186;89;183;23;137;176;80;100;26;2;120;44;16;171;78;145;196;81;90;165;119;40;185;106;178;143;117;41;181;34;160;48;54;184;131;149;43;42;46;0;129;92;31;113;175;75;70;135;154;158;53;180;65;116;47;35;84;123;127;112;4;190;10;177;59;72;162;151;51;118;115;139;68;108;18;22;159;193;5,6246867460799284856,0.067900
steepest_intra:nodes_start:random,25,90051,41506,48545,2152800,143,159;146;22;18;117;143;183;89;114;62;9;15;186;23;137;176;122;80;51;118;115;5;41;139;46;0;148;49;106;185;40;196;113;175;171;184;48;160;42;120;78;145;92;94;151;65;131;149;123;162;133;79;63;180;158;53;121;100;26;86;75;101;1;97;152;55;119;90;81;157;31;16;44;70;4;112;127;135;154;2;129;57;52;178;14;144;21;7;164;165;167;59;116;43;10;177;54;34;181;193,4834879237889761642,0.062659
steepest_intra:nodes_start:random,26,84895,36378,48517,2436850,162,193;23;186;89;183;143;117;68;139;41;181;160;48;54;184;123;135;158;25;16;171;175;113;56;31;196;138;14;144;15;0;108;18;42;43;116;65;59;55;52;185;165;27;90;81;40;119;106;178;49;133;162;149;131;151;176;80;94;57;92;145;78;129;101;1;97;63;79;51;118;115;46;137;148;37;9;62;167;152;2;120;44;75;86;26;100;53;180;154;70;127;112;4;10;177;34;103;146;22;159,4645481325625714854,0.074168
steepest_intra:nodes_start:random,27,91025,41101,49924,2347150,156,16;44;101;100;121;116;5;193;18;69;108;68;46;118;72;79;63;180;154;133;151;47;43;42;195;146;22;159;115;185;40;165;90;21;144;14;49;62;9;37;148;15;186;23;137;152;2;129;31;113;175;75;70;135;53;86;120;78;145;196;179;92;57;183;143;139;41;181;34;160;54;184;84;35;123;127;112;4;10;177;80;94;124;55;52;106;178;167;176;51;59;65;131;149;162;26;97;1;25;171,2452603512230610717,0.079267
steepest_intra:nodes_start:random,28,86051,37013,49038,2526550,168,51;151;162;133;180;53;121;100;26;1;2;129;92;179;196;81;90;165;186;23;46;160;34;181;143;183;137;176;80;79;122;63;123;112;4;10;177;54;184;35;120;25;44;75;86;101;82;78;16;171;175;113;56;31;145;97;154;135;70;127;149;41;193;42;43;116;65;59;124;148;37;102;49;119;40;185;52;167;9;62;144;14;3;178;106;55;57;152;94;118;115;139;159;146;22;18;69;108;117;0,9114678026163546237,0.088434
steepest_intra:nodes_start:random,29,93851,45156,48695,2616250,174,55;40;81;196;179;97;127;112;84;35;162;124;106;178;14;144;15;176;149;131;123;194;135;80;137;23;186;94;26;100;121;53;158;86;101;1;152;167;49;102;62;9;148;51;118;115;139;89;21;164;90;165;185;52;59;159;22;18;108;68;46;0;117;143;183;145;31;113;175;171;16;70;184;54;34;160;133;63;122;79;151;116;41;193;181;42;43;65;154;180;75;44;25;78;82;120;2;129;92;57,6008080342898131402,0.073045
steepest_intra:nodes_start:random,30,87351,39240,48111,2347150,156,137;65;116;43;48;160;181;41;5;42;97;1;120;16;171;175;113;31;145;92;57;129;78;25;44;75;86;101;2;185;40;90;27;165;14;102;49;3;178;106;52;167;124;94;79;63;26;100;123;190;10;177;54;34;22;159;193;51;176;80;133;151;59;118;115;139;18;108;93;143;183;89;23;53;158;180;154;135;162;46;68;117;0;144;21;7;164;55;152;70;127;112;4;84;184;131;149;148;9;62,4850758896957932840,0.068015
steepest_intra:nodes_start:random,31,86506,35782,50724,2063100,137,68;46;72;180;154;135;35;184;54;177;4;112;127;53;100;26;162;65;47;77;43;116;0;117;143;183;137;176;151;133;79;63;97;101;86;158;123;160;34;48;84;70;75;120;44;145;40;119;185;106;138;14;144;62;9;148;37;102;49;178;175;171;16;57;55;52;165;90;27;164;95;81;196;56;113;31;78;92;129;2;1;152;94;80;51;109;118;115;139;41;193;159;18;22;181;42;5;131;149;59,4711414373483504195,0.060030
steepest_intra:nodes_start:random,32,88476,38190,50286,2616250,174,117;68;139;5;116;65;151;92;145;78;2;189;63;122;80;137;186;15;144;21;164;90;165;106;124;176;115;41;22;159;193;148;3;178;55;57;129;120;44;25;16;171;175;113;31;196;40;185;52;94;42;181;34;160;48;54;112;70;154;180;53;9;62;102;14;49;167;152;1;75;86;101;97;26;100;121;182;136;79;133;162;135;127;123;149;131;35;84;177;184;43;143;183;89;23;51;59;118;46;0,6058389588932524603,0.079032
steepest_intra:nodes_start:random,33,90012,38117,51895,2152800,143,41;5;43;47;162;121;26;152;167;138;14;49;102;144;62;9;15;148;94;122;131;149;133;79;63;97;1;101;86;75;120;92;57;178;106;165;40;145;78;171;16;193;159;181;42;184;190;10;177;54;34;160;35;123;180;53;158;154;135;127;112;4;70;100;2;129;55;52;185;196;81;90;89;183;143;108;69;18;22;146;195;65;151;80;176;137;23;0;117;93;140;68;51;109;118;59;116;115;46;139,4024414636418588446,0.061389
steepest_intra:nodes_start:random,34,86155,37649,48506,2033200,135,78;92;129;115;139;18;108;140;93;117;0;143;183;89;23;137;186;114;15;62;9;46;68;41;181;34;160;43;65;116;193;159;22;42;149;180;158;53;121;189;124;94;63;135;70;154;152;49;3;178;106;52;55;185;165;90;119;40;1;97;26;100;86;101;2;196;81;31;113;175;171;16;25;44;120;75;151;59;118;51;144;14;102;184;48;54;177;112;127;123;162;133;79;80;176;148;167;57;179;145,8284312740672611803,0.058493
steepest_intra:nodes_start:random,35,87113,36906,50207,2167750,144,41;139;0;144;14;3;178;106;26;100;53;154;180;133;162;65;116;43;42;5;96;115;9;185;40;119;165;186;23;137;152;97;1;120;44;75;101;2;129;92;57;55;52;49;102;62;15;89;143;117;93;140;183;21;7;164;90;175;171;16;78;145;25;86;79;80;151;118;59;149;131;184;160;181;195;22;18;68;46;51;176;148;167;124;94;63;135;70;127;123;112;4;177;54;48;34;103;146;159;193,2869474885741596799,0.062527
steepest_intra:nodes_start:random,36,85169,37799,47370,2466750,164,179;92;129;101;26;100;86;75;44;25;78;145;148;15;9;62;102;49;144;114;183;143;117;93;41;193;159;108;18;22;146;181;42;116;65;149;43;184;160;34;54;177;4;112;135;180;185;165;40;81;196;94;51;46;115;118;59;151;133;176;137;23;186;80;79;122;63;120;16;171;175;113;31;90;164;7;21;138;14;89;0;68;139;162;123;127;70;154;53;97;106;178;3;167;152;1;2;57;55;52,9090314716143936644,0.072060
steepest_intra:nodes_start:random,37,92707,44078,48629,2421900,161,193;41;59;176;94;97;1;101;26;162;149;131;123;135;154;53;129;78;145;179;106;178;183;143;117;93;140;22;146;159;198;46;51;121;100;86;75;44;25;120;2;152;124;148;9;62;15;114;186;23;167;92;57;55;52;185;40;119;165;138;108;18;115;118;80;122;63;79;133;151;65;116;43;160;54;177;184;112;127;70;180;49;14;102;137;181;34;42;16;171;175;113;31;81;90;144;89;0;68;139,701522181934999300,0.069005
steepest_intra:nodes_start:random,38,87288,38280,49008,2362100,157,40;119;185;57;129;92;179;145;31;113;196;55;52;178;3;106;165;164;21;144;102;49;82;44;120;2;1;149;131;123;127;135;154;180;158;53;63;79;151;133;86;101;75;25;16;171;175;78;167;0;117;143;183;89;116;43;65;162;121;100;70;112;184;160;34;181;41;193;159;146;22;18;108;139;68;46;51;80;122;26;97;152;94;118;115;5;42;59;176;124;148;9;62;15;186;23;137;14;90;81,8633601474299916327,0.069563
steepest_intra:nodes_start:random,39,84547,35266,49281,2661100,177,109;51;133;180;154;162;116;65;123;127;70;135;79;176;89;183;143;0;181;160;54;34;22;18;108;69;159;193;41;42;43;131;149;94;124;165;90;81;196;157;31;145;179;40;119;185;3;178;106;113;175;171;16;44;120;2;1;97;101;86;26;100;53;121;152;129;92;78;25;75;63;118;115;139;68;46;137;15;144;21;14;138;52;55;57;167;49;102;62;9;37;148;80;151;112;4;10;177;184;59,6754902175670411894,0.075332
steepest_intra:nodes_start:random,40,86279,34964,51315,2481700,165,43;144;21;14;138;165;27;90;81;113;175;171;16;31;129;124;94;122;79;63;121;182;136;180;133;65;116;131;149;123;127;70;135;154;158;53;101;1;2;52;106;3;178;57;92;78;145;49;23;143;117;68;139;46;0;183;89;186;15;9;62;102;37;148;167;82;25;44;120;75;86;100;26;97;152;55;185;40;196;157;179;137;115;41;193;22;34;160;42;59;51;176;80;151;162;112;4;177;54;184,4938231699269373362,0.070082
steepest_intra:nodes_start:random,41,90271,42416,47855,2332200,155,112;127;165;39;114;186;18;108;140;93;117;143;89;23;137;162;123;149;43;42;34;22;46;120;16;171;175;113;31;81;90;27;196;92;80;151;133;79;63;100;26;101;1;97;152;2;129;178;3;106;52;55;57;167;124;94;53;180;135;70;154;86;75;44;25;78;145;179;49;102;9;62;144;164;7;21;183;0;68;139;193;41;115;118;51;176;148;185;40;138;14;15;59;65;116;184;160;54;177;4,2773951724303169920,0.066234
steepest_intra:nodes_start:random,42,89963,38629,51334,2093000,139,0;23;186;178;179;145;78;92;57;55;52;167;124;94;122;80;176;51;109;79;152;129;171;16;133;151;116;42;181;22;159;193;115;162;180;53;100;97;1;2;120;25;44;75;101;26;121;63;46;139;41;34;30;4;84;35;47;43;184;190;10;177;54;48;160;131;154;86;175;113;31;90;165;119;40;185;106;137;118;59;65;149;123;194;135;70;127;29;112;148;9;62;49;14;144;15;89;183;143;117,2192677784438033952,0.058575
steepest_intra:nodes_start:random,43,89012,39034,49978,2317250,154,18;108;165;185;137;46;68;139;159;193;41;5;116;65;47;77;131;149;97;1;101;86;26;100;121;42;181;22;34;160;43;59;118;51;80;53;180;154;135;133;162;123;35;184;84;112;127;70;75;2;57;106;14;144;62;9;102;49;178;52;55;186;23;89;114;15;148;124;94;176;0;93;117;143;183;120;44;25;78;56;113;175;171;16;31;81;90;119;40;196;145;92;129;152;189;63;79;151;115;69,3442899682837778449,0.066131
steepest_intra:nodes_start:random,44,88406,39376,49030,2048150,136,135;127;35;184;43;149;162;26;97;1;101;75;86;100;121;80;176;51;118;151;133;152;2;175;171;16;25;44;82;129;92;179;145;78;120;70;112;4;177;54;143;183;89;59;65;116;42;5;115;46;139;41;193;181;34;160;123;154;158;81;90;165;119;40;185;62;186;23;0;159;146;22;18;108;93;117;137;57;31;113;196;55;52;49;102;144;14;138;106;178;9;148;124;94;122;79;63;136;53;180,1877158896413248459,0.058092
steepest_intra:nodes_start:random,45,88363,39608,48755,2302300,153,176;23;89;183;143;0;137;2;120;25;44;75;1;97;189;94;124;167;55;52;106;178;79;151;162;133;129;185;196;81;113;56;31;78;145;179;57;92;175;171;16;51;115;41;193;181;34;54;177;59;49;138;14;144;15;186;46;139;108;18;22;159;42;35;112;4;84;184;160;43;116;65;149;123;127;86;101;26;100;148;9;62;102;3;40;119;165;90;164;21;152;121;180;154;135;70;158;53;63;80,2970761062080966510,0.065684
steepest_intra:nodes_start:random,46,85803,36913,48890,2481700,165,186;23;46;139;115;118;59;162;127;123;149;131;65;116;51;176;137;15;62;9;124;94;167;52;55;57;179;145;157;196;81;40;185;152;26;53;180;154;70;135;41;193;159;146;34;160;54;184;84;112;43;68;117;143;183;21;7;164;90;165;14;89;0;18;22;181;42;49;178;106;82;120;44;25;16;171;175;113;56;31;38;78;92;129;2;1;97;101;75;86;100;121;63;79;133;151;80;148;102;144,8698294594341798566,0.071042
steepest_intra:nodes_start:random,47,91020,41729,49291,2167750,144,135;127;70;100;1;179;185;40;196;31;78;145;14;138;165;90;21;144;62;9;148;15;186;89;183;68;22;195;146;103;34;181;41;193;159;18;108;23;113;175;171;16;75;86;53;59;65;131;149;26;97;57;55;52;106;178;49;184;177;54;160;42;5;116;43;35;84;4;112;123;101;2;129;92;25;44;120;152;118;115;139;46;51;122;63;94;137;143;117;0;176;80;151;162;133;79;182;136;180;154,1804313127340186183,0.064280
steepest_intra:nodes_start:random,48,88496,38934,49562,2302300,153,80;176;0;117;170;143;183;89;186;62;9;148;124;4;10;177;34;22;193;139;46;23;137;151;133;180;53;100;26;97;1;120;25;78;196;81;185;106;52;55;154;135;70;127;123;35;131;162;79;63;75;16;171;44;2;152;167;49;14;21;7;164;27;90;165;119;40;179;57;101;86;112;84;184;54;48;160;181;116;59;118;51;72;149;65;43;42;41;115;144;178;157;56;113;175;31;145;92;129;94,2064958654494963175,0.066071
steepest_intra:nodes_start:random,49,85742,37143,48599,2107950,140,27;164;95;39;165;119;40;185;52;79;133;65;43;160;34;181;42;5;41;193;115;59;118;137;89;183;116;184;54;177;4;112;123;162;151;51;176;80;124;57;55;106;178;49;62;186;23;94;100;26;97;1;101;120;31;113;175;171;16;78;145;25;44;75;86;69;18;108;93;117;143;170;0;68;22;159;139;46;15;144;14;102;9;148;63;180;154;135;149;131;127;70;53;152;2;82;129;92;81;90,2321830246031001685,0.059294
steepest_intra:nodes_start:random,50,86479,37518,48961,2212600,147,86;75;113;175;171;16;44;120;2;1;65;43;184;48;54;10;177;160;34;181;42;5;41;193;159;22;18;108;117;89;144;164;7;21;183;143;0;46;139;115;116;131;149;133;94;124;167;57;145;78;92;129;101;53;158;59;118;55;52;185;196;81;90;40;165;14;102;62;9;49;178;106;123;35;84;4;112;127;70;154;180;135;194;162;151;72;51;176;80;79;63;137;23;186;15;148;152;97;26;100,8114154355845440907,0.063025
steepest_intra:nodes_start:random,51,88949,40775,48174,2571400,171,143;117;0;118;59;151;75;120;44;25;185;165;90;27;39;14;144;137;42;181;34;160;131;149;123;135;53;86;70;127;112;177;54;184;162;133;63;94;124;49;164;7;21;186;23;93;108;18;68;46;139;5;43;116;65;154;158;180;79;80;176;51;115;41;22;193;148;167;55;57;179;92;129;82;145;196;81;40;119;106;178;52;152;97;26;101;1;2;31;56;113;175;171;16;78;102;62;9;89;183,5418717788801221984,0.073510
steepest_intra:nodes_start:random,52,86366,36690,49676,2107950,140,65;35;84;123;124;148;14;165;90;40;185;57;92;78;25;44;120;75;86;53;133;151;41;159;22;34;160;181;42;2;129;145;31;113;175;171;16;89;183;153;143;117;108;18;193;139;68;36;140;93;0;15;37;9;62;102;49;144;114;186;23;137;176;122;63;180;154;79;80;51;118;59;131;149;162;100;26;101;1;97;152;55;52;106;178;167;94;135;70;127;112;4;177;54;48;184;43;115;46;116,6109807998985094073,0.063068
steepest_intra:nodes_start:random,53,83858,35363,48495,2257450,150,106;178;49;102;167;152;1;101;75;120;44;185;165;40;196;81;90;27;164;144;14;57;92;145;78;31;113;175;171;16;86;70;135;194;127;43;42;146;103;34;160;181;41;193;159;22;18;108;117;143;183;89;137;176;80;148;9;62;15;186;23;153;0;46;139;48;54;177;10;184;52;55;129;2;97;79;51;65;116;115;118;59;149;35;84;4;112;123;162;151;133;180;154;53;63;94;124;121;100;26,966267838432834162,0.064505
steepest_intra:nodes_start:random,54,91069,41795,49274,2616250,174,9;62;15;186;23;137;176;80;122;53;86;120;31;113;175;171;16;75;70;127;112;4;84;35;131;124;94;162;149;123;135;154;180;158;44;25;78;145;183;143;117;18;22;146;42;47;65;116;5;41;193;159;0;90;27;164;21;14;52;55;57;129;152;51;118;59;151;133;79;63;121;100;26;2;92;179;40;165;185;106;178;49;144;148;177;54;34;181;160;48;184;43;115;139;68;46;189;97;101;1,9073415128300996835,0.075808
steepest_intra:nodes_start:random,55,87739,38971,48768,2197650,146,151;123;112;4;84;65;116;195;146;181;43;149;127;135;162;133;79;63;97;1;129;55;57;92;25;44;154;70;35;184;42;5;115;59;118;46;139;69;108;18;22;34;54;177;48;160;159;193;41;51;80;94;124;106;185;40;90;165;178;3;138;14;144;62;9;148;101;86;75;16;171;78;120;2;0;117;93;140;68;180;158;53;100;26;152;167;52;179;145;31;175;113;196;49;183;143;89;23;137;176,3768416294403551737,0.063231
steepest_intra:nodes_start:random,56,89711,41107,48604,2347150,156,139;115;46;68;93;117;0;176;80;124;148;9;62;144;15;51;149;131;65;59;151;133;79;63;102;14;49;167;152;97;1;25;31;56;157;196;81;90;27;165;40;185;52;55;189;100;26;101;2;129;57;106;178;162;35;184;43;116;118;92;113;175;171;16;44;86;154;135;123;42;41;193;181;160;177;84;127;180;53;121;94;137;186;23;143;183;89;179;145;78;120;75;70;112;4;54;34;146;22;18,2334378374016680775,0.066277
steepest_intra:nodes_start:random,57,92500,44637,47863,1973400,131,15;186;0;93;140;22;146;159;144;164;27;90;165;106;116;42;41;193;139;115;176;124;167;52;55;94;63;79;59;118;51;23;137;133;135;70;162;151;80;148;102;14;138;185;40;81;196;78;25;44;120;75;101;100;180;65;43;160;34;18;69;108;9;62;49;178;179;145;31;113;175;171;16;86;53;154;123;149;184;54;177;4;112;127;152;57;92;129;2;1;97;26;46;68;117;170;143;183;89;114,1991380955427245476,0.060279
steepest_intra:nodes_start:random,58,86202,34499,51703,2451800,163,2;118;115;139;117;143;0;46;123;127;194;135;70;152;55;52;14;138;165;119;40;185;106;178;3;37;148;167;129;25;44;120;1;26;100;121;53;136;182;63;180;154;158;86;101;97;186;23;89;183;137;94;124;57;92;78;145;196;81;90;49;102;144;62;9;15;80;176;51;59;5;42;116;162;133;79;151;41;193;159;22;146;34;160;54;184;43;65;149;131;35;84;4;112;75;16;171;175;113;31,2254338648964732655,0.070376
steepest_intra:nodes_start:random,59,83203,34870,48333,2392000,159,70;127;123;112;84;184;160;34;22;18;108;23;186;15;148;57;92;78;25;44;120;26;4;177;54;48;181;159;193;41;183;89;9;62;49;3;178;52;106;138;14;144;137;51;42;43;47;131;149;162;176;80;94;63;79;133;151;59;118;46;140;93;117;143;0;68;139;115;116;65;124;167;55;196;81;90;27;39;165;40;185;152;97;1;101;2;129;145;31;56;113;175;171;16;75;86;53;180;154;135,7870876513916343149,0.068696
steepest_intra:nodes_start:random,60,82690,34943,47747,2197650,146,117;93;108;69;18;193;139;148;124;94;122;63;180;154;53;100;26;86;101;75;44;16;171;78;92;57;55;52;178;106;185;165;119;40;81;196;9;89;183;143;0;42;43;184;177;54;34;160;112;127;70;135;133;79;137;23;186;15;62;144;39;90;27;164;21;14;49;102;167;152;1;2;120;25;175;113;56;31;145;129;97;181;22;159;41;115;51;176;80;151;162;123;149;131;65;116;59;118;46;68,9095565369613959428,0.062692
steepest_intra:nodes_start:random,61,88607,39275,49332,2152800,143,135;154;2;129;57;167;148;117;18;22;149;127;16;171;175;113;106;178;3;102;114;23;186;15;9;62;49;55;179;196;157;78;25;44;120;75;101;26;100;94;137;89;183;143;0;46;51;176;80;152;92;145;31;56;81;165;14;144;164;27;90;40;185;52;124;118;115;139;41;42;43;47;65;116;193;159;181;34;160;54;177;184;112;123;162;79;122;63;53;158;180;59;72;151;133;121;97;1;86;70,4991949433686388183,0.064071
steepest_intra:nodes_start:random,62,83593,32062,51531,2436850,162,31;9;62;102;49;178;106;144;14;165;90;40;185;167;123;112;84;184;160;34;159;139;115;109;80;122;79;151;133;63;136;182;129;92;57;55;52;81;196;179;145;78;82;2;152;19;189;97;26;100;158;154;135;70;127;149;131;65;43;181;146;22;18;108;193;41;42;116;59;118;162;180;53;121;86;101;1;94;124;37;148;137;89;183;143;0;117;93;68;46;51;176;75;120;44;25;16;171;175;113,3431521349736318183,0.073038
steepest_intra:nodes_start:random,63,88341,36932,51409,2197650,146,152;129;57;55;14;144;15;186;89;108;18;159;139;198;46;0;183;143;170;117;68;22;146;34;54;35;194;180;53;121;79;118;115;41;193;181;160;42;116;151;133;97;44;16;171;175;113;31;25;75;101;162;65;47;77;43;184;177;10;190;84;4;112;127;70;1;2;120;78;145;92;167;148;124;122;63;94;52;185;40;165;106;178;49;62;9;137;176;100;26;86;154;135;123;24;131;149;59;51;80,6618461783732895530,0.066143
steepest_intra:nodes_start:random,64,85285,36629,48656,2421900,161,106;52;55;57;92;145;179;14;144;15;186;23;89;183;143;117;139;181;34;160;35;84;4;112;127;123;133;63;97;1;2;120;44;75;86;149;131;51;176;137;0;46;42;48;54;177;184;43;116;47;65;59;118;26;101;25;16;171;175;113;31;90;27;39;165;138;124;94;154;70;135;162;151;80;79;53;158;180;115;41;193;159;22;18;108;148;178;3;49;102;62;9;167;152;129;78;196;81;40;185,844495522887891398,0.071663
steepest_intra:nodes_start:random,65,85137,35705,49432,2167750,144,184;177;4;112;127;16;171;175;113;31;145;52;106;178;3;49;62;9;57;92;129;2;152;94;63;123;54;48;34;160;59;118;151;122;124;55;81;90;27;164;95;39;165;14;144;186;23;89;183;176;80;135;70;154;180;158;53;100;26;101;1;97;121;133;162;149;65;116;115;0;143;117;93;68;46;137;148;185;40;78;44;120;75;86;79;51;198;139;41;193;159;18;22;146;195;181;42;43;131;35,5109188464544908374,0.063850
steepest_intra:nodes_start:random,66,85497,37473,48024,2556450,170,184;10;177;54;48;160;43;116;151;133;185;40;138;14;144;62;9;102;49;57;92;145;78;31;113;81;90;165;15;137;139;18;108;93;117;68;46;118;59;65;149;131;35;84;4;112;127;70;16;171;175;25;129;94;122;80;79;63;121;100;86;75;44;120;2;152;186;23;89;183;143;0;176;124;167;178;106;52;55;148;51;115;41;193;159;22;146;34;181;42;162;180;101;1;97;26;53;154;135;123,153433946073096008,0.072339
steepest_intra:nodes_start:random,67,81406,31770,49636,2541500,169,94;189;152;2;82;25;78;92;129;167;137;51;176;80;122;26;97;1;179;196;81;90;165;40;185;106;178;3;49;15;0;108;18;22;159;117;143;183;89;114;186;23;112;84;184;35;131;149;65;115;46;68;139;193;41;160;54;34;181;42;5;43;116;59;118;180;53;121;63;79;133;151;72;162;123;127;70;135;154;100;86;101;75;120;44;16;171;175;113;31;145;57;55;52;14;144;62;9;148;124,4721508563981322279,0.074809
steepest_intra:nodes_start:random,68,87319,36445,50874,2093000,139,54;177;184;59;118;115;41;193;139;46;0;14;185;145;78;92;2;75;120;44;25;16;171;175;113;31;40;165;90;164;7;21;144;135;127;123;69;108;18;103;34;160;181;42;116;65;162;151;51;176;80;9;62;102;49;167;124;94;180;154;53;100;26;86;101;1;97;121;63;79;122;137;183;89;23;148;57;55;52;106;178;152;133;149;131;43;5;96;195;146;159;68;143;117;93;140;163;199;22;48,2701626768052336910,0.059424
steepest_intra:nodes_start:random,69,88655,40071,48584,2182700,145,46;154;180;63;79;133;162;65;116;151;94;152;145;78;31;16;171;175;113;56;81;196;179;129;97;26;100;121;86;101;1;2;120;82;92;57;55;148;117;108;18;42;43;149;123;158;75;44;25;53;35;184;177;10;190;84;4;112;127;70;135;80;23;186;114;89;183;143;0;62;178;106;3;49;9;51;109;59;118;137;15;144;14;165;90;40;185;52;176;115;159;22;34;54;160;181;193;41;139;68,6037129748567553301,0.062507
steepest_intra:nodes_start:random,70,84169,34489,49680,1988350,132,167;37;148;124;94;26;100;86;53;158;180;136;63;122;80;176;51;159;146;22;18;108;69;193;41;181;42;43;116;35;184;160;34;140;93;117;68;139;115;198;46;0;143;183;89;23;137;133;135;154;101;75;2;129;55;52;178;3;106;78;31;113;175;171;16;44;120;70;127;123;131;149;162;9;62;144;14;49;57;92;179;185;40;165;27;90;81;196;145;112;177;54;48;65;59;151;79;97;1;152,7737072978983747252,0.056508
steepest_intra:nodes_start:random,71,88509,40809,47700,2601300,173,9;108;18;193;139;117;143;0;51;151;135;70;154;180;137;89;183;93;140;68;176;80;63;100;26;101;75;16;171;175;113;31;157;81;40;185;196;78;145;179;37;148;118;59;131;149;162;133;79;94;124;165;90;27;164;21;186;23;46;115;116;65;47;43;42;181;146;22;159;41;97;2;120;44;25;92;52;106;14;144;102;167;152;1;86;53;123;184;160;34;54;177;112;127;129;57;55;178;49;62,9017943239700799557,0.075092
steepest_intra:nodes_start:random,72,87646,37555,50091,2167750,144,179;57;55;52;144;183;68;139;41;193;22;146;54;177;184;43;65;116;115;198;46;15;102;92;129;80;42;181;34;160;149;162;133;79;122;94;49;14;21;164;90;81;196;145;78;31;56;113;175;171;16;25;82;2;152;62;9;148;124;97;101;86;75;44;120;1;26;100;154;135;70;127;123;180;53;121;186;23;137;176;151;72;51;0;143;117;118;59;131;35;112;63;167;3;178;106;165;119;40;185,8221378959594645037,0.062577
steepest_intra:nodes_start:random,73,86818,38561,48257,2362100,157,131;59;118;151;162;123;127;70;16;171;175;113;117;18;22;146;159;42;43;116;65;149;135;154;180;53;121;124;186;23;89;183;115;181;160;48;184;0;143;178;106;52;55;1;26;100;122;79;63;86;101;75;120;44;25;31;78;145;179;196;81;90;27;164;39;165;40;185;57;92;129;2;94;80;176;137;144;14;138;49;102;62;9;148;167;152;97;133;51;46;68;139;41;193;34;30;54;177;112;35,3820106833013016366,0.067029
steepest_intra:nodes_start:random,74,92656,44113,48543,2332200,155,185;159;22;18;108;117;89;144;14;102;62;9;49;55;57;92;179;40;27;90;81;25;75;135;112;177;54;123;154;53;180;151;46;68;139;42;35;84;184;160;34;181;23;186;137;118;59;116;65;47;162;133;121;100;26;97;86;101;1;152;2;129;145;78;31;196;52;148;15;51;149;131;43;5;41;193;115;120;44;16;171;175;113;106;178;167;124;94;63;122;79;80;176;0;143;183;21;164;165;119,1116245938919145959,0.067328
steepest_intra:nodes_start:random,75,87199,37989,49210,2257450,150,182;63;180;53;26;1;2;129;92;57;167;46;139;18;22;146;159;193;41;115;21;164;90;165;162;42;160;34;48;54;177;43;116;47;65;118;59;149;131;184;84;112;123;127;70;135;154;97;152;94;0;117;143;183;89;23;137;186;15;144;14;178;49;102;62;9;148;124;122;80;51;109;176;52;55;179;145;196;81;40;185;106;79;151;133;101;16;171;175;113;31;78;82;25;44;120;75;86;100;121,5768590764984852551,0.065017
steepest_intra:nodes_start:random,76,87028,38946,48082,2257450,150,78;44;120;139;69;18;108;140;93;117;143;0;151;162;133;63;122;79;65;116;43;160;184;148;185;196;81;90;40;165;164;7;21;14;144;183;68;46;51;118;59;115;41;193;159;22;112;127;123;149;42;181;34;177;10;4;70;135;154;94;124;80;176;137;186;15;9;62;114;89;23;100;26;167;102;49;3;178;106;152;97;1;101;121;180;53;86;75;2;129;92;57;55;52;145;31;113;175;171;16,8496497107542221572,0.063005
steepest_intra:nodes_start:random,77,92342,42823,49519,2436850,162,115;5;42;43;116;65;57;40;90;165;138;15;186;23;117;68;139;41;181;34;160;184;35;123;2;129;92;133;162;149;131;54;177;112;75;44;25;16;171;78;145;62;9;37;148;1;101;86;154;70;127;135;180;53;100;26;152;49;102;144;14;185;196;31;56;113;175;120;97;63;79;80;176;122;94;124;167;55;52;93;108;18;22;159;193;118;59;151;51;0;170;143;183;89;114;3;106;178;137;46,2708387266780407719,0.070333
steepest_intra:nodes_start:random,78,84911,34261,50650,2167750,144,27;39;165;185;92;82;120;44;25;16;171;175;113;56;31;157;138;62;9;137;0;46;115;80;94;152;57;55;52;167;124;151;65;116;41;146;22;159;193;139;108;18;54;177;10;190;184;42;5;181;34;160;43;131;149;123;127;135;154;180;133;79;122;63;121;100;26;97;1;2;129;178;3;106;179;145;78;196;40;119;15;186;89;183;144;14;49;102;148;176;51;118;59;162;53;86;101;75;81;90,1790882206482229931,0.062251
steepest_intra:nodes_start:random,79,88668,39757,48911,2362100,157,42;43;184;160;48;30;54;131;149;180;121;57;40;119;185;94;63;79;122;124;21;7;164;95;138;152;97;1;101;86;75;44;25;113;175;171;16;120;80;51;46;139;115;116;65;59;118;133;100;26;2;129;92;78;31;145;179;55;52;178;14;144;49;102;62;9;117;18;22;34;177;4;112;70;135;154;53;81;90;27;165;106;167;148;0;143;183;89;114;186;23;137;176;151;162;127;123;41;193;159,8190362066613518068,0.068014
steepest_intra:nodes_start:random,80,86990,36930,50060,2018250,134,86;100;26;97;81;90;119;57;2;1;101;53;180;0;143;183;144;14;40;196;157;31;145;92;129;152;124;94;80;176;137;23;51;151;123;84;177;54;139;68;46;198;115;118;79;63;133;59;159;22;146;34;4;112;127;70;135;154;162;65;47;149;131;43;42;5;41;193;181;160;184;116;49;102;62;9;148;167;185;165;164;7;21;138;3;178;106;52;55;179;113;175;171;16;78;82;25;44;120;75,9179646739545481377,0.059525
steepest_intra:nodes_start:random,81,86481,38672,47809,2093000,139,181;59;9;62;167;124;94;63;123;54;177;112;127;70;135;86;101;26;100;53;154;180;79;133;35;184;160;42;5;96;115;43;116;65;97;152;2;129;57;55;52;178;186;89;183;143;117;93;0;23;90;27;164;21;144;15;137;176;51;46;68;108;18;159;193;41;131;149;162;151;80;148;102;49;14;138;106;185;165;119;40;81;196;31;113;175;171;16;78;145;92;25;44;120;75;1;118;139;22;34,9050704154339874312,0.064616
steepest_intra:nodes_start:random,82,89577,41203,48374,2406950,160,31;56;113;175;171;16;44;120;2;1;101;75;86;100;63;79;135;154;180;53;121;178;3;138;14;144;186;23;89;183;143;108;18;41;123;127;70;26;97;52;55;57;129;152;94;80;176;102;49;165;90;81;196;179;145;78;92;51;118;115;139;68;117;0;46;65;131;149;162;133;185;40;119;106;167;112;4;10;177;54;160;184;137;15;62;9;148;124;122;151;59;116;43;42;181;34;146;22;159;193,1723396837571231596,0.068506
steepest_intra:nodes_start:random,83,88726,38903,49823,2167750,144,90;40;196;31;113;175;171;16;145;92;57;106;178;3;49;183;143;0;46;51;176;152;167;9;62;15;115;181;34;22;41;193;18;108;139;118;121;100;26;101;86;53;158;180;162;65;59;151;133;120;78;44;75;154;135;70;123;131;43;184;112;127;194;137;23;186;114;144;14;138;165;185;52;55;129;2;1;97;63;79;122;94;124;80;116;42;160;48;54;177;10;190;4;84;35;149;148;21;164;27,5178672605999791849,0.062320
steepest_intra:nodes_start:random,84,93689,44798,48891,2063100,137,80;180;154;162;198;139;5;42;43;116;65;59;151;79;133;181;146;22;18;69;108;68;94;2;25;78;145;179;157;196;81;40;119;185;165;90;27;164;21;14;144;186;117;93;140;23;9;62;102;49;57;92;129;152;35;184;160;34;148;178;106;52;55;53;135;127;123;149;131;46;0;143;183;89;137;100;26;101;16;171;175;113;56;31;86;112;4;70;75;44;120;1;97;63;41;193;115;118;51;176,4350273489620374740,0.058565
steepest_intra:nodes_start:random,85,85115,36980,48135,2137850,142,120;44;25;145;179;185;40;196;81;90;165;164;7;21;144;124;154;135;70;86;75;16;171;175;113;78;152;94;80;176;51;137;23;89;183;143;93;68;139;193;108;18;22;159;41;5;116;133;121;97;26;100;53;180;63;79;151;115;46;117;0;118;59;162;123;112;4;177;54;184;35;167;178;106;52;57;55;14;49;102;62;9;15;148;65;160;48;34;181;42;43;131;149;127;101;1;2;129;92;82,7604686878925607251,0.061599
steepest_intra:nodes_start:random,86,87874,39181,48693,2302300,153,143;137;124;152;2;78;31;145;0;117;93;108;18;159;193;41;148;185;119;40;179;92;129;1;97;53;158;154;135;70;127;123;112;4;10;177;34;146;22;181;116;65;151;133;79;63;167;49;102;144;14;138;165;90;81;196;57;94;80;51;109;118;59;115;139;46;176;113;175;171;16;25;44;120;82;55;52;106;178;62;9;131;184;54;48;160;42;43;149;162;180;121;100;26;86;75;101;23;89;183,8952815152545563033,0.066105
steepest_intra:nodes_start:random,87,86668,37483,49185,2496650,166,177;112;53;86;129;92;57;178;3;97;26;100;94;124;167;106;40;185;52;55;149;65;184;160;181;22;18;108;69;115;59;151;133;79;2;120;25;44;75;101;1;152;49;144;14;165;27;90;81;196;179;145;78;31;113;175;171;16;82;0;170;143;117;46;118;51;137;23;186;114;15;9;62;102;148;63;180;154;135;127;123;162;80;176;89;183;139;193;41;5;42;43;116;198;68;93;140;159;34;54,6478568521547743659,0.070929
steepest_intra:nodes_start:random,88,80747,31587,49160,2272400,151,49;102;115;116;65;43;42;181;22;146;34;160;84;112;123;79;52;185;40;119;165;27;90;81;196;145;78;31;113;175;171;16;25;44;120;75;86;100;26;97;189;121;63;133;162;149;131;184;54;177;4;127;70;135;154;180;53;148;9;62;15;89;183;143;0;117;139;41;193;159;18;68;46;176;80;94;152;1;101;2;129;92;57;55;106;178;167;124;151;72;59;118;109;51;137;23;186;144;14;138,1000592564499307354,0.067220
steepest_intra:nodes_start:random,89,84145,34471,49674,2661100,177,68;139;115;43;42;160;34;54;177;10;4;112;9;62;81;196;57;129;2;63;133;79;122;94;55;52;185;165;90;119;40;106;49;102;144;14;3;178;167;124;51;118;41;193;159;22;181;131;162;180;154;70;127;123;149;46;117;143;183;89;23;137;176;80;151;59;65;116;184;35;135;53;101;1;120;44;25;82;92;179;145;78;31;56;113;175;171;16;75;86;100;26;97;152;148;37;15;114;186;0,8322031099601135822,0.084024
steepest_intra:nodes_start:random,90,87816,39627,48189,2018250,134,92;86;53;181;22;159;193;41;183;89;23;137;65;43;190;10;177;54;184;131;149;162;151;59;118;115;139;18;108;140;68;46;51;79;63;185;40;165;90;164;7;21;144;62;148;176;116;42;34;160;133;121;100;26;97;152;49;14;178;106;52;55;57;129;2;101;1;189;122;80;0;143;186;15;124;94;180;154;135;127;112;4;84;35;123;70;75;120;44;175;113;56;81;196;78;25;16;171;31;145,1568249010860982231,0.058015
steepest_intra:nodes_start:random,91,91246,38627,52619,2780700,185,9;62;102;144;114;143;117;93;140;0;94;152;2;129;57;92;145;78;16;44;120;127;112;4;177;54;184;35;123;194;135;70;154;151;118;109;51;189;101;1;97;124;23;183;89;186;15;167;75;86;53;180;80;176;148;49;14;138;165;40;185;106;3;178;52;55;196;81;90;39;137;46;68;139;115;59;116;65;47;43;42;160;34;181;193;41;131;149;162;133;79;122;63;121;26;100;159;22;18;108,9025562133803591350,0.082646
steepest_intra:nodes_start:random,92,84948,35178,49770,2212600,147,2;1;152;178;3;138;14;144;102;167;97;101;86;26;100;53;70;112;4;177;54;48;184;123;135;154;180;52;165;90;81;196;157;31;145;179;55;62;9;15;89;183;143;0;117;139;42;160;181;193;41;115;59;75;44;16;171;175;113;56;40;119;185;106;49;148;176;137;23;186;124;94;122;80;79;63;121;182;136;51;118;46;68;108;18;22;146;34;43;116;65;162;151;133;120;25;78;92;57;129,3173132950247988789,0.063362
steepest_intra:nodes_start:random,93,85576,36834,48742,2436850,162,120;129;23;89;183;108;18;22;146;34;54;48;41;193;139;115;46;0;143;117;68;159;181;160;184;177;84;35;176;9;62;49;14;138;39;165;106;178;2;26;100;154;135;70;158;53;121;63;79;133;116;5;42;43;112;127;123;65;59;118;51;137;144;21;7;164;90;40;185;52;55;92;44;25;78;145;167;148;80;151;131;149;162;180;86;16;171;175;113;31;179;57;124;94;189;152;97;1;101;75,2845929320030758214,0.070764
steepest_intra:nodes_start:random,94,85514,34892,50622,2586350,172,86;2;129;57;92;120;1;101;75;44;16;171;175;113;78;145;55;52;167;46;115;193;159;41;5;118;80;122;94;124;148;15;186;89;183;23;176;123;112;4;10;177;54;84;154;180;158;53;121;63;79;133;151;72;59;149;131;65;116;43;42;181;146;22;18;143;102;49;178;106;185;40;165;90;27;39;138;14;144;62;9;51;109;162;135;70;127;35;184;160;34;139;68;117;0;137;152;97;26;100,7537052753155638262,0.073122
steepest_intra:nodes_start:random,95,92654,43980,48674,2332200,155,152;49;102;14;144;62;9;23;68;139;46;148;167;57;179;145;78;92;129;120;75;158;70;127;123;135;154;180;79;80;176;137;186;15;31;175;113;56;196;81;90;27;39;165;106;178;2;101;86;26;100;53;65;47;43;116;59;51;55;52;185;40;119;164;7;21;183;143;0;117;18;41;131;149;162;133;94;124;122;151;184;160;34;54;177;112;16;171;44;118;115;193;159;22;146;181;42;63;97;1,729699642988435663,0.066886
steepest_intra:nodes_start:random,96,88818,39688,49130,2691000,179,120;75;86;133;59;65;47;100;26;101;44;25;16;171;175;113;31;94;80;79;63;121;53;158;127;149;131;43;116;46;198;139;193;159;22;18;69;108;144;14;179;145;78;196;81;40;165;185;52;106;178;49;62;9;15;186;23;137;148;167;129;2;152;1;97;35;34;146;140;93;117;68;42;184;177;54;160;181;41;115;118;51;151;162;123;112;84;0;143;183;89;176;135;70;154;180;124;55;57;92,2074403280079269635,0.077013
steepest_intra:nodes_start:random,97,85946,37352,48594,2496650,166,42;181;159;193;41;116;65;23;186;15;62;144;164;27;90;165;138;14;102;9;137;176;80;51;118;46;115;59;151;79;63;121;129;78;113;31;145;92;0;18;22;146;34;160;139;68;117;143;183;89;49;178;106;52;55;57;185;40;196;175;171;16;25;124;94;189;1;101;2;120;44;75;86;158;70;112;177;54;48;184;162;133;148;167;152;97;26;100;53;180;154;135;127;123;149;131;4;84;35;43,7267136511562208347,0.073051
steepest_intra:nodes_start:random,98,87864,36691,51173,2421900,161,0;183;89;23;186;15;62;114;143;117;108;18;22;162;94;106;165;90;164;7;21;144;14;178;52;55;92;120;101;149;131;43;42;160;184;35;84;48;34;54;177;4;112;70;158;100;152;3;49;102;176;80;26;97;1;2;129;57;185;40;196;145;78;175;171;16;44;75;86;154;135;127;123;47;65;116;59;137;148;37;9;167;124;121;53;180;63;79;133;151;72;51;109;118;115;41;193;159;139;46,610693965884201504,0.069000
steepest_intra:nodes_start:random,99,89731,37438,52293,2107950,140,97;152;57;40;119;185;106;167;133;162;123;135;154;129;92;179;196;81;157;145;80;59;116;65;151;79;189;25;113;175;171;16;44;120;75;101;86;26;100;121;180;112;177;54;34;181;193;41;115;51;176;178;3;165;90;138;14;144;148;37;49;102;62;9;15;186;23;118;43;184;160;42;159;22;18;108;139;46;0;143;183;89;137;136;53;158;63;122;94;124;55;52;91;38;56;31;78;82;2;1,3623231220257021561,0.061014
steepest_intra:nodes_start:random,100,85019,36870,48149,2436850,162,62;102;144;15;0;117;143;14;165;90;81;196;179;145;78;25;44;82;92;57;129;2;152;97;1;101;26;100;121;180;154;135;162;151;133;120;16;171;175;113;56;31;106;178;49;93;108;18;22;146;34;181;159;193;41;42;115;139;68;46;118;51;79;63;53;158;70;127;184;160;54;177;4;112;35;131;149;94;124;55;52;185;119;40;75;86;123;65;43;116;59;183;89;176;80;137;23;186;148;9,8868728177184477819,0.070320
steepest_intra:nodes_start:random,101,90126,41098,49028,1913600,127,117;0;118;116;65;162;79;94;124;106;40;90;165;49;114;186;63;180;154;135;42;181;195;159;115;59;151;133;26;100;70;127;177;54;123;53;86;101;80;51;18;22;146;103;34;48;160;43;149;131;35;112;84;184;41;193;139;46;23;15;62;102;21;7;164;178;152;2;129;55;52;179;145;78;120;75;1;97;176;137;148;37;9;167;57;92;82;44;25;16;171;175;113;31;196;185;14;144;183;143,345449772098279434,0.053488
steepest_intra:nodes_start:random,102,86495,35907,50588,2436850,162,34;160;43;116;59;151;79;133;162;149;131;123;154;180;124;148;9;62;167;57;129;92;78;145;81;90;21;144;15;137;176;80;122;136;53;158;135;112;4;177;54;184;77;47;65;115;46;139;18;108;117;143;183;178;106;49;102;14;165;40;185;52;55;152;100;26;2;120;44;16;171;175;113;31;25;70;127;84;35;42;5;96;181;159;193;41;118;51;63;182;121;86;75;101;1;97;94;0;22;146,6633879219142035611,0.072147
steepest_intra:nodes_start:random,103,89729,39854,49875,2152800,143,56;113;175;171;16;78;145;179;57;49;102;14;3;178;176;51;118;46;139;68;93;117;0;137;15;37;97;1;101;86;154;162;123;135;70;127;112;84;184;131;55;52;106;185;40;81;90;165;144;62;9;114;186;23;89;183;143;140;108;18;22;159;115;80;75;120;44;25;92;129;2;26;149;42;193;41;59;121;100;53;158;180;94;124;148;167;152;63;122;79;133;151;65;47;116;43;160;34;54;31,3918424586806616727,0.061535
steepest_intra:nodes_start:random,104,92758,42384,50374,2287350,152,184;160;43;65;151;79;63;94;124;102;62;9;15;89;18;108;143;183;114;165;40;185;75;86;100;26;101;2;92;179;145;31;78;25;44;120;129;167;37;148;51;72;149;131;123;133;136;121;97;1;57;196;90;81;113;175;171;16;186;23;137;176;80;122;152;55;52;139;193;41;115;49;178;106;14;144;116;42;181;34;146;22;159;68;117;0;46;118;59;162;194;135;154;180;53;158;70;127;112;84,6254819466958668632,0.066506
steepest_intra:nodes_start:random,105,85093,35099,49994,2735850,182,102;167;152;26;100;158;154;180;63;133;79;122;148;9;62;80;59;115;118;51;176;137;186;23;46;139;22;34;160;54;184;43;42;41;193;159;18;108;93;117;143;0;94;97;1;75;120;31;56;113;175;171;16;25;44;82;57;55;52;27;90;81;196;124;151;116;65;149;162;136;121;53;135;123;112;127;70;86;101;2;129;92;78;145;179;15;89;183;114;144;3;178;106;185;40;119;165;138;14;49,726598720666254708,0.077300
steepest_intra:nodes_start:random,106,82930,33994,48936,2212600,147,106;165;90;164;21;144;46;181;34;160;80;122;79;133;151;162;123;4;112;127;63;52;185;119;40;179;44;25;78;145;196;81;138;14;49;102;62;9;148;15;186;89;183;143;117;0;137;176;51;118;59;149;131;47;65;116;115;139;68;140;108;18;22;146;159;193;41;5;42;43;184;35;70;86;75;101;1;97;26;100;53;180;135;154;158;120;16;171;175;113;31;92;129;124;94;152;2;57;55;178,5580471542471285592,0.063502
steepest_intra:nodes_start:random,107,90331,41181,49150,2227550,148,80;176;137;186;15;144;14;138;165;185;102;62;9;148;51;72;162;194;123;184;160;34;54;177;4;70;75;16;171;175;113;106;178;3;49;167;65;116;43;42;181;22;159;5;149;97;1;101;86;135;127;112;84;35;131;183;89;23;120;44;25;78;31;145;179;92;129;152;59;115;139;41;193;18;117;143;0;68;46;118;121;100;26;2;57;55;52;40;90;81;196;124;94;151;133;79;63;53;154;180,2300748746520062967,0.065223
steepest_intra:nodes_start:random,108,86380,35605,50775,2377050,158,40;165;143;117;93;139;5;42;43;47;151;133;53;86;101;75;2;120;44;25;129;57;92;78;16;171;175;113;31;145;55;52;23;89;183;0;112;4;10;177;54;48;184;160;34;146;22;195;181;159;193;41;115;137;9;102;49;14;144;62;148;176;80;152;1;97;26;100;122;118;59;116;65;194;135;70;127;69;18;108;68;46;51;79;63;180;154;123;131;149;162;136;121;189;94;124;167;178;106;185,3116652223738935726,0.068104
steepest_intra:nodes_start:random,109,90074,41038,49036,2137850,142,65;116;115;46;139;159;193;41;5;118;145;78;113;31;179;55;185;40;119;106;178;62;9;148;124;122;79;133;63;121;100;26;97;94;176;68;108;18;22;160;131;59;51;80;57;92;129;2;101;86;75;16;171;175;25;44;120;0;117;143;183;89;137;152;1;53;180;154;112;84;35;149;123;127;70;135;162;151;52;165;90;164;7;21;144;186;23;15;102;14;49;184;54;34;146;195;181;42;43;47,4055674920278057163,0.061026
steepest_intra:nodes_start:random,110,88747,39022,49725,2152800,143,57;55;186;89;183;143;0;117;68;46;137;23;148;167;124;94;122;63;136;180;154;135;70;158;75;44;120;19;189;79;133;162;193;159;22;34;181;41;5;42;43;116;65;131;149;123;53;82;196;81;90;40;185;1;86;101;2;92;179;52;9;62;102;49;178;106;151;51;118;108;18;139;115;59;112;4;177;54;160;184;127;25;16;171;175;113;31;78;145;165;14;144;176;80;121;100;26;97;152;129,1199490592981285696,0.063539
steepest_intra:nodes_start:random,111,92284,44145,48139,2227550,148,177;84;92;179;196;81;90;27;165;138;14;144;15;143;117;108;18;68;23;62;102;49;167;1;101;75;44;25;57;55;52;178;106;185;40;119;9;46;139;22;159;193;41;115;137;113;175;171;16;86;70;127;112;4;123;135;154;180;162;43;42;160;184;133;63;79;151;51;176;80;2;120;78;31;157;145;129;149;131;65;59;118;0;183;89;186;148;124;94;152;97;26;100;53;116;5;181;34;48;54,125035972760283735,0.064523
steepest_intra:nodes_start:random,112,86929,38238,48691,2631200,175,137;46;68;139;115;42;41;193;117;143;23;144;14;138;119;40;185;82;120;44;25;31;56;113;175;171;16;75;70;112;4;177;54;184;162;133;79;86;101;1;97;124;94;122;63;121;26;100;53;180;154;135;127;123;149;65;43;160;34;181;116;49;178;52;55;57;129;92;145;179;148;93;140;108;18;22;159;59;151;80;152;2;78;196;81;90;165;106;167;176;51;109;118;0;183;89;186;15;62;9,5552448086291788107,0.076012
steepest_intra:nodes_start:random,113,88532,38276,50256,2362100,157,25;82;92;129;63;133;116;43;65;162;75;16;171;175;113;56;31;51;118;46;23;186;9;62;102;49;148;26;100;53;123;181;195;146;22;18;108;159;193;139;0;183;143;117;41;54;177;4;112;149;131;35;184;48;34;160;42;5;96;115;59;151;121;86;101;78;145;40;185;106;178;52;55;167;124;94;122;79;194;127;70;135;154;180;80;176;137;15;144;14;165;27;90;57;152;97;1;2;120;44,1355498678806430376,0.069002
steepest_intra:nodes_start:random,114,87010,37686,49324,2257450,150,0;46;115;118;59;72;162;123;112;4;84;35;184;160;34;54;177;165;90;81;196;145;179;57;55;167;152;97;121;53;135;70;127;131;149;151;133;79;63;180;154;158;86;75;44;25;120;101;100;26;1;2;92;185;40;31;16;171;175;113;56;78;129;80;41;193;159;22;18;144;14;3;178;106;52;49;148;124;94;122;65;116;43;42;5;139;23;186;15;62;9;137;176;51;68;93;117;143;183;89,2286566463140498957,0.065070
steepest_intra:nodes_start:random,115,90726,41874,48852,2601300,173,18;108;68;46;115;35;84;4;184;42;43;123;127;135;154;180;79;133;151;162;53;97;1;101;120;25;78;145;82;129;55;52;178;49;89;183;143;0;176;80;63;94;185;40;119;106;51;131;149;86;75;16;171;175;113;81;90;196;179;92;57;167;9;62;15;186;23;114;144;102;148;124;152;2;31;56;44;70;112;177;54;160;34;181;193;41;139;116;47;65;59;118;14;138;39;165;137;159;146;22,3743666609853871590,0.075609
steepest_intra:nodes_start:random,116,82736,33964,48772,2406950,160,68;18;108;140;93;183;89;23;137;80;122;63;136;180;133;151;149;131;184;84;35;123;135;53;121;86;75;120;44;25;78;31;145;179;106;178;52;55;57;92;129;2;152;97;1;101;26;100;158;154;162;65;116;59;118;51;176;148;9;62;102;49;196;113;175;171;16;70;127;112;4;177;54;160;34;181;146;22;159;115;185;40;81;90;165;14;144;124;94;79;43;42;41;193;139;198;46;0;143;117,4820967832983468675,0.069490
steepest_intra:nodes_start:random,117,85860,37362,48498,2347150,156,70;135;194;127;112;177;54;184;123;162;79;63;94;55;90;27;164;39;165;185;52;106;178;49;102;14;144;15;51;118;59;149;131;65;116;115;139;18;108;93;117;0;176;80;133;151;43;160;34;41;46;137;9;62;167;152;1;101;75;86;26;100;53;121;97;2;196;157;56;113;31;78;145;57;148;23;89;183;143;68;193;159;22;181;42;16;171;175;81;119;40;179;92;129;82;25;44;120;180;154,7958884388967876283,0.067956
steepest_intra:nodes_start:random,118,91577,40720,50857,2137850,142,149;162;151;176;137;80;122;79;133;123;127;70;135;154;100;26;124;94;65;116;43;5;41;193;68;23;144;14;90;27;164;7;21;89;183;143;117;93;140;0;186;15;9;62;178;106;55;57;92;129;97;121;182;136;53;158;180;72;59;115;139;46;118;109;51;63;86;75;44;25;120;2;1;152;167;148;49;165;40;185;52;112;184;160;181;42;101;16;171;175;113;31;78;145;177;54;34;22;159;131,1976330874325179856,0.059699
steepest_intra:nodes_start:random,119,90321,42577,47744,2212600,147,123;35;84;112;4;10;177;79;63;94;124;167;37;148;186;23;46;41;193;139;68;0;183;89;97;1;2;129;57;179;196;81;55;52;185;90;27;164;144;143;117;108;18;22;34;54;184;176;62;9;51;118;59;162;151;133;154;135;160;181;146;195;159;80;26;101;75;120;44;25;16;171;175;113;31;106;178;152;100;53;180;149;65;116;43;42;5;115;137;49;14;165;119;40;145;78;92;86;70;127,1244909277505040318,0.063388
steepest_intra:nodes_start:random,120,86756,35099,51657,2242500,149,148;12;122;79;133;151;80;176;89;183;143;46;139;42;43;127;70;135;162;115;193;41;116;65;59;118;51;180;154;158;53;121;129;92;145;78;31;113;56;157;196;179;26;100;97;185;40;119;165;90;39;138;14;144;49;102;62;123;112;177;54;184;160;34;22;18;117;0;94;2;120;44;25;16;171;175;81;106;178;52;55;57;82;75;86;101;1;152;167;9;15;186;23;137;63;136;182;189;124;37,5023590781695201752,0.064596
steepest_intra:nodes_start:random,121,91999,43885,48114,2406950,160,97;63;151;59;118;9;62;102;49;144;14;138;3;178;106;165;90;164;21;116;43;184;112;70;101;92;145;179;196;81;40;119;185;52;55;94;79;133;162;41;18;22;146;159;193;139;68;117;46;115;65;131;149;123;127;135;154;53;100;121;122;80;176;51;137;23;186;124;152;2;167;148;15;114;183;89;120;44;25;129;0;143;57;78;31;113;175;171;16;75;86;42;181;34;160;54;177;180;26;1,6358806834349564187,0.070197
steepest_intra:nodes_start:random,122,90803,41815,48988,2586350,172,75;70;123;35;84;4;112;29;127;135;133;176;137;148;9;167;152;1;101;179;196;81;90;27;165;40;43;184;160;181;42;5;115;118;59;116;65;151;79;124;129;92;57;186;89;183;46;139;41;193;34;48;54;177;131;149;162;63;97;26;100;53;180;154;158;86;120;44;25;145;55;52;49;102;23;0;93;117;143;15;62;178;106;185;138;14;144;18;22;159;51;80;94;2;78;31;113;175;171;16,6468814759280553020,0.081318
steepest_intra:nodes_start:random,123,82497,33808,48689,2362100,157,177;54;160;34;22;18;108;183;89;23;100;26;97;101;1;152;2;129;92;78;145;179;57;55;52;106;185;40;119;178;49;137;46;139;115;59;118;68;117;143;0;51;151;65;116;43;47;131;149;162;133;180;158;53;86;75;16;171;175;113;31;25;44;120;82;196;81;165;90;27;164;7;21;14;124;94;121;63;122;79;80;176;148;9;62;102;144;186;193;41;42;184;84;112;127;70;154;135;123;4,6840113624798832860,0.070073
steepest_intra:nodes_start:random,124,88016,39864,48152,2511600,167,135;184;54;177;10;190;4;112;162;151;59;118;51;80;79;63;122;176;137;143;117;108;18;193;41;181;42;148;178;165;27;90;81;113;56;31;196;40;119;185;92;82;120;44;16;171;175;25;133;115;139;68;46;0;183;89;23;186;15;9;62;106;145;78;75;86;154;70;127;123;149;131;43;116;65;124;52;55;57;129;2;167;49;14;144;159;22;146;34;160;180;101;1;97;152;94;121;26;100;53,5597284802709854678,0.073544
steepest_intra:nodes_start:random,125,83737,35950,47787,2616250,174,127;70;86;101;75;129;55;52;106;178;167;124;94;63;79;133;180;53;154;135;112;4;177;34;181;146;22;159;68;117;143;183;148;152;2;120;44;25;78;145;92;179;185;165;40;196;31;113;175;171;16;57;62;9;15;137;109;51;176;80;65;116;41;193;18;108;139;118;59;149;131;35;84;184;43;42;115;46;0;89;23;186;114;102;49;14;90;164;21;144;1;97;26;100;151;162;160;48;54;123,8163543560503518354,0.076013
steepest_intra:nodes_start:random,126,90817,42148,48669,2421900,161,138;90;81;145;78;53;180;176;137;186;15;9;62;102;49;3;178;106;152;97;26;100;1;2;129;92;57;167;93;140;108;18;115;101;120;25;44;75;86;154;135;70;127;123;51;0;117;143;183;89;23;124;94;63;79;133;151;72;118;59;43;42;181;160;48;184;162;165;119;40;185;31;113;175;171;16;112;4;10;177;54;34;146;22;159;193;41;139;46;148;52;55;80;65;116;47;131;149;144;14,3552454492602595063,0.069519
steepest_intra:nodes_start:random,127,89573,39453,50120,2197650,146,31;78;59;42;181;34;146;137;62;9;37;148;176;51;118;115;193;159;22;18;69;108;117;143;183;0;46;162;135;70;127;112;4;123;121;152;57;55;52;179;145;92;65;43;160;48;54;177;184;35;131;149;116;5;41;139;68;15;178;106;165;40;185;167;124;80;151;133;79;63;136;180;154;158;53;86;75;120;44;129;2;101;100;26;102;49;14;144;114;89;23;186;94;97;1;25;16;171;175;113,8155552660804724059,0.064017
steepest_intra:nodes_start:random,128,92010,42562,49448,2257450,150,43;65;72;151;51;176;80;148;178;106;196;113;175;171;16;31;78;145;92;2;1;97;26;100;121;53;154;135;127;177;54;30;34;59;118;0;183;89;15;144;164;7;21;186;23;160;48;184;70;75;44;25;120;101;86;180;162;149;131;47;116;115;46;68;139;41;193;18;117;143;137;94;124;52;185;40;165;63;35;84;4;112;123;133;79;102;49;167;152;129;57;55;3;14;62;9;159;22;181;42,5784962422965684309,0.064321
steepest_intra:nodes_start:random,129,83656,35015,48641,2556450,170,65;116;42;43;149;127;70;135;133;79;23;183;89;186;49;55;57;129;92;145;179;185;165;39;27;90;119;40;52;124;94;63;121;53;86;101;1;97;26;100;189;152;2;120;44;25;78;196;95;7;164;81;31;56;113;175;171;16;75;158;154;180;148;144;14;138;106;178;167;176;51;68;139;41;115;59;118;46;0;143;117;18;193;159;22;146;181;34;160;184;54;177;112;123;162;151;80;9;62;137,3798381386743602363,0.073047
steepest_intra:nodes_start:random,130,92224,42329,49895,2093000,139,186;89;183;22;34;160;35;127;70;123;43;42;181;159;193;41;137;23;148;124;94;176;0;68;139;46;118;51;80;152;171;175;113;56;85;16;75;1;97;189;121;112;177;54;184;133;63;53;180;154;135;162;65;116;131;149;86;101;2;129;92;57;26;100;82;78;157;31;25;44;120;145;179;106;14;138;165;119;40;185;55;52;178;49;62;143;117;93;108;18;115;59;72;151;79;167;196;81;90;144,2811672522387876360,0.059017
steepest_intra:nodes_start:random,131,95671,43397,52274,2362100,157,178;49;102;122;151;131;84;4;112;127;135;154;53;26;100;180;162;149;47;65;138;165;27;90;40;185;2;75;101;97;121;63;79;22;146;34;181;42;133;16;171;175;113;31;44;120;129;57;14;144;73;114;183;89;23;186;15;62;9;167;124;94;189;152;1;86;158;70;177;54;160;184;35;123;78;145;179;92;46;139;159;193;41;115;176;148;37;137;143;0;43;105;116;59;118;51;80;55;52;106,4150608395492224755,0.068147
steepest_intra:nodes_start:random,132,85793,36407,49386,2137850,142,49;129;2;124;94;137;23;183;89;186;114;106;52;55;179;145;31;56;113;78;92;57;185;40;119;165;138;3;178;167;122;123;112;184;54;34;160;43;116;65;151;133;100;26;63;79;180;154;53;97;152;1;101;86;162;131;149;90;81;196;175;171;16;25;44;120;75;135;70;127;42;22;18;69;108;140;93;117;68;139;159;193;41;115;59;118;46;0;143;51;176;80;148;37;15;144;14;102;62;9,7449446980510041430,0.061767
steepest_intra:nodes_start:random,133,83262,34468,48794,2855450,190,1;152;167;178;52;55;57;179;145;25;44;53;162;65;116;59;102;165;90;81;196;106;49;124;94;63;51;140;93;117;143;0;115;96;5;41;193;159;22;146;195;181;34;160;48;54;177;184;112;123;127;135;154;180;186;23;89;183;137;176;80;79;133;151;118;46;68;139;69;108;18;42;43;131;149;148;9;62;144;14;138;40;185;92;129;2;97;26;100;120;78;31;56;113;175;171;16;75;86;101,7631165325388093462,0.083406
steepest_intra:nodes_start:random,134,94962,45945,49017,1808950,120,52;3;62;9;148;137;46;115;116;47;131;149;158;53;86;1;152;102;144;14;49;124;94;133;162;65;5;42;146;22;159;121;100;26;80;51;41;193;139;178;106;165;90;40;185;112;184;43;118;186;15;114;143;117;93;108;18;59;151;79;63;97;82;25;44;120;75;101;2;129;57;179;196;81;113;175;171;16;31;78;145;92;135;123;127;70;154;180;176;23;89;183;0;68;181;34;54;160;167;55,2124273187095899873,0.051602
steepest_intra:nodes_start:random,135,84300,34762,49538,2765750,184,108;18;46;80;122;79;133;151;118;139;193;22;146;34;30;54;177;4;112;127;70;154;180;158;53;121;100;26;86;101;1;152;55;52;148;176;116;43;160;48;184;75;120;2;97;51;115;41;42;35;84;123;194;135;94;124;63;162;149;131;47;65;59;137;15;9;62;102;144;14;49;178;106;57;129;92;196;81;90;165;119;40;185;179;145;78;31;113;175;171;16;25;44;186;23;89;183;143;0;117,3549292665173479960,0.077902
steepest_intra:nodes_start:random,136,85255,33209,52046,2242500,149,165;40;185;145;78;92;129;79;133;151;72;51;82;25;44;120;2;152;100;70;127;123;112;4;10;177;184;84;35;135;154;158;53;136;121;189;19;97;1;101;26;63;122;94;124;148;167;178;106;52;55;57;180;162;149;65;116;59;118;46;115;41;193;139;68;0;117;18;22;160;42;43;137;23;186;144;14;49;102;62;9;15;89;183;143;153;176;80;86;75;16;171;175;113;31;196;81;90;27;39,6299142274095649006,0.063108
steepest_intra:nodes_start:random,137,86706,37872,48834,2078050,138,70;154;180;53;26;152;3;178;106;2;1;97;101;86;75;44;175;113;90;164;21;14;144;62;9;167;120;25;16;171;31;52;89;183;137;176;51;109;118;115;5;42;181;146;34;160;184;35;84;4;112;127;123;149;131;65;47;190;10;177;54;63;94;124;122;80;193;159;22;18;108;93;143;148;55;145;78;92;129;57;185;40;165;138;49;102;79;133;151;59;116;43;41;139;68;117;0;46;162;135,703960369790666155,0.060959
steepest_intra:nodes_start:random,138,88019,38631,49388,2302300,153,121;26;101;1;2;179;196;40;119;49;62;148;79;63;94;124;167;129;120;44;25;78;145;92;57;55;152;97;100;53;70;127;123;131;149;162;133;165;90;81;157;38;31;56;113;175;171;16;75;86;108;18;115;118;59;65;47;116;42;5;41;193;140;93;143;183;89;186;23;137;151;112;184;177;54;34;160;176;144;14;3;178;106;185;52;180;154;135;43;181;146;22;159;139;68;117;0;46;51;80,4059007784616498625,0.065090
steepest_intra:nodes_start:random,139,86479,36877,49602,2107950,140,139;41;193;181;160;131;162;133;185;40;119;165;27;90;81;113;175;171;62;9;167;152;2;1;124;23;186;15;144;14;102;148;137;118;59;109;51;151;154;180;53;100;26;97;101;86;121;79;80;176;0;170;143;117;93;68;116;65;149;123;135;63;94;49;3;178;106;52;129;44;25;16;31;179;55;57;92;145;78;120;75;70;127;112;43;42;5;159;18;22;146;34;54;177;184;115;198;46;89;183,5873432531673933293,0.059903
steepest_intra:nodes_start:random,140,90244,41554,48690,2601300,173,40;165;138;14;144;23;117;108;18;9;62;102;49;152;97;123;177;54;48;46;0;137;176;80;51;118;59;65;47;184;160;34;103;146;135;154;180;53;63;79;93;140;159;22;195;181;42;43;116;151;55;52;196;90;81;157;31;56;113;175;171;16;75;86;101;1;2;129;120;44;78;145;92;57;26;70;127;112;4;84;35;131;149;162;133;94;148;15;186;89;183;143;68;139;193;41;115;178;106;185,625931394421598555,0.076593
steepest_intra:nodes_start:random,141,85395,36775,48620,2182700,145,179;55;52;185;119;165;14;144;114;186;23;137;46;139;115;59;118;51;80;121;53;180;154;177;54;48;160;34;181;146;22;18;108;159;193;41;42;184;131;149;176;15;62;9;148;122;79;63;94;124;167;57;196;40;90;164;21;183;143;117;89;178;106;49;102;153;0;116;43;47;65;162;135;70;127;112;4;123;151;133;129;92;31;113;175;171;16;25;44;75;101;86;26;97;1;152;2;120;78;145,3819585751446639298,0.062715
steepest_intra:nodes_start:random,142,85592,34939,50653,2362100,157,112;4;84;184;177;54;34;160;123;127;133;63;182;121;100;26;97;1;92;57;124;94;151;149;131;47;65;116;43;42;193;41;115;46;137;9;62;138;165;185;106;178;14;102;49;179;145;148;0;18;22;159;139;68;117;143;183;89;80;79;180;154;135;194;162;59;118;109;51;66;176;15;144;21;164;27;90;81;40;52;55;152;53;158;86;75;120;44;25;16;171;175;113;31;78;82;129;2;101;70,8098893906853117595,0.066859
steepest_intra:nodes_start:random,143,86401,36677,49724,2392000,159,54;177;184;84;4;112;131;149;79;167;49;14;138;106;52;55;129;2;1;101;121;63;122;94;124;189;97;26;100;154;160;181;115;118;179;196;81;90;165;40;185;178;3;37;148;15;186;23;89;114;144;102;145;78;92;57;62;9;137;176;80;133;162;123;127;70;135;194;151;59;51;152;120;44;16;171;175;113;31;25;75;86;53;180;65;116;43;42;193;159;22;18;117;143;183;0;46;139;41;34,2099115788393554621,0.066526
steepest_intra:nodes_start:random,144,87727,38033,49694,2182700,145,42;5;116;65;47;43;184;54;177;4;112;70;86;82;78;145;179;92;129;80;46;68;117;143;165;90;40;185;106;9;62;144;14;167;148;176;109;193;159;18;22;146;181;131;149;123;127;135;154;75;44;25;120;2;101;53;180;79;63;94;124;57;196;31;56;113;175;171;16;133;162;151;51;0;183;89;23;137;26;97;1;152;55;52;178;3;49;102;15;114;186;118;59;115;198;139;41;34;48;160,6409351755654161047,0.062915
steepest_intra:nodes_start:random,145,85166,35767,49399,2212600,147,143;0;115;43;42;160;48;184;112;70;135;154;180;79;63;121;189;94;80;151;149;131;51;176;137;23;186;114;15;144;14;138;3;178;119;40;185;52;55;57;129;82;92;78;31;113;175;171;16;25;124;46;139;41;193;181;177;10;54;34;22;18;108;159;116;65;75;44;120;2;1;101;86;97;152;106;165;90;81;196;145;179;167;148;37;49;102;62;9;118;59;123;127;162;133;53;100;26;89;183,2412130214004175932,0.062825
steepest_intra:nodes_start:random,146,91327,42817,48510,2377050,158,115;139;46;137;144;14;138;40;185;106;9;89;183;0;59;116;65;149;123;70;53;121;97;1;129;92;196;81;90;27;39;165;52;127;112;4;10;177;54;184;43;160;34;181;146;22;18;108;186;62;102;49;3;178;94;79;133;162;194;135;154;180;151;68;93;117;143;23;148;167;113;175;171;16;44;101;26;100;86;75;120;78;145;57;176;41;193;42;63;152;2;25;56;31;179;55;124;80;51;118,3515621742161505756,0.068186
steepest_intra:nodes_start:random,147,84555,35664,48891,2526550,168,160;48;54;34;181;42;115;46;0;183;148;37;9;62;143;117;93;140;108;69;18;22;159;193;41;139;15;144;102;52;179;145;78;31;113;175;171;16;81;196;129;121;53;127;112;4;177;184;65;131;149;123;162;151;80;122;167;178;106;185;40;90;165;138;14;49;26;100;86;75;44;25;92;57;55;94;63;79;133;135;70;154;180;176;137;23;89;186;124;152;97;1;101;120;82;2;51;59;116;43,7841960098527847441,0.072642
steepest_intra:nodes_start:random,148,85539,35679,49860,2137850,142,59;118;0;117;68;46;139;163;69;199;18;108;140;93;143;165;90;40;185;179;92;2;152;186;89;183;23;137;176;51;151;162;194;135;70;127;112;184;22;159;193;41;115;100;26;1;101;86;75;44;16;171;175;113;56;31;145;78;25;120;82;129;14;144;102;49;133;149;131;123;154;180;53;97;178;106;52;55;57;167;124;94;63;79;80;148;9;62;15;65;43;160;48;177;54;34;181;42;5;116,6965097410901836685,0.061751
steepest_intra:nodes_start:random,149,90331,40001,50330,2242500,149,176;80;151;72;59;118;51;100;26;86;184;42;5;139;68;117;143;183;16;171;175;113;31;78;2;1;101;75;120;44;145;179;52;106;178;152;97;70;112;4;127;135;180;133;162;65;131;149;123;154;158;53;121;182;136;63;79;122;94;124;148;9;62;144;14;185;40;119;165;39;164;27;90;81;196;49;193;159;195;146;181;160;177;54;34;22;18;108;41;43;116;129;92;57;55;137;0;46;198;115,6112712468227400039,0.065036
steepest_intra:nodes_start:random,150,85474,35727,49747,2332200,155,119;40;179;145;78;31;113;175;171;16;25;44;120;2;152;167;148;23;186;114;15;124;94;79;133;63;136;180;162;149;131;65;43;184;177;54;34;160;59;118;51;151;80;176;9;62;102;49;165;39;27;90;81;196;92;129;139;159;22;18;108;193;41;42;123;127;70;135;154;158;53;121;100;26;1;101;75;86;112;35;116;115;46;144;14;178;106;52;0;117;170;143;183;89;137;189;97;57;55;185,2569512156461679349,0.065504
steepest_intra:nodes_start:random,151,90528,41304,49224,1988350,132,48;54;177;10;190;4;112;70;55;185;119;40;175;171;16;120;97;63;80;137;15;144;14;138;90;165;49;186;23;46;123;127;135;154;53;100;26;94;124;89;183;143;117;93;43;184;35;131;149;65;159;22;146;181;42;116;118;51;176;148;9;62;152;1;101;2;178;106;52;145;31;113;78;25;44;75;86;180;115;139;18;193;41;96;59;72;151;162;133;79;129;92;57;102;114;0;68;5;160;34,5425577793146298808,0.056030
steepest_intra:nodes_start:random,152,86202,36219,49983,2735850,182,131;135;154;70;127;123;149;162;121;26;19;189;124;167;148;9;62;144;14;138;40;185;52;178;106;165;90;81;145;112;184;146;22;115;176;94;152;97;1;101;86;100;53;158;180;63;122;137;186;15;49;55;57;129;2;75;120;44;16;171;175;113;31;78;92;46;68;117;0;143;183;89;23;51;118;72;151;133;79;80;59;181;34;54;177;160;41;193;159;18;69;108;140;93;139;65;116;5;42;43,8892312407121027739,0.151812
steepest_intra:nodes_start:random,153,94062,44382,49680,2033200,135,133;79;63;26;86;101;1;97;94;137;23;89;183;153;143;193;159;48;177;10;54;34;103;146;22;181;160;184;35;41;139;46;0;117;93;140;68;84;112;123;162;124;178;106;52;2;152;151;59;118;115;5;42;43;116;78;31;113;175;75;154;135;127;131;149;9;62;144;49;14;138;165;119;40;27;90;81;185;80;47;65;51;176;148;15;186;108;18;69;167;55;57;92;145;171;16;44;120;53;180,1857022121995416870,0.057608
steepest_intra:nodes_start:random,154,87554,38204,49350,2063100,137,176;0;117;143;23;186;15;14;138;49;102;148;124;94;189;152;1;97;26;100;53;180;154;139;69;18;108;68;80;2;44;16;171;175;113;78;145;92;179;196;81;157;56;31;25;135;177;54;34;160;184;84;112;127;123;162;133;151;181;22;159;59;118;51;63;121;86;101;75;120;82;129;57;55;52;79;149;131;5;41;193;42;43;47;65;116;115;46;183;89;144;165;90;40;185;106;178;62;9;137,1192094775924087445,0.059745
steepest_intra:nodes_start:random,155,84663,35723,48940,2616250,174,47;43;42;5;41;193;159;139;15;62;9;148;35;184;177;54;146;22;18;108;68;46;176;80;151;72;59;65;149;123;63;178;106;165;90;81;145;92;1;97;26;100;53;121;152;129;57;55;52;185;119;40;196;31;56;113;175;171;16;78;25;44;120;2;75;86;101;189;94;124;167;49;14;144;143;117;115;84;112;127;70;135;154;180;79;133;162;131;160;34;181;0;183;89;186;23;137;51;118;116,1186446799405702625,0.074378
steepest_intra:nodes_start:random,156,93080,44140,48940,2152800,143,108;18;0;114;102;49;14;178;106;185;40;90;165;144;41;193;159;22;139;68;148;37;57;92;179;196;81;145;129;94;122;79;80;176;137;186;15;124;97;26;100;121;53;86;101;1;55;52;167;42;34;160;43;151;133;135;127;65;116;184;54;177;4;112;70;154;75;120;44;25;62;9;162;123;35;131;149;180;78;31;56;113;175;171;16;2;152;63;72;59;115;46;118;51;23;89;183;143;117;93,1735355241734668109,0.061973
steepest_intra:nodes_start:random,157,92501,43192,49309,2302300,153,146;160;84;112;70;86;101;2;15;114;186;0;46;139;115;59;118;51;176;94;152;1;53;180;131;149;148;9;62;102;144;14;49;178;129;120;25;175;171;16;44;75;154;135;127;54;48;34;195;159;68;117;143;183;89;23;137;80;79;63;97;26;100;121;116;5;42;181;193;41;72;151;78;113;31;145;92;57;55;52;124;133;162;123;4;190;10;177;184;43;47;65;167;106;185;40;90;165;18;22,371075419845666438,0.066562
steepest_intra:nodes_start:random,158,87701,39442,48259,2212600,147,80;2;44;16;171;175;113;56;31;57;51;139;108;18;159;22;146;34;160;127;70;135;120;25;78;145;92;129;162;123;112;177;54;48;184;35;131;149;47;65;116;118;21;164;95;39;165;185;52;186;23;89;183;15;62;9;124;94;79;63;100;26;86;75;101;1;152;97;53;154;180;133;151;59;115;41;193;42;43;46;117;143;0;137;55;179;196;81;40;119;49;144;14;138;27;90;106;178;148;176,3738578000509319838,0.062496
steepest_intra:nodes_start:random,159,89336,40098,49238,2152800,143,59;63;2;120;44;113;175;171;16;75;86;53;158;70;135;154;180;162;149;131;47;43;35;123;121;101;1;148;15;186;143;0;117;108;18;159;139;46;137;49;178;106;97;26;100;189;94;124;167;92;57;55;52;165;90;119;40;185;152;127;112;4;54;30;48;160;184;190;10;177;34;146;22;116;65;151;133;79;122;80;176;62;144;14;81;196;31;78;145;129;42;181;193;41;115;183;89;23;51;118,2852505262202629757,0.061421
steepest_intra:nodes_start:random,160,86397,38070,48327,2541500,169,129;2;152;176;46;0;143;117;93;160;48;177;54;108;18;22;146;34;181;159;193;41;23;186;114;15;80;133;151;162;123;35;131;149;47;65;116;115;139;68;183;89;165;90;40;196;113;175;31;185;106;178;49;138;14;144;102;62;9;79;180;154;135;70;53;86;44;16;171;145;179;148;137;51;118;59;43;42;184;84;4;112;127;100;26;121;63;94;124;52;55;57;97;1;101;75;120;25;78;92,229280574535557701,0.076114
steepest_intra:nodes_start:random,161,91211,41239,49972,2003300,133,159;193;41;180;53;86;75;44;120;189;63;79;59;116;43;65;121;100;26;97;1;152;2;129;57;92;145;78;25;101;154;135;131;149;72;151;133;162;123;127;70;94;124;167;55;52;106;178;3;138;14;49;102;144;114;15;9;62;185;165;27;90;81;40;148;0;68;146;181;80;196;157;31;56;113;175;171;16;112;177;54;34;22;18;117;143;183;89;137;176;184;160;42;5;115;118;109;51;46;139,8792494925234378525,0.058716
steepest_intra:nodes_start:random,162,85019,36367,48652,2018250,134,139;115;43;35;112;4;84;54;30;34;22;18;108;117;143;144;14;178;55;52;106;138;21;7;164;165;40;90;81;196;185;57;94;133;151;162;135;70;154;180;63;79;122;121;100;86;101;1;97;26;80;176;137;148;152;2;53;158;127;123;131;160;48;177;10;190;184;42;181;159;193;41;46;23;167;129;92;145;78;113;175;171;16;44;120;75;149;65;116;59;51;9;49;102;62;186;89;183;0;68,8265109965403121016,0.058349
steepest_intra:nodes_start:random,163,98624,49645,48979,2392000,159,14;144;15;118;43;48;54;184;123;135;154;53;100;26;86;101;1;97;121;63;80;59;116;159;22;18;108;51;75;31;81;106;178;3;49;102;137;115;41;193;139;68;117;46;65;35;84;4;112;127;70;158;55;52;167;111;152;2;120;44;25;78;145;92;129;94;124;148;9;62;176;190;10;177;0;143;183;165;27;90;40;79;133;151;162;180;16;171;175;113;42;181;34;160;149;57;179;196;185;138,8347328554975131491,0.069175
steepest_intra:nodes_start:random,164,86573,38236,48337,2107950,140,46;0;89;102;49;106;185;40;165;27;90;81;196;31;78;145;179;55;52;167;139;159;22;146;112;123;127;70;135;154;180;63;53;26;97;178;3;14;144;140;108;18;181;42;160;34;54;177;184;35;47;65;116;59;118;137;23;186;15;9;62;57;92;129;120;44;25;56;113;175;171;16;2;68;93;117;143;183;148;152;1;101;75;86;151;115;193;41;5;43;131;149;162;133;79;122;94;80;176;51,3115949729889423767,0.060185
steepest_intra:nodes_start:random,165,91703,42377,49326,1988350,132,22;159;176;113;175;171;16;53;154;180;145;78;31;25;44;120;121;182;63;79;122;94;124;148;49;178;106;92;129;97;26;100;101;75;86;135;70;112;54;48;160;34;181;116;65;184;177;10;190;84;162;14;164;7;21;137;118;59;115;198;0;144;165;90;81;40;185;52;55;57;2;1;152;9;62;186;89;183;143;170;117;68;46;51;80;133;151;72;41;193;5;42;43;131;149;127;123;139;108;18,7927493958652521919,0.056081
steepest_intra:nodes_start:random,166,86794,37888,48906,2182700,145,178;3;49;14;144;102;148;124;151;51;59;65;116;43;42;181;195;22;146;34;160;48;54;177;4;70;26;97;152;9;62;15;64;114;186;23;89;183;139;193;41;5;184;35;135;154;100;1;78;145;196;81;90;165;40;185;52;94;63;79;80;176;137;0;46;118;162;180;75;16;171;175;113;31;143;117;115;149;123;127;112;84;159;18;69;108;68;133;53;86;101;2;129;120;44;25;92;57;55;106,3688785745026786023,0.062549
steepest_intra:nodes_start:random,167,95527,45767,49760,2272400,151,152;165;39;95;164;7;21;89;183;143;170;0;118;59;131;149;151;196;81;90;15;186;23;18;108;117;144;14;171;16;44;159;22;146;34;54;177;112;127;123;65;116;5;42;181;160;184;162;133;53;101;1;92;179;40;119;185;57;55;52;106;178;148;137;46;115;43;35;84;41;193;139;68;140;93;51;176;9;62;102;49;167;97;26;63;79;80;94;120;25;78;145;129;2;75;86;70;135;154;180,8156322224960218797,0.064527
steepest_intra:nodes_start:random,168,94765,43998,50767,2242500,149,145;81;90;27;165;176;51;80;79;63;189;100;26;97;37;148;184;54;177;112;185;40;106;178;65;47;116;59;118;9;102;52;175;171;16;44;75;86;121;115;139;5;43;77;131;149;162;133;151;41;193;159;146;103;34;160;127;70;154;158;53;180;135;123;42;181;195;22;18;68;46;94;78;31;56;113;25;120;124;137;0;143;183;89;186;15;62;144;14;49;167;152;1;101;2;129;92;57;55;179,7291532305376709832,0.065630
steepest_intra:nodes_start:random,169,89537,40247,49290,2317250,154,135;70;127;112;35;131;149;123;162;180;100;97;152;55;52;0;18;22;34;181;46;137;9;62;165;39;27;90;81;196;145;78;31;56;113;175;171;16;133;151;94;2;82;120;75;86;65;116;41;193;159;139;115;59;118;109;51;148;102;49;14;144;89;183;143;117;93;140;68;42;184;84;4;190;10;177;160;43;178;106;185;119;40;25;44;101;26;121;63;79;80;176;124;57;179;92;129;1;53;154,6459819177442008317,0.066512
steepest_intra:nodes_start:random,170,90695,41053,49642,2048150,136,193;18;69;108;140;68;115;116;65;162;94;124;152;2;78;145;179;92;129;57;55;52;178;3;106;165;40;185;97;53;180;154;135;127;123;149;131;47;43;42;184;112;70;158;86;75;44;120;167;23;186;114;15;9;148;79;133;151;72;59;118;46;198;139;159;22;146;34;54;160;14;90;27;164;21;183;143;89;144;49;102;62;1;101;26;100;63;80;176;117;0;137;25;16;171;175;113;31;51;41,4209082763837814039,0.058271
steepest_intra:nodes_start:random,171,90754,40061,50693,2078050,138,34;22;159;41;115;59;118;144;14;52;55;167;148;37;49;102;62;9;137;46;68;117;0;51;151;133;180;154;158;53;121;196;81;157;85;56;31;25;44;92;129;2;152;63;79;80;122;94;124;106;178;3;138;165;90;113;175;171;16;101;1;97;26;100;135;127;123;162;149;65;116;42;193;18;69;108;143;57;179;145;78;120;75;86;70;112;184;181;139;183;89;23;186;15;119;40;185;176;43;160,723885025398542599,0.058710
steepest_intra:nodes_start:random,172,82756,33748,49008,2496650,166,186;15;9;62;49;106;185;119;40;196;81;90;27;165;52;55;57;129;120;44;25;31;113;175;171;16;78;145;179;92;2;51;46;139;115;59;162;135;154;53;180;133;151;80;148;102;14;3;178;152;97;1;101;86;70;127;123;184;54;48;160;181;41;117;143;0;65;47;149;131;35;84;112;4;190;10;177;34;22;18;159;193;42;43;105;116;118;137;23;89;183;21;7;164;144;124;94;63;79;176,307154310475891935,0.078326
steepest_intra:nodes_start:random,173,87327,38383,48944,1988350,132,75;86;70;135;154;180;53;97;152;148;102;49;52;145;78;120;94;151;133;79;63;1;2;57;55;138;14;176;43;42;5;96;41;139;46;137;9;62;144;3;178;106;185;40;179;92;129;80;51;115;193;159;181;34;146;22;18;69;108;68;59;118;0;117;93;116;47;65;143;183;89;23;149;35;177;54;48;160;184;84;4;112;123;162;121;100;26;101;44;16;171;175;113;81;90;27;165;196;31;25,997206300119617532,0.056502
steepest_intra:nodes_start:random,174,88870,39783,49087,2257450,150,185;63;123;149;131;47;43;184;35;84;112;127;135;86;97;1;101;75;2;129;92;57;55;52;167;152;120;44;25;78;145;54;177;4;70;16;171;175;113;31;196;81;90;165;144;183;143;117;93;140;68;139;59;151;133;79;80;176;137;23;89;0;46;198;115;65;116;5;42;181;34;160;106;178;3;49;102;62;9;15;51;118;41;193;159;22;18;162;180;154;158;53;100;26;94;124;148;14;138;40,2625461541399264636,0.067037
steepest_intra:nodes_start:random,175,84285,36221,48064,2616250,174,46;115;43;116;65;59;118;137;15;21;7;164;27;90;157;78;145;92;167;186;0;143;183;89;23;80;79;180;154;133;151;184;177;54;41;193;139;140;93;117;152;97;1;101;86;26;53;162;149;131;123;135;70;75;2;129;120;44;25;16;171;175;113;56;31;57;55;52;179;196;81;165;14;144;102;49;119;40;185;106;178;124;94;63;122;148;9;62;176;51;42;160;34;181;159;146;22;18;108;68,7334601693216593917,0.075005
steepest_intra:nodes_start:random,176,88294,38940,49354,2272400,151,102;14;138;106;165;119;40;185;55;152;70;127;112;4;123;194;135;154;101;1;196;81;90;144;18;159;22;146;181;34;160;54;177;84;137;186;15;62;9;148;94;53;158;180;133;79;63;121;86;75;44;25;78;145;92;57;129;2;120;16;171;175;113;31;23;89;183;139;193;41;42;100;26;97;122;80;176;51;109;115;68;117;143;0;46;118;59;65;116;43;184;131;149;162;151;124;167;52;178;49,7951278067305281130,0.069635
steepest_intra:nodes_start:random,177,88462,39253,49209,2332200,155,4;112;123;162;133;151;72;59;118;53;121;152;52;55;57;92;129;2;1;97;193;159;22;18;108;140;93;68;115;51;94;101;44;16;171;175;113;31;25;70;10;177;54;48;160;34;181;42;116;185;40;165;90;81;196;145;78;120;75;86;26;100;149;131;137;23;89;46;139;41;96;5;43;127;135;154;180;63;122;79;80;176;148;49;102;9;62;144;14;106;178;186;183;143;0;65;47;184;35;84,8888054997785865840,0.075498
steepest_intra:nodes_start:random,178,85101,35394,49707,2750800,183,133;79;101;1;0;170;143;117;68;139;193;159;181;34;22;18;108;140;93;46;115;116;65;118;183;89;62;144;14;3;178;106;52;55;57;92;78;145;179;185;119;40;196;31;56;113;175;171;16;25;44;2;43;42;41;59;151;94;124;152;97;26;180;135;127;84;4;112;70;154;158;53;63;122;80;176;51;109;137;23;148;49;165;90;81;120;75;86;100;121;123;149;131;184;10;177;54;48;160;162,6641393556793036499,0.093000
steepest_intra:nodes_start:random,179,87990,39949,48041,2631200,175,27;165;40;113;175;171;16;44;75;86;53;133;79;189;97;1;2;120;25;31;78;145;185;39;164;7;21;144;62;186;23;137;151;162;123;127;70;121;178;106;92;129;122;80;46;68;108;18;139;51;176;124;167;49;138;14;102;9;148;100;26;101;57;55;52;152;94;63;180;154;135;43;42;181;34;48;160;115;41;193;159;22;93;117;0;143;183;89;118;59;65;116;184;54;177;112;179;196;81;90,5057495366114416007,0.078540
steepest_intra:nodes_start:random,180,89568,37639,51929,2705950,180,41;193;159;22;146;34;177;4;112;135;180;136;189;9;62;102;49;129;44;25;78;145;2;152;79;151;65;47;123;154;158;53;182;121;100;26;86;101;1;97;63;122;80;51;46;0;143;117;139;42;43;160;54;184;116;183;89;186;16;171;175;113;56;31;196;52;55;57;92;82;120;75;70;127;35;131;149;162;133;94;124;167;106;178;3;37;148;176;59;118;137;144;14;165;90;40;185;15;23;115,3543902802956496686,0.083542
steepest_intra:nodes_start:random,181,89818,38654,51164,2152800,143,186;180;154;158;101;2;129;57;167;115;139;46;137;196;157;31;78;92;42;160;43;70;86;75;16;171;175;113;56;81;90;165;119;40;185;121;53;100;26;55;52;178;3;49;102;9;148;151;162;59;118;0;143;183;89;15;62;144;14;138;106;91;179;145;25;44;120;1;97;152;124;94;63;122;79;133;80;176;51;149;65;116;41;193;22;34;48;54;177;10;190;184;35;84;4;112;123;127;135;23,7496251337570917520,0.066000
steepest_intra:nodes_start:random,182,87718,38027,49691,1943500,129,70;127;123;112;84;184;177;54;48;160;34;181;146;22;18;159;193;41;5;42;118;109;51;137;186;23;116;43;131;149;65;59;176;80;122;57;55;52;165;14;144;114;183;89;15;175;171;16;25;44;120;2;101;1;97;26;100;63;79;133;151;115;139;68;46;9;62;49;178;106;167;124;94;121;53;158;86;75;113;56;31;196;145;78;92;148;0;143;21;90;81;40;185;129;152;162;194;180;154;135,4308537931760236900,0.059376
steepest_intra:nodes_start:random,183,86338,37900,48438,2272400,151,21;183;143;108;18;139;151;133;135;162;116;43;5;42;34;22;193;41;68;93;117;0;137;16;171;175;113;31;94;176;51;59;65;131;149;123;35;184;160;54;177;10;4;112;127;70;86;101;75;2;120;44;25;78;145;196;179;92;129;1;97;26;100;121;53;63;79;80;118;115;198;46;89;144;14;138;49;102;62;9;15;186;23;148;167;52;178;106;119;40;185;57;152;154;180;55;165;90;27;164,6204435772929439109,0.069219
steepest_intra:nodes_start:random,184,87010,38001,49009,2511600,167,22;146;34;54;177;184;43;116;176;49;3;178;106;165;185;57;97;53;158;180;154;135;127;70;2;129;92;145;179;55;52;14;102;124;122;133;162;123;149;131;65;115;46;139;41;193;108;18;159;5;42;44;16;171;175;196;81;40;119;90;164;21;144;62;9;137;0;117;143;153;183;89;23;186;148;167;152;1;101;75;86;26;100;121;63;79;151;59;118;51;80;94;120;25;113;56;31;78;160;181,4374275272706890707,0.078394
steepest_intra:nodes_start:random,185,87911,39161,48750,2362100,157,94;152;57;55;52;124;151;65;116;59;51;9;62;49;165;185;40;90;81;196;179;167;46;115;118;97;1;101;2;120;82;129;92;25;44;75;86;53;133;43;42;195;146;22;159;139;79;121;100;26;122;80;176;137;23;89;0;117;143;183;148;145;78;56;113;175;171;16;31;157;106;178;14;144;186;68;108;69;18;193;41;131;149;123;127;112;177;54;34;181;160;48;184;35;162;135;70;154;180;63,1478271383060798996,0.078611
steepest_intra:nodes_start:random,186,92913,42060,50853,2137850,142,81;40;185;52;55;124;46;18;108;68;137;9;62;15;114;89;183;153;109;51;176;148;37;14;165;90;27;164;21;144;102;167;152;97;26;100;82;92;179;145;31;113;175;171;16;78;41;193;22;139;23;186;49;3;178;106;57;129;2;1;101;75;86;63;79;133;162;43;5;96;115;117;143;170;0;80;180;154;53;44;25;120;94;151;59;116;65;131;149;123;135;127;112;184;160;34;181;42;118;196,9148958167690068020,0.068062
steepest_intra:nodes_start:random,187,89821,39796,50025,1823900,121,167;97;26;100;115;43;42;22;18;108;159;193;41;34;160;184;35;131;162;151;176;137;23;89;183;143;0;117;139;46;186;138;165;119;40;52;55;57;92;129;152;63;79;133;80;94;124;148;49;14;102;62;15;51;118;59;179;145;157;85;56;31;78;25;44;120;2;1;53;180;65;116;47;149;123;86;75;16;171;175;113;101;70;112;4;84;127;135;154;9;144;164;27;90;81;196;185;106;178;3,7579166596949759246,0.054508
steepest_intra:nodes_start:random,188,88917,40059,48858,2347150,156,180;162;65;116;46;0;183;143;117;68;198;139;96;5;43;86;175;113;31;81;90;165;119;40;2;1;97;118;115;41;193;159;18;22;54;177;10;190;184;160;34;103;146;181;42;59;51;144;14;151;149;131;9;62;102;49;167;26;100;63;79;80;176;137;23;186;15;148;152;101;75;120;92;57;55;52;179;25;44;16;171;196;185;106;178;145;78;129;124;94;133;123;84;4;112;127;70;135;154;53,2265238239870272116,0.071523
steepest_intra:nodes_start:random,189,85381,35029,50352,2197650,146,44;120;75;101;86;100;26;97;1;152;167;148;9;62;144;14;138;39;90;165;40;185;3;49;102;15;186;23;143;0;109;51;151;80;176;137;117;68;139;41;5;115;79;63;133;149;42;181;193;159;22;34;30;54;184;35;43;160;48;177;10;4;112;123;135;154;158;53;180;162;65;116;59;72;118;153;183;89;178;106;52;55;57;145;31;113;175;171;16;94;46;18;108;93;124;2;129;92;78;25,762047770822935337,0.066000
steepest_intra:nodes_start:random,190,93794,44790,49004,2421900,161,143;183;89;23;137;176;123;112;4;177;181;159;193;41;139;186;15;9;62;49;165;185;106;79;133;151;72;59;118;46;198;115;5;42;43;184;35;101;120;44;113;31;78;145;93;140;68;94;124;167;52;55;152;162;149;131;80;148;144;14;178;57;92;129;108;18;22;146;34;54;48;160;116;65;97;1;2;40;90;81;196;175;171;16;75;86;180;135;127;70;154;53;100;26;121;63;51;109;0;117,5834621948077151376,0.070000
steepest_intra:nodes_start:random,191,92731,43844,48887,2392000,159,90;145;44;120;129;106;178;151;131;184;54;34;160;149;63;78;31;157;81;196;179;92;57;102;143;117;93;108;18;22;146;181;159;15;144;14;138;165;49;59;65;116;5;42;43;133;121;100;26;86;101;1;2;113;175;171;16;75;97;152;167;62;9;148;53;158;154;180;79;89;183;0;162;123;4;112;127;70;135;80;186;23;137;118;115;41;193;139;68;46;51;176;94;124;55;52;185;40;119;27,1684352898875753790,0.070345
steepest_intra:nodes_start:random,192,90587,42062,48525,2377050,158,68;139;5;116;59;72;151;100;101;175;113;31;57;0;108;18;41;115;118;51;80;176;137;186;23;46;193;159;22;146;34;65;133;121;26;97;1;40;119;81;196;145;25;44;120;49;14;21;7;164;95;27;90;39;144;62;9;15;148;152;2;129;185;165;106;178;52;55;124;94;53;158;70;112;4;84;127;135;180;63;79;162;149;184;177;54;160;42;43;123;154;86;75;16;171;78;92;183;143;117,5821093580240770963,0.071687
steepest_intra:nodes_start:random,193,91854,41588,50266,2362100,157,4;112;127;70;53;196;81;90;165;119;40;185;1;86;121;100;26;97;3;138;14;49;115;41;193;159;22;146;34;184;123;135;154;94;102;155;144;116;65;80;124;179;31;56;113;175;171;16;180;162;149;43;42;63;152;145;78;25;44;120;75;101;2;129;92;57;55;52;106;178;167;79;133;151;59;46;68;117;15;62;9;148;176;51;109;118;0;143;183;89;186;23;137;198;139;181;160;54;177;10,8318492965913625648,0.070532
steepest_intra:nodes_start:random,194,90295,40738,49557,2317250,154,108;18;22;159;16;171;175;81;90;165;106;26;53;158;180;154;65;116;43;42;5;41;193;181;34;160;177;112;123;133;94;124;129;92;179;196;40;185;52;55;57;145;157;56;113;31;78;149;131;184;35;127;70;135;162;151;80;176;115;198;139;68;46;186;114;144;14;178;49;137;51;118;59;79;122;23;89;183;143;170;117;93;140;0;15;62;9;148;167;152;97;1;2;120;25;44;75;101;86;63,4315066216102529546,0.066000
steepest_intra:nodes_start:random,195,89041,41247,47794,2152800,143,10;190;84;102;14;138;39;165;152;154;135;112;4;123;162;133;79;63;100;26;97;1;129;92;185;119;40;171;175;113;56;81;90;164;21;144;49;52;179;145;78;120;2;94;80;151;0;143;137;176;51;108;18;22;159;193;41;131;149;180;53;86;101;57;55;106;178;62;9;89;183;117;68;115;118;59;65;116;43;42;181;160;184;35;127;70;75;44;16;31;157;196;167;148;23;46;139;34;54;177,2691403023494245872,0.063519
steepest_intra:nodes_start:random,196,91860,42846,49014,2392000,159,179;145;78;112;35;43;139;68;46;115;118;151;1;2;129;57;167;148;9;62;186;23;124;94;133;162;149;131;180;53;86;75;44;16;171;175;25;120;101;26;100;158;70;127;123;135;154;97;55;52;152;121;63;79;122;49;102;144;15;137;41;193;181;160;184;177;54;34;22;117;143;183;14;138;165;185;40;90;81;196;157;56;113;31;106;178;59;65;116;42;5;159;18;69;108;0;51;176;80;92,26978809958656086,0.074028
steepest_intra:nodes_start:random,197,82627,34510,48117,2526550,168,89;186;90;81;196;57;94;133;162;151;80;176;137;0;68;159;193;41;42;116;65;149;131;35;112;127;70;86;97;185;40;119;165;14;144;102;152;2;129;92;179;91;145;78;25;44;120;1;101;75;16;171;175;113;56;31;9;62;49;178;106;52;55;167;148;183;143;117;93;140;46;51;118;59;115;139;108;18;22;146;181;34;48;54;177;10;190;184;160;43;123;135;154;180;53;100;26;63;79;23,1268988536656332207,0.095087
steepest_intra:nodes_start:random,198,90529,40226,50303,2362100,157,109;118;46;0;183;89;114;167;2;129;92;57;55;15;186;23;59;35;112;127;123;162;79;63;121;86;101;75;120;185;165;138;14;148;47;43;181;159;18;22;34;54;177;184;160;42;5;116;65;151;133;180;154;135;70;158;53;189;124;94;80;51;68;117;143;44;25;16;171;175;113;78;145;179;106;178;49;102;62;9;176;149;131;41;193;139;115;122;100;26;97;1;152;52;40;90;164;21;144;137,7094257695059836171,0.084538
steepest_intra:nodes_start:random,199,91174,41573,49601,2347150,156,68;179;196;56;113;175;171;16;44;75;86;101;1;2;82;129;57;92;145;78;31;25;120;149;131;77;47;137;23;183;89;186;144;14;138;52;55;124;94;182;121;189;97;26;100;53;180;162;151;133;79;63;152;185;40;165;90;81;112;184;177;54;160;34;181;42;43;116;5;41;22;159;193;115;176;167;106;178;49;143;117;0;80;154;135;70;127;123;65;59;118;51;148;9;62;15;46;139;18;108,2990120464667147926,0.090569
steepest_intra:nodes_start:greedy,0,70687,22482,48205,89700,5,0;117;143;183;89;186;23;137;176;80;79;63;94;124;152;97;1;101;2;120;82;129;92;57;55;52;49;102;148;9;62;144;14;3;178;106;185;40;165;90;81;196;179;145;78;31;56;113;175;171;16;25;44;75;86;26;100;121;53;180;154;135;70;127;123;162;133;151;51;118;59;65;116;43;184;84;112;4;190;10;177;54;48;160;34;146;22;18;108;69;159;181;42;5;41;193;115;139;68;46,3522211040736604485,0.002997
steepest_intra:nodes_start:greedy,1,71666,23477,48189,59800,3,1;101;75;86;53;154;70;135;180;63;79;133;51;118;59;115;46;0;143;117;93;140;68;139;193;41;5;42;181;159;69;108;18;22;146;34;160;48;54;177;10;184;43;116;65;149;123;127;162;151;80;176;137;23;183;89;186;114;15;9;62;144;14;138;185;40;165;90;81;196;179;145;78;31;56;113;175;171;16;25;44;120;2;129;92;57;55;52;106;178;49;102;148;124;94;121;100;26;97;152,2890858286654131940,0.000987
steepest_intra:nodes_start:greedy,2,71427,23287,48140,119600,7,2;129;92;57;55;52;49;102;148;9;62;144;14;3;178;106;185;40;165;90;81;196;179;145;78;31;56;113;175;171;16;25;44;120;75;86;152;124;94;63;79;80;176;133;151;51;118;59;115;46;0;137;23;186;89;183;143;117;93;140;68;139;193;41;5;42;181;159;69;108;18;22;146;34;160;48;54;177;10;190;84;184;43;116;65;131;149;162;123;127;70;135;154;180;53;100;26;97;1;101,4009523210933592419,0.003000
steepest_intra:nodes_start:greedy,3,71291,23229,48062,104650,6,138;14;144;62;9;148;102;49;178;106;52;55;57;92;129;2;101;1;97;26;100;53;180;154;135;70;127;123;162;149;131;65;116;43;184;84;190;10;177;54;48;160;34;146;22;18;108;69;159;181;42;5;41;193;139;68;140;93;117;143;183;89;186;23;137;0;46;115;59;118;51;151;133;176;80;79;63;94;124;152;86;75;120;44;25;16;171;175;113;56;31;78;145;179;196;81;90;165;40;185,4151999364648531881,0.003001
steepest_intra:nodes_start:greedy,4,71443,23266,48177,119600,7,4;190;10;177;54;48;34;160;42;181;146;22;18;108;69;159;193;41;139;68;46;115;118;59;65;116;43;184;35;131;149;123;162;133;151;51;0;117;143;183;89;23;137;176;80;79;63;94;124;152;97;1;101;2;120;82;129;92;57;55;52;49;102;148;9;62;144;14;3;178;106;185;40;165;90;81;196;179;145;78;31;56;113;175;171;16;25;44;75;86;26;100;121;53;180;154;135;70;127;112,1298728053657412291,0.002999
steepest_intra:nodes_start:greedy,5,71295,23172,48123,74750,4,5;43;116;65;149;123;127;162;151;133;135;70;154;180;53;121;100;26;86;75;44;25;16;171;175;113;56;31;78;145;179;196;81;90;165;40;185;106;178;3;14;144;62;9;148;102;49;52;55;57;92;129;82;120;2;101;1;97;152;124;94;63;79;80;176;137;23;186;89;183;143;117;0;51;118;59;115;46;68;139;41;193;159;69;108;18;22;146;181;34;160;48;54;177;10;190;4;112;184;42,651397784478858916,0.002021
steepest_intra:nodes_start:greedy,6,71623,23053,48570,74750,4,70;158;53;121;100;26;86;75;101;1;97;152;94;124;148;102;49;178;106;52;55;57;92;129;2;120;44;25;16;171;175;113;56;31;78;145;179;196;81;90;165;40;185;138;14;144;62;9;15;114;186;89;183;23;137;176;80;151;162;127;123;149;65;116;43;184;177;54;48;160;34;146;22;18;108;69;159;181;42;5;41;193;139;68;140;93;117;143;0;46;115;59;118;51;133;79;63;180;154;135,2222725581700424778,0.001992
steepest_intra:nodes_start:greedy,7,72266,24301,47965,119600,7,7;21;144;62;9;148;102;49;14;178;106;52;55;185;165;40;179;145;78;92;57;129;2;101;1;97;26;100;53;180;154;135;70;127;123;162;149;65;116;43;184;177;54;48;160;34;146;22;18;108;69;159;181;42;5;41;193;139;68;140;93;117;143;183;89;23;137;0;46;115;59;118;51;151;133;176;80;79;63;94;124;152;86;75;120;44;25;16;171;175;113;56;31;157;196;81;90;27;95;164,3037079275893973072,0.003002
steepest_intra:nodes_start:greedy,8,71484,23287,48197,104650,6,39;165;185;40;90;81;196;179;145;78;31;56;113;175;171;16;25;44;120;75;86;152;124;94;63;79;80;176;133;151;51;118;59;115;46;0;137;23;186;89;183;143;117;93;140;68;139;193;41;5;42;181;159;69;108;18;22;146;34;160;48;54;177;10;190;184;43;116;65;131;149;162;123;127;70;135;154;180;53;100;26;97;1;101;2;129;92;57;55;52;106;178;49;102;148;9;62;144;14;138,2743667929339754654,0.002979
steepest_intra:nodes_start:greedy,9,71291,23229,48062,89700,5,9;148;102;49;178;106;52;55;57;92;129;2;101;1;97;26;100;53;180;154;135;70;127;123;162;149;131;65;116;43;184;84;190;10;177;54;48;160;34;146;22;18;108;69;159;181;42;5;41;193;139;68;140;93;117;143;183;89;186;23;137;0;46;115;59;118;51;151;133;176;80;79;63;94;124;152;86;75;120;44;25;16;171;175;113;56;31;78;145;179;196;81;90;165;40;185;138;14;144;62,3405551642127707587,0.001996
steepest_intra:nodes_start:greedy,10,71443,23266,48177,119600,7,10;190;4;112;127;70;135;154;180;53;121;100;26;86;75;44;25;16;171;175;113;56;31;78;145;179;196;81;90;165;40;185;106;178;3;14;144;62;9;148;102;49;52;55;57;92;129;82;120;2;101;1;97;152;124;94;63;79;80;176;137;23;89;183;143;117;0;51;151;133;162;123;149;131;35;184;43;116;65;59;118;115;46;68;139;41;193;159;69;108;18;22;146;181;42;160;34;48;54;177,6454460688174718961,0.002969
steepest_intra:nodes_start:greedy,11,71882,23557,48325,74750,4,149;35;84;4;112;127;123;162;151;133;135;70;154;180;53;121;100;26;86;75;44;25;16;171;175;113;56;31;78;145;179;196;81;90;165;40;185;106;178;3;14;144;62;9;148;102;49;52;55;57;92;129;82;120;2;101;1;97;152;124;94;63;79;80;176;137;23;186;89;183;143;117;0;51;118;59;115;139;68;46;65;116;43;42;5;41;193;159;69;108;18;22;146;181;34;160;48;54;177;184,4484388397514819807,0.001003
steepest_intra:nodes_start:greedy,12,72408,23441,48967,44850,2,124;94;152;97;1;101;2;120;82;129;92;57;179;145;78;31;56;113;175;171;16;25;44;75;86;26;100;121;53;158;154;70;135;180;63;79;133;51;118;59;115;46;0;143;117;93;140;68;139;193;41;5;42;181;159;69;108;18;22;146;34;160;48;54;177;184;43;116;65;149;123;162;151;80;176;137;23;183;89;186;114;15;9;62;144;14;138;165;90;81;196;40;185;55;52;106;178;49;102;148,1185329608812116028,0.001000
steepest_intra:nodes_start:greedy,13,71853,23538,48315,149500,9,31;157;78;145;92;179;196;81;90;165;40;185;106;178;3;14;144;62;9;148;102;49;52;55;57;129;2;101;1;97;26;100;53;180;154;135;70;127;123;162;149;131;65;116;43;184;190;10;177;54;48;160;34;146;22;18;108;69;159;181;42;5;41;193;139;68;140;93;117;143;183;89;186;23;137;0;46;115;59;118;51;151;133;176;80;79;63;94;124;152;86;75;120;44;25;16;171;175;113;56,9143845732425619527,0.004031
steepest_intra:nodes_start:greedy,14,71291,23229,48062,89700,5,14;144;62;9;148;102;49;178;106;52;55;57;92;129;2;101;1;97;26;100;53;180;154;135;70;127;123;162;149;131;65;116;43;184;84;190;10;177;54;48;160;34;146;22;18;108;69;159;181;42;5;41;193;139;68;140;93;117;143;183;89;186;23;137;0;46;115;59;118;51;151;133;176;80;79;63;94;124;152;86;75;120;44;25;16;171;175;113;56;31;78;145;179;196;81;90;165;40;185;138,8650339891026372796,0.002013
steepest_intra:nodes_start:greedy,15,71370,23348,48022,89700,5,15;144;14;138;185;40;165;90;81;196;179;145;78;31;56;113;175;171;16;25;44;120;75;86;152;124;94;63;79;80;176;133;151;51;118;59;115;46;0;137;23;186;89;183;143;117;93;140;68;139;193;41;5;42;181;159;69;108;18;22;146;34;160;48;54;177;10;190;184;43;116;65;131;149;162;123;127;70;135;154;180;53;100;26;97;1;101;2;129;92;57;55;52;106;178;49;102;62;9;148,8155449350230552691,0.002574
steepest_intra:nodes_start:greedy,16,71624,23484,48140,119600,7,16;25;44;120;75;86;152;124;94;63;79;80;176;133;151;51;118;59;115;46;0;137;23;186;89;183;143;117;93;140;68;139;193;41;5;42;181;159;69;108;18;22;146;34;160;48;54;177;10;190;84;184;43;116;65;131;149;162;123;127;70;135;154;180;53;100;26;97;1;101;2;129;57;55;52;49;102;148;9;62;144;14;3;178;106;185;40;165;90;81;196;179;92;145;78;31;56;113;175;171,8092240550064254,0.003002
steepest_intra:nodes_start:greedy,17,73004,24174,48830,164450,10,196;81;40;90;27;58;164;7;95;39;165;119;185;106;178;3;14;144;62;9;148;102;49;52;55;57;129;92;179;145;78;82;2;1;97;26;86;53;180;154;135;70;127;123;162;149;65;116;43;184;177;54;48;160;34;146;22;18;108;159;181;42;41;193;139;68;140;93;117;143;183;89;23;137;0;46;115;59;118;51;151;133;176;80;79;63;94;152;101;75;120;44;25;16;171;175;113;56;31;157,7151047930331274830,0.004032
steepest_intra:nodes_start:greedy,18,71475,23225,48250,89700,5,18;22;146;159;193;41;5;42;181;34;160;48;54;177;10;190;4;112;184;43;116;65;149;123;127;162;151;133;135;70;154;180;53;121;100;26;86;75;44;25;16;171;175;113;56;31;78;145;179;196;81;90;165;40;185;106;178;3;14;144;62;9;148;102;49;52;55;57;92;129;82;120;2;101;1;97;152;124;94;63;79;80;176;137;51;118;59;115;139;68;46;0;89;183;143;117;93;140;108;69,6816815557545140675,0.002972
steepest_intra:nodes_start:greedy,19,71828,22768,49060,44850,2,189;94;124;148;102;49;178;106;52;55;57;92;129;2;120;44;25;16;171;175;113;56;31;78;145;179;196;81;90;165;40;185;138;14;144;62;9;15;114;186;89;183;23;137;176;80;151;162;123;149;65;116;43;184;177;54;48;160;34;146;22;18;108;69;159;181;42;5;41;193;139;68;140;93;117;143;0;46;115;59;118;51;133;79;63;180;135;70;154;158;53;121;100;26;86;75;101;1;97;152,5891400734537312320,0.001001
steepest_intra:nodes_start:greedy,20,71904,22926,48978,89700,5,199;22;146;159;193;41;5;42;181;34;160;48;54;177;10;190;84;184;43;116;65;149;123;127;162;151;133;135;70;154;180;53;121;100;26;86;75;44;25;16;171;175;113;56;31;78;145;179;196;81;90;165;40;185;106;178;3;14;144;62;9;148;102;49;52;55;57;92;129;82;120;2;101;1;97;152;124;94;63;79;80;176;137;51;118;59;115;139;68;46;0;89;183;143;117;93;140;108;69;18,8078325952356727590,0.003000
steepest_intra:nodes_start:greedy,21,71756,23851,47905,89700,5,21;14;138;185;40;165;90;81;196;179;145;78;31;56;113;175;171;16;25;44;120;75;86;152;124;94;63;79;80;176;133;151;51;118;59;115;46;0;137;23;186;89;183;143;117;93;140;68;139;193;41;5;42;181;159;69;108;18;22;146;34;160;48;54;177;10;190;184;43;116;65;131;149;162;123;127;70;135;154;180;53;100;26;97;1;101;2;129;92;57;55;52;106;178;49;102;148;9;62;144,5270252724278375412,0.002023
steepest_intra:nodes_start:greedy,22,71022,23049,47973,59800,3,22;146;181;34;160;48;54;177;10;190;4;112;84;184;42;43;116;65;149;123;127;162;151;133;135;70;154;180;53;121;100;26;86;75;44;25;16;171;175;113;56;31;78;145;179;196;81;90;165;40;185;106;178;3;14;144;62;9;148;102;49;52;55;57;92;129;82;120;2;101;1;97;152;124;94;63;79;80;176;137;23;186;89;183;143;117;0;51;118;59;115;46;68;139;41;193;159;69;108;18,959904301137552202,0.002002
steepest_intra:nodes_start:greedy,23,70687,22482,48205,89700,5,23;137;176;80;79;63;94;124;152;97;1;101;2;120;82;129;92;57;55;52;49;102;148;9;62;144;14;3;178;106;185;40;165;90;81;196;179;145;78;31;56;113;175;171;16;25;44;75;86;26;100;121;53;180;154;135;70;127;123;162;133;151;51;118;59;65;116;43;184;84;112;4;190;10;177;54;48;160;34;146;22;18;108;69;159;181;42;5;41;193;115;139;68;46;0;117;143;183;89;186,2622826815428055703,0.002002
steepest_intra:nodes_start:greedy,24,71630,23068,48562,89700,5,149;131;65;116;43;184;84;190;10;177;54;48;160;34;146;22;18;108;69;159;181;42;5;41;193;139;68;46;115;59;118;51;0;117;143;183;89;186;23;137;176;80;79;63;94;124;152;97;1;101;2;120;82;129;92;57;55;52;49;102;148;9;62;144;14;3;178;106;185;40;165;90;81;196;179;145;78;31;56;113;175;171;16;25;44;75;86;26;100;121;53;180;154;70;135;133;151;162;127;123,7355625373673903877,0.002038
steepest_intra:nodes_start:greedy,25,71427,23287,48140,119600,7,25;44;120;75;86;152;124;94;63;79;80;176;133;151;51;118;59;115;46;0;137;23;186;89;183;143;117;93;140;68;139;193;41;5;42;181;159;69;108;18;22;146;34;160;48;54;177;10;190;84;184;43;116;65;131;149;162;123;127;70;135;154;180;53;100;26;97;1;101;2;129;92;57;55;52;49;102;148;9;62;144;14;3;178;106;185;40;165;90;81;196;179;145;78;31;56;113;175;171;16,6633668947281318117,0.004000
steepest_intra:nodes_start:greedy,26,71456,23430,48026,44850,2,26;100;1;101;75;86;53;154;70;135;180;63;79;133;51;118;59;115;46;0;143;117;93;140;68;139;193;41;5;42;181;159;69;108;18;22;146;34;160;48;54;177;10;190;184;43;116;65;149;123;127;162;151;80;176;137;23;183;89;186;114;15;9;62;144;14;138;185;40;165;90;81;196;179;145;78;31;56;113;175;171;16;25;44;120;2;129;92;57;55;52;106;178;49;102;148;124;94;152;97,4176916241430494945,0.000999
steepest_intra:nodes_start:greedy,27,72157,23629,48528,29900,1,27;58;164;7;95;39;165;138;14;144;62;9;148;102;49;178;106;52;55;57;92;129;2;152;97;1;101;100;53;180;154;135;70;127;123;162;149;65;116;43;184;177;54;48;160;34;146;22;18;108;69;159;181;42;5;41;193;139;68;140;93;117;143;183;89;23;137;0;46;115;59;118;51;151;133;176;80;79;63;94;26;86;75;120;44;25;16;171;175;113;56;31;78;145;179;196;81;185;40;90,8922277894903572775,0.001016
steepest_intra:nodes_start:greedy,28,71757,23150,48607,104650,6,35;43;116;65;131;149;123;127;162;151;133;135;70;154;180;53;121;100;26;86;75;44;25;16;171;175;113;56;31;78;145;179;196;81;90;165;40;185;106;178;3;14;144;62;9;148;102;49;52;55;57;92;129;82;120;2;101;1;97;152;124;94;63;79;80;176;137;23;186;89;183;143;117;0;51;118;59;115;46;68;139;193;41;5;42;181;159;69;108;18;22;146;34;160;48;54;177;10;190;184,3232187301025851134,0.003816
steepest_intra:nodes_start:greedy,29,71710,23103,48607,104650,6,131;112;4;84;35;184;177;54;48;160;34;181;146;22;18;108;69;159;193;41;5;42;43;116;65;46;68;139;115;59;118;51;0;117;143;183;89;186;23;137;176;80;79;63;94;124;152;97;1;101;2;120;82;129;92;57;55;52;49;102;148;9;62;144;14;3;178;106;185;40;165;90;81;196;179;145;78;31;56;113;175;171;16;25;44;75;86;26;100;121;53;180;154;70;135;133;151;162;123;149,4459131126090712771,0.003000
steepest_intra:nodes_start:greedy,30,71628,23064,48564,119600,7,48;54;177;10;190;84;184;43;116;65;59;118;115;46;0;51;151;133;162;123;127;70;135;154;180;53;121;100;26;86;75;44;25;16;171;175;113;56;31;78;145;179;196;81;90;165;40;185;106;178;3;14;144;62;9;148;102;49;52;55;57;92;129;82;120;2;101;1;97;152;124;94;63;79;80;176;137;23;186;89;183;143;117;93;140;68;139;41;193;159;69;108;18;22;146;195;181;42;160;34,1388817292941899874,0.003001
steepest_intra:nodes_start:greedy,31,71624,23484,48140,119600,7,31;78;145;92;179;196;81;90;165;40;185;106;178;3;14;144;62;9;148;102;49;52;55;57;129;2;101;1;97;26;100;53;180;154;135;70;127;123;162;149;131;65;116;43;184;84;190;10;177;54;48;160;34;146;22;18;108;69;159;181;42;5;41;193;139;68;140;93;117;143;183;89;186;23;137;0;46;115;59;118;51;151;133;176;80;79;63;94;124;152;86;75;120;44;25;16;171;175;113;56,2495780063015297414,0.003511
steepest_intra:nodes_start:greedy,32,71291,23229,48062,104650,6,138;14;144;62;9;148;102;49;178;106;52;55;57;92;129;2;101;1;97;26;100;53;180;154;135;70;127;123;162;149;131;65;116;43;184;84;190;10;177;54;48;160;34;146;22;18;108;69;159;181;42;5;41;193;139;68;140;93;117;143;183;89;186;23;137;0;46;115;59;118;51;151;133;176;80;79;63;94;124;152;86;75;120;44;25;16;171;175;113;56;31;78;145;179;196;81;90;165;40;185,5476249682139288861,0.005001
steepest_intra:nodes_start:greedy,33,71447,23047,48400,104650,6,37;102;49;178;106;52;55;57;92;129;2;101;1;97;26;100;53;180;154;135;70;127;123;162;149;131;65;116;43;184;190;10;177;54;48;160;34;146;22;18;108;69;159;181;42;5;41;193;139;68;140;93;117;143;183;89;186;23;137;0;46;115;59;118;51;151;133;176;80;79;63;94;124;152;86;75;120;44;25;16;171;175;113;56;31;78;145;179;196;81;90;165;40;185;138;14;144;62;9;148,7607737375809015529,0.002995
steepest_intra:nodes_start:greedy,34,71022,23049,47973,59800,3,34;181;146;22;18;108;69;159;193;41;139;68;46;115;59;118;51;0;117;143;183;89;186;23;137;176;80;79;63;94;124;152;97;1;101;2;120;82;129;92;57;55;52;49;102;148;9;62;144;14;3;178;106;185;40;165;90;81;196;179;145;78;31;56;113;175;171;16;25;44;75;86;26;100;121;53;180;154;70;135;133;151;162;127;123;149;65;116;43;42;184;84;112;4;190;10;177;54;48;160,1087874051993852799,0.002001
steepest_intra:nodes_start:greedy,35,71495,23245,48250,74750,4,35;84;4;112;127;123;162;151;133;135;70;154;180;53;121;100;26;86;75;44;25;16;171;175;113;56;31;78;145;179;196;81;90;165;40;185;106;178;3;14;144;62;9;148;102;49;52;55;57;92;129;82;120;2;101;1;97;152;124;94;63;79;80;176;137;23;186;89;183;143;117;0;51;118;59;115;139;68;46;65;116;43;42;5;41;193;159;69;108;18;22;146;181;34;160;48;54;177;10;184,3379773832923685996,0.002999
steepest_intra:nodes_start:greedy,36,72068,22900,49168,74750,4,36;108;69;18;22;146;159;193;41;5;42;181;34;160;48;54;177;10;190;84;184;43;116;65;149;123;127;162;151;133;135;70;154;180;53;121;100;26;86;75;44;25;16;171;175;113;56;31;78;145;179;196;81;90;165;40;185;106;178;3;14;144;62;9;148;102;49;52;55;57;92;129;82;120;2;101;1;97;152;124;94;63;79;80;176;137;51;118;59;115;139;68;46;0;89;183;143;117;93;140,8362307102041485799,0.002517
steepest_intra:nodes_start:greedy,37,71447,23047,48400,89700,5,37;102;49;178;106;52;55;57;92;129;2;101;1;97;26;100;53;180;154;135;70;127;123;162;149;131;65;116;43;184;190;10;177;54;48;160;34;146;22;18;108;69;159;181;42;5;41;193;139;68;140;93;117;143;183;89;186;23;137;0;46;115;59;118;51;151;133;176;80;79;63;94;124;152;86;75;120;44;25;16;171;175;113;56;31;78;145;179;196;81;90;165;40;185;138;14;144;62;9;148,1681562378574216953,0.002001
steepest_intra:nodes_start:greedy,38,71853,23538,48315,134550,8,157;78;145;92;179;196;81;90;165;40;185;106;178;3;14;144;62;9;148;102;49;52;55;57;129;2;101;1;97;26;100;53;180;154;135;70;127;123;162;149;131;65;116;43;184;190;10;177;54;48;160;34;146;22;18;108;69;159;181;42;5;41;193;139;68;140;93;117;143;183;89;186;23;137;0;46;115;59;118;51;151;133;176;80;79;63;94;124;152;86;75;120;44;25;16;171;175;113;56;31,1358854493855357804,0.004998
steepest_intra:nodes_start:greedy,39,71983,23777,48206,74750,4,39;95;7;164;27;90;40;185;81;196;179;145;78;31;56;113;175;171;16;25;44;120;75;86;152;124;94;63;79;80;176;133;151;51;118;59;115;46;0;137;23;89;183;143;117;93;140;68;139;193;41;5;42;181;159;69;108;18;22;146;34;160;48;54;177;184;43;116;65;149;162;123;127;70;135;154;180;53;100;26;97;1;101;2;129;92;57;55;52;106;178;49;102;148;9;62;144;14;138;165,3215469337143795494,0.001999
steepest_intra:nodes_start:greedy,40,71291,23229,48062,89700,5,40;185;138;14;144;62;9;148;102;49;178;106;52;55;57;92;129;2;101;1;97;26;100;53;180;154;135;70;127;123;162;149;131;65;116;43;184;84;190;10;177;54;48;160;34;146;22;18;108;69;159;181;42;5;41;193;139;68;140;93;117;143;183;89;186;23;137;0;46;115;59;118;51;151;133;176;80;79;63;94;124;152;86;75;120;44;25;16;171;175;113;56;31;78;145;179;196;81;90;165,3070056404763007124,0.002512
steepest_intra:nodes_start:greedy,41,71485,23362,48123,74750,4,41;5;42;181;159;69;108;18;22;146;34;160;48;54;177;10;190;4;112;184;43;116;65;149;123;127;162;151;133;135;70;154;180;53;121;100;26;86;75;44;25;16;171;175;113;56;31;78;145;179;196;81;90;165;40;185;106;178;3;14;144;62;9;148;102;49;52;55;57;92;129;82;120;2;101;1;97;152;124;94;63;79;80;176;137;23;186;89;183;143;117;0;51;118;59;115;46;68;139;193,2998183870322089718,0.002002
steepest_intra:nodes_start:greedy,42,71485,23362,48123,74750,4,42;5;41;193;139;68;46;115;59;118;51;0;117;143;183;89;186;23;137;176;80;79;63;94;124;152;97;1;101;2;120;82;129;92;57;55;52;49;102;148;9;62;144;14;3;178;106;185;40;165;90;81;196;179;145;78;31;56;113;175;171;16;25;44;75;86;26;100;121;53;180;154;70;135;133;151;162;127;123;149;65;116;43;184;112;4;190;10;177;54;48;160;34;146;22;18;108;69;159;181,7047697343744084874,0.002442
steepest_intra:nodes_start:greedy,43,71664,23164,48500,74750,4,43;116;65;59;118;115;46;0;51;151;133;162;123;127;70;135;154;180;53;121;100;26;86;75;44;25;16;171;175;113;56;31;78;145;179;196;81;90;165;40;185;106;178;3;14;144;62;9;148;102;49;52;55;57;92;129;82;120;2;101;1;97;152;124;94;63;79;80;176;137;23;186;89;183;143;117;93;140;68;139;193;41;5;42;181;159;69;108;18;22;146;34;160;48;54;177;10;190;84;184,6998511370450840620,0.002025
steepest_intra:nodes_start:greedy,44,71427,23287,48140,119600,7,44;25;16;171;175;113;56;31;78;145;179;196;81;90;165;40;185;106;178;3;14;144;62;9;148;102;49;52;55;57;92;129;2;101;1;97;26;100;53;180;154;135;70;127;123;162;149;131;65;116;43;184;84;190;10;177;54;48;160;34;146;22;18;108;69;159;181;42;5;41;193;139;68;140;93;117;143;183;89;186;23;137;0;46;115;59;118;51;151;133;176;80;79;63;94;124;152;86;75;120,3498319422178600915,0.002971
steepest_intra:nodes_start:greedy,45,72172,23344,48828,89700,5,72;151;133;135;70;154;180;53;121;100;26;86;75;44;25;16;171;175;113;56;31;78;145;179;196;81;90;165;40;185;106;178;3;14;144;62;9;148;102;49;52;55;57;92;129;82;120;2;101;1;97;152;124;94;63;79;80;176;137;23;186;89;183;143;117;0;51;118;59;115;46;68;139;193;41;5;42;181;159;69;108;18;22;146;34;160;48;54;177;10;190;84;184;43;116;65;149;123;127;162,7493404978876182256,0.002971
steepest_intra:nodes_start:greedy,46,71485,23362,48123,74750,4,46;115;59;118;51;0;117;143;183;89;186;23;137;176;80;79;63;94;124;152;97;1;101;2;120;82;129;92;57;55;52;49;102;148;9;62;144;14;3;178;106;185;40;165;90;81;196;179;145;78;31;56;113;175;171;16;25;44;75;86;26;100;121;53;180;154;70;135;133;151;162;127;123;149;65;116;43;184;112;4;190;10;177;54;48;160;34;146;22;18;108;69;159;181;42;5;41;193;139;68,4945276236752788183,0.002002
steepest_intra:nodes_start:greedy,47,71630,23068,48562,104650,6,65;116;43;184;84;190;10;177;54;48;160;34;146;22;18;108;69;159;181;42;5;41;193;139;68;46;115;59;118;51;0;117;143;183;89;186;23;137;176;80;79;63;94;124;152;97;1;101;2;120;82;129;92;57;55;52;49;102;148;9;62;144;14;3;178;106;185;40;165;90;81;196;179;145;78;31;56;113;175;171;16;25;44;75;86;26;100;121;53;180;154;70;135;133;151;162;127;123;149;131,6144749941715416489,0.004972
steepest_intra:nodes_start:greedy,48,71628,23064,48564,104650,6,48;34;160;42;181;195;146;22;18;108;69;159;193;41;139;68;140;93;117;143;183;89;186;23;137;176;80;79;63;94;124;152;97;1;101;2;120;82;129;92;57;55;52;49;102;148;9;62;144;14;3;178;106;185;40;165;90;81;196;179;145;78;31;56;113;175;171;16;25;44;75;86;26;100;121;53;180;154;135;70;127;123;162;133;151;51;0;46;115;118;59;65;116;43;184;84;190;10;177;54,7182820202921515837,0.002999
steepest_intra:nodes_start:greedy,49,71291,23229,48062,89700,5,49;178;106;52;55;57;92;129;2;101;1;97;26;100;53;180;154;135;70;127;123;162;149;131;65;116;43;184;84;190;10;177;54;48;160;34;146;22;18;108;69;159;181;42;5;41;193;139;68;140;93;117;143;183;89;186;23;137;0;46;115;59;118;51;151;133;176;80;79;63;94;124;152;86;75;120;44;25;16;171;175;113;56;31;78;145;179;196;81;90;165;40;185;138;14;144;62;9;148;102,5506071803364262262,0.003000
steepest_intra:nodes_start:greedy,50,71853,23538,48315,179400,11,113;175;171;16;25;44;120;75;86;152;124;94;63;79;80;176;133;151;51;118;59;115;46;0;137;23;186;89;183;143;117;93;140;68;139;193;41;5;42;181;159;69;108;18;22;146;34;160;48;54;177;10;190;184;43;116;65;131;149;162;123;127;70;135;154;180;53;100;26;97;1;101;2;129;57;55;52;49;102;148;9;62;144;14;3;178;106;185;40;165;90;81;196;179;92;145;78;157;31;56,1853029650862154226,0.006999
steepest_intra:nodes_start:greedy,51,71485,23362,48123,74750,4,51;118;59;115;46;68;139;193;41;5;42;181;159;69;108;18;22;146;34;160;48;54;177;10;190;4;112;184;43;116;65;149;123;127;162;151;133;135;70;154;180;53;121;100;26;86;75;44;25;16;171;175;113;56;31;78;145;179;196;81;90;165;40;185;106;178;3;14;144;62;9;148;102;49;52;55;57;92;129;82;120;2;101;1;97;152;124;94;63;79;80;176;137;23;186;89;183;143;117;0,800746068508150472,0.003622
steepest_intra:nodes_start:greedy,52,71291,23229,48062,104650,6,52;106;178;49;102;148;9;62;144;14;138;185;40;165;90;81;196;179;145;78;31;56;113;175;171;16;25;44;120;75;86;152;124;94;63;79;80;176;133;151;51;118;59;115;46;0;137;23;186;89;183;143;117;93;140;68;139;193;41;5;42;181;159;69;108;18;22;146;34;160;48;54;177;10;190;84;184;43;116;65;131;149;162;123;127;70;135;154;180;53;100;26;97;1;101;2;129;92;57;55,8100825032279758193,0.003595
steepest_intra:nodes_start:greedy,53,71633,23063,48570,29900,1,53;158;154;70;135;180;63;79;133;51;118;59;115;46;0;143;117;93;140;68;139;193;41;5;42;181;159;69;108;18;22;146;34;160;48;54;177;184;43;116;65;149;123;127;162;151;80;176;137;23;183;89;186;114;15;9;62;144;14;138;185;40;165;90;81;196;179;145;78;31;56;113;175;171;16;25;44;120;2;129;92;57;55;52;106;178;49;102;148;124;94;152;97;1;101;75;86;26;100;121,8287802144356147518,0.001661
steepest_intra:nodes_start:greedy,54,71628,23064,48564,104650,6,54;48;34;160;42;181;195;146;22;18;108;69;159;193;41;139;68;140;93;117;143;183;89;186;23;137;176;80;79;63;94;124;152;97;1;101;2;120;82;129;92;57;55;52;49;102;148;9;62;144;14;3;178;106;185;40;165;90;81;196;179;145;78;31;56;113;175;171;16;25;44;75;86;26;100;121;53;180;154;135;70;127;123;162;133;151;51;0;46;115;118;59;65;116;43;184;84;190;10;177,1472000625132692456,0.003999
steepest_intra:nodes_start:greedy,55,71291,23229,48062,104650,6,55;52;106;178;49;102;148;9;62;144;14;138;185;40;165;90;81;196;179;145;78;31;56;113;175;171;16;25;44;120;75;86;152;124;94;63;79;80;176;133;151;51;118;59;115;46;0;137;23;186;89;183;143;117;93;140;68;139;193;41;5;42;181;159;69;108;18;22;146;34;160;48;54;177;10;190;84;184;43;116;65;131;149;162;123;127;70;135;154;180;53;100;26;97;1;101;2;129;92;57,2003042473916384449,0.003000
steepest_intra:nodes_start:greedy,56,71624,23484,48140,119600,7,56;31;78;145;92;179;196;81;90;165;40;185;106;178;3;14;144;62;9;148;102;49;52;55;57;129;2;101;1;97;26;100;53;180;154;135;70;127;123;162;149;131;65;116;43;184;84;190;10;177;54;48;160;34;146;22;18;108;69;159;181;42;5;41;193;139;68;140;93;117;143;183;89;186;23;137;0;46;115;59;118;51;151;133;176;80;79;63;94;124;152;86;75;120;44;25;16;171;175;113,8008276122797343525,0.004998
steepest_intra:nodes_start:greedy,57,71427,23287,48140,104650,6,57;55;52;49;102;148;9;62;144;14;3;178;106;185;40;165;90;81;196;179;145;78;31;56;113;175;171;16;25;44;120;75;86;152;124;94;63;79;80;176;133;151;51;118;59;115;46;0;137;23;186;89;183;143;117;93;140;68;139;193;41;5;42;181;159;69;108;18;22;146;34;160;48;54;177;10;190;84;184;43;116;65;131;149;162;123;127;70;135;154;180;53;100;26;97;1;101;2;129;92,2467527314349804273,0.003001
steepest_intra:nodes_start:greedy,58,72466,24179,48287,59800,3,58;95;27;90;81;196;157;31;56;113;175;171;16;25;44;120;75;86;26;94;63;79;80;176;133;151;51;118;59;115;46;0;137;23;89;183;143;117;93;140;68;139;193;41;5;42;181;159;69;108;18;22;146;34;160;48;54;177;184;43;116;65;149;162;123;127;70;135;154;180;53;100;101;1;97;152;2;129;57;92;78;145;179;40;165;185;55;52;106;178;14;49;102;148;9;62;144;21;7;164,6562982702025774343,0.002026
steepest_intra:nodes_start:greedy,59,71485,23362,48123,74750,4,59;115;46;68;139;193;41;5;42;181;159;69;108;18;22;146;34;160;48;54;177;10;190;4;112;184;43;116;65;149;123;127;162;151;133;135;70;154;180;53;121;100;26;86;75;44;25;16;171;175;113;56;31;78;145;179;196;81;90;165;40;185;106;178;3;14;144;62;9;148;102;49;52;55;57;92;129;82;120;2;101;1;97;152;124;94;63;79;80;176;137;23;186;89;183;143;117;0;51;118,7736976648825444147,0.001998
steepest_intra:nodes_start:greedy,60,71485,23362,48123,119600,7,115;46;68;139;193;41;5;42;181;159;69;108;18;22;146;34;160;48;54;177;10;190;4;112;184;43;116;65;149;123;127;162;151;133;135;70;154;180;53;121;100;26;86;75;44;25;16;171;175;113;56;31;78;145;179;196;81;90;165;40;185;106;178;3;14;144;62;9;148;102;49;52;55;57;92;129;82;120;2;101;1;97;152;124;94;63;79;80;176;137;23;186;89;183;143;117;0;51;118;59,2596986081673447238,0.003983
steepest_intra:nodes_start:greedy,61,71370,23348,48022,104650,6,15;144;14;138;185;40;165;90;81;196;179;145;78;31;56;113;175;171;16;25;44;120;75;86;152;124;94;63;79;80;176;133;151;51;118;59;115;46;0;137;23;186;89;183;143;117;93;140;68;139;193;41;5;42;181;159;69;108;18;22;146;34;160;48;54;177;10;190;184;43;116;65;131;149;162;123;127;70;135;154;180;53;100;26;97;1;101;2;129;92;57;55;52;106;178;49;102;62;9;148,4804294299644188096,0.003001
steepest_intra:nodes_start:greedy,62,71291,23229,48062,89700,5,62;144;14;138;185;40;165;90;81;196;179;145;78;31;56;113;175;171;16;25;44;120;75;86;152;124;94;63;79;80;176;133;151;51;118;59;115;46;0;137;23;186;89;183;143;117;93;140;68;139;193;41;5;42;181;159;69;108;18;22;146;34;160;48;54;177;10;190;84;184;43;116;65;131;149;162;123;127;70;135;154;180;53;100;26;97;1;101;2;129;92;57;55;52;106;178;49;102;148;9,5814371460222204373,0.003024
steepest_intra:nodes_start:greedy,63,71633,23063,48570,29900,1,63;180;135;70;154;158;53;121;100;26;86;75;101;1;97;152;94;124;148;102;49;178;106;52;55;57;92;129;2;120;44;25;16;171;175;113;56;31;78;145;179;196;81;90;165;40;185;138;14;144;62;9;15;114;186;89;183;23;137;176;80;151;162;127;123;149;65;116;43;184;177;54;48;160;34;146;22;18;108;69;159;181;42;5;41;193;139;68;140;93;117;143;0;46;115;59;118;51;133;79,2450556065799557022,0.000000
steepest_intra:nodes_start:greedy,64,72256,22737,49519,29900,1,64;114;186;89;183;23;137;176;80;151;162;123;149;65;116;43;184;177;54;48;160;34;146;22;18;108;69;159;181;42;5;41;193;139;68;140;93;117;143;0;46;115;59;118;51;133;79;63;180;135;70;154;158;53;121;100;26;86;75;101;1;97;152;94;124;148;9;62;102;49;178;106;52;55;57;92;129;2;120;44;25;16;171;175;113;56;31;78;145;179;196;81;90;165;40;185;138;14;144;15,7684528528483312108,0.000999
steepest_intra:nodes_start:greedy,65,71485,23362,48123,74750,4,65;149;123;127;162;151;133;135;70;154;180;53;121;100;26;86;75;44;25;16;171;175;113;56;31;78;145;179;196;81;90;165;40;185;106;178;3;14;144;62;9;148;102;49;52;55;57;92;129;82;120;2;101;1;97;152;124;94;63;79;80;176;137;23;186;89;183;143;117;0;51;118;59;115;46;68;139;193;41;5;42;181;159;69;108;18;22;146;34;160;48;54;177;10;190;4;112;184;43;116,5216804335522085076,0.003025
steepest_intra:nodes_start:greedy,66,72330,23840,48490,74750,4,23;51;118;59;115;46;0;89;183;143;117;93;140;68;139;193;41;5;42;181;159;69;108;18;22;146;34;160;48;54;177;10;190;84;184;43;116;65;149;123;127;162;151;133;135;70;154;180;53;121;100;26;86;75;44;25;16;171;175;113;56;31;78;145;179;196;81;90;165;40;185;106;178;3;14;144;62;9;148;102;49;52;55;57;92;129;82;120;2;101;1;97;152;124;94;63;79;80;176;137,2684058613255989118,0.002000
steepest_intra:nodes_start:greedy,67,72068,22900,49168,89700,5,36;108;69;18;22;146;159;193;41;5;42;181;34;160;48;54;177;10;190;84;184;43;116;65;149;123;127;162;151;133;135;70;154;180;53;121;100;26;86;75;44;25;16;171;175;113;56;31;78;145;179;196;81;90;165;40;185;106;178;3;14;144;62;9;148;102;49;52;55;57;92;129;82;120;2;101;1;97;152;124;94;63;79;80;176;137;51;118;59;115;139;68;46;0;89;183;143;117;93;140,6735720112865578074,0.003000
steepest_intra:nodes_start:greedy,68,71485,23362,48123,74750,4,68;46;115;59;118;51;0;117;143;183;89;186;23;137;176;80;79;63;94;124;152;97;1;101;2;120;82;129;92;57;55;52;49;102;148;9;62;144;14;3;178;106;185;40;165;90;81;196;179;145;78;31;56;113;175;171;16;25;44;75;86;26;100;121;53;180;154;70;135;133;151;162;127;123;149;65;116;43;184;112;4;190;10;177;54;48;160;34;146;22;18;108;69;159;181;42;5;41;193;139,5614693978057916313,0.002012
steepest_intra:nodes_start:greedy,69,71759,22908,48851,74750,4,69;108;18;199;22;146;159;193;41;5;42;181;34;160;48;54;177;10;190;84;184;43;116;65;149;123;127;162;151;133;135;70;154;180;53;121;100;26;86;75;44;25;16;171;175;113;56;31;78;145;179;196;81;90;165;40;185;106;178;3;14;144;62;9;148;102;49;52;55;57;92;129;82;120;2;101;1;97;152;124;94;63;79;80;176;137;23;186;89;183;143;117;0;51;118;59;115;46;68;139,3330320245566728285,0.002511
steepest_intra:nodes_start:greedy,70,71633,23063,48570,29900,1,70;154;158;53;121;100;26;86;75;101;1;97;152;94;124;148;102;49;178;106;52;55;57;92;129;2;120;44;25;16;171;175;113;56;31;78;145;179;196;81;90;165;40;185;138;14;144;62;9;15;114;186;89;183;23;137;176;80;151;162;127;123;149;65;116;43;184;177;54;48;160;34;146;22;18;108;69;159;181;42;5;41;193;139;68;140;93;117;143;0;46;115;59;118;51;133;79;63;180;135,146125238318597371,0.001494
steepest_intra:nodes_start:greedy,71,72157,23629,48528,29900,1,58;164;7;95;39;165;138;14;144;62;9;148;102;49;178;106;52;55;57;92;129;2;152;97;1;101;100;53;180;154;135;70;127;123;162;149;65;116;43;184;177;54;48;160;34;146;22;18;108;69;159;181;42;5;41;193;139;68;140;93;117;143;183;89;23;137;0;46;115;59;118;51;151;133;176;80;79;63;94;26;86;75;120;44;25;16;171;175;113;56;31;78;145;179;196;81;185;40;90;27,6536496128592546076,0.001000
steepest_intra:nodes_start:greedy,72,71903,23033,48870,89700,5,109;51;0;117;143;183;89;186;23;137;176;80;79;63;94;124;152;97;1;101;2;120;82;129;92;57;55;52;49;102;148;9;62;144;14;3;178;106;185;40;165;90;81;196;179;145;78;31;56;113;175;171;16;25;44;75;86;26;100;121;53;180;154;70;135;133;151;162;127;123;149;65;116;43;184;84;190;10;177;54;48;160;34;146;22;18;108;69;159;181;42;5;41;193;139;68;46;115;59;118,2301208011694600621,0.002998
steepest_intra:nodes_start:greedy,73,71808,23695,48113,119600,7,114;15;148;9;62;102;49;178;106;52;55;57;92;129;2;101;1;97;26;100;53;180;154;135;70;127;123;162;149;131;65;116;43;184;10;177;54;48;160;34;146;22;18;108;69;159;181;42;5;41;193;139;68;140;93;117;143;183;89;186;23;137;0;46;115;59;118;51;151;133;176;80;79;63;94;124;152;86;75;120;44;25;16;171;175;113;56;31;78;145;179;196;81;90;165;40;185;138;14;144,7033975687385546278,0.003001
steepest_intra:nodes_start:greedy,74,71853,23212,48641,104650,6,152;1;101;75;86;53;154;70;135;180;63;79;133;51;118;59;115;46;0;143;117;93;140;68;139;193;41;5;42;181;159;69;108;18;22;146;34;160;48;54;177;184;43;116;65;149;123;127;162;151;80;176;137;23;183;89;186;114;15;9;62;144;14;138;185;40;165;90;81;196;179;145;78;31;56;113;175;171;16;25;44;120;2;129;92;57;55;52;106;178;49;102;148;124;94;189;121;100;26;97,1965986439059362762,0.004002
steepest_intra:nodes_start:greedy,75,71730,23388,48342,119600,7,75;44;25;16;171;175;113;56;31;78;145;179;196;81;90;165;40;185;106;178;3;14;144;62;9;148;102;49;52;55;57;92;129;82;120;2;101;1;97;26;100;53;180;154;135;70;127;123;162;149;131;65;116;43;184;190;10;177;54;48;160;34;146;22;18;108;69;159;181;42;5;41;193;139;68;140;93;117;143;183;89;186;23;137;0;46;115;59;118;51;151;133;176;80;79;63;94;124;152;86,8019079949079947682,0.004019
steepest_intra:nodes_start:greedy,76,72335,23509,48826,59800,3,153;176;80;151;162;127;123;149;65;116;43;184;10;177;54;48;160;34;146;22;18;108;69;159;181;42;5;41;193;139;68;46;115;59;118;51;133;79;63;180;135;70;154;158;53;121;100;26;86;75;101;1;97;152;94;124;148;102;49;178;106;52;55;57;92;129;2;120;44;25;16;171;175;113;56;31;78;145;179;196;81;90;165;40;185;138;14;144;62;9;15;114;186;137;23;89;183;143;117;0,4343598356665622237,0.001999
steepest_intra:nodes_start:greedy,77,71717,23299,48418,89700,5,116;43;184;190;10;177;54;48;160;34;146;22;18;108;69;159;181;42;5;41;193;139;68;140;93;117;143;183;89;186;23;137;176;80;79;63;94;124;152;97;1;101;2;120;82;129;92;57;55;52;49;102;148;9;62;144;14;3;178;106;185;40;165;90;81;196;179;145;78;31;56;113;175;171;16;25;44;75;86;26;100;121;53;180;154;135;70;127;123;162;133;151;51;0;46;115;118;59;149;65,8074175605578814137,0.003015
steepest_intra:nodes_start:greedy,78,71427,23287,48140,119600,7,78;31;56;113;175;171;16;25;44;120;75;86;152;124;94;63;79;80;176;133;151;51;118;59;115;46;0;137;23;186;89;183;143;117;93;140;68;139;193;41;5;42;181;159;69;108;18;22;146;34;160;48;54;177;10;190;84;184;43;116;65;131;149;162;123;127;70;135;154;180;53;100;26;97;1;101;2;129;92;57;55;52;49;102;148;9;62;144;14;3;178;106;185;40;165;90;81;196;179;145,4571670454200278779,0.002985
steepest_intra:nodes_start:greedy,79,71895,23009,48886,74750,4,79;80;176;133;151;51;118;59;115;46;0;137;23;186;89;183;143;117;93;140;68;139;193;41;5;42;181;159;69;108;18;22;146;34;160;48;54;177;184;43;116;65;131;149;162;123;127;70;135;154;180;158;53;121;100;26;86;75;44;25;16;171;175;113;56;31;78;145;179;196;81;90;165;40;185;106;178;3;14;144;62;9;148;102;49;52;55;57;92;129;82;120;2;101;1;97;152;124;94;63,7405470570054562760,0.003020
steepest_intra:nodes_start:greedy,80,71577,23015,48562,59800,3,80;79;63;94;124;152;97;1;101;2;120;82;129;92;57;55;52;49;102;148;9;62;144;14;3;178;106;185;40;165;90;81;196;179;145;78;31;56;113;175;171;16;25;44;75;86;26;100;121;53;180;154;135;70;127;123;162;133;151;149;131;65;116;43;184;84;190;10;177;54;48;160;34;146;22;18;108;69;159;181;42;5;41;193;139;68;46;115;59;118;51;0;117;143;183;89;186;23;137;176,5013791466386000294,0.001996
steepest_intra:nodes_start:greedy,81,71515,23453,48062,74750,4,81;196;40;185;179;145;78;31;56;113;175;171;16;25;44;120;75;86;152;124;94;63;79;80;176;133;151;51;118;59;115;46;0;137;23;186;89;183;143;117;93;140;68;139;193;41;5;42;181;159;69;108;18;22;146;34;160;48;54;177;10;190;84;184;43;116;65;131;149;162;123;127;70;135;154;180;53;100;26;97;1;101;2;129;92;57;55;52;106;178;49;102;148;9;62;144;14;138;165;90,311639344716466815,0.002026
steepest_intra:nodes_start:greedy,82,71774,23432,48342,104650,6,82;2;75;86;101;124;94;63;79;80;176;133;151;51;118;59;115;46;0;137;23;186;89;183;143;117;93;140;68;139;193;41;5;42;181;159;69;108;18;22;146;34;160;48;54;177;10;190;184;43;116;65;131;149;162;123;127;70;135;154;180;53;100;26;97;1;152;129;92;57;55;52;49;102;148;9;62;144;14;3;178;106;185;40;165;90;81;196;179;145;78;31;56;113;175;171;16;25;44;120,6695258148003212665,0.003000
steepest_intra:nodes_start:greedy,83,71058,22762,48296,119600,7,114;89;183;143;117;0;46;68;139;115;193;41;5;42;181;159;69;108;18;22;146;34;160;48;54;177;10;190;4;112;184;43;116;65;59;118;51;151;133;162;123;127;70;135;154;180;53;121;100;26;86;75;44;25;16;171;175;113;56;31;78;145;179;196;81;90;165;40;185;106;178;3;14;144;62;9;148;102;49;52;55;57;92;129;82;120;2;101;1;97;152;124;94;63;79;80;176;137;23;186,769633104878572792,0.003000
steepest_intra:nodes_start:greedy,84,71495,23245,48250,74750,4,84;4;112;127;123;162;151;133;135;70;154;180;53;121;100;26;86;75;44;25;16;171;175;113;56;31;78;145;179;196;81;90;165;40;185;106;178;3;14;144;62;9;148;102;49;52;55;57;92;129;82;120;2;101;1;97;152;124;94;63;79;80;176;137;23;186;89;183;143;117;0;51;118;59;115;139;68;46;65;116;43;42;5;41;193;159;69;108;18;22;146;181;34;160;48;54;177;10;184;35,8479791773285518423,0.002030
steepest_intra:nodes_start:greedy,85,71972,23657,48315,134550,8,157;145;179;196;81;90;165;40;185;106;178;3;14;144;62;9;148;102;49;52;55;57;92;129;2;101;1;97;26;100;53;180;154;135;70;127;123;162;149;131;65;116;43;184;190;10;177;54;48;160;34;146;22;18;108;69;159;181;42;5;41;193;139;68;140;93;117;143;183;89;186;23;137;0;46;115;59;118;51;151;133;176;80;79;63;94;124;152;86;75;120;44;25;78;31;16;171;175;113;56,154043041996427625,0.003569
steepest_intra:nodes_start:greedy,86,71633,23063,48570,29900,1,86;75;101;1;97;152;94;124;148;102;49;178;106;52;55;57;92;129;2;120;44;25;16;171;175;113;56;31;78;145;179;196;81;90;165;40;185;138;14;144;62;9;15;114;186;89;183;23;137;176;80;151;162;127;123;149;65;116;43;184;177;54;48;160;34;146;22;18;108;69;159;181;42;5;41;193;139;68;140;93;117;143;0;46;115;59;118;51;133;79;63;180;135;70;154;158;53;121;100;26,8746704805906750357,0.001999
steepest_intra:nodes_start:greedy,87,72450,23370,49080,134550,8,74;2;120;82;129;92;57;55;52;49;102;148;9;62;144;14;3;178;106;185;40;165;90;81;196;179;145;78;31;56;113;175;171;16;25;44;75;86;101;124;94;63;79;80;176;133;151;51;118;59;115;46;0;137;23;186;89;183;143;117;93;140;68;139;193;41;5;42;181;159;69;108;18;22;146;34;160;48;54;177;10;184;43;116;65;131;149;162;123;127;70;135;154;180;53;100;26;97;1;152,2838565430173149885,0.004006
steepest_intra:nodes_start:greedy,88,71903,23561,48342,164450,10,25;44;82;120;75;86;152;124;94;63;79;80;176;133;151;51;118;59;115;46;0;137;23;186;89;183;143;117;93;140;68;139;193;41;5;42;181;159;69;108;18;22;146;34;160;48;54;177;10;190;184;43;116;65;131;149;162;123;127;70;135;154;180;53;100;26;97;1;101;2;129;57;55;52;49;102;148;9;62;144;14;3;178;106;185;40;165;90;81;196;179;92;145;78;31;56;113;175;171;16,6613626606575546810,0.004998
steepest_intra:nodes_start:greedy,89,70715,22215,48500,104650,6,89;186;23;137;176;80;79;63;94;124;152;97;1;101;2;120;82;129;92;57;55;52;49;102;148;9;62;144;14;3;178;106;185;40;165;90;81;196;179;145;78;31;56;113;175;171;16;25;44;75;86;26;100;121;53;180;154;135;70;127;123;162;133;151;51;118;59;65;116;43;184;84;190;10;177;54;48;160;34;146;22;18;108;69;159;181;42;5;41;193;139;115;46;68;140;93;117;0;143;183,8625369012713927035,0.003002
steepest_intra:nodes_start:greedy,90,71346,23284,48062,89700,5,185;40;90;81;196;179;145;78;31;56;113;175;171;16;25;44;120;75;86;152;124;94;63;79;80;176;133;151;51;118;59;115;46;0;137;23;186;89;183;143;117;93;140;68;139;193;41;5;42;181;159;69;108;18;22;146;34;160;48;54;177;10;190;84;184;43;116;65;131;149;162;123;127;70;135;154;180;53;100;26;97;1;101;2;129;92;57;55;52;106;178;49;102;148;9;62;144;14;138;165,5184219030020256115,0.002000
steepest_intra:nodes_start:greedy,91,71751,23436,48315,119600,7,157;179;145;78;31;56;113;175;171;16;25;44;120;75;86;152;124;94;63;79;80;176;133;151;51;118;59;115;46;0;137;23;186;89;183;143;117;93;140;68;139;193;41;5;42;181;159;69;108;18;22;146;34;160;48;54;177;10;190;184;43;116;65;131;149;162;123;127;70;135;154;180;53;100;26;97;1;101;2;129;92;57;55;52;49;102;148;9;62;144;14;3;178;106;185;40;165;90;81;196,1657872180909215435,0.004001
steepest_intra:nodes_start:greedy,92,71427,23287,48140,119600,7,57;55;52;49;102;148;9;62;144;14;3;178;106;185;40;165;90;81;196;179;145;78;31;56;113;175;171;16;25;44;120;75;86;152;124;94;63;79;80;176;133;151;51;118;59;115;46;0;137;23;186;89;183;143;117;93;140;68;139;193;41;5;42;181;159;69;108;18;22;146;34;160;48;54;177;10;190;84;184;43;116;65;131;149;162;123;127;70;135;154;180;53;100;26;97;1;101;2;129;92,7078997825158444966,0.004002
steepest_intra:nodes_start:greedy,93,71475,23225,48250,89700,5,93;140;108;69;18;22;146;159;193;41;5;42;181;34;160;48;54;177;10;190;4;112;184;43;116;65;149;123;127;162;151;133;135;70;154;180;53;121;100;26;86;75;44;25;16;171;175;113;56;31;78;145;179;196;81;90;165;40;185;106;178;3;14;144;62;9;148;102;49;52;55;57;92;129;82;120;2;101;1;97;152;124;94;63;79;80;176;137;51;118;59;115;139;68;46;0;89;183;143;117,6400337604993351298,0.002001
steepest_intra:nodes_start:greedy,94,71633,23063,48570,29900,1,94;152;97;1;101;75;86;26;100;121;53;158;154;70;135;180;63;79;133;51;118;59;115;46;0;143;117;93;140;68;139;193;41;5;42;181;159;69;108;18;22;146;34;160;48;54;177;184;43;116;65;149;123;127;162;151;80;176;137;23;183;89;186;114;15;9;62;144;14;138;185;40;165;90;81;196;179;145;78;31;56;113;175;171;16;25;44;120;2;129;92;57;55;52;106;178;49;102;148;124,1783113141141850267,0.001006
steepest_intra:nodes_start:greedy,95,72157,23629,48528,29900,1,95;7;164;58;27;90;40;185;81;196;179;145;78;31;56;113;175;171;16;25;44;120;75;86;26;94;63;79;80;176;133;151;51;118;59;115;46;0;137;23;89;183;143;117;93;140;68;139;193;41;5;42;181;159;69;108;18;22;146;34;160;48;54;177;184;43;116;65;149;162;123;127;70;135;154;180;53;100;101;1;97;152;2;129;92;57;55;52;106;178;49;102;148;9;62;144;14;138;165;39,5920659150573055054,0.000999
steepest_intra:nodes_start:greedy,96,71295,23172,48123,89700,5,5;43;116;65;149;123;127;162;151;133;135;70;154;180;53;121;100;26;86;75;44;25;16;171;175;113;56;31;78;145;179;196;81;90;165;40;185;106;178;3;14;144;62;9;148;102;49;52;55;57;92;129;82;120;2;101;1;97;152;124;94;63;79;80;176;137;23;186;89;183;143;117;0;51;118;59;115;46;68;139;41;193;159;69;108;18;22;146;181;34;160;48;54;177;10;190;4;112;184;42,2337053985634374150,0.002506
steepest_intra:nodes_start:greedy,97,71666,23477,48189,59800,3,97;152;1;101;75;86;53;154;70;135;180;63;79;133;51;118;59;115;46;0;143;117;93;140;68;139;193;41;5;42;181;159;69;108;18;22;146;34;160;48;54;177;10;184;43;116;65;149;123;127;162;151;80;176;137;23;183;89;186;114;15;9;62;144;14;138;185;40;165;90;81;196;179;145;78;31;56;113;175;171;16;25;44;120;2;129;92;57;55;52;106;178;49;102;148;124;94;121;100;26,6290774006713372892,0.001000
steepest_intra:nodes_start:greedy,98,72707,24102,48605,74750,4,81;40;90;27;164;39;165;119;185;106;178;3;14;144;62;9;148;102;49;52;55;57;129;92;179;145;78;82;2;152;97;1;101;100;53;180;154;135;70;127;123;162;149;65;116;43;184;177;54;48;160;34;146;22;18;108;69;159;181;42;5;41;193;139;68;140;93;117;143;183;89;23;137;0;46;115;59;118;51;151;133;176;80;79;63;94;26;86;75;120;44;25;16;171;175;113;56;31;157;196,8625624887869533081,0.002032
steepest_intra:nodes_start:greedy,99,71750,23180,48570,59800,3,121;100;26;97;86;75;101;1;152;94;124;148;102;49;178;106;52;55;57;92;129;2;120;44;25;16;171;175;113;56;31;78;145;179;196;81;90;165;40;185;138;14;144;62;9;15;114;186;89;183;23;137;176;80;151;162;127;123;149;65;116;43;184;177;54;48;160;34;146;22;18;108;69;159;181;42;5;41;193;139;68;140;93;117;143;0;46;115;59;118;51;133;79;63;180;135;70;154;158;53,8269954143235399926,0.001000
steepest_intra:nodes_start:greedy,100,71633,23063,48570,29900,1,100;26;86;75;101;1;97;152;94;124;148;102;49;178;106;52;55;57;92;129;2;120;44;25;16;171;175;113;56;31;78;145;179;196;81;90;165;40;185;138;14;144;62;9;15;114;186;89;183;23;137;176;80;151;162;127;123;149;65;116;43;184;177;54;48;160;34;146;22;18;108;69;159;181;42;5;41;193;139;68;140;93;117;143;0;46;115;59;118;51;133;79;63;180;135;70;154;158;53;121,3043107127992135430,0.001030
steepest_intra:nodes_start:greedy,101,71666,23477,48189,59800,3,101;1;152;97;26;100;121;94;124;148;102;49;178;106;52;55;57;92;129;2;120;44;25;16;171;175;113;56;31;78;145;179;196;81;90;165;40;185;138;14;144;62;9;15;114;186;89;183;23;137;176;80;151;162;127;123;149;65;116;43;184;10;177;54;48;160;34;146;22;18;108;69;159;181;42;5;41;193;139;68;140;93;117;143;0;46;115;59;118;51;133;79;63;180;135;70;154;53;86;75,8053055309038846297,0.002000
steepest_intra:nodes_start:greedy,102,71291,23229,48062,89700,5,102;148;9;62;144;14;138;185;40;165;90;81;196;179;145;78;31;56;113;175;171;16;25;44;120;75;86;152;124;94;63;79;80;176;133;151;51;118;59;115;46;0;137;23;186;89;183;143;117;93;140;68;139;193;41;5;42;181;159;69;108;18;22;146;34;160;48;54;177;10;190;84;184;43;116;65;131;149;162;123;127;70;135;154;180;53;100;26;97;1;101;2;129;92;57;55;52;106;178;49,5151565515922896503,0.003002
steepest_intra:nodes_start:greedy,103,71022,23049,47973,74750,4,181;34;160;48;54;177;10;190;4;112;84;184;42;43;116;65;149;123;127;162;151;133;135;70;154;180;53;121;100;26;86;75;44;25;16;171;175;113;56;31;78;145;179;196;81;90;165;40;185;106;178;3;14;144;62;9;148;102;49;52;55;57;92;129;82;120;2;101;1;97;152;124;94;63;79;80;176;137;23;186;89;183;143;117;0;51;118;59;115;46;68;139;41;193;159;69;108;18;22;146,2340172207707062974,0.002999
steepest_intra:nodes_start:greedy,104,71640,22982,48658,134550,8,30;54;48;34;160;42;181;195;146;22;18;108;69;159;193;41;139;68;140;93;117;143;183;89;186;23;137;176;80;79;63;94;124;152;97;1;101;2;120;82;129;92;57;55;52;49;102;148;9;62;144;14;3;178;106;185;40;165;90;81;196;179;145;78;31;56;113;175;171;16;25;44;75;86;26;100;121;53;180;154;135;70;127;123;162;133;151;51;0;46;115;118;59;65;116;43;184;190;10;177,494816951410009253,0.004053
steepest_intra:nodes_start:greedy,105,71630,23068,48562,119600,7,65;116;43;184;84;190;10;177;54;48;160;34;146;22;18;108;69;159;181;42;5;41;193;139;68;46;115;59;118;51;0;117;143;183;89;186;23;137;176;80;79;63;94;124;152;97;1;101;2;120;82;129;92;57;55;52;49;102;148;9;62;144;14;3;178;106;185;40;165;90;81;196;179;145;78;31;56;113;175;171;16;25;44;75;86;26;100;121;53;180;154;70;135;133;151;162;127;123;149;131,2919241595549545057,0.003002
steepest_intra:nodes_start:greedy,106,71291,23229,48062,89700,5,106;178;49;102;148;9;62;144;14;138;185;40;165;90;81;196;179;145;78;31;56;113;175;171;16;25;44;120;75;86;152;124;94;63;79;80;176;133;151;51;118;59;115;46;0;137;23;186;89;183;143;117;93;140;68;139;193;41;5;42;181;159;69;108;18;22;146;34;160;48;54;177;10;190;84;184;43;116;65;131;149;162;123;127;70;135;154;180;53;100;26;97;1;101;2;129;92;57;55;52,6135763907687679841,0.001998
steepest_intra:nodes_start:greedy,107,72157,23629,48528,59800,3,27;58;164;7;95;39;165;138;14;144;62;9;148;102;49;178;106;52;55;57;92;129;2;152;97;1;101;100;53;180;154;135;70;127;123;162;149;65;116;43;184;177;54;48;160;34;146;22;18;108;69;159;181;42;5;41;193;139;68;140;93;117;143;183;89;23;137;0;46;115;59;118;51;151;133;176;80;79;63;94;26;86;75;120;44;25;16;171;175;113;56;31;78;145;179;196;81;185;40;90,7832561690332491619,0.001999
steepest_intra:nodes_start:greedy,108,71759,22908,48851,74750,4,108;69;139;68;46;115;59;118;51;0;117;143;183;89;186;23;137;176;80;79;63;94;124;152;97;1;101;2;120;82;129;92;57;55;52;49;102;148;9;62;144;14;3;178;106;185;40;165;90;81;196;179;145;78;31;56;113;175;171;16;25;44;75;86;26;100;121;53;180;154;70;135;133;151;162;127;123;149;65;116;43;184;84;190;10;177;54;48;160;34;181;42;5;41;193;159;146;22;199;18,1538508078498142289,0.002203
steepest_intra:nodes_start:greedy,109,71718,23118,48600,89700,5,109;118;115;46;68;139;193;41;5;42;181;159;69;108;18;22;146;34;160;48;54;177;10;190;4;112;184;43;116;65;59;151;133;162;123;127;70;135;154;180;53;121;100;26;86;75;44;25;16;171;175;113;56;31;78;145;179;196;81;90;165;40;185;106;178;3;14;144;62;9;148;102;49;52;55;57;92;129;82;120;2;101;1;97;152;124;94;63;79;80;176;137;23;186;89;183;143;117;0;51,7427801705649786276,0.003000
steepest_intra:nodes_start:greedy,110,71964,23165,48799,89700,5,139;193;41;5;42;181;159;69;108;18;22;146;34;160;48;54;177;10;190;84;184;43;116;65;149;123;127;162;151;133;135;70;154;180;53;121;100;26;86;75;44;25;16;171;175;113;56;31;78;145;179;196;81;90;165;40;185;106;178;3;14;144;62;9;148;102;49;52;55;57;92;129;82;120;2;101;1;97;152;124;94;63;79;80;176;137;23;186;89;183;143;117;0;51;118;59;115;46;68;198,6665103348057321695,0.003000
steepest_intra:nodes_start:greedy,111,72508,23912,48596,29900,1,167;148;9;62;102;144;14;49;178;106;165;39;95;164;27;90;81;196;40;185;52;55;57;129;92;179;145;78;31;56;113;175;171;16;25;44;120;2;152;97;1;101;75;86;26;100;121;53;158;154;70;135;180;63;79;133;51;118;59;115;46;0;89;183;143;117;93;140;68;139;193;41;5;42;181;159;69;108;18;22;146;34;160;48;54;177;184;43;116;65;149;123;127;162;151;80;176;137;94;124,218774011863743477,0.000000
steepest_intra:nodes_start:greedy,112,71495,23245,48250,74750,4,112;4;84;35;184;10;177;54;48;160;34;181;146;22;18;108;69;159;193;41;5;42;43;116;65;46;68;139;115;59;118;51;0;117;143;183;89;186;23;137;176;80;79;63;94;124;152;97;1;101;2;120;82;129;92;57;55;52;49;102;148;9;62;144;14;3;178;106;185;40;165;90;81;196;179;145;78;31;56;113;175;171;16;25;44;75;86;26;100;121;53;180;154;70;135;133;151;162;123;127,5577800744223948568,0.002000
steepest_intra:nodes_start:greedy,113,71624,23484,48140,119600,7,113;56;31;78;145;92;179;196;81;90;165;40;185;106;178;3;14;144;62;9;148;102;49;52;55;57;129;2;101;1;97;26;100;53;180;154;135;70;127;123;162;149;131;65;116;43;184;84;190;10;177;54;48;160;34;146;22;18;108;69;159;181;42;5;41;193;139;68;140;93;117;143;183;89;186;23;137;0;46;115;59;118;51;151;133;176;80;79;63;94;124;152;86;75;120;44;25;16;171;175,8715803662306632242,0.003002
steepest_intra:nodes_start:greedy,114,71565,22995,48570,29900,1,114;186;89;183;23;137;176;80;151;162;127;123;149;65;116;43;184;177;54;48;160;34;146;22;18;108;69;159;181;42;5;41;193;139;68;140;93;117;143;0;46;115;59;118;51;133;79;63;180;135;70;154;158;53;121;100;26;86;75;101;1;97;152;94;124;148;9;62;102;49;178;106;52;55;57;92;129;2;120;44;25;16;171;175;113;56;31;78;145;179;196;81;90;165;40;185;138;14;144;15,4826452263378152208,0.001999
steepest_intra:nodes_start:greedy,115,71485,23362,48123,74750,4,115;59;118;51;0;117;143;183;89;186;23;137;176;80;79;63;94;124;152;97;1;101;2;120;82;129;92;57;55;52;49;102;148;9;62;144;14;3;178;106;185;40;165;90;81;196;179;145;78;31;56;113;175;171;16;25;44;75;86;26;100;121;53;180;154;70;135;133;151;162;127;123;149;65;116;43;184;112;4;190;10;177;54;48;160;34;146;22;18;108;69;159;181;42;5;41;193;139;68;46,7966502545679039210,0.003023
steepest_intra:nodes_start:greedy,116,71485,23362,48123,74750,4,116;43;184;112;4;190;10;177;54;48;160;34;146;22;18;108;69;159;181;42;5;41;193;139;68;46;115;59;118;51;0;117;143;183;89;186;23;137;176;80;79;63;94;124;152;97;1;101;2;120;82;129;92;57;55;52;49;102;148;9;62;144;14;3;178;106;185;40;165;90;81;196;179;145;78;31;56;113;175;171;16;25;44;75;86;26;100;121;53;180;154;70;135;133;151;162;127;123;149;65,2074339089168776563,0.002999
steepest_intra:nodes_start:greedy,117,70687,22482,48205,89700,5,117;0;46;68;139;115;193;41;5;42;181;159;69;108;18;22;146;34;160;48;54;177;10;190;4;112;84;184;43;116;65;59;118;51;151;133;162;123;127;70;135;154;180;53;121;100;26;86;75;44;25;16;171;175;113;56;31;78;145;179;196;81;90;165;40;185;106;178;3;14;144;62;9;148;102;49;52;55;57;92;129;82;120;2;101;1;97;152;124;94;63;79;80;176;137;23;186;89;183;143,4783835426455921754,0.003001
steepest_intra:nodes_start:greedy,118,71485,23362,48123,89700,5,59;115;46;68;139;193;41;5;42;181;159;69;108;18;22;146;34;160;48;54;177;10;190;4;112;184;43;116;65;149;123;127;162;151;133;135;70;154;180;53;121;100;26;86;75;44;25;16;171;175;113;56;31;78;145;179;196;81;90;165;40;185;106;178;3;14;144;62;9;148;102;49;52;55;57;92;129;82;120;2;101;1;97;152;124;94;63;79;80;176;137;23;186;89;183;143;117;0;51;118,3268363347204968586,0.002000
steepest_intra:nodes_start:greedy,119,71240,23045,48195,104650,6,40;119;165;90;81;196;179;145;78;31;56;113;175;171;16;25;44;120;75;86;152;124;94;63;79;80;176;133;151;51;118;59;115;46;0;137;23;186;89;183;143;117;93;140;68;139;193;41;5;42;181;159;69;108;18;22;146;34;160;48;54;177;10;190;184;43;116;65;131;149;162;123;127;70;135;154;180;53;100;26;97;1;101;2;129;92;57;55;52;106;178;49;102;148;9;62;144;14;138;185,8492004741554132376,0.002637
steepest_intra:nodes_start:greedy,120,71427,23287,48140,119600,7,120;75;86;152;124;94;63;79;80;176;133;151;51;118;59;115;46;0;137;23;186;89;183;143;117;93;140;68;139;193;41;5;42;181;159;69;108;18;22;146;34;160;48;54;177;10;190;84;184;43;116;65;131;149;162;123;127;70;135;154;180;53;100;26;97;1;101;2;129;92;57;55;52;49;102;148;9;62;144;14;3;178;106;185;40;165;90;81;196;179;145;78;31;56;113;175;171;16;25;44,2687842992630983315,0.005063
steepest_intra:nodes_start:greedy,121,71750,23180,48570,29900,1,121;100;26;97;86;75;101;1;152;94;124;148;102;49;178;106;52;55;57;92;129;2;120;44;25;16;171;175;113;56;31;78;145;179;196;81;90;165;40;185;138;14;144;62;9;15;114;186;89;183;23;137;176;80;151;162;127;123;149;65;116;43;184;177;54;48;160;34;146;22;18;108;69;159;181;42;5;41;193;139;68;140;93;117;143;0;46;115;59;118;51;133;79;63;180;135;70;154;158;53,964320640100663256,0.001000
steepest_intra:nodes_start:greedy,122,72141,22931,49210,74750,4,122;176;80;79;133;151;51;118;59;115;46;0;137;23;89;183;143;117;93;140;68;139;193;41;5;42;181;159;69;108;18;22;146;34;160;48;54;177;184;43;116;65;131;149;162;123;127;70;135;154;180;158;53;121;100;26;86;75;44;25;16;171;175;113;56;31;78;145;179;196;81;90;165;40;185;106;178;3;14;144;62;9;148;102;49;52;55;57;92;129;82;120;2;101;1;97;152;124;94;63,7125477638397319679,0.001980
steepest_intra:nodes_start:greedy,123,71577,23015,48562,59800,3,123;162;133;151;149;131;65;116;43;184;84;190;10;177;54;48;160;34;146;22;18;108;69;159;181;42;5;41;193;139;68;46;115;59;118;51;0;117;143;183;89;186;23;137;176;80;79;63;94;124;152;97;1;101;2;120;82;129;92;57;55;52;49;102;148;9;62;144;14;3;178;106;185;40;165;90;81;196;179;145;78;31;56;113;175;171;16;25;44;75;86;26;100;121;53;180;154;135;70;127,3482976244744580534,0.001998
steepest_intra:nodes_start:greedy,124,71633,23063,48570,44850,2,94;152;97;1;101;75;86;26;100;121;53;158;154;70;135;180;63;79;133;51;118;59;115;46;0;143;117;93;140;68;139;193;41;5;42;181;159;69;108;18;22;146;34;160;48;54;177;184;43;116;65;149;123;127;162;151;80;176;137;23;183;89;186;114;15;9;62;144;14;138;185;40;165;90;81;196;179;145;78;31;56;113;175;171;16;25;44;120;2;129;92;57;55;52;106;178;49;102;148;124,8070094492521129094,0.001011
steepest_intra:nodes_start:greedy,125,72950,23469,49481,74750,4,74;2;120;82;129;92;57;179;145;78;31;56;113;175;171;16;25;44;75;86;53;154;70;135;180;63;79;133;51;118;59;115;46;0;143;117;93;140;68;139;193;41;5;42;181;159;69;108;18;22;146;34;160;48;54;177;184;43;116;65;149;123;162;151;80;176;137;23;183;89;186;114;15;9;62;144;14;138;165;90;81;196;40;185;55;52;106;178;49;102;148;124;94;121;100;26;101;1;97;152,5985269641456080525,0.001992
steepest_intra:nodes_start:greedy,126,71710,23103,48607,104650,6,131;112;4;84;35;184;177;54;48;160;34;181;146;22;18;108;69;159;193;41;5;42;43;116;65;46;68;139;115;59;118;51;0;117;143;183;89;186;23;137;176;80;79;63;94;124;152;97;1;101;2;120;82;129;92;57;55;52;49;102;148;9;62;144;14;3;178;106;185;40;165;90;81;196;179;145;78;31;56;113;175;171;16;25;44;75;86;26;100;121;53;180;154;70;135;133;151;162;123;149,1333166835038175262,0.002998
steepest_intra:nodes_start:greedy,127,71753,23248,48505,74750,4,127;70;135;154;180;53;121;100;26;86;75;44;25;16;171;175;113;56;31;78;145;179;196;81;90;165;40;185;106;178;3;14;144;62;9;148;102;49;52;55;57;92;129;82;120;2;101;1;97;152;124;94;63;79;80;176;133;151;51;118;59;115;46;0;137;23;186;89;183;143;117;93;140;68;139;193;41;5;42;181;159;69;108;18;22;146;34;160;48;54;177;10;184;43;116;65;131;149;162;123,335231512926598963,0.002995
steepest_intra:nodes_start:greedy,128,71536,23367,48169,134550,8,178;167;148;9;62;102;144;14;49;3;106;185;40;165;90;81;196;179;145;78;31;56;113;175;171;16;25;44;120;75;86;152;124;94;63;79;80;176;133;151;51;118;59;115;46;0;137;23;186;89;183;143;117;93;140;68;139;193;41;5;42;181;159;69;108;18;22;146;34;160;48;54;177;10;190;184;43;116;65;131;149;162;123;127;70;135;154;180;53;100;26;97;1;101;2;129;92;57;55;52,2346913936800720239,0.004017
steepest_intra:nodes_start:greedy,129,71427,23287,48140,119600,7,129;92;57;55;52;49;102;148;9;62;144;14;3;178;106;185;40;165;90;81;196;179;145;78;31;56;113;175;171;16;25;44;120;75;86;152;124;94;63;79;80;176;133;151;51;118;59;115;46;0;137;23;186;89;183;143;117;93;140;68;139;193;41;5;42;181;159;69;108;18;22;146;34;160;48;54;177;10;190;84;184;43;116;65;131;149;162;123;127;70;135;154;180;53;100;26;97;1;101;2,675105618328882730,0.004029
steepest_intra:nodes_start:greedy,130,71633,23063,48570,44850,2,124;148;102;49;178;106;52;55;57;92;129;2;120;44;25;16;171;175;113;56;31;78;145;179;196;81;90;165;40;185;138;14;144;62;9;15;114;186;89;183;23;137;176;80;151;162;127;123;149;65;116;43;184;177;54;48;160;34;146;22;18;108;69;159;181;42;5;41;193;139;68;140;93;117;143;0;46;115;59;118;51;133;79;63;180;135;70;154;158;53;121;100;26;86;75;101;1;97;152;94,8928769679703163676,0.001000
steepest_intra:nodes_start:greedy,131,71630,23068,48562,59800,3,131;149;123;127;162;151;133;135;70;154;180;53;121;100;26;86;75;44;25;16;171;175;113;56;31;78;145;179;196;81;90;165;40;185;106;178;3;14;144;62;9;148;102;49;52;55;57;92;129;82;120;2;101;1;97;152;124;94;63;79;80;176;137;23;186;89;183;143;117;0;51;118;59;115;46;68;139;193;41;5;42;181;159;69;108;18;22;146;34;160;48;54;177;10;190;84;184;43;116;65,8918872455960218507,0.001000
steepest_intra:nodes_start:greedy,132,71756,23851,47905,104650,6,21;14;138;185;40;165;90;81;196;179;145;78;31;56;113;175;171;16;25;44;120;75;86;152;124;94;63;79;80;176;133;151;51;118;59;115;46;0;137;23;186;89;183;143;117;93;140;68;139;193;41;5;42;181;159;69;108;18;22;146;34;160;48;54;177;10;190;184;43;116;65;131;149;162;123;127;70;135;154;180;53;100;26;97;1;101;2;129;92;57;55;52;106;178;49;102;148;9;62;144,2800012423631806439,0.002971
steepest_intra:nodes_start:greedy,133,71753,23248,48505,74750,4,133;151;51;118;59;115;46;0;137;23;186;89;183;143;117;93;140;68;139;193;41;5;42;181;159;69;108;18;22;146;34;160;48;54;177;10;184;43;116;65;131;149;162;123;127;70;135;154;180;53;121;100;26;86;75;44;25;16;171;175;113;56;31;78;145;179;196;81;90;165;40;185;106;178;3;14;144;62;9;148;102;49;52;55;57;92;129;82;120;2;101;1;97;152;124;94;63;79;80;176,4089820269125184720,0.002030
steepest_intra:nodes_start:greedy,134,71818,22753,49065,134550,8,199;18;108;69;139;68;46;115;59;118;51;0;117;143;183;89;186;23;137;176;80;79;63;94;124;152;97;1;101;2;120;82;129;92;57;55;52;49;102;148;9;62;144;14;3;178;106;185;40;165;90;81;196;179;145;78;31;56;113;175;171;16;25;44;75;86;26;100;121;53;180;154;70;135;133;151;162;127;123;149;65;116;43;184;190;10;177;54;48;160;34;181;42;5;41;193;159;195;146;22,1452953668892783912,0.004030
steepest_intra:nodes_start:greedy,135,71633,23063,48570,29900,1,135;70;154;158;53;121;100;26;86;75;101;1;97;152;94;124;148;102;49;178;106;52;55;57;92;129;2;120;44;25;16;171;175;113;56;31;78;145;179;196;81;90;165;40;185;138;14;144;62;9;15;114;186;89;183;23;137;176;80;151;162;127;123;149;65;116;43;184;177;54;48;160;34;146;22;18;108;69;159;181;42;5;41;193;139;68;140;93;117;143;0;46;115;59;118;51;133;79;63;180,3803334795255967651,0.000972
steepest_intra:nodes_start:greedy,136,71783,23084,48699,134550,8,53;121;100;26;86;75;44;25;16;171;175;113;56;31;78;145;179;196;81;90;165;40;185;106;178;3;14;144;62;9;148;102;49;52;55;57;92;129;82;120;2;101;1;97;152;124;94;63;79;80;176;137;23;186;89;183;143;117;0;51;118;59;115;46;68;139;193;41;5;42;181;159;69;108;18;22;146;34;160;48;54;177;10;190;84;184;43;116;65;149;123;127;162;151;133;135;70;154;180;158,3751482186855652648,0.004029
steepest_intra:nodes_start:greedy,137,71633,23063,48570,29900,1,137;23;183;89;186;114;15;9;62;144;14;138;185;40;165;90;81;196;179;145;78;31;56;113;175;171;16;25;44;120;2;129;92;57;55;52;106;178;49;102;148;124;94;152;97;1;101;75;86;26;100;121;53;158;154;70;135;180;63;79;133;51;118;59;115;46;0;143;117;93;140;68;139;193;41;5;42;181;159;69;108;18;22;146;34;160;48;54;177;184;43;116;65;149;123;127;162;151;80;176,3794880194246808081,0.000971
steepest_intra:nodes_start:greedy,138,71291,23229,48062,89700,5,138;14;144;62;9;148;102;49;178;106;52;55;57;92;129;2;101;1;97;26;100;53;180;154;135;70;127;123;162;149;131;65;116;43;184;84;190;10;177;54;48;160;34;146;22;18;108;69;159;181;42;5;41;193;139;68;140;93;117;143;183;89;186;23;137;0;46;115;59;118;51;151;133;176;80;79;63;94;124;152;86;75;120;44;25;16;171;175;113;56;31;78;145;179;196;81;90;165;40;185,2130553219173767029,0.003000
steepest_intra:nodes_start:greedy,139,71485,23362,48123,74750,4,139;68;46;115;59;118;51;0;117;143;183;89;186;23;137;176;80;79;63;94;124;152;97;1;101;2;120;82;129;92;57;55;52;49;102;148;9;62;144;14;3;178;106;185;40;165;90;81;196;179;145;78;31;56;113;175;171;16;25;44;75;86;26;100;121;53;180;154;70;135;133;151;162;127;123;149;65;116;43;184;112;4;190;10;177;54;48;160;34;146;22;18;108;69;159;181;42;5;41;193,5468045178439804024,0.001938
steepest_intra:nodes_start:greedy,140,71475,23225,48250,89700,5,140;108;69;18;22;146;159;193;41;5;42;181;34;160;48;54;177;10;190;4;112;184;43;116;65;149;123;127;162;151;133;135;70;154;180;53;121;100;26;86;75;44;25;16;171;175;113;56;31;78;145;179;196;81;90;165;40;185;106;178;3;14;144;62;9;148;102;49;52;55;57;92;129;82;120;2;101;1;97;152;124;94;63;79;80;176;137;51;118;59;115;139;68;46;0;89;183;143;117;93,6928766622313129509,0.002999
steepest_intra:nodes_start:greedy,141,70908,22317,48591,119600,7,23;186;114;89;183;143;0;117;93;140;68;46;115;139;193;41;5;42;181;159;69;108;18;22;146;34;160;48;54;177;10;190;184;43;116;65;59;118;51;151;133;162;123;127;70;135;154;180;53;121;100;26;86;75;44;25;16;171;175;113;56;31;78;145;179;196;81;90;165;40;185;106;178;3;14;144;62;9;148;102;49;52;55;57;92;129;82;120;2;101;1;97;152;124;94;63;79;80;176;137,6423546006595327302,0.003027
steepest_intra:nodes_start:greedy,142,71964,23165,48799,89700,5,139;198;68;46;115;59;118;51;0;117;143;183;89;186;23;137;176;80;79;63;94;124;152;97;1;101;2;120;82;129;92;57;55;52;49;102;148;9;62;144;14;3;178;106;185;40;165;90;81;196;179;145;78;31;56;113;175;171;16;25;44;75;86;26;100;121;53;180;154;70;135;133;151;162;127;123;149;65;116;43;184;84;190;10;177;54;48;160;34;146;22;18;108;69;159;181;42;5;41;193,8985487033821749767,0.002002
steepest_intra:nodes_start:greedy,143,70687,22482,48205,89700,5,143;117;0;46;68;139;115;193;41;5;42;181;159;69;108;18;22;146;34;160;48;54;177;10;190;4;112;84;184;43;116;65;59;118;51;151;133;162;123;127;70;135;154;180;53;121;100;26;86;75;44;25;16;171;175;113;56;31;78;145;179;196;81;90;165;40;185;106;178;3;14;144;62;9;148;102;49;52;55;57;92;129;82;120;2;101;1;97;152;124;94;63;79;80;176;137;23;186;89;183,1232563740783943966,0.002997
steepest_intra:nodes_start:greedy,144,71291,23229,48062,89700,5,144;14;138;185;40;165;90;81;196;179;145;78;31;56;113;175;171;16;25;44;120;75;86;152;124;94;63;79;80;176;133;151;51;118;59;115;46;0;137;23;186;89;183;143;117;93;140;68;139;193;41;5;42;181;159;69;108;18;22;146;34;160;48;54;177;10;190;84;184;43;116;65;131;149;162;123;127;70;135;154;180;53;100;26;97;1;101;2;129;92;57;55;52;106;178;49;102;148;9;62,8604413120621742571,0.002001
steepest_intra:nodes_start:greedy,145,71427,23287,48140,119600,7,145;179;196;81;90;165;40;185;106;178;3;14;144;62;9;148;102;49;52;55;57;92;129;2;101;1;97;26;100;53;180;154;135;70;127;123;162;149;131;65;116;43;184;84;190;10;177;54;48;160;34;146;22;18;108;69;159;181;42;5;41;193;139;68;140;93;117;143;183;89;186;23;137;0;46;115;59;118;51;151;133;176;80;79;63;94;124;152;86;75;120;44;25;16;171;175;113;56;31;78,6503628266197732109,0.003000
steepest_intra:nodes_start:greedy,146,71022,23049,47973,59800,3,146;181;34;160;48;54;177;10;190;4;112;84;184;42;43;116;65;149;123;127;162;151;133;135;70;154;180;53;121;100;26;86;75;44;25;16;171;175;113;56;31;78;145;179;196;81;90;165;40;185;106;178;3;14;144;62;9;148;102;49;52;55;57;92;129;82;120;2;101;1;97;152;124;94;63;79;80;176;137;23;186;89;183;143;117;0;51;118;59;115;46;68;139;41;193;159;69;108;18;22,1903226489580235858,0.002012
steepest_intra:nodes_start:greedy,147,71640,22982,48658,134550,8,30;177;10;190;184;43;116;65;59;118;115;46;0;51;151;133;162;123;127;70;135;154;180;53;121;100;26;86;75;44;25;16;171;175;113;56;31;78;145;179;196;81;90;165;40;185;106;178;3;14;144;62;9;148;102;49;52;55;57;92;129;82;120;2;101;1;97;152;124;94;63;79;80;176;137;23;186;89;183;143;117;93;140;68;139;41;193;159;69;108;18;22;146;195;181;42;160;34;48;54,2960295831011157277,0.003000
steepest_intra:nodes_start:greedy,148,71291,23229,48062,89700,5,148;102;49;178;106;52;55;57;92;129;2;101;1;97;26;100;53;180;154;135;70;127;123;162;149;131;65;116;43;184;84;190;10;177;54;48;160;34;146;22;18;108;69;159;181;42;5;41;193;139;68;140;93;117;143;183;89;186;23;137;0;46;115;59;118;51;151;133;176;80;79;63;94;124;152;86;75;120;44;25;16;171;175;113;56;31;78;145;179;196;81;90;165;40;185;138;14;144;62;9,3419379900603505886,0.002971
steepest_intra:nodes_start:greedy,149,71485,23362,48123,74750,4,149;123;127;162;151;133;135;70;154;180;53;121;100;26;86;75;44;25;16;171;175;113;56;31;78;145;179;196;81;90;165;40;185;106;178;3;14;144;62;9;148;102;49;52;55;57;92;129;82;120;2;101;1;97;152;124;94;63;79;80;176;137;23;186;89;183;143;117;0;51;118;59;115;46;68;139;193;41;5;42;181;159;69;108;18;22;146;34;160;48;54;177;10;190;4;112;184;43;116;65,4204340693071904964,0.001507
steepest_intra:nodes_start:greedy,150,72586,23548,49038,89700,5,101;75;44;25;16;171;175;113;56;31;78;145;179;57;92;129;82;120;2;152;1;97;26;100;189;94;124;148;102;49;178;106;52;55;185;40;196;81;90;165;138;14;144;62;9;15;114;186;89;183;23;137;176;80;151;162;123;149;65;116;43;184;177;54;48;160;34;146;22;18;108;69;159;181;42;5;41;193;139;68;140;93;117;143;0;46;115;59;118;51;133;79;63;180;135;70;154;53;121;86,2306900385668460698,0.003001
steepest_intra:nodes_start:greedy,151,71577,23015,48562,59800,3,151;133;162;123;127;70;135;154;180;53;121;100;26;86;75;44;25;16;171;175;113;56;31;78;145;179;196;81;90;165;40;185;106;178;3;14;144;62;9;148;102;49;52;55;57;92;129;82;120;2;101;1;97;152;124;94;63;79;80;176;137;23;186;89;183;143;117;0;51;118;59;115;46;68;139;193;41;5;42;181;159;69;108;18;22;146;34;160;48;54;177;10;190;84;184;43;116;65;131;149,405601993913924381,0.001999
steepest_intra:nodes_start:greedy,152,71666,23477,48189,59800,3,152;1;101;75;86;53;154;70;135;180;63;79;133;51;118;59;115;46;0;143;117;93;140;68;139;193;41;5;42;181;159;69;108;18;22;146;34;160;48;54;177;10;184;43;116;65;149;123;127;162;151;80;176;137;23;183;89;186;114;15;9;62;144;14;138;185;40;165;90;81;196;179;145;78;31;56;113;175;171;16;25;44;120;2;129;92;57;55;52;106;178;49;102;148;124;94;121;100;26;97,1924325371521931356,0.001997
steepest_intra:nodes_start:greedy,153,70626,22492,48134,164450,10,93;117;0;143;183;89;186;23;137;176;80;79;63;94;124;152;97;1;101;2;120;82;129;92;57;55;52;49;102;148;9;62;144;14;3;178;106;185;40;165;90;81;196;179;145;78;31;56;113;175;171;16;25;44;75;86;26;100;121;53;180;154;135;70;127;123;162;133;151;51;118;59;65;116;43;184;112;4;190;10;177;54;48;160;34;146;22;18;108;69;159;181;42;5;41;193;139;115;46;68,720686280489542099,0.005000
steepest_intra:nodes_start:greedy,154,71633,23063,48570,29900,1,154;158;53;121;100;26;86;75;101;1;97;152;94;124;148;102;49;178;106;52;55;57;92;129;2;120;44;25;16;171;175;113;56;31;78;145;179;196;81;90;165;40;185;138;14;144;62;9;15;114;186;89;183;23;137;176;80;151;162;127;123;149;65;116;43;184;177;54;48;160;34;146;22;18;108;69;159;181;42;5;41;193;139;68;140;93;117;143;0;46;115;59;118;51;133;79;63;180;135;70,273982099613821294,0.001000
steepest_intra:nodes_start:greedy,155,71756,23851,47905,104650,6,21;14;138;185;40;165;90;81;196;179;145;78;31;56;113;175;171;16;25;44;120;75;86;152;124;94;63;79;80;176;133;151;51;118;59;115;46;0;137;23;186;89;183;143;117;93;140;68;139;193;41;5;42;181;159;69;108;18;22;146;34;160;48;54;177;10;190;184;43;116;65;131;149;162;123;127;70;135;154;180;53;100;26;97;1;101;2;129;92;57;55;52;106;178;49;102;148;9;62;144,5397347935536574249,0.003029
steepest_intra:nodes_start:greedy,156,71710,23103,48607,104650,6,131;112;4;84;35;184;177;54;48;160;34;181;146;22;18;108;69;159;193;41;5;42;43;116;65;46;68;139;115;59;118;51;0;117;143;183;89;186;23;137;176;80;79;63;94;124;152;97;1;101;2;120;82;129;92;57;55;52;49;102;148;9;62;144;14;3;178;106;185;40;165;90;81;196;179;145;78;31;56;113;175;171;16;25;44;75;86;26;100;121;53;180;154;70;135;133;151;162;123;149,4842459661048803253,0.003977
steepest_intra:nodes_start:greedy,157,71731,23416,48315,104650,6,157;196;81;90;165;40;185;106;178;3;14;144;62;9;148;102;49;52;55;179;145;78;92;57;129;2;101;1;97;26;100;53;180;154;135;70;127;123;162;149;131;65;116;43;184;190;10;177;54;48;160;34;146;22;18;108;69;159;181;42;5;41;193;139;68;140;93;117;143;183;89;186;23;137;0;46;115;59;118;51;151;133;176;80;79;63;94;124;152;86;75;120;44;25;16;171;175;113;56;31,7668626159403909256,0.003000
steepest_intra:nodes_start:greedy,158,71633,23063,48570,29900,1,158;154;70;135;180;63;79;133;51;118;59;115;46;0;143;117;93;140;68;139;193;41;5;42;181;159;69;108;18;22;146;34;160;48;54;177;184;43;116;65;149;123;127;162;151;80;176;137;23;183;89;186;114;15;9;62;144;14;138;185;40;165;90;81;196;179;145;78;31;56;113;175;171;16;25;44;120;2;129;92;57;55;52;106;178;49;102;148;124;94;152;97;1;101;75;86;26;100;121;53,5736541429116566858,0.001636
steepest_intra:nodes_start:greedy,159,71475,23225,48250,89700,5,159;146;22;18;69;108;140;93;117;143;183;89;0;46;68;139;115;59;118;51;137;176;80;79;63;94;124;152;97;1;101;2;120;82;129;92;57;55;52;49;102;148;9;62;144;14;3;178;106;185;40;165;90;81;196;179;145;78;31;56;113;175;171;16;25;44;75;86;26;100;121;53;180;154;70;135;133;151;162;127;123;149;65;116;43;184;112;4;190;10;177;54;48;160;34;181;42;5;41;193,429462951998383284,0.002998
steepest_intra:nodes_start:greedy,160,71022,23049,47973,59800,3,160;48;54;177;10;190;4;112;84;184;42;43;116;65;149;123;127;162;151;133;135;70;154;180;53;121;100;26;86;75;44;25;16;171;175;113;56;31;78;145;179;196;81;90;165;40;185;106;178;3;14;144;62;9;148;102;49;52;55;57;92;129;82;120;2;101;1;97;152;124;94;63;79;80;176;137;23;186;89;183;143;117;0;51;118;59;115;46;68;139;41;193;159;69;108;18;22;146;181;34,1662164075986592644,0.001519
steepest_intra:nodes_start:greedy,161,72032,23246,48786,89700,5,127;70;135;133;180;154;158;53;121;100;26;86;75;44;25;16;171;175;113;56;31;78;145;179;196;81;90;165;40;185;106;178;3;14;144;62;9;148;102;49;52;55;57;92;129;82;120;2;101;1;97;152;124;94;63;79;80;176;137;23;186;89;183;143;117;0;51;118;59;115;46;68;139;193;41;5;42;181;159;69;108;18;22;146;34;160;48;54;177;10;190;184;43;116;65;131;149;151;162;123,5644732068850620203,0.002996
steepest_intra:nodes_start:greedy,162,71485,23362,48123,74750,4,162;151;133;135;70;154;180;53;121;100;26;86;75;44;25;16;171;175;113;56;31;78;145;179;196;81;90;165;40;185;106;178;3;14;144;62;9;148;102;49;52;55;57;92;129;82;120;2;101;1;97;152;124;94;63;79;80;176;137;23;186;89;183;143;117;0;51;118;59;115;46;68;139;193;41;5;42;181;159;69;108;18;22;146;34;160;48;54;177;10;190;4;112;184;43;116;65;149;123;127,6543229582746075557,0.002019
steepest_intra:nodes_start:greedy,163,71759,22908,48851,89700,5,69;139;68;46;115;59;118;51;0;117;143;183;89;186;23;137;176;80;79;63;94;124;152;97;1;101;2;120;82;129;92;57;55;52;49;102;148;9;62;144;14;3;178;106;185;40;165;90;81;196;179;145;78;31;56;113;175;171;16;25;44;75;86;26;100;121;53;180;154;70;135;133;151;162;127;123;149;65;116;43;184;84;190;10;177;54;48;160;34;181;42;5;41;193;159;146;22;199;18;108,4615935096104920592,0.002003
steepest_intra:nodes_start:greedy,164,72157,23629,48528,29900,1,164;7;95;39;165;138;14;144;62;9;148;102;49;178;106;52;55;57;92;129;2;152;97;1;101;100;53;180;154;135;70;127;123;162;149;65;116;43;184;177;54;48;160;34;146;22;18;108;69;159;181;42;5;41;193;139;68;140;93;117;143;183;89;23;137;0;46;115;59;118;51;151;133;176;80;79;63;94;26;86;75;120;44;25;16;171;175;113;56;31;78;145;179;196;81;185;40;90;27;58,6943595041986523744,0.000982
steepest_intra:nodes_start:greedy,165,71291,23229,48062,89700,5,185;40;165;90;81;196;179;145;78;31;56;113;175;171;16;25;44;120;75;86;152;124;94;63;79;80;176;133;151;51;118;59;115;46;0;137;23;186;89;183;143;117;93;140;68;139;193;41;5;42;181;159;69;108;18;22;146;34;160;48;54;177;10;190;84;184;43;116;65;131;149;162;123;127;70;135;154;180;53;100;26;97;1;101;2;129;92;57;55;52;106;178;49;102;148;9;62;144;14;138,7367101500085258058,0.003000
steepest_intra:nodes_start:greedy,166,71791,23246,48545,89700,5,35;184;190;10;177;54;48;160;34;146;22;18;108;69;159;181;42;5;41;193;139;68;140;93;117;143;183;89;186;23;137;176;80;79;63;94;124;152;97;1;101;2;120;82;129;92;57;55;52;49;102;148;9;62;144;14;3;178;106;185;40;165;90;81;196;179;145;78;31;56;113;175;171;16;25;44;75;86;26;100;121;53;180;154;135;70;127;123;162;133;151;51;0;46;115;118;59;65;116;43,8838212944971542445,0.002030
steepest_intra:nodes_start:greedy,167,72658,24082,48576,44850,2,167;148;9;62;102;144;14;49;178;106;165;39;95;7;164;58;27;90;81;196;40;185;52;55;57;129;92;179;145;78;31;56;113;175;171;16;25;44;120;2;75;101;1;152;97;26;100;86;53;154;70;135;180;63;79;133;51;118;59;115;46;0;89;183;143;117;93;140;68;139;193;41;5;42;181;159;69;108;18;22;146;34;160;48;54;177;184;43;116;65;149;123;127;162;151;80;176;137;94;124,7090556661158606914,0.001001
steepest_intra:nodes_start:greedy,168,71656,23341,48315,149500,9,78;145;179;196;81;90;165;40;185;106;178;3;14;144;62;9;148;102;49;52;55;57;92;129;2;101;1;97;26;100;53;180;154;135;70;127;123;162;149;131;65;116;43;184;190;10;177;54;48;160;34;146;22;18;108;69;159;181;42;5;41;193;139;68;140;93;117;143;183;89;186;23;137;0;46;115;59;118;51;151;133;176;80;79;63;94;124;152;86;75;120;44;25;16;171;175;113;56;31;157,1565141693677048492,0.005033
steepest_intra:nodes_start:greedy,169,71301,23106,48195,119600,7,119;40;185;165;138;14;144;62;9;148;102;49;178;106;52;55;57;92;129;2;101;1;97;26;100;53;180;154;135;70;127;123;162;149;131;65;116;43;184;190;10;177;54;48;160;34;146;22;18;108;69;159;181;42;5;41;193;139;68;140;93;117;143;183;89;186;23;137;0;46;115;59;118;51;151;133;176;80;79;63;94;124;152;86;75;120;44;25;16;171;175;113;56;31;78;145;179;196;81;90,8157053812533449253,0.002969
steepest_intra:nodes_start:greedy,170,71121,22497,48624,104650,6,170;117;0;46;68;139;115;193;41;5;42;181;159;69;108;18;22;146;34;160;48;54;177;10;190;4;112;184;43;116;65;59;118;51;151;133;162;123;127;70;135;154;180;53;121;100;26;86;75;44;25;16;171;175;113;56;31;78;145;179;196;81;90;165;40;185;106;178;3;14;144;62;9;148;102;49;52;55;57;92;129;82;120;2;101;1;97;152;124;94;63;79;80;176;137;23;186;89;183;143,3587873853828458398,0.002968
steepest_intra:nodes_start:greedy,171,71624,23484,48140,119600,7,171;175;113;56;31;78;145;92;179;196;81;90;165;40;185;106;178;3;14;144;62;9;148;102;49;52;55;57;129;2;101;1;97;26;100;53;180;154;135;70;127;123;162;149;131;65;116;43;184;84;190;10;177;54;48;160;34;146;22;18;108;69;159;181;42;5;41;193;139;68;140;93;117;143;183;89;186;23;137;0;46;115;59;118;51;151;133;176;80;79;63;94;124;152;86;75;120;44;25;16,626366246399931136,0.004012
steepest_intra:nodes_start:greedy,172,71965,23500,48465,59800,3,124;167;148;9;62;102;144;14;49;178;106;165;39;27;90;81;196;40;185;52;55;57;129;92;179;145;78;31;56;113;175;171;16;25;44;120;2;75;86;100;121;94;63;79;80;176;133;151;51;118;59;115;46;0;137;23;186;89;183;143;117;93;140;68;139;193;41;5;42;181;159;69;108;18;22;146;34;160;48;54;177;184;43;116;65;131;149;162;123;127;70;135;154;180;53;26;101;1;97;152,9048826311528906283,0.002005
steepest_intra:nodes_start:greedy,173,71791,23221,48570,59800,3,135;127;70;154;158;53;121;100;26;86;75;101;1;97;152;94;124;148;102;49;178;106;52;55;57;92;129;2;120;44;25;16;171;175;113;56;31;78;145;179;196;81;90;165;40;185;138;14;144;62;9;15;114;186;89;183;23;137;176;80;151;162;123;149;65;116;43;184;177;54;48;160;34;146;22;18;108;69;159;181;42;5;41;193;139;68;140;93;117;143;0;46;115;59;118;51;133;79;63;180,6216186272023147376,0.001999
steepest_intra:nodes_start:greedy,174,71515,23453,48062,89700,5,196;40;185;179;145;78;31;56;113;175;171;16;25;44;120;75;86;152;124;94;63;79;80;176;133;151;51;118;59;115;46;0;137;23;186;89;183;143;117;93;140;68;139;193;41;5;42;181;159;69;108;18;22;146;34;160;48;54;177;10;190;84;184;43;116;65;131;149;162;123;127;70;135;154;180;53;100;26;97;1;101;2;129;92;57;55;52;106;178;49;102;148;9;62;144;14;138;165;90;81,3908394980668705739,0.001970
steepest_intra:nodes_start:greedy,175,71624,23484,48140,119600,7,175;113;56;31;78;145;92;179;196;81;90;165;40;185;106;178;3;14;144;62;9;148;102;49;52;55;57;129;2;101;1;97;26;100;53;180;154;135;70;127;123;162;149;131;65;116;43;184;84;190;10;177;54;48;160;34;146;22;18;108;69;159;181;42;5;41;193;139;68;140;93;117;143;183;89;186;23;137;0;46;115;59;118;51;151;133;176;80;79;63;94;124;152;86;75;120;44;25;16;171,9067561513064653532,0.004003
steepest_intra:nodes_start:greedy,176,71577,23015,48562,59800,3,176;80;79;63;94;124;152;97;1;101;2;120;82;129;92;57;55;52;49;102;148;9;62;144;14;3;178;106;185;40;165;90;81;196;179;145;78;31;56;113;175;171;16;25;44;75;86;26;100;121;53;180;154;135;70;127;123;162;133;151;149;131;65;116;43;184;84;190;10;177;54;48;160;34;146;22;18;108;69;159;181;42;5;41;193;139;68;46;115;59;118;51;0;117;143;183;89;186;23;137,6449501352726197964,0.001999
steepest_intra:nodes_start:greedy,177,71628,23064,48564,104650,6,177;54;48;34;160;42;181;195;146;22;18;108;69;159;193;41;139;68;140;93;117;143;183;89;186;23;137;176;80;79;63;94;124;152;97;1;101;2;120;82;129;92;57;55;52;49;102;148;9;62;144;14;3;178;106;185;40;165;90;81;196;179;145;78;31;56;113;175;171;16;25;44;75;86;26;100;121;53;180;154;135;70;127;123;162;133;151;51;0;46;115;118;59;65;116;43;184;84;190;10,2371782779920376538,0.002998
steepest_intra:nodes_start:greedy,178,71291,23229,48062,89700,5,178;49;102;148;9;62;144;14;138;185;40;165;90;81;196;179;145;78;31;56;113;175;171;16;25;44;120;75;86;152;124;94;63;79;80;176;133;151;51;118;59;115;46;0;137;23;186;89;183;143;117;93;140;68;139;193;41;5;42;181;159;69;108;18;22;146;34;160;48;54;177;10;190;84;184;43;116;65;131;149;162;123;127;70;135;154;180;53;100;26;97;1;101;2;129;92;57;55;52;106,933988708038827561,0.002031
steepest_intra:nodes_start:greedy,179,71427,23287,48140,104650,6,179;145;78;31;56;113;175;171;16;25;44;120;75;86;152;124;94;63;79;80;176;133;151;51;118;59;115;46;0;137;23;186;89;183;143;117;93;140;68;139;193;41;5;42;181;159;69;108;18;22;146;34;160;48;54;177;10;190;84;184;43;116;65;131;149;162;123;127;70;135;154;180;53;100;26;97;1;101;2;129;92;57;55;52;49;102;148;9;62;144;14;3;178;106;185;40;165;90;81;196,7600667374581744694,0.003577
steepest_intra:nodes_start:greedy,180,71633,23063,48570,29900,1,180;135;70;154;158;53;121;100;26;86;75;101;1;97;152;94;124;148;102;49;178;106;52;55;57;92;129;2;120;44;25;16;171;175;113;56;31;78;145;179;196;81;90;165;40;185;138;14;144;62;9;15;114;186;89;183;23;137;176;80;151;162;127;123;149;65;116;43;184;177;54;48;160;34;146;22;18;108;69;159;181;42;5;41;193;139;68;140;93;117;143;0;46;115;59;118;51;133;79;63,3986804122553373939,0.000997
steepest_intra:nodes_start:greedy,181,71022,23049,47973,59800,3,181;34;160;48;54;177;10;190;4;112;84;184;42;43;116;65;149;123;127;162;151;133;135;70;154;180;53;121;100;26;86;75;44;25;16;171;175;113;56;31;78;145;179;196;81;90;165;40;185;106;178;3;14;144;62;9;148;102;49;52;55;57;92;129;82;120;2;101;1;97;152;124;94;63;79;80;176;137;23;186;89;183;143;117;0;51;118;59;115;46;68;139;41;193;159;69;108;18;22;146,1374901495491819508,0.002013
steepest_intra:nodes_start:greedy,182,71633,23063,48570,59800,3,53;121;100;26;86;75;101;1;97;152;94;124;148;102;49;178;106;52;55;57;92;129;2;120;44;25;16;171;175;113;56;31;78;145;179;196;81;90;165;40;185;138;14;144;62;9;15;114;186;89;183;23;137;176;80;151;162;127;123;149;65;116;43;184;177;54;48;160;34;146;22;18;108;69;159;181;42;5;41;193;139;68;140;93;117;143;0;46;115;59;118;51;133;79;63;180;135;70;154;158,7477469470825027722,0.002029
steepest_intra:nodes_start:greedy,183,70687,22482,48205,89700,5,183;89;186;23;137;176;80;79;63;94;124;152;97;1;101;2;120;82;129;92;57;55;52;49;102;148;9;62;144;14;3;178;106;185;40;165;90;81;196;179;145;78;31;56;113;175;171;16;25;44;75;86;26;100;121;53;180;154;135;70;127;123;162;133;151;51;118;59;65;116;43;184;84;112;4;190;10;177;54;48;160;34;146;22;18;108;69;159;181;42;5;41;193;115;139;68;46;0;117;143,3287709080520902810,0.003009
steepest_intra:nodes_start:greedy,184,71664,23164,48500,74750,4,184;43;116;65;59;118;115;46;0;51;151;133;162;123;127;70;135;154;180;53;121;100;26;86;75;44;25;16;171;175;113;56;31;78;145;179;196;81;90;165;40;185;106;178;3;14;144;62;9;148;102;49;52;55;57;92;129;82;120;2;101;1;97;152;124;94;63;79;80;176;137;23;186;89;183;143;117;93;140;68;139;193;41;5;42;181;159;69;108;18;22;146;34;160;48;54;177;10;190;84,1647889153438097791,0.002027
steepest_intra:nodes_start:greedy,185,71291,23229,48062,89700,5,165;90;81;196;179;145;78;31;56;113;175;171;16;25;44;120;75;86;152;124;94;63;79;80;176;133;151;51;118;59;115;46;0;137;23;186;89;183;143;117;93;140;68;139;193;41;5;42;181;159;69;108;18;22;146;34;160;48;54;177;10;190;84;184;43;116;65;131;149;162;123;127;70;135;154;180;53;100;26;97;1;101;2;129;92;57;55;52;106;178;49;102;148;9;62;144;14;138;185;40,3269107558755912009,0.002001
steepest_intra:nodes_start:greedy,186,70687,22482,48205,89700,5,186;89;183;143;117;0;46;68;139;115;193;41;5;42;181;159;69;108;18;22;146;34;160;48;54;177;10;190;4;112;84;184;43;116;65;59;118;51;151;133;162;123;127;70;135;154;180;53;121;100;26;86;75;44;25;16;171;175;113;56;31;78;145;179;196;81;90;165;40;185;106;178;3;14;144;62;9;148;102;49;52;55;57;92;129;82;120;2;101;1;97;152;124;94;63;79;80;176;137;23,5204643530340432878,0.002000
steepest_intra:nodes_start:greedy,187,71554,23449,48105,104650,6,90;81;196;40;185;179;145;78;31;56;113;175;171;16;25;44;120;75;86;152;124;94;63;79;80;176;133;151;51;118;59;115;46;0;137;23;186;89;183;143;117;93;140;68;139;193;41;5;42;181;159;69;108;18;22;146;34;160;48;54;177;10;190;184;43;116;65;131;149;162;123;127;70;135;154;180;53;100;26;97;1;101;2;129;92;57;55;52;106;178;49;102;148;9;62;144;14;138;165;27,8039506039762410630,0.003000
steepest_intra:nodes_start:greedy,188,71853,23538,48315,149500,9,31;157;78;145;92;179;196;81;90;165;40;185;106;178;3;14;144;62;9;148;102;49;52;55;57;129;2;101;1;97;26;100;53;180;154;135;70;127;123;162;149;131;65;116;43;184;190;10;177;54;48;160;34;146;22;18;108;69;159;181;42;5;41;193;139;68;140;93;117;143;183;89;186;23;137;0;46;115;59;118;51;151;133;176;80;79;63;94;124;152;86;75;120;44;25;16;171;175;113;56,3657228716857192435,0.004000
steepest_intra:nodes_start:greedy,189,71828,22768,49060,29900,1,189;94;124;148;102;49;178;106;52;55;57;92;129;2;120;44;25;16;171;175;113;56;31;78;145;179;196;81;90;165;40;185;138;14;144;62;9;15;114;186;89;183;23;137;176;80;151;162;123;149;65;116;43;184;177;54;48;160;34;146;22;18;108;69;159;181;42;5;41;193;139;68;140;93;117;143;0;46;115;59;118;51;133;79;63;180;135;70;154;158;53;121;100;26;86;75;101;1;97;152,1657466074079964914,0.000998
steepest_intra:nodes_start:greedy,190,71443,23266,48177,119600,7,190;10;177;54;48;34;160;42;181;146;22;18;108;69;159;193;41;139;68;46;115;118;59;65;116;43;184;35;131;149;123;162;133;151;51;0;117;143;183;89;23;137;176;80;79;63;94;124;152;97;1;101;2;120;82;129;92;57;55;52;49;102;148;9;62;144;14;3;178;106;185;40;165;90;81;196;179;145;78;31;56;113;175;171;16;25;44;75;86;26;100;121;53;180;154;135;70;127;112;4,8021535980519515165,0.003053
steepest_intra:nodes_start:greedy,191,71964,23165,48799,89700,5,139;193;41;5;42;181;159;69;108;18;22;146;34;160;48;54;177;10;190;84;184;43;116;65;149;123;127;162;151;133;135;70;154;180;53;121;100;26;86;75;44;25;16;171;175;113;56;31;78;145;179;196;81;90;165;40;185;106;178;3;14;144;62;9;148;102;49;52;55;57;92;129;82;120;2;101;1;97;152;124;94;63;79;80;176;137;23;186;89;183;143;117;0;51;118;59;115;46;68;198,1164583467569307622,0.002000
steepest_intra:nodes_start:greedy,192,71856,23009,48847,119600,7,42;5;96;41;193;139;68;140;93;117;143;183;89;186;23;137;176;80;79;63;94;124;152;97;1;101;2;120;82;129;92;57;55;52;49;102;148;9;62;144;14;3;178;106;185;40;165;90;81;196;179;145;78;31;56;113;175;171;16;25;44;75;86;26;100;121;53;180;154;135;70;127;123;162;133;151;51;0;46;115;118;59;65;116;43;184;190;10;177;54;48;160;34;146;22;18;108;69;159;181,7143302788746224079,0.003031
steepest_intra:nodes_start:greedy,193,71485,23362,48123,74750,4,193;139;68;46;115;59;118;51;0;117;143;183;89;186;23;137;176;80;79;63;94;124;152;97;1;101;2;120;82;129;92;57;55;52;49;102;148;9;62;144;14;3;178;106;185;40;165;90;81;196;179;145;78;31;56;113;175;171;16;25;44;75;86;26;100;121;53;180;154;70;135;133;151;162;127;123;149;65;116;43;184;112;4;190;10;177;54;48;160;34;146;22;18;108;69;159;181;42;5;41,1988771275071003645,0.002276
steepest_intra:nodes_start:greedy,194,71989,23018,48971,74750,4,194;127;123;162;133;151;149;131;65;116;43;184;190;10;177;54;48;160;34;146;22;18;108;69;159;181;42;5;41;193;139;68;46;115;59;118;51;0;117;143;183;89;186;23;137;176;80;79;63;94;124;152;97;1;101;2;120;82;129;92;57;55;52;49;102;148;9;62;144;14;3;178;106;185;40;165;90;81;196;179;145;78;31;56;113;175;171;16;25;44;75;86;26;100;121;53;180;154;70;135,3712895524785149620,0.002002
steepest_intra:nodes_start:greedy,195,71272,23085,48187,74750,4,195;181;34;160;48;54;177;10;190;4;112;184;42;43;116;65;149;123;127;162;151;133;135;70;154;180;53;121;100;26;86;75;44;25;16;171;175;113;56;31;78;145;179;196;81;90;165;40;185;106;178;3;14;144;62;9;148;102;49;52;55;57;92;129;82;120;2;101;1;97;152;124;94;63;79;80;176;137;23;186;89;183;143;117;0;51;118;59;115;46;68;139;41;193;159;69;108;18;22;146,5776482451020318501,0.002002
steepest_intra:nodes_start:greedy,196,72023,23506,48517,119600,7,196;81;90;165;40;185;106;178;3;14;144;62;9;148;102;49;52;55;57;129;92;179;145;78;82;2;101;1;97;26;100;53;180;154;135;70;127;123;162;149;131;65;116;43;184;10;177;54;48;160;34;146;22;18;108;69;159;181;42;5;41;193;139;68;140;93;117;143;183;89;186;23;137;0;46;115;59;118;51;151;133;176;80;79;63;94;124;152;86;75;120;44;25;16;171;175;113;56;31;157,3736582261345830165,0.003000
steepest_intra:nodes_start:greedy,197,71876,23077,48799,74750,4,198;46;68;139;193;41;5;42;181;159;69;108;18;22;146;34;160;48;54;177;10;190;84;184;43;116;65;149;123;127;162;151;133;135;70;154;180;53;121;100;26;86;75;44;25;16;171;175;113;56;31;78;145;179;196;81;90;165;40;185;106;178;3;14;144;62;9;148;102;49;52;55;57;92;129;82;120;2;101;1;97;152;124;94;63;79;80;176;137;23;186;89;183;143;117;0;51;118;59;115,6554613350545903465,0.003017
steepest_intra:nodes_start:greedy,198,71485,23362,48123,89700,5,68;46;115;59;118;51;0;117;143;183;89;186;23;137;176;80;79;63;94;124;152;97;1;101;2;120;82;129;92;57;55;52;49;102;148;9;62;144;14;3;178;106;185;40;165;90;81;196;179;145;78;31;56;113;175;171;16;25;44;75;86;26;100;121;53;180;154;70;135;133;151;162;127;123;149;65;116;43;184;112;4;190;10;177;54;48;160;34;146;22;18;108;69;159;181;42;5;41;193;139,4731896259150780557,0.002000
steepest_intra:nodes_start:greedy,199,71304,22988,48316,134550,8,93;68;46;139;115;59;118;51;0;117;143;183;89;186;23;137;176;80;79;63;94;124;152;97;1;101;2;120;82;129;92;57;55;52;49;102;148;9;62;144;14;3;178;106;185;40;165;90;81;196;179;145;78;31;56;113;175;171;16;25;44;75;86;26;100;121;53;180;154;70;135;133;151;162;127;123;149;65;116;43;184;84;190;10;177;54;48;160;34;181;42;5;41;193;159;146;22;18;108;140,4989974939176696921,0.005129
steepest_intra:edges_start:random,0,74110,24471,49639,1898650,126,62;9;148;152;2;1;97;101;75;86;53;94;63;180;154;135;123;112;4;190;10;177;54;184;84;35;43;42;181;160;34;103;146;22;159;41;193;18;69;108;140;93;117;143;0;68;46;198;139;96;5;115;118;59;116;65;131;149;162;151;133;79;80;176;137;183;89;23;186;114;15;144;14;21;164;27;90;165;119;40;185;196;31;56;113;175;171;16;78;145;44;120;129;92;57;55;52;106;178;49,118054881176369150,0.051022
steepest_intra:edges_start:random,1,73997,22430,51567,1943500,129,53;121;63;79;133;162;151;80;94;124;152;1;97;26;100;86;101;75;2;120;44;16;171;175;113;31;90;165;40;185;179;145;78;92;129;57;55;52;106;178;3;49;32;138;14;144;102;62;9;148;186;23;89;183;143;0;137;176;51;118;59;115;46;139;41;193;159;69;108;18;22;146;34;48;54;30;177;10;190;84;184;160;181;96;5;42;43;105;116;65;47;131;149;123;127;70;135;154;180;158,7072164383135759687,0.049897
steepest_intra:edges_start:random,2,74522,23787,50735,1988350,132,27;164;39;165;119;40;185;55;52;106;178;49;14;144;102;62;9;15;148;37;167;152;1;101;97;26;94;63;79;80;176;137;183;143;0;46;68;139;198;115;116;42;181;41;193;159;69;108;18;22;146;34;160;48;30;54;104;177;10;190;4;112;84;184;43;131;149;65;59;118;109;51;151;133;162;123;127;194;135;70;154;180;53;86;75;2;120;44;92;57;145;78;31;16;171;175;113;196;81;90,7486452860398184096,0.047980
steepest_intra:edges_start:random,3,72992,22556,50436,1928550,128,145;78;31;56;113;175;171;16;25;44;120;75;86;101;1;97;26;100;53;180;154;135;123;112;4;10;177;54;160;184;43;116;65;149;162;151;133;79;63;80;176;51;59;115;139;193;41;96;5;42;181;34;22;159;199;18;69;108;140;68;46;0;117;143;153;183;89;23;137;15;144;14;49;102;62;9;37;148;124;94;152;2;129;92;57;55;52;178;106;185;40;119;8;165;39;27;90;81;196;179,1616836378381253356,0.047022
steepest_intra:edges_start:random,4,74707,22687,52020,1958450,130,93;68;46;198;115;139;159;193;41;96;5;42;181;195;22;146;34;160;48;54;30;177;10;190;4;112;84;35;184;43;105;116;65;47;131;149;123;127;194;135;70;154;180;63;53;86;101;1;2;152;97;94;176;80;79;133;162;151;72;59;118;51;137;148;49;178;106;52;55;57;92;129;120;44;16;171;175;113;31;78;145;196;81;90;40;185;165;14;144;102;62;9;186;23;89;183;153;0;143;117,4991368982764525032,0.049511
steepest_intra:edges_start:random,5,76535,23237,53298,2048150,136,39;95;164;27;90;40;196;145;78;175;171;16;44;120;2;75;101;86;100;26;97;1;152;167;37;148;124;94;19;189;122;63;182;121;53;158;180;154;70;135;194;127;123;162;151;133;79;80;176;137;51;118;59;149;131;65;116;43;184;54;160;34;181;42;5;115;46;139;41;193;159;22;18;108;117;0;143;183;89;23;186;114;15;9;62;102;49;144;14;3;178;106;52;55;129;92;57;185;119;165,2255115712910230953,0.096516
steepest_intra:edges_start:random,6,72349,22768,49581,1958450,130,92;145;78;31;56;113;175;171;16;44;120;2;1;101;75;86;53;158;180;154;135;70;127;123;162;151;51;118;59;149;131;35;184;84;112;4;190;10;177;30;54;48;160;34;146;22;18;159;193;41;181;42;5;43;65;116;115;139;46;0;117;143;183;137;176;80;133;79;63;182;121;100;26;97;152;94;124;167;148;15;9;62;102;49;144;14;3;178;106;52;185;40;165;90;81;196;179;55;57;129,8571276791248144201,0.047508
steepest_intra:edges_start:random,7,72485,22047,50438,1823900,121,78;145;92;129;57;55;52;106;178;14;138;165;185;40;90;27;164;7;21;144;49;102;62;9;148;124;94;63;79;133;80;176;137;89;183;143;0;117;68;46;109;51;151;162;72;118;59;65;116;43;184;160;42;5;115;139;41;193;159;22;146;195;181;34;48;54;30;177;10;190;4;112;84;35;131;149;123;127;135;154;180;53;121;100;26;86;75;101;1;97;152;2;120;44;25;16;171;175;113;31,7785230734438148549,0.044002
steepest_intra:edges_start:random,8,73080,23260,49820,2048150,136,41;139;96;5;42;43;65;116;115;59;118;51;137;176;80;133;151;162;123;127;135;154;180;53;86;75;101;1;97;152;63;79;94;124;148;9;62;102;49;178;106;52;55;57;129;92;179;145;78;25;120;44;16;171;175;113;31;196;81;90;27;165;119;40;185;14;144;15;186;89;183;143;117;0;46;68;93;140;108;69;18;199;22;146;103;34;48;54;30;177;10;4;112;84;184;160;181;195;159;193,3515306768662632406,0.049839
steepest_intra:edges_start:random,9,74302,24176,50126,1853800,123,16;171;175;113;31;81;90;27;39;165;119;40;185;138;14;144;15;186;23;89;183;143;117;0;153;137;176;80;63;79;51;59;118;46;115;41;193;139;68;140;108;18;22;146;34;160;181;42;184;177;10;190;84;4;112;127;123;149;131;43;105;116;65;47;162;151;133;194;135;70;154;180;53;100;26;86;75;101;97;1;2;152;94;124;148;9;62;102;49;178;106;52;55;57;145;92;129;120;44;78,700280191026767399,0.043628
steepest_intra:edges_start:random,10,73300,24244,49056,1958450,130,16;171;175;113;56;31;78;145;179;92;57;55;52;178;106;185;165;40;196;81;90;164;7;21;14;49;144;62;9;148;186;23;89;183;153;143;170;117;0;137;176;59;149;131;65;116;43;42;115;46;68;139;41;193;159;69;108;18;22;146;103;195;181;34;160;48;54;177;10;190;184;112;127;123;162;151;133;80;79;63;135;70;154;180;53;86;75;101;1;97;26;100;121;94;124;152;2;129;120;44,1146711878935887262,0.046252
steepest_intra:edges_start:random,11,72934,21797,51137,2033200,135,97;26;100;86;75;101;1;2;129;120;44;25;16;171;175;113;31;78;145;92;57;55;52;185;119;40;81;90;27;164;95;39;165;106;178;3;49;14;144;62;9;37;148;15;114;186;23;89;183;143;0;137;176;80;79;133;162;151;51;59;116;65;47;149;131;77;43;42;5;115;46;139;41;193;159;22;146;181;34;160;48;54;177;10;184;35;84;4;112;123;127;135;154;180;53;121;63;94;124;152,8650479012670789923,0.047911
steepest_intra:edges_start:random,12,73992,25456,48536,2018250,134,94;124;148;167;49;178;106;185;52;55;57;92;129;152;1;97;26;86;101;75;2;120;44;25;78;145;179;31;16;171;175;113;56;157;196;81;40;165;90;27;164;7;21;138;14;144;102;62;9;15;186;89;183;143;0;137;176;51;109;118;115;139;46;68;108;69;18;193;41;159;22;146;181;34;160;54;177;184;84;112;127;70;135;154;53;180;162;123;149;43;42;116;65;59;72;151;133;80;79;63,8638892391535787991,0.048713
steepest_intra:edges_start:random,13,74845,23801,51044,1928550,128,93;117;143;0;68;46;198;139;115;59;65;116;43;42;184;131;149;162;151;133;79;80;176;51;137;183;89;9;62;102;144;14;49;178;106;185;40;119;165;90;81;196;157;31;85;56;113;175;171;88;16;78;145;179;92;129;57;55;52;167;148;124;94;63;121;152;2;82;25;44;120;75;101;1;97;26;100;86;53;158;180;154;135;127;123;112;4;177;54;160;34;181;5;41;193;159;146;22;18;108,1038718489515830805,0.045619
steepest_intra:edges_start:random,14,73639,22459,51180,2033200,135,140;68;46;198;115;139;41;193;159;18;22;146;195;181;34;54;184;160;42;5;43;116;65;149;123;127;135;154;180;53;63;79;133;151;162;59;118;109;51;176;80;122;94;124;111;167;152;97;1;101;86;75;2;129;82;120;44;25;78;16;171;175;113;31;196;81;90;27;164;39;165;40;185;179;145;92;57;55;52;106;178;3;138;14;49;144;62;9;37;148;15;186;137;23;89;183;143;0;117;93,5172962672632995224,0.047995
steepest_intra:edges_start:random,15,74160,22745,51415,2122900,141,78;145;179;52;55;57;92;129;82;25;44;120;2;75;86;101;1;152;97;26;100;189;121;53;180;154;135;70;127;123;65;116;43;5;42;184;54;160;34;22;18;108;159;193;41;139;115;46;68;93;117;0;143;183;89;23;137;51;118;59;162;151;133;79;80;176;122;63;94;124;167;148;15;9;62;102;49;144;21;14;138;3;178;106;185;40;119;165;90;81;196;157;38;31;85;56;113;175;171;16,8761076473909849877,0.051809
steepest_intra:edges_start:random,16,77625,23368,54257,2107950,140,75;86;100;26;19;189;99;121;182;136;53;158;180;154;135;123;112;184;177;54;160;34;181;42;41;193;159;146;22;18;117;143;183;0;68;46;198;139;115;5;43;116;65;131;149;59;118;109;51;72;151;162;133;79;80;176;137;122;63;94;124;167;148;15;9;62;144;102;49;14;3;178;106;52;55;57;185;40;119;165;39;27;90;81;145;78;113;175;171;16;25;44;120;92;129;2;152;97;1;101,5513381171257442548,0.052533
steepest_intra:edges_start:random,17,73701,24438,49263,2033200,135,131;59;151;133;80;79;63;180;135;70;154;158;53;100;26;97;1;101;86;75;2;152;94;148;9;62;49;178;106;52;55;57;92;129;120;44;25;16;171;175;113;78;145;185;40;165;39;90;27;164;7;21;14;144;15;186;89;183;23;137;176;51;118;115;139;46;0;143;117;93;108;18;159;193;41;96;5;116;65;47;43;42;181;195;22;146;34;160;54;177;10;184;35;84;4;112;127;123;162;149,862202091501368095,0.049048
steepest_intra:edges_start:random,18,74979,24883,50096,2137850,142,70;135;154;53;86;101;1;152;97;26;100;121;94;124;111;167;2;75;120;44;25;82;129;92;57;55;52;179;145;78;16;171;175;113;56;31;196;81;40;119;185;165;90;27;164;21;144;14;138;106;178;49;102;62;9;148;23;137;176;80;79;122;63;180;133;151;59;115;46;0;183;143;117;93;68;139;69;108;18;159;22;146;34;160;181;193;41;5;42;43;116;65;149;131;184;177;4;112;123;127,4178922687626260528,0.053639
steepest_intra:edges_start:random,19,73479,24800,48679,1973400,131,43;42;115;139;108;18;22;159;193;41;181;146;34;160;48;54;177;184;84;112;123;127;70;135;154;180;158;53;121;100;26;86;75;101;1;2;120;44;25;78;16;171;175;113;31;196;145;92;57;129;152;97;189;94;63;122;80;79;133;162;151;51;176;137;124;167;148;9;62;102;49;178;106;52;55;185;40;81;90;27;164;95;39;165;138;14;144;15;186;23;89;183;143;117;0;46;118;59;65;116,633391017953433171,0.048003
steepest_intra:edges_start:random,20,76287,22532,53755,2093000,139,69;139;115;198;46;68;93;117;0;143;183;89;23;137;186;114;15;148;167;37;9;62;102;49;178;106;138;14;144;21;164;90;165;119;40;185;52;55;57;129;92;145;78;44;120;2;1;101;75;86;100;26;97;152;124;94;189;121;53;158;154;180;63;79;133;80;176;51;118;59;151;162;135;70;127;123;149;131;47;65;116;43;42;5;41;193;159;181;160;184;10;177;54;48;34;103;146;22;18;108,4591100808734153155,0.054585
steepest_intra:edges_start:random,21,73894,23589,50305,1958450,130,149;59;51;118;115;139;46;68;117;0;143;183;89;137;9;62;102;144;14;138;106;178;49;167;37;148;176;80;79;122;63;121;189;94;124;152;2;129;92;179;57;55;52;185;40;119;165;39;95;164;27;90;81;196;145;78;31;113;175;171;16;25;44;120;75;86;101;1;97;26;100;53;158;180;154;70;135;133;151;162;123;127;112;84;35;184;10;177;54;160;34;22;159;193;41;42;43;116;65;131,2326355251517277432,0.051463
steepest_intra:edges_start:random,22,72496,23065,49431,2033200,135,18;159;193;41;139;46;115;42;181;195;22;146;34;160;48;54;177;10;184;84;112;149;131;77;43;116;47;65;59;118;51;137;176;80;122;79;133;151;162;123;127;70;135;154;180;53;121;63;94;152;2;1;97;26;86;101;75;120;44;25;16;171;175;113;31;81;196;145;78;92;129;57;55;52;178;106;185;40;119;90;165;138;14;144;49;102;62;9;37;148;15;186;89;183;143;0;117;93;108;69,4611598682014819955,0.054000
steepest_intra:edges_start:random,23,72199,23064,49135,2063100,137,185;40;165;39;164;27;90;81;196;145;78;31;113;175;171;16;44;120;92;57;129;2;152;97;1;101;75;86;26;100;53;121;94;63;79;180;154;135;123;112;4;84;190;10;177;54;184;160;34;181;42;43;116;65;47;131;149;162;151;133;80;176;137;51;109;118;59;115;46;68;139;41;193;159;195;146;22;18;69;108;140;93;117;0;143;183;89;23;186;15;148;9;62;144;102;49;14;178;106;52,1170453661042294330,0.050036
steepest_intra:edges_start:random,24,74098,23213,50885,1973400,131,103;146;195;22;199;18;108;69;159;193;41;96;115;139;198;46;68;140;93;117;0;143;183;137;176;80;133;79;122;63;94;152;2;129;92;57;55;52;106;178;49;9;62;144;14;138;21;164;165;90;81;40;185;145;78;31;113;175;171;16;44;120;75;86;101;1;97;53;180;154;135;70;127;123;162;151;51;118;59;149;131;47;65;116;105;43;5;42;181;160;184;84;112;4;190;10;177;54;48;34,5483778084269668798,0.047996
steepest_intra:edges_start:random,25,74000,23947,50053,1943500,129,70;154;180;158;53;121;182;63;94;124;152;2;1;97;26;100;86;101;75;120;44;16;171;175;113;31;145;78;25;129;92;57;55;185;179;196;81;90;27;40;119;165;138;14;144;102;49;3;178;106;52;167;148;9;62;183;89;23;137;176;80;79;133;151;51;118;59;65;116;43;42;5;96;115;139;46;0;143;117;108;18;22;146;195;159;193;41;181;34;160;54;177;184;84;112;127;123;162;194;135,5310185550613376197,0.047000
steepest_intra:edges_start:random,26,73650,23317,50333,1838850,122,118;51;151;80;176;137;23;89;183;143;0;46;115;139;41;193;159;108;18;22;146;103;34;160;181;42;116;65;47;43;184;54;177;10;4;112;84;35;131;149;123;127;70;135;154;180;158;53;121;100;26;97;101;86;75;120;44;25;16;88;171;175;113;56;31;78;145;92;179;185;40;165;90;21;144;102;62;9;15;148;167;49;14;3;178;106;52;55;57;129;2;1;152;124;94;63;79;133;162;59,7208447867980127571,0.044439
steepest_intra:edges_start:random,27,74990,23401,51589,2003300,133,113;56;31;81;90;27;39;165;40;185;106;178;3;14;144;62;9;15;114;186;89;183;23;137;176;122;94;63;79;80;51;118;59;115;46;139;18;22;159;193;41;181;34;160;54;177;10;4;112;84;184;42;43;105;116;65;47;149;131;35;123;127;194;162;151;133;135;70;154;180;158;53;121;100;26;86;75;101;97;1;2;152;124;167;148;102;49;52;55;57;129;92;145;78;120;44;25;16;171;175,8087768184180344904,0.052538
steepest_intra:edges_start:random,28,73630,24901,48729,2137850,142,9;62;144;21;164;27;90;39;165;185;40;81;196;31;113;175;171;16;25;44;120;75;86;101;1;97;152;2;129;78;145;92;57;55;52;106;178;3;138;14;49;102;148;167;124;94;63;79;133;180;53;158;154;135;70;127;123;112;4;190;10;177;184;42;5;181;160;48;54;34;146;22;18;108;69;159;193;41;139;143;0;46;115;59;65;116;43;47;131;149;162;151;51;80;176;137;23;183;89;186,3364137976093569515,0.053077
steepest_intra:edges_start:random,29,72857,22676,50181,2003300,133,109;51;176;80;79;63;94;124;148;9;62;144;49;14;138;3;178;106;52;55;57;185;40;119;165;90;81;31;113;175;171;16;78;145;92;44;120;2;152;97;1;101;75;86;26;100;121;53;180;154;135;70;127;123;162;133;151;149;131;47;65;116;43;5;42;160;184;35;84;112;4;190;10;177;54;48;34;181;146;22;18;108;159;193;41;139;198;68;117;0;143;183;89;23;137;46;115;118;59;72,265958032049162393,0.051603
steepest_intra:edges_start:random,30,73980,23893,50087,1898650,126,94;124;167;148;9;62;144;14;49;178;106;52;55;57;129;92;78;145;185;165;39;95;164;27;90;119;40;81;196;31;113;175;171;16;25;44;120;82;2;152;97;1;101;75;86;26;100;121;136;53;158;180;154;135;70;127;123;112;4;84;184;177;54;160;34;181;42;41;193;22;18;139;68;140;93;117;170;143;183;89;23;137;0;46;115;59;116;43;65;149;162;133;151;51;176;80;79;122;63;189,301781680243737575,0.044692
steepest_intra:edges_start:random,31,75102,23323,51779,2018250,134,118;115;46;51;137;0;143;183;148;9;62;144;14;49;178;106;52;55;185;40;119;165;39;95;7;164;27;90;81;196;157;31;85;56;113;175;171;16;78;145;179;57;92;129;82;25;44;120;2;152;97;1;101;75;86;26;100;53;121;189;124;94;80;176;151;162;133;79;122;63;180;154;135;123;112;4;177;54;48;184;160;34;181;146;22;18;159;193;41;139;96;5;42;43;116;65;47;131;149;59,2189646664849687099,0.048497
steepest_intra:edges_start:random,32,73979,24161,49818,2078050,138,152;1;101;86;75;2;120;44;25;16;88;171;175;113;56;31;196;145;78;92;57;55;52;178;3;106;185;40;119;165;90;164;21;144;14;49;102;62;9;89;183;137;148;94;63;79;133;162;151;80;176;51;118;59;116;41;139;115;46;68;0;170;143;117;93;140;108;69;18;193;159;22;146;34;30;54;177;10;190;184;48;160;181;42;43;47;65;149;131;35;112;123;127;70;135;154;180;53;26;97,7396210799886924774,0.050486
steepest_intra:edges_start:random,33,73557,23535,50022,2063100,137,127;135;154;180;53;86;75;101;1;97;152;2;129;120;44;25;145;78;16;171;175;113;31;81;196;179;92;57;55;52;106;178;3;138;185;40;119;165;39;90;27;164;7;21;144;14;49;102;62;9;148;124;94;63;79;133;162;123;149;131;47;65;116;59;51;151;80;176;137;23;89;183;143;0;46;115;139;18;193;41;5;42;181;159;22;146;34;160;48;54;177;10;184;43;105;77;35;84;4;112,7151640698492285622,0.050537
steepest_intra:edges_start:random,34,73619,23490,50129,2078050,138,137;89;183;143;0;117;108;18;22;146;34;54;160;43;65;116;5;42;181;159;193;41;115;198;139;68;46;118;59;72;109;51;66;176;80;122;63;79;133;151;162;149;131;35;184;177;10;190;4;112;123;127;70;135;154;180;53;86;100;26;97;1;101;75;120;44;25;16;171;175;113;31;78;145;92;57;129;2;152;94;124;148;9;62;102;49;3;178;106;52;55;185;40;81;90;165;138;14;144;15,7269642564483246414,0.054064
steepest_intra:edges_start:random,35,76202,23398,52804,2152800,143,56;113;175;171;88;16;44;25;78;145;92;120;2;1;101;75;86;97;26;100;121;53;180;154;135;127;123;112;84;184;177;54;160;34;146;22;159;181;42;43;116;65;47;131;149;162;151;133;79;63;80;176;51;118;59;115;5;41;193;139;46;0;143;183;89;23;137;144;49;102;62;9;148;94;152;129;57;55;52;106;178;14;21;7;164;58;95;27;90;39;165;185;40;81;196;179;157;31;85;13,6771808084463657410,0.054037
steepest_intra:edges_start:random,36,72376,22364,50012,2122900,141,145;78;16;171;175;113;56;31;196;40;90;27;39;165;185;55;52;106;178;49;14;144;102;62;9;148;124;94;63;122;176;137;23;89;183;143;0;117;93;140;108;69;18;193;41;159;22;146;34;48;54;30;177;10;190;4;112;84;35;131;149;47;65;116;43;184;160;181;42;5;115;139;46;118;59;51;80;79;133;151;162;123;127;70;135;154;180;158;53;26;86;75;101;1;97;152;2;120;44;92,2328374001393789240,0.053035
steepest_intra:edges_start:random,37,75046,23761,51285,1853800,123,27;90;81;31;56;113;175;171;16;78;145;179;57;92;129;44;120;2;152;97;1;101;75;86;26;100;121;136;53;158;180;154;70;135;194;127;123;162;149;43;35;112;84;184;177;54;34;160;42;41;193;159;22;18;108;68;139;115;116;65;59;151;51;118;46;0;143;183;89;137;176;80;133;79;122;63;94;124;148;37;111;167;55;52;106;178;3;49;102;9;62;144;14;138;185;40;119;165;39;164,1449250361648593191,0.045870
steepest_intra:edges_start:random,38,76039,25165,50874,1719250,114,144;102;49;129;82;25;44;120;2;152;1;101;75;86;97;53;180;154;135;162;72;151;133;176;80;79;63;94;124;167;148;37;9;62;15;137;51;118;59;115;116;65;47;43;131;149;123;127;112;84;184;160;42;5;41;193;159;181;34;103;146;22;18;108;139;46;0;117;143;183;89;23;186;114;73;21;164;165;185;40;119;90;81;196;157;31;113;175;171;16;78;145;92;57;55;52;106;178;3;14,2252880863533850678,0.042145
steepest_intra:edges_start:random,39,74952,24117,50835,2063100,137,65;116;115;198;46;60;51;109;118;59;72;151;162;133;79;63;122;80;176;137;23;183;89;186;9;62;144;49;14;138;165;90;119;40;185;106;178;52;55;167;148;124;94;152;2;129;92;57;179;196;81;31;56;113;175;171;16;78;145;44;120;75;101;1;97;86;26;100;121;53;180;154;135;123;112;4;190;10;177;54;48;184;160;34;181;146;22;18;117;143;0;68;139;41;193;159;42;43;131;149,5554023766619954163,0.053885
steepest_intra:edges_start:random,40,75224,22651,52573,1749150,116,16;171;175;113;56;31;157;196;179;145;78;92;129;57;55;52;178;3;106;185;119;40;81;90;27;164;7;95;39;165;14;144;49;102;62;9;148;124;94;63;122;79;133;80;176;51;151;162;72;59;118;46;139;68;0;137;23;89;183;143;117;93;140;108;18;22;193;41;115;116;65;43;42;160;184;131;149;123;127;135;154;180;158;53;136;121;189;152;97;1;101;26;100;86;75;2;82;120;44;25,1650209975323944329,0.047123
steepest_intra:edges_start:random,41,72793,22711,50082,1913600,127,139;18;108;140;93;117;0;143;183;89;137;176;80;79;122;63;94;124;189;121;100;26;97;101;1;152;2;82;129;92;57;55;52;106;178;49;102;148;9;62;144;14;138;165;185;40;119;90;81;196;31;113;175;171;16;78;145;25;44;120;75;86;53;180;154;135;127;123;162;133;151;72;51;109;59;118;46;115;5;42;116;65;149;43;184;35;84;112;4;177;54;48;160;34;181;146;22;159;193;41,347190530467513893,0.050275
steepest_intra:edges_start:random,42,74799,21809,52990,2063100,137,117;93;140;68;46;198;139;115;96;41;193;159;108;18;22;146;195;181;34;160;48;54;177;10;190;4;112;84;35;184;42;5;43;105;116;65;47;77;131;149;162;123;127;135;154;180;53;100;26;97;152;1;101;86;75;2;129;120;44;16;171;78;145;92;57;55;52;185;40;90;27;165;106;178;3;49;14;144;102;62;9;148;124;94;63;122;80;79;133;151;59;118;51;176;137;23;89;183;143;0,1368961099599452926,0.053113
steepest_intra:edges_start:random,43,72386,22969,49417,1958450,130,184;160;181;42;5;115;118;59;65;116;43;131;149;123;127;70;135;154;53;180;133;162;151;176;80;79;63;121;100;26;86;75;101;1;97;94;124;152;2;129;55;52;57;92;120;44;25;16;171;175;113;56;31;78;145;196;81;90;27;58;164;7;95;39;165;119;40;185;106;178;3;14;144;49;102;62;9;148;137;23;186;89;183;143;0;46;68;139;41;193;159;18;22;146;34;54;177;4;112;84,3086838054656384239,0.046316
steepest_intra:edges_start:random,44,73790,23707,50083,2063100,137,92;129;2;75;101;86;154;70;135;180;53;121;100;26;97;1;152;167;111;124;94;63;122;79;80;176;51;72;151;133;162;123;149;131;65;116;59;118;115;5;42;43;184;84;112;4;10;177;160;34;181;146;22;18;108;69;159;193;41;139;46;0;117;143;183;89;23;137;148;9;62;144;21;164;90;165;40;185;138;14;102;49;3;178;106;52;55;57;179;145;78;31;56;113;175;171;16;25;44;120,3077528534175882608,0.050683
steepest_intra:edges_start:random,45,74123,23509,50614,2003300,133,54;160;34;22;41;193;18;108;117;0;170;143;183;89;23;148;9;62;102;144;14;49;3;178;106;167;124;94;189;152;97;1;101;2;129;57;55;52;185;40;119;165;39;164;27;90;81;196;157;31;56;113;175;171;16;78;145;92;25;44;120;75;86;26;100;121;136;53;158;180;154;135;70;127;123;162;151;133;79;63;122;80;176;137;51;118;59;115;46;139;42;43;116;65;149;131;35;184;10;177,7003508294070113564,0.046369
steepest_intra:edges_start:random,46,73634,23862,49772,2003300,133,18;22;146;159;193;41;139;46;115;118;59;149;131;65;116;43;42;181;34;160;48;54;177;10;184;84;112;123;127;194;162;151;72;51;176;80;122;63;79;133;135;70;154;180;53;100;26;97;1;101;86;75;2;152;94;148;102;49;178;106;52;55;57;92;129;120;44;145;78;16;171;175;113;56;31;157;179;196;81;90;27;164;7;95;39;165;119;40;185;14;144;62;9;137;183;143;117;93;140;108,3441616714852352370,0.047574
steepest_intra:edges_start:random,47,74142,22779,51363,2107950,140,176;137;23;183;89;186;144;14;49;102;62;9;148;167;55;52;106;178;3;185;40;119;165;39;95;7;164;58;27;90;81;196;179;57;92;145;78;31;113;175;171;16;44;120;2;152;97;1;101;75;86;26;100;121;53;180;154;135;70;127;123;162;72;59;149;131;47;65;116;43;184;160;34;146;22;159;193;41;42;115;198;139;69;18;108;93;117;143;0;68;46;118;109;51;151;133;79;63;94;80,1629589796457848543,0.051056
steepest_intra:edges_start:random,48,74599,22589,52010,2048150,136,106;185;40;165;14;144;49;102;62;9;15;148;124;94;122;80;176;151;118;51;137;89;183;143;170;0;117;93;140;108;69;18;22;159;195;146;34;181;42;5;96;41;193;139;68;46;115;59;65;47;116;105;43;160;48;54;184;177;10;190;4;112;131;149;162;123;127;70;135;133;79;63;180;154;158;53;121;100;26;97;152;1;101;86;75;2;120;44;25;16;171;175;113;78;145;92;57;55;52;178,6439009861772425263,0.053003
steepest_intra:edges_start:random,49,73373,23074,50299,2122900,141,84;184;54;160;34;181;42;41;193;159;146;22;18;117;143;0;46;68;139;115;59;118;109;51;72;151;133;79;63;94;80;176;137;23;183;89;186;114;15;148;9;62;102;144;14;49;178;106;52;55;57;129;92;78;145;179;196;185;40;119;165;27;90;81;157;31;113;175;171;16;25;44;120;2;75;86;101;1;152;97;26;100;121;136;53;158;180;154;70;135;194;127;123;162;149;65;116;43;35;112,3194532419227820100,0.054230
steepest_intra:edges_start:random,50,73438,24238,49200,1853800,123,43;184;112;4;10;177;54;48;160;34;181;42;41;193;159;146;22;18;108;69;139;68;46;0;143;183;89;186;23;137;148;9;62;102;49;52;106;178;3;14;144;21;7;164;27;90;39;165;40;185;196;31;113;175;171;16;44;25;78;145;92;57;55;129;120;2;152;189;26;97;1;101;75;86;100;121;53;70;135;154;180;94;63;79;80;176;51;118;115;59;72;151;133;162;123;149;131;47;65;116,1879919803712115934,0.044508
steepest_intra:edges_start:random,51,74927,22647,52280,1928550,128,184;177;54;160;34;22;193;41;139;46;0;117;143;183;89;23;137;186;15;148;167;37;9;62;144;102;49;178;3;138;14;21;7;164;95;39;165;8;185;40;119;90;81;196;157;56;113;175;171;16;31;78;145;179;91;106;52;55;57;92;129;25;44;120;2;152;97;1;101;75;86;26;100;121;124;94;122;63;53;180;154;135;127;123;162;151;133;79;80;176;51;59;115;5;42;43;116;65;149;131,952899703734875951,0.045045
steepest_intra:edges_start:random,52,72301,23377,48924,1943500,129,176;133;135;127;123;162;151;51;59;46;139;115;116;65;149;43;184;112;4;177;54;48;160;34;146;181;42;5;96;41;193;159;22;18;69;108;140;93;117;0;143;183;89;186;23;137;148;9;62;102;49;144;14;3;178;106;52;55;185;40;119;165;39;164;27;90;81;196;179;57;129;92;145;78;31;113;175;171;16;25;44;120;2;152;124;94;189;97;1;101;75;86;26;100;53;154;180;63;79;80,1299256115693552211,0.044536
steepest_intra:edges_start:random,53,74578,23480,51098,1868750,124,118;51;151;133;135;70;154;180;53;86;101;97;1;2;152;94;63;122;79;80;176;137;148;167;55;179;145;78;92;57;129;120;44;25;16;171;175;113;56;31;157;196;81;187;90;27;39;165;119;40;185;52;106;178;49;14;144;62;9;186;89;183;143;0;117;93;140;68;46;139;163;108;69;18;199;193;41;159;22;146;34;181;42;160;48;54;177;10;4;112;184;35;123;149;131;65;116;43;115;59,6778267485664936115,0.044736
steepest_intra:edges_start:random,54,72343,23611,48732,2048150,136,148;15;186;137;23;89;183;143;117;0;46;115;139;108;18;22;146;181;159;193;41;96;5;42;43;116;65;149;131;160;34;48;54;177;10;184;112;123;162;151;59;118;51;176;80;124;94;63;79;133;135;70;154;180;53;121;100;26;86;75;101;1;97;152;2;120;129;57;92;145;78;44;16;171;175;113;56;31;196;81;90;27;164;7;95;39;165;119;40;185;55;52;106;178;49;14;144;102;62;9,3009918936975819564,0.046516
steepest_intra:edges_start:random,55,75666,23353,52313,1988350,132,171;16;44;120;75;86;101;1;97;26;100;53;180;154;70;135;63;79;133;151;72;162;123;127;112;4;84;184;10;177;54;48;160;34;181;195;103;146;22;159;193;18;108;68;46;115;139;41;96;5;42;43;105;116;65;47;131;149;59;118;109;51;176;80;122;94;124;152;2;92;57;55;52;106;178;49;102;62;9;148;137;183;89;23;186;15;144;14;21;7;164;27;90;165;40;185;145;78;113;175,3878577761211590009,0.048690
steepest_intra:edges_start:random,56,73178,24732,48446,2003300,133,175;113;56;31;78;145;196;81;90;27;164;39;165;40;185;52;106;178;49;14;144;62;9;15;148;94;63;79;80;137;23;186;89;183;176;133;151;162;65;59;51;109;118;115;139;68;46;0;143;117;93;140;108;69;18;199;22;146;159;193;41;116;43;42;181;34;160;48;54;177;10;184;84;112;123;127;194;135;70;154;180;53;86;75;101;1;100;26;97;152;2;129;55;57;92;120;44;25;16;171,357410881589831277,0.050068
steepest_intra:edges_start:random,57,75294,23111,52183,2063100,137,109;72;118;59;116;65;47;149;131;77;43;42;5;96;115;139;198;46;68;0;183;143;117;93;108;69;18;22;146;195;159;193;41;181;34;160;48;54;177;10;184;112;123;127;194;135;70;154;180;158;53;86;101;97;1;2;120;44;16;171;175;113;56;31;81;196;179;145;78;92;129;57;55;52;178;106;185;40;119;90;165;138;14;49;144;62;9;148;152;94;63;122;79;133;162;151;80;176;137;51,2944509910575918417,0.054274
steepest_intra:edges_start:random,58,74318,23048,51270,1943500,129,23;137;186;15;148;37;9;62;144;102;49;14;138;185;40;119;165;90;81;196;31;56;113;175;171;16;25;78;145;92;129;57;55;52;106;178;3;128;167;2;82;44;120;75;86;101;1;152;97;26;100;53;158;70;135;154;180;136;182;121;94;124;176;80;63;79;133;151;162;123;149;131;65;116;59;118;115;46;139;193;41;43;42;181;160;184;177;54;34;146;22;159;18;108;93;117;0;143;183;89,1872427532744967722,0.052931
steepest_intra:edges_start:random,59,73487,23203,50284,2063100,137,115;118;59;72;162;133;151;51;176;80;79;122;63;94;124;167;148;137;23;183;89;186;15;9;62;102;49;144;14;138;39;90;165;119;40;185;3;178;106;52;55;57;92;78;145;179;196;31;56;113;175;171;16;25;44;120;129;2;74;152;97;1;101;75;86;26;100;53;180;154;135;127;123;149;131;65;116;43;5;42;184;112;4;10;177;54;160;34;181;41;193;159;22;18;108;139;117;143;0;46,7465080412320836791,0.057606
steepest_intra:edges_start:random,60,71591,23039,48552,1913600,127,106;178;49;167;148;9;62;102;144;14;21;7;164;27;90;165;185;40;81;196;157;31;56;113;175;171;16;78;145;25;44;120;75;86;53;180;154;135;70;127;112;4;84;35;184;177;54;160;34;146;22;159;193;41;42;43;116;65;47;131;149;123;162;133;151;51;109;118;59;115;139;46;68;18;108;93;117;0;170;143;183;89;23;137;176;80;79;63;94;26;97;101;1;152;2;129;92;57;55;52,5119336806148799426,0.048371
steepest_intra:edges_start:random,61,74037,22726,51311,1928550,128,139;68;46;0;143;183;89;137;176;80;79;122;63;94;124;167;148;15;9;62;144;14;102;49;3;178;106;52;55;57;92;78;145;185;40;119;165;27;90;81;196;31;113;175;171;16;120;2;152;97;1;101;75;86;26;53;154;180;133;194;135;70;127;123;162;151;51;118;59;149;131;47;65;116;105;77;43;184;35;84;112;4;10;177;54;48;160;34;181;146;22;18;108;69;159;193;41;42;5;115,9006607218816933759,0.047999
steepest_intra:edges_start:random,62,73359,23290,50069,2018250,134,93;140;68;46;115;139;41;193;159;18;22;146;34;48;160;181;42;5;43;184;54;30;177;10;190;4;112;127;123;149;65;116;59;51;151;133;162;194;135;70;154;180;158;53;121;94;63;122;79;80;176;137;148;9;62;102;49;3;178;106;52;55;57;145;92;2;152;1;97;26;86;101;75;120;44;25;78;31;16;171;175;113;81;90;165;119;40;185;138;14;144;15;186;23;89;183;143;170;0;117,5343906936621955342,0.050002
steepest_intra:edges_start:random,63,72404,23091,49313,1794000,119,59;65;131;149;123;127;70;135;154;180;53;26;97;152;1;101;86;75;2;129;57;55;52;178;106;185;40;179;145;78;92;120;44;25;16;171;175;113;56;31;157;196;81;90;165;164;21;144;14;49;102;62;9;148;167;124;94;63;122;79;133;162;151;80;176;137;23;186;89;183;143;0;117;68;46;139;41;193;159;22;34;48;54;30;177;10;190;4;112;84;184;160;181;96;5;42;43;116;115;118,2252323723438218179,0.045020
steepest_intra:edges_start:random,64,73777,24217,49560,1913600,127,160;181;42;5;43;116;47;65;118;59;149;131;35;184;54;30;177;10;190;4;112;127;123;162;151;133;79;135;70;154;180;158;53;26;86;75;101;1;97;152;2;120;44;129;92;57;55;52;179;145;78;16;171;175;113;56;31;157;196;81;40;119;185;165;90;27;164;21;14;138;3;106;178;49;102;144;62;9;148;94;63;80;176;51;137;89;183;0;46;115;139;68;108;18;193;41;159;22;34;48,6748491035545031078,0.046001
steepest_intra:edges_start:random,65,73508,23020,50488,2167750,144,86;75;101;1;97;152;120;44;25;129;92;145;78;16;171;175;113;31;157;196;81;90;27;165;119;40;185;57;55;52;106;178;49;14;144;62;9;15;148;124;94;63;122;79;80;176;137;23;186;114;89;183;153;143;117;0;46;51;151;133;162;59;116;65;47;43;42;5;159;193;41;115;139;68;108;69;18;22;146;181;34;160;48;54;177;184;84;112;35;131;149;123;135;154;180;158;53;121;100;26,3349045033586692838,0.053038
steepest_intra:edges_start:random,66,76129,23495,52634,2122900,141,15;114;89;183;76;137;23;186;148;37;167;124;94;63;122;176;80;79;133;162;151;51;109;118;59;115;116;65;149;43;42;159;193;41;139;68;46;0;153;143;170;117;93;108;18;22;146;34;160;54;184;112;123;127;135;154;180;53;121;100;26;97;86;75;101;1;152;2;120;44;92;145;78;31;16;171;175;113;81;90;27;164;95;39;165;119;40;185;55;52;106;178;3;138;14;144;49;102;62;9,4366331665575173477,0.053175
steepest_intra:edges_start:random,67,73209,24123,49086,2093000,139,144;102;49;14;3;178;106;52;55;57;129;92;78;145;179;185;40;165;39;95;164;27;90;81;31;113;175;171;16;44;120;2;152;97;1;101;75;86;53;158;154;70;135;180;63;94;80;176;51;79;133;151;162;123;127;112;84;35;131;149;65;59;118;46;68;139;198;115;193;159;41;5;42;116;43;160;184;10;177;54;34;181;146;22;199;18;69;108;140;93;117;0;143;183;89;23;137;148;9;62,6482305560586328495,0.052992
steepest_intra:edges_start:random,68,74744,25529,49215,1823900,121,5;41;193;181;195;146;22;159;18;69;108;117;143;0;46;68;139;115;59;162;151;51;176;137;23;89;183;9;62;144;14;138;185;40;165;39;95;21;7;164;90;81;145;78;113;175;171;16;44;120;129;92;57;55;52;106;178;49;102;148;124;94;80;79;63;121;100;26;97;152;2;1;101;75;86;53;154;180;133;135;70;127;123;112;4;84;35;131;149;47;65;116;43;184;10;177;54;34;160;42,3078364581600114294,0.047170
steepest_intra:edges_start:random,69,72932,23241,49691,1988350,132,154;180;53;26;97;86;101;1;152;2;120;44;25;16;171;175;113;31;78;145;92;129;57;55;52;49;178;106;185;40;165;90;164;7;21;14;144;62;148;94;63;79;80;176;137;23;186;89;183;143;0;117;93;108;69;18;193;41;96;5;42;184;48;160;181;159;22;146;34;30;54;177;10;190;4;112;84;35;131;149;77;43;47;65;116;115;198;139;68;46;118;59;51;151;133;162;123;127;70;135,7139846614045267504,0.052793
steepest_intra:edges_start:random,70,73681,23754,49927,2048150,136,1;101;75;86;26;97;152;94;176;80;133;79;63;53;180;154;135;127;112;4;10;177;54;48;160;34;181;146;22;159;193;41;42;5;115;139;69;18;108;140;68;46;118;59;65;47;116;105;43;184;84;35;131;149;123;162;151;51;137;183;89;23;186;15;148;9;62;102;49;14;144;21;7;164;90;165;40;185;3;178;106;52;55;57;129;92;179;196;31;56;113;175;171;16;78;145;25;44;120;2,1718842281699076663,0.051044
steepest_intra:edges_start:random,71,72835,24234,48601,1943500,129,95;39;165;185;40;90;81;196;157;31;56;113;175;171;16;25;78;145;92;57;55;52;106;178;3;49;62;9;148;124;94;189;152;2;120;44;75;101;1;97;26;100;86;53;180;154;135;70;127;123;112;4;10;177;54;184;42;181;160;34;146;22;18;108;159;193;41;139;68;46;115;43;116;65;131;149;59;51;151;162;133;79;63;122;80;176;137;0;117;143;183;89;23;186;144;14;138;21;7;164,7709912221176739681,0.048355
steepest_intra:edges_start:random,72,73876,22612,51264,2107950,140,41;139;68;69;18;108;140;93;117;143;170;0;153;183;89;186;23;137;148;9;62;144;14;49;178;106;52;55;57;129;92;78;145;185;40;165;90;81;196;31;56;113;175;171;16;44;120;2;152;1;101;75;86;97;26;100;121;182;189;94;124;12;122;63;79;133;180;53;158;154;135;127;123;162;151;80;176;51;59;118;46;198;115;116;65;43;5;42;184;190;10;177;54;160;34;181;146;22;159;193,3893588340278120769,0.052557
steepest_intra:edges_start:random,73,73375,22907,50468,1943500,129,109;51;176;80;79;122;63;189;94;124;148;62;144;49;14;165;39;27;90;81;40;119;185;106;178;52;55;57;145;78;31;56;113;175;171;16;25;44;120;82;92;129;2;152;97;1;101;75;86;26;100;121;53;158;180;154;135;70;127;112;184;177;54;160;34;181;41;193;159;146;22;18;69;108;117;143;183;89;186;23;137;0;46;68;139;115;42;43;116;65;47;131;149;123;162;133;151;72;59;118,2201517864173708659,0.047572
steepest_intra:edges_start:random,74,72781,22812,49969,2063100,137,143;183;89;23;137;176;80;122;94;124;167;148;9;62;144;102;49;14;138;39;90;81;196;185;40;165;3;178;106;52;55;57;129;92;145;78;31;56;113;175;171;16;44;120;2;152;97;1;101;75;86;26;100;121;53;158;154;180;63;79;133;194;135;70;127;123;162;151;51;118;59;116;65;47;149;131;112;177;54;184;160;34;181;42;43;5;115;46;68;139;41;193;159;195;146;22;18;108;117;0,3362049995054372183,0.048015
steepest_intra:edges_start:random,75,72920,23834,49086,2093000,139,97;1;101;86;75;120;44;25;78;16;171;175;113;31;145;179;196;81;40;185;165;90;27;164;21;144;186;89;183;137;176;80;122;63;79;133;151;51;118;59;115;46;68;139;41;193;69;108;18;159;195;22;146;34;181;42;43;116;65;149;131;35;184;160;54;177;10;190;84;4;112;123;162;127;70;135;154;180;53;100;26;94;124;148;9;62;102;49;14;138;3;178;106;52;55;57;92;129;2;152,8243523145131292335,0.049016
steepest_intra:edges_start:random,76,74044,24355,49689,2018250,134,178;49;102;62;9;148;124;94;80;133;79;63;53;158;180;154;135;127;123;162;151;72;59;116;65;149;131;112;4;177;54;48;160;184;43;42;5;115;139;41;193;159;181;34;103;146;22;18;117;143;0;46;118;51;176;137;183;89;186;144;14;138;21;7;164;58;95;27;90;39;165;185;40;81;196;31;56;113;175;171;16;78;145;25;44;120;75;101;86;26;97;1;152;2;129;92;57;55;52;106,3585910781864416474,0.045506
steepest_intra:edges_start:random,77,74269,22173,52096,2122900,141,195;181;34;160;48;54;177;10;190;184;43;42;5;159;193;41;115;139;68;46;59;116;65;47;131;149;123;127;70;135;154;180;53;101;1;97;152;120;44;25;16;171;175;113;56;31;157;81;90;164;7;95;39;165;119;40;185;196;179;145;78;92;57;55;52;106;178;3;138;14;144;49;102;62;9;148;94;63;79;133;162;151;80;176;137;23;186;89;183;153;0;170;143;117;93;108;18;22;146;103,4099715732141439309,0.051000
steepest_intra:edges_start:random,78,76294,23973,52321,2033200,135,119;40;81;90;165;138;14;144;49;102;62;9;186;89;183;143;0;46;115;139;193;41;5;43;42;181;195;159;22;146;34;30;10;177;54;48;160;184;35;116;65;149;123;127;70;135;194;162;151;133;79;180;154;53;121;63;80;176;51;59;118;137;148;167;57;92;129;2;152;124;94;100;26;97;1;101;86;75;120;82;44;25;16;171;175;113;56;85;31;38;157;196;78;145;179;55;52;178;106;185,5752475275241729056,0.048015
steepest_intra:edges_start:random,79,72684,22758,49926,1913600,127,44;16;171;175;113;56;31;157;196;81;90;27;165;40;185;55;52;106;178;49;138;14;144;102;62;9;148;167;124;94;63;122;80;79;133;151;162;123;149;65;59;118;109;51;176;137;23;89;183;143;0;117;93;140;68;46;139;69;108;18;22;146;34;160;181;195;159;193;41;115;116;43;42;184;112;127;70;135;154;180;53;121;152;1;97;26;100;86;101;75;2;82;129;92;57;179;145;78;25;120,520559183905036434,0.044998
steepest_intra:edges_start:random,80,74204,24416,49788,1943500,129,181;42;5;96;115;139;41;193;159;22;18;108;117;143;183;0;68;46;118;59;51;137;176;80;94;124;152;97;1;2;129;92;78;145;179;57;55;52;167;148;9;62;144;14;49;3;178;106;185;40;165;90;81;196;157;31;56;113;175;171;16;25;44;82;120;75;101;86;26;100;121;53;158;70;127;135;154;180;63;122;79;133;151;162;123;112;131;149;65;116;43;160;48;184;10;177;54;34;103;146,7269205322640394787,0.045158
steepest_intra:edges_start:random,81,73268,24530,48738,2033200,135,81;196;78;145;179;185;40;119;165;90;164;21;144;62;9;15;137;23;89;183;143;0;117;93;108;18;139;68;46;115;118;51;176;80;122;124;94;63;79;133;162;151;72;59;65;116;43;5;42;181;41;193;159;22;146;103;34;160;48;54;177;10;184;84;112;123;127;70;135;154;180;158;53;86;75;2;101;1;97;152;167;148;49;14;138;3;178;106;52;55;57;92;129;120;44;16;171;175;113;31,6292634208452607392,0.049997
steepest_intra:edges_start:random,82,72691,23584,49107,1898650,126,102;144;14;138;185;40;119;165;39;27;90;81;31;113;175;171;16;25;44;120;75;86;101;1;97;94;53;180;154;135;70;127;112;4;84;190;10;177;30;54;48;160;184;43;116;65;47;131;149;123;162;133;79;63;80;176;151;59;118;115;5;42;181;34;22;18;108;69;159;193;41;139;46;68;140;93;117;0;143;183;137;23;186;15;62;9;148;167;152;2;129;78;145;92;57;55;52;106;178;49,4593203809949400297,0.045531
steepest_intra:edges_start:random,83,72235,23660,48575,2167750,144,18;108;159;193;41;139;46;115;5;42;43;116;65;118;59;149;123;162;133;151;51;0;117;143;183;89;137;176;80;79;63;94;124;167;148;9;62;102;49;14;144;21;7;164;27;90;165;119;40;185;106;3;178;52;55;57;92;179;196;81;157;31;56;113;175;171;16;78;145;25;44;120;129;2;75;86;101;1;152;97;26;53;158;180;154;135;127;112;84;184;190;10;177;54;160;34;181;195;146;22,5815047741146648545,0.053092
steepest_intra:edges_start:random,84,73457,23644,49813,2107950,140,101;1;97;152;2;75;86;53;158;180;154;135;70;127;112;4;84;35;184;177;54;160;34;181;159;195;146;22;18;108;193;41;5;42;43;116;65;131;149;123;162;133;79;80;176;51;109;151;72;59;118;115;139;46;68;140;93;117;0;143;183;137;144;14;165;39;27;90;40;185;179;145;78;196;31;56;113;175;171;16;25;44;120;129;92;57;55;52;106;178;49;102;62;9;148;94;63;121;100;26,6421465501736572983,0.052980
steepest_intra:edges_start:random,85,73518,22316,51202,2003300,133,184;42;43;116;65;131;149;123;127;135;154;180;158;53;121;100;26;86;75;101;1;97;152;2;129;120;44;16;171;175;113;56;31;157;81;90;27;165;119;40;185;169;196;179;145;78;92;57;55;52;106;178;14;49;102;144;62;9;148;124;94;137;176;80;63;79;133;162;151;51;109;118;59;46;68;0;89;183;143;117;93;140;108;69;18;199;139;198;115;41;193;159;22;146;195;181;34;160;54;177,5310030853545753236,0.049590
steepest_intra:edges_start:random,86,71632,22725,48907,1973400,131,65;116;43;42;5;96;115;59;118;51;80;176;137;183;143;0;117;93;140;68;46;139;41;193;159;69;108;18;22;146;195;181;34;160;48;54;184;177;10;190;4;112;127;70;135;154;180;53;86;75;120;92;145;78;25;44;16;171;175;113;56;31;157;196;81;90;27;165;119;40;185;138;14;144;62;9;148;102;49;178;106;52;55;57;129;2;152;97;1;101;26;100;94;63;79;133;151;162;123;149,7508841439170254107,0.050555
steepest_intra:edges_start:random,87,74616,23603,51013,1973400,131,193;41;96;5;42;181;34;160;48;54;177;184;43;116;65;47;149;131;35;112;127;70;135;194;123;162;151;59;51;176;80;133;79;63;180;154;158;53;121;100;26;97;1;101;86;75;120;44;25;16;171;175;113;56;31;78;145;92;129;2;152;94;124;148;49;14;178;106;185;165;119;40;196;81;90;164;7;21;144;62;9;137;23;186;89;183;153;0;170;143;117;93;68;46;115;139;18;22;146;159,1991832550104486309,0.049629
steepest_intra:edges_start:random,88,72256,23336,48920,1973400,131,115;198;46;68;69;18;108;140;93;117;0;143;183;89;114;186;23;137;176;80;133;79;63;94;152;167;148;15;9;62;102;49;144;14;3;178;106;52;55;185;40;165;39;164;27;90;81;196;31;113;175;171;16;25;44;120;78;145;92;57;129;2;1;97;26;101;75;86;53;180;154;70;135;162;151;51;109;118;59;116;42;43;65;47;131;149;123;112;84;184;177;54;160;34;146;22;159;193;41;139,5059301661116626080,0.046130
steepest_intra:edges_start:random,89,73194,23609,49585,2093000,139,65;116;115;139;46;68;18;108;140;93;117;143;183;89;186;15;144;14;165;39;27;90;119;40;185;81;196;157;31;56;113;175;171;16;25;78;145;92;57;55;52;106;178;49;102;62;9;148;167;124;94;137;176;51;118;59;162;151;133;79;80;122;63;97;1;152;2;120;44;75;101;86;26;100;53;180;154;135;70;127;123;149;131;184;190;10;177;54;160;34;181;195;146;22;159;193;41;5;42;43,3097578546414942759,0.048052
steepest_intra:edges_start:random,90,73326,23042,50284,1958450,130,196;81;90;27;39;165;119;40;185;106;178;3;14;144;102;49;167;148;9;62;15;114;186;23;137;183;143;0;46;118;59;149;131;65;116;43;42;115;139;41;193;159;69;108;18;22;146;195;181;34;160;54;177;10;184;84;112;123;127;70;135;154;180;158;53;121;63;122;79;133;162;151;72;51;176;80;94;124;152;2;101;1;97;26;100;86;75;120;44;16;171;175;113;31;78;145;92;57;55;52,6833262953550915663,0.046316
steepest_intra:edges_start:random,91,73026,24207,48819,2003300,133,115;41;193;42;181;160;54;34;146;22;18;108;139;46;68;93;117;0;143;183;89;23;137;176;80;51;72;151;162;133;79;63;94;124;148;37;15;9;62;102;144;21;7;164;95;27;90;165;185;40;81;196;179;52;106;178;14;49;55;57;92;145;78;31;113;175;171;16;25;44;120;129;2;75;86;101;1;152;97;26;100;121;53;180;154;135;70;127;123;112;84;184;43;116;47;131;149;65;59;118,5490049823573880223,0.047884
steepest_intra:edges_start:random,92,72528,23692,48836,2107950,140,140;108;69;18;22;146;159;193;41;43;42;181;34;160;48;54;184;177;10;190;4;112;35;116;65;131;149;123;162;151;59;118;51;176;80;63;79;133;135;154;180;158;53;86;97;1;101;75;120;44;25;16;171;175;113;31;78;145;179;57;92;129;2;152;94;148;49;3;178;106;52;55;185;119;40;196;81;90;165;14;144;102;62;9;15;114;186;137;23;89;183;143;117;0;46;198;115;139;68;93,2566819295606929455,0.053997
steepest_intra:edges_start:random,93,74803,22901,51902,2078050,138,78;145;196;169;185;40;119;165;3;178;106;52;55;57;179;92;129;82;25;44;120;2;75;101;1;152;97;26;100;86;53;180;154;135;123;112;4;84;190;10;177;30;54;48;34;160;184;43;42;5;96;181;146;22;159;41;193;18;69;108;68;46;139;115;118;59;116;65;149;162;133;151;51;137;176;80;79;63;94;124;167;148;9;62;102;49;14;144;21;164;27;90;81;157;31;56;113;175;171;16,394489699541633530,0.050374
steepest_intra:edges_start:random,94,74410,23891,50519,2003300,133,177;48;160;181;159;193;41;5;42;43;184;112;123;127;135;133;151;162;149;131;65;116;115;59;118;109;51;66;176;80;79;122;63;180;154;158;53;100;26;97;1;101;86;75;120;44;25;16;171;175;113;31;78;145;92;57;129;2;152;94;124;148;37;167;55;52;178;106;185;40;165;90;27;164;21;144;14;49;102;62;9;137;23;89;183;153;143;117;0;46;139;68;93;140;108;69;18;22;34;54,4139212191448230678,0.049903
steepest_intra:edges_start:random,95,72730,22657,50073,1943500,129,42;5;43;184;177;10;190;4;112;123;149;65;116;59;118;51;151;133;162;135;154;180;53;26;97;1;101;86;75;120;44;25;145;78;16;171;175;113;31;157;196;81;40;119;185;165;39;90;27;95;58;164;7;21;138;14;155;144;15;148;9;62;102;49;178;106;52;55;57;92;129;2;152;124;94;63;79;80;176;137;23;186;89;183;143;117;0;46;68;139;115;41;193;159;22;146;34;54;160;181,2913471555723172406,0.045305
steepest_intra:edges_start:random,96,74202,23680,50522,2063100,137,46;139;41;193;159;195;181;42;5;116;65;131;149;123;112;4;177;184;35;43;160;54;34;146;22;199;18;69;108;163;68;140;93;117;0;143;183;89;23;148;62;144;14;49;178;106;52;55;185;40;119;165;27;90;81;196;157;31;56;113;175;171;16;78;145;179;57;92;129;44;120;2;152;124;94;189;97;1;101;75;86;26;100;121;53;154;180;63;79;133;135;162;151;80;176;137;51;118;59;115,2906832670456871647,0.049041
steepest_intra:edges_start:random,97,73514,23865,49649,2033200,135,52;106;178;49;102;62;9;148;167;111;124;94;152;2;1;97;101;75;86;53;180;154;135;162;59;65;116;43;131;149;123;112;84;35;184;190;10;177;54;160;34;181;42;5;96;41;193;159;195;146;22;18;108;93;117;143;0;68;46;198;139;115;118;51;151;133;79;63;122;80;176;137;183;89;186;144;14;164;27;90;165;185;119;40;81;196;145;78;31;113;175;171;16;25;44;120;129;92;57;55,9036777059115019852,0.050387
steepest_intra:edges_start:random,98,73518,23337,50181,2122900,141,57;179;145;78;31;16;171;175;113;56;157;196;169;81;90;27;164;7;21;144;102;49;14;138;3;178;106;165;119;40;185;52;55;167;148;9;62;89;183;143;117;0;46;115;139;41;193;159;18;22;146;34;48;54;177;184;160;181;42;43;116;65;149;59;118;51;137;176;80;63;79;133;151;162;123;127;194;135;70;154;180;158;53;121;94;152;1;101;97;26;100;86;75;2;120;44;25;82;129;92,3478032657974899970,0.051249
steepest_intra:edges_start:random,99,73739,23992,49747,2063100,137,86;101;1;100;26;97;152;94;53;180;154;135;70;127;162;151;133;79;63;80;176;51;118;59;65;47;116;115;5;42;43;149;123;112;84;35;184;190;10;177;30;54;48;160;34;181;146;22;159;193;41;139;46;68;117;0;143;183;137;124;111;167;148;9;62;102;49;178;3;138;14;144;21;164;27;90;165;119;40;185;106;52;55;57;145;196;81;113;175;171;16;31;78;25;44;120;92;129;2;75,3786621149475311223,0.048037
steepest_intra:edges_start:random,100,72590,22957,49633,1973400,131,59;115;139;46;68;117;0;143;183;89;23;186;114;15;137;176;80;79;63;94;124;167;148;37;9;62;102;49;144;21;14;138;3;178;106;52;55;57;129;92;145;179;185;40;119;165;27;90;81;196;157;31;113;175;171;16;78;25;44;120;2;75;101;1;152;97;26;100;86;53;180;154;135;127;123;184;54;160;34;181;146;22;18;108;69;159;193;41;5;42;43;116;65;131;149;162;133;151;51;118,6064479749764758588,0.046739
steepest_intra:edges_start:random,101,74930,24008,50922,2093000,139,1;101;75;86;100;26;189;124;94;63;182;121;53;158;70;135;154;180;79;80;176;133;151;162;123;127;112;4;190;10;177;54;48;160;34;146;181;42;41;193;159;22;18;108;68;46;139;115;116;65;43;184;35;131;149;59;118;109;51;0;183;89;137;15;62;9;37;148;167;106;178;3;49;102;144;14;138;165;27;90;81;40;185;52;55;57;129;92;145;78;31;113;175;171;16;44;120;2;152;97,845177300333572846,0.051074
steepest_intra:edges_start:random,102,73114,23122,49992,2317250,154,151;162;59;65;47;116;43;5;42;181;159;193;41;96;115;139;68;46;0;143;117;93;108;69;18;22;146;103;34;160;184;84;112;123;127;70;135;133;79;80;124;94;63;180;154;158;53;121;100;26;86;75;101;1;97;152;2;120;44;16;171;175;113;31;78;145;179;196;81;90;27;164;7;95;39;165;119;40;185;92;129;57;55;52;106;178;49;14;144;62;9;148;15;186;89;183;23;137;176;51,1661228256241049345,0.055835
steepest_intra:edges_start:random,103,75692,23446,52246,2048150,136,143;183;137;23;186;15;9;62;144;49;14;138;165;39;27;90;81;40;185;106;178;52;55;57;92;145;78;113;175;171;16;25;44;120;129;167;148;124;12;80;176;51;151;133;79;122;63;94;189;97;1;152;74;2;75;101;86;26;100;121;53;158;180;154;135;127;123;112;4;10;177;184;131;149;47;65;116;43;42;160;34;181;146;22;159;193;41;115;59;118;46;198;139;68;69;18;108;93;117;0,5066862982327110250,0.048976
steepest_intra:edges_start:random,104,73686,24779,48907,2122900,141,146;22;195;159;199;18;108;69;139;68;46;0;93;117;143;183;89;23;137;148;9;62;102;49;14;144;21;164;90;165;40;185;106;178;52;55;179;196;31;56;113;175;171;16;78;145;92;57;129;82;25;44;120;2;75;86;101;1;100;26;97;152;94;176;80;79;63;53;180;154;70;135;133;151;162;59;115;193;41;5;42;116;65;47;149;131;43;184;84;35;123;127;112;4;10;177;54;160;34;181,7527001337196409743,0.051550
steepest_intra:edges_start:random,105,74609,24347,50262,1973400,131,81;196;157;31;56;113;175;171;16;25;44;120;78;145;179;92;129;57;55;52;106;178;14;49;9;148;124;94;152;97;1;101;86;53;158;180;154;135;133;151;162;127;123;149;131;47;184;35;84;112;4;10;177;30;54;48;160;34;146;22;18;69;108;117;143;0;68;46;115;139;41;193;159;181;96;5;42;43;116;65;59;51;79;63;80;176;137;183;89;62;144;21;164;27;90;39;165;185;119;40,6754554059874606842,0.045603
steepest_intra:edges_start:random,106,73741,22534,51207,2167750,144,5;115;41;193;159;195;103;146;22;18;108;139;68;46;0;143;183;89;23;137;148;167;129;92;57;55;52;106;178;3;49;9;62;144;14;165;185;40;81;196;157;31;85;56;113;175;171;16;78;145;44;120;2;75;101;86;100;26;97;1;152;124;94;80;176;51;118;59;72;151;162;133;79;63;53;180;154;70;135;194;127;123;149;131;65;116;43;184;84;112;4;190;10;177;30;54;160;34;181;42,363085630748416217,0.057859
steepest_intra:edges_start:random,107,72262,22096,50166,2048150,136,14;138;39;27;90;165;119;40;185;145;31;56;113;175;171;16;78;25;44;120;2;1;97;101;75;86;26;100;121;53;180;154;135;70;127;123;162;133;151;72;51;109;118;59;149;131;47;65;116;5;42;43;184;84;112;4;190;10;177;54;48;160;34;22;18;108;159;193;41;139;115;46;68;93;117;0;143;183;89;23;137;176;80;79;63;94;152;129;92;57;55;52;106;178;3;49;148;9;62;144,6456073878012643691,0.052595
steepest_intra:edges_start:random,108,74631,23464,51167,1943500,129,53;158;154;180;79;133;151;162;194;135;70;127;123;112;177;54;48;34;160;184;43;116;65;47;131;149;59;118;109;51;46;68;139;198;115;193;41;96;5;42;181;146;22;159;18;69;108;140;93;117;0;143;183;137;176;80;63;94;152;167;148;62;49;14;144;21;7;164;27;90;165;119;40;185;106;178;52;55;57;92;78;145;196;31;113;175;171;16;44;120;2;75;86;101;1;97;26;100;121;136,5413988797992101833,0.051685
steepest_intra:edges_start:random,109,73322,23879,49443,2137850,142,29;112;4;190;10;177;184;84;35;131;149;65;116;43;42;181;160;48;54;34;146;22;18;108;69;199;159;193;41;139;115;46;68;117;0;143;183;89;23;186;114;15;144;14;106;185;40;119;165;90;81;31;56;113;175;171;16;78;145;25;44;120;2;152;129;92;57;52;178;49;62;9;148;137;118;59;51;176;80;94;100;26;97;1;101;75;86;53;158;70;135;154;180;63;79;133;151;162;123;127,6012630326924965815,0.051616
steepest_intra:edges_start:random,110,73781,24200,49581,2078050,138,189;26;97;1;152;2;92;57;55;52;178;106;185;40;119;165;39;164;27;90;81;196;157;56;113;175;171;16;31;145;78;25;44;120;75;101;86;100;121;53;158;154;180;63;122;176;51;80;79;133;135;70;127;123;162;151;59;149;131;65;116;43;184;10;177;54;48;160;34;146;181;42;41;193;159;22;18;69;108;140;68;139;115;46;0;117;143;183;89;137;9;62;102;144;14;49;167;148;124;94,3335074686374003981,0.050032
steepest_intra:edges_start:random,111,73118,23238,49880,2048150,136,82;2;1;97;152;94;63;79;80;176;51;137;89;183;143;170;117;0;46;198;115;139;68;108;18;22;146;181;159;193;41;5;42;43;116;47;65;118;59;149;131;184;160;34;54;177;10;190;84;4;112;127;123;162;151;133;135;154;180;53;86;101;75;120;44;25;16;171;175;113;56;31;196;81;90;27;165;40;185;138;14;144;15;148;37;9;62;102;49;3;178;106;52;55;57;179;145;78;92;129,8698811014577737715,0.051707
steepest_intra:edges_start:random,112,73406,22703,50703,2003300,133,162;151;80;79;63;94;124;121;53;100;26;86;75;101;1;97;152;2;120;44;25;82;129;92;57;179;145;78;16;171;175;113;56;31;196;81;40;90;27;164;39;165;185;106;3;178;52;55;167;148;37;9;62;102;49;14;144;15;114;186;89;183;23;137;176;51;118;59;115;46;68;139;41;193;22;146;34;160;181;42;43;116;65;149;131;184;48;54;177;10;190;4;112;123;127;70;135;154;180;133,3316326458549503492,0.048181
steepest_intra:edges_start:random,113,74755,22641,52114,2078050,138,152;97;1;101;86;75;2;120;44;92;145;78;16;171;175;113;31;196;81;90;165;40;185;106;178;14;144;49;102;62;9;37;148;15;186;23;89;183;137;66;176;80;63;79;133;162;151;72;51;118;59;115;139;68;46;0;170;143;117;93;108;18;22;146;103;34;48;54;177;10;190;184;160;181;159;193;41;42;43;116;65;149;131;35;84;4;112;156;29;123;127;70;135;154;180;53;100;26;94;124,8288332608282103399,0.050686
steepest_intra:edges_start:random,114,73495,23265,50230,2093000,139,62;102;49;144;14;138;3;178;106;185;40;119;165;39;164;27;90;81;196;157;179;52;55;57;129;82;92;145;78;31;113;175;171;16;25;44;120;2;152;97;1;101;86;53;180;154;135;133;79;63;94;124;122;80;176;51;118;151;162;123;112;84;184;190;10;177;54;48;34;160;42;43;105;116;65;47;131;149;59;115;46;139;41;193;181;146;22;159;18;108;93;117;0;143;183;89;23;137;148;9,3044966447740358035,0.049308
steepest_intra:edges_start:random,115,74591,23420,51171,1898650,126,8;185;40;119;165;90;81;145;78;175;171;16;25;44;120;75;86;101;97;26;100;121;53;158;180;154;70;135;194;127;123;112;4;10;177;54;48;184;160;34;146;181;42;43;115;59;116;65;149;162;151;133;79;63;80;176;51;46;68;139;41;193;159;22;18;69;108;140;93;117;0;170;143;183;89;23;137;186;15;144;49;102;62;9;37;148;94;152;1;2;129;92;57;55;52;106;178;3;14;138,8187984088277064253,0.044016
steepest_intra:edges_start:random,116,73605,23247,50358,2078050,138,120;2;129;92;57;52;106;178;14;49;102;62;9;148;167;124;94;152;97;1;101;75;86;26;53;180;154;135;70;127;123;149;131;47;65;116;43;184;177;54;160;42;41;193;181;34;103;146;22;18;139;68;46;115;59;118;51;151;162;133;79;63;122;80;176;137;0;143;183;89;23;186;114;15;144;21;7;164;58;95;27;90;39;165;185;119;40;81;196;145;78;157;31;56;113;175;171;16;25;44,2599035781866971405,0.048961
steepest_intra:edges_start:random,117,74318,23574,50744,1973400,131,118;51;176;80;79;133;151;162;123;127;70;135;154;180;158;53;136;63;94;124;148;167;152;97;26;100;121;86;75;101;1;2;129;92;120;44;25;78;16;171;175;113;56;31;38;157;81;196;145;179;57;55;52;178;106;185;40;165;90;164;21;144;14;138;3;49;102;62;9;15;114;186;23;137;183;143;117;108;18;22;146;159;193;41;139;68;46;198;115;42;160;34;54;177;184;43;116;47;65;59,7956642205589952521,0.045508
steepest_intra:edges_start:random,118,72972,22070,50902,2197650,146,62;102;49;144;14;138;165;39;27;90;81;196;40;185;106;3;178;52;55;57;129;92;145;78;31;113;175;171;16;44;120;152;97;1;101;86;53;180;154;70;135;194;127;123;162;151;133;79;63;94;124;122;80;176;51;59;115;139;193;41;42;43;116;65;47;149;131;35;84;112;4;190;10;177;184;54;48;160;34;181;195;146;22;159;18;69;108;140;93;117;0;143;183;89;23;137;186;15;148;9,4580787017865593498,0.052003
steepest_intra:edges_start:random,119,74201,22729,51472,1988350,132,86;75;120;44;16;171;175;113;78;145;179;185;40;196;81;90;27;165;138;14;144;62;9;49;3;178;106;52;55;57;92;129;2;101;1;97;152;94;63;79;133;162;151;80;176;137;23;186;89;183;51;118;59;115;139;198;46;68;0;170;143;117;93;108;18;22;159;193;41;96;5;116;65;47;149;131;77;43;42;181;34;160;48;54;30;177;10;190;184;35;84;4;112;123;127;135;154;180;158;53,6431075783767760670,0.049521
steepest_intra:edges_start:random,120,73593,23237,50356,2107950,140,57;129;2;75;86;101;1;152;97;26;100;53;158;180;154;135;127;123;162;151;133;80;79;63;94;148;137;176;51;118;59;149;131;184;84;112;4;10;177;54;48;160;34;22;159;193;41;181;42;43;47;65;116;115;139;46;68;117;0;143;183;89;23;186;15;62;9;37;167;49;102;144;21;14;138;3;178;106;52;55;185;40;119;165;27;90;81;145;31;56;113;175;171;16;78;25;44;120;82;92,6407052741280187882,0.049382
steepest_intra:edges_start:random,121,73230,24013,49217,1988350,132,179;145;78;92;129;2;120;44;16;171;175;113;31;196;81;90;27;95;164;7;21;14;144;186;89;183;143;0;117;93;140;68;46;115;139;108;18;22;159;193;41;42;181;34;160;48;54;177;184;43;116;65;47;77;131;149;123;127;70;135;162;59;51;151;133;79;63;180;154;158;53;86;75;101;100;26;97;1;152;124;94;80;176;137;148;9;62;102;49;138;39;165;119;40;185;106;178;52;55;57,8759564392177813739,0.046608
steepest_intra:edges_start:random,122,72859,23264,49595,2018250,134,164;95;27;90;39;165;8;185;119;40;81;196;179;145;78;31;56;113;175;171;16;25;44;120;75;86;101;1;97;26;100;53;180;154;135;70;127;123;112;4;177;54;34;160;184;42;43;116;65;59;115;41;193;159;146;22;18;139;46;0;143;183;89;23;186;114;15;137;176;80;51;151;162;133;79;122;63;94;124;152;2;129;92;57;55;52;106;178;3;138;14;49;167;148;9;62;102;144;21;7,6890681187358536243,0.047588
steepest_intra:edges_start:random,123,72265,23329,48936,1868750,124,108;117;0;143;183;89;137;176;80;151;162;133;79;63;94;148;37;15;9;62;144;102;49;14;21;164;27;90;165;119;40;185;3;178;106;52;55;57;129;92;78;145;179;196;81;31;56;113;175;171;16;44;120;2;152;1;97;26;100;101;75;86;53;158;180;154;135;70;127;123;112;4;10;177;30;54;184;160;34;181;42;43;77;131;149;47;65;116;59;51;118;115;46;68;139;41;193;159;22;18,6861386912434396141,0.045003
steepest_intra:edges_start:random,124,74225,23246,50979,2093000,139,151;133;162;123;149;131;65;43;42;116;59;115;41;193;181;160;184;177;54;48;34;146;22;159;18;108;139;46;117;143;0;153;183;89;23;137;186;15;9;62;102;49;144;14;138;3;178;106;185;40;119;165;90;81;196;145;78;31;113;175;171;16;25;44;120;2;129;92;179;57;55;52;167;37;148;12;130;124;94;121;100;26;97;152;1;101;75;86;53;70;135;154;180;63;79;80;176;51;118;72,4939994821007020382,0.049578
steepest_intra:edges_start:random,125,73734,25008,48726,1898650,126,196;81;90;119;40;185;55;52;106;178;14;138;165;39;164;7;21;144;49;62;9;148;23;89;183;143;0;46;68;139;108;18;22;146;34;48;54;177;10;4;112;123;162;149;131;35;184;160;181;159;193;41;115;5;42;43;77;47;65;116;59;118;51;137;176;80;151;133;79;63;94;152;1;97;26;100;180;135;70;154;53;86;101;75;2;129;57;179;145;78;92;120;44;25;16;171;175;113;56;31,4652661502447336785,0.044478
steepest_intra:edges_start:random,126,74338,24921,49417,1868750,124,176;151;162;72;51;118;59;65;116;115;139;41;193;159;195;181;42;5;43;160;48;184;149;123;112;4;190;10;177;54;30;34;146;22;18;68;46;0;117;143;183;89;137;15;144;21;7;164;27;90;81;196;145;78;157;31;56;113;175;171;16;25;44;120;129;92;179;57;55;52;185;40;165;138;14;106;178;49;62;9;37;148;167;124;94;152;97;1;101;75;86;53;180;154;70;135;133;79;63;80,865836453638999136,0.044511
steepest_intra:edges_start:random,127,73757,24175,49582,2018250,134,127;123;184;177;54;160;34;146;22;199;18;69;108;117;143;183;89;0;46;118;59;65;116;115;68;139;41;193;159;42;43;131;149;162;151;133;79;63;122;80;176;51;137;15;144;14;21;7;164;27;90;165;185;119;40;81;196;31;56;113;175;171;16;78;145;25;44;120;129;92;57;55;52;106;178;3;49;102;62;9;37;148;124;94;97;152;2;75;86;101;1;26;100;121;53;158;180;154;135;70,2186657752570337534,0.048019
steepest_intra:edges_start:random,128,74291,22004,52287,2063100,137,16;78;145;179;52;55;57;92;129;82;25;44;120;2;152;97;1;101;75;86;26;100;121;53;158;70;135;154;180;63;79;133;151;51;59;162;123;149;65;116;43;42;184;177;54;160;34;181;146;22;18;159;193;41;139;115;46;0;143;183;89;23;137;176;80;122;94;124;167;148;9;62;102;49;144;14;138;3;178;106;165;39;95;164;27;90;119;40;185;169;196;81;157;38;31;85;56;113;175;171,1296196588444354397,0.050019
steepest_intra:edges_start:random,129,73494,23299,50195,2048150,136,0;143;117;68;139;41;193;159;18;22;146;181;34;160;184;84;112;127;123;162;133;79;63;180;135;154;53;100;26;86;75;101;1;97;152;2;129;120;44;25;16;171;175;113;56;31;157;196;81;90;27;164;7;95;39;165;119;40;185;179;145;78;92;57;55;52;106;178;3;138;14;144;49;102;62;9;183;89;23;137;148;167;124;94;122;80;176;51;151;72;118;59;149;131;65;116;43;42;115;46,8281220460497104457,0.048243
steepest_intra:edges_start:random,130,74731,24048,50683,1943500,129,181;34;54;160;42;43;184;177;10;4;112;127;70;135;154;158;180;63;136;53;121;189;94;124;12;148;37;167;152;97;26;100;86;75;101;1;2;129;57;92;78;120;44;25;16;171;175;113;56;31;145;179;196;81;40;165;185;55;52;106;178;49;14;144;62;9;186;89;183;23;137;176;122;79;80;51;151;133;162;123;149;131;47;65;116;59;118;115;41;193;139;46;0;143;117;93;108;18;22;146,7701653444226596437,0.044866
steepest_intra:edges_start:random,131,74501,21825,52676,2107950,140,178;3;167;37;148;15;9;62;144;102;49;14;138;165;185;40;90;81;196;157;31;56;113;175;171;16;44;120;75;101;86;53;158;180;154;135;70;127;123;131;149;59;51;109;118;116;65;47;77;43;42;184;10;177;54;160;34;146;22;159;193;41;139;115;46;68;140;93;117;0;143;183;137;176;80;151;162;133;79;63;94;124;189;121;100;26;97;1;152;74;2;129;92;78;145;179;57;55;52;106,2184993008553719422,0.049072
steepest_intra:edges_start:random,132,73923,23282,50641,2003300,133,162;135;70;154;180;53;26;97;152;2;1;101;86;75;120;44;92;57;55;52;145;78;31;16;171;175;113;196;185;40;119;165;90;27;164;7;21;14;106;178;49;102;144;62;9;148;167;124;94;63;79;80;176;137;23;89;183;153;0;143;117;93;140;108;18;69;139;68;46;198;115;96;5;42;41;193;159;22;146;181;34;160;54;177;184;84;112;123;149;131;77;43;105;116;47;65;59;51;151;133,3646460373108605289,0.046645
steepest_intra:edges_start:random,133,74667,23154,51513,2078050,138,53;180;154;135;127;123;162;151;51;109;118;59;116;65;47;149;131;35;112;84;184;10;177;54;160;34;181;42;43;41;193;159;22;18;108;139;115;46;0;117;170;143;153;183;89;23;137;176;80;133;79;63;182;121;94;124;148;37;15;9;62;144;102;49;14;138;165;39;27;90;81;40;185;3;178;106;52;55;57;167;152;2;129;92;145;78;113;175;171;16;25;44;120;75;101;1;97;26;100;86,5480880958764209621,0.048506
steepest_intra:edges_start:random,134,73815,23444,50371,1883700,125,42;184;160;34;48;54;177;112;123;127;70;135;162;151;133;180;154;158;53;136;182;121;100;26;86;101;75;120;44;25;16;171;175;113;56;31;157;78;145;92;179;91;196;81;90;27;165;119;40;185;106;178;49;14;144;102;62;9;15;148;167;52;55;57;129;2;1;97;152;124;94;63;122;79;80;176;51;137;23;89;183;143;0;117;108;18;159;22;146;181;5;41;193;139;46;115;59;65;116;43,1567473921162283250,0.044000
steepest_intra:edges_start:random,135,72626,22431,50195,1988350,132,75;86;101;1;152;97;26;100;53;63;79;133;151;162;180;154;135;70;127;123;149;131;184;190;10;177;54;160;34;181;195;103;146;22;18;108;69;199;159;193;41;96;5;42;43;116;65;59;51;109;118;115;139;198;46;68;93;117;0;143;183;89;137;176;80;94;124;148;15;9;62;144;14;49;3;178;106;165;90;81;196;40;119;185;52;55;57;129;92;145;78;31;113;175;171;16;25;44;120;2,6472090276115307448,0.046511
steepest_intra:edges_start:random,136,71612,22369,49243,1913600,127,57;185;40;119;165;39;27;90;81;196;157;31;56;113;175;171;16;78;145;179;92;129;82;25;44;120;2;1;101;75;86;53;180;154;135;70;127;123;112;4;190;10;177;54;184;160;34;146;22;199;18;108;69;159;193;41;139;115;46;68;117;0;143;183;89;137;176;80;51;59;65;116;5;42;43;149;162;151;133;79;63;121;100;26;97;152;94;124;167;148;9;62;102;144;14;49;178;106;52;55,6271044767924122664,0.044583
steepest_intra:edges_start:random,137,75491,25087,50404,1943500,129,119;165;90;27;164;7;21;144;102;62;9;15;186;23;89;183;137;176;80;51;118;115;139;46;68;108;18;159;193;41;116;65;43;184;48;160;42;181;22;146;34;54;177;10;4;112;131;149;59;151;133;162;123;127;70;135;154;180;53;86;101;100;26;97;1;75;120;129;2;152;189;121;182;63;79;122;94;124;148;167;49;14;138;3;178;106;52;55;57;92;78;44;16;171;175;113;31;145;185;40,5696602403605705754,0.044564
steepest_intra:edges_start:random,138,75917,23725,52192,1868750,124,80;79;63;94;124;148;9;62;102;49;3;178;106;52;55;57;129;82;120;44;25;92;179;145;78;16;171;175;113;56;85;31;157;196;81;90;119;40;185;165;14;144;89;183;143;0;46;139;18;159;193;41;181;195;22;146;103;34;48;54;177;10;184;160;42;5;115;116;65;47;43;35;112;127;135;154;158;86;75;101;1;2;74;152;97;26;100;121;53;180;133;151;162;123;131;149;59;51;137;176,8176068134235706929,0.045094
steepest_intra:edges_start:random,139,73699,24342,49357,1898650,126,41;139;46;68;108;18;159;22;146;34;160;54;177;10;190;4;112;84;184;131;149;123;127;135;154;180;158;53;86;101;75;2;120;44;25;16;171;175;113;56;31;157;78;145;179;185;165;119;40;196;81;90;27;95;164;7;21;144;14;49;178;106;52;55;57;92;129;152;1;97;94;63;79;133;151;80;176;137;148;102;62;9;15;186;89;183;143;170;117;0;118;59;115;116;65;47;43;42;181;193,7084165576761345845,0.042999
steepest_intra:edges_start:random,140,73903,23232,50671,1853800,123,92;57;55;52;196;81;90;27;165;119;40;185;106;178;3;49;102;14;144;62;9;148;137;176;80;51;118;115;139;46;0;183;143;170;117;93;108;69;18;193;41;159;22;146;34;160;48;54;177;184;84;4;112;123;127;194;162;149;131;47;65;116;43;42;59;72;151;133;79;122;63;180;154;135;70;158;53;121;94;26;86;75;101;1;97;152;2;129;120;44;25;16;171;175;113;56;31;78;145;179,1129609370287031147,0.043001
steepest_intra:edges_start:random,141,73334,22774,50560,2182700,145,21;144;14;49;62;9;148;94;63;79;133;162;151;80;176;137;89;183;143;0;117;93;140;108;69;18;199;22;146;34;160;184;43;5;42;181;159;193;41;115;139;68;46;51;118;59;116;65;47;105;77;149;131;35;112;123;127;135;154;180;53;100;26;86;75;101;1;97;152;2;120;44;25;82;129;92;57;55;52;178;106;179;145;78;16;171;175;113;56;31;157;196;81;40;119;185;165;90;27;164,6997679070923957599,0.050015
steepest_intra:edges_start:random,142,74438,23493,50945,1883700,125,135;70;127;133;79;63;80;176;151;162;123;112;4;10;177;184;43;116;65;131;149;59;115;42;181;160;34;146;22;18;159;193;41;139;68;46;0;143;183;89;23;137;186;15;9;62;102;49;144;14;138;165;3;178;106;52;55;179;91;185;40;119;90;81;196;31;56;113;175;171;16;78;145;25;44;120;82;92;57;129;2;75;86;100;26;101;1;97;152;167;37;148;124;94;189;121;53;158;180;154,4943403067144309164,0.044000
steepest_intra:edges_start:random,143,74447,24041,50406,2018250,134,154;180;53;63;79;94;124;152;97;1;101;26;86;75;2;129;82;120;44;25;78;16;171;175;113;31;196;81;90;164;7;21;95;39;165;40;185;138;14;144;62;9;102;49;3;178;106;52;55;179;145;92;57;167;111;37;148;23;89;183;137;176;80;151;59;65;116;43;42;159;193;41;139;115;46;68;0;170;143;117;93;140;108;18;22;146;181;34;160;184;54;177;10;190;84;4;112;123;127;135,3154686484664556788,0.053505
steepest_intra:edges_start:random,144,75629,24322,51307,1958450,130,22;159;193;41;139;18;108;93;117;143;0;46;115;59;118;51;151;133;79;63;122;80;176;137;183;89;186;9;62;102;144;14;49;3;178;106;165;39;95;21;7;164;27;90;81;40;119;185;52;55;57;92;145;78;171;16;44;120;2;129;167;148;124;94;152;97;1;101;75;86;26;100;121;53;158;180;154;135;70;127;112;123;162;149;131;47;65;116;5;42;43;35;184;177;54;48;160;34;181;146,1242218469115522023,0.046002
steepest_intra:edges_start:random,145,73952,22482,51470,2063100,137,115;46;139;41;193;159;22;34;160;48;54;177;10;190;4;112;84;184;42;5;43;116;65;47;131;149;123;127;135;79;122;63;180;154;158;53;100;121;94;124;152;1;97;26;86;101;75;2;120;44;25;16;171;175;113;56;31;157;78;145;92;129;57;55;52;178;106;185;165;40;196;81;90;27;164;7;21;144;14;49;102;62;9;37;148;15;186;89;183;143;170;117;0;23;137;176;80;133;151;59,4628768245083128399,0.050060
steepest_intra:edges_start:random,146,74025,23032,50993,1898650,126,120;44;16;171;175;113;31;78;145;185;40;90;165;138;14;144;62;9;49;178;106;52;57;92;129;2;152;1;97;26;100;121;63;79;122;94;148;186;89;183;23;137;176;80;133;162;151;51;59;65;149;131;47;116;43;42;5;96;115;46;198;139;110;68;0;143;117;93;140;108;69;18;193;41;159;22;146;181;34;30;54;48;160;184;177;10;190;4;112;123;127;70;135;154;180;158;53;86;101;75,6531078707759793782,0.046022
steepest_intra:edges_start:random,147,74181,23000,51181,2048150,136,26;97;1;101;86;75;2;120;44;16;171;175;113;31;196;185;40;165;14;144;62;9;148;49;178;106;52;55;179;145;78;92;57;129;152;124;94;122;80;176;137;89;183;153;143;170;117;0;46;68;93;140;108;69;18;199;139;198;115;41;193;159;22;146;181;42;5;43;116;65;149;131;35;184;160;34;48;54;177;10;4;112;127;123;162;72;59;118;51;151;133;79;63;180;154;135;70;158;53;100,3912561128311913609,0.049011
steepest_intra:edges_start:random,148,74923,23372,51551,2182700,145,118;59;72;151;162;133;79;63;182;136;53;158;180;154;135;70;127;123;112;84;184;10;177;54;48;160;34;181;146;22;18;139;193;41;42;43;131;149;47;65;116;115;46;183;89;23;137;186;114;15;148;37;9;62;144;49;178;106;138;14;21;164;90;81;196;40;165;185;52;55;57;92;145;78;31;113;175;171;16;25;44;120;129;2;75;86;101;1;97;26;100;121;189;152;124;94;122;80;176;51,4855467541282241495,0.050498
steepest_intra:edges_start:random,149,73100,23588,49512,2048150,136,42;5;43;105;116;65;47;149;131;35;84;4;112;127;70;123;162;59;51;151;133;79;122;63;135;154;180;53;100;26;86;75;101;1;97;152;2;120;44;25;16;171;175;113;56;31;78;145;92;57;55;52;178;3;106;185;165;40;196;81;90;27;164;14;49;102;144;62;9;148;94;80;176;137;89;183;143;0;117;68;46;115;139;41;193;159;199;69;108;18;22;146;181;34;48;54;177;10;184;160,6215924841456635966,0.052024
steepest_intra:edges_start:random,150,74601,23303,51298,1883700,125,92;179;91;145;78;129;152;94;124;148;49;14;144;62;9;186;89;183;23;137;176;51;118;46;0;170;143;117;68;139;115;41;193;22;146;34;160;48;54;30;177;10;190;4;112;84;184;181;42;43;116;65;149;59;151;162;123;127;70;135;154;158;53;180;133;79;80;122;63;97;1;101;86;75;2;120;44;25;16;171;175;113;56;31;157;196;169;81;90;27;165;119;40;185;106;3;178;52;55;57,8662339253500035051,0.045994
steepest_intra:edges_start:random,151,73376,23132,50244,2003300,133,81;90;27;165;119;40;185;92;57;55;52;106;178;14;49;102;144;62;9;148;137;23;89;183;153;0;143;117;93;140;108;69;18;199;159;22;146;181;34;54;177;4;112;127;123;149;131;35;84;184;160;43;47;65;116;42;41;193;139;68;46;198;115;59;51;151;162;133;176;80;79;63;180;135;154;158;53;94;26;100;86;75;101;1;97;152;2;120;44;25;78;145;31;16;171;175;113;56;157;196,1440586589737327197,0.050017
steepest_intra:edges_start:random,152,72542,23342,49200,2107950,140,55;57;129;92;179;145;78;25;120;44;16;171;175;113;56;31;157;196;81;90;165;40;185;106;178;3;14;144;62;9;89;183;137;176;80;63;79;133;151;51;118;59;115;139;68;46;0;143;117;93;108;69;18;22;146;103;34;48;54;177;184;160;181;159;193;41;42;43;116;65;47;149;131;35;112;127;123;162;135;70;154;180;53;86;101;75;2;152;1;97;26;100;121;189;94;124;148;102;49;52,2225885640249996108,0.062002
steepest_intra:edges_start:random,153,73927,23585,50342,1928550,128,113;175;171;16;44;120;92;57;129;2;75;86;101;1;152;97;26;53;180;154;70;135;133;151;162;123;127;112;4;84;190;10;177;30;54;48;184;65;116;43;42;5;41;193;159;181;160;34;146;22;18;69;108;140;68;46;198;139;115;59;118;51;176;80;79;122;63;94;124;148;137;183;89;186;15;144;14;49;102;62;9;37;167;55;52;178;106;165;39;27;90;81;196;40;185;179;145;78;31;56,4016022246130734835,0.053036
steepest_intra:edges_start:random,154,74723,23172,51551,1928550,128,139;41;193;159;22;146;181;34;160;48;54;177;10;190;184;35;84;112;127;135;154;180;53;86;101;1;97;152;2;120;44;16;171;175;113;31;78;145;92;179;196;81;40;119;185;165;39;90;27;95;164;7;21;14;138;106;52;57;55;178;49;102;144;62;9;15;148;124;94;63;79;80;176;51;109;118;59;151;133;162;123;149;131;47;65;116;105;77;43;42;5;115;46;0;183;143;117;93;108;18,48477115326263025,0.047511
steepest_intra:edges_start:random,155,73574,23486,50088,1883700,125,151;162;194;127;70;135;154;180;158;53;121;189;94;12;124;152;1;97;26;100;86;101;75;2;129;57;92;120;44;16;171;175;113;31;78;145;196;81;90;27;39;165;119;40;185;106;178;52;55;167;148;9;62;102;49;14;144;15;137;23;89;183;143;117;0;46;139;41;193;159;108;18;22;34;160;42;5;115;43;184;54;177;10;190;84;4;112;123;149;65;116;59;118;51;176;80;122;63;79;133,481589612486350560,0.047524
steepest_intra:edges_start:random,156,72979,23521,49458,1928550,128,102;14;144;62;9;15;148;167;176;137;23;186;114;89;183;153;0;143;117;93;108;18;22;146;159;193;41;115;139;68;46;118;59;65;116;43;42;181;34;160;48;54;177;10;184;123;162;133;151;51;80;79;63;94;124;152;1;97;26;100;121;180;135;154;53;86;101;75;2;120;44;25;129;92;57;55;52;179;145;78;16;171;175;113;56;31;157;196;81;90;27;39;165;119;40;185;106;178;3;49,2436859537546748336,0.065601
steepest_intra:edges_start:random,157,72925,22860,50065,2003300,133,16;44;120;2;75;101;1;152;97;26;86;53;180;154;135;133;151;162;123;127;112;4;84;184;190;10;177;54;48;160;34;181;42;5;43;77;131;149;47;65;116;59;118;51;46;68;139;198;115;96;41;193;159;146;22;18;69;108;93;117;0;143;183;89;186;23;137;176;80;79;63;94;124;148;9;62;49;178;106;14;144;21;7;164;95;27;90;165;40;185;52;55;57;129;92;145;78;113;175;171,1067367137626970519,0.051516
steepest_intra:edges_start:random,158,74797,22815,51982,1943500,129,57;167;124;94;63;122;79;133;162;151;72;59;118;109;51;80;176;137;23;89;183;153;0;170;143;117;46;139;68;93;140;108;69;18;22;34;160;48;54;177;184;42;5;181;159;193;41;115;43;116;65;149;123;127;135;154;180;53;100;26;86;75;101;1;97;152;2;120;44;78;16;171;175;113;56;31;81;90;165;40;185;106;3;32;138;14;144;62;9;148;37;102;49;178;52;55;179;145;92;129,8368382421735500317,0.066000
steepest_intra:edges_start:random,159,71919,23301,48618,2093000,139,69;18;193;41;159;22;146;34;160;54;177;184;84;112;35;131;149;123;127;70;135;154;158;53;100;26;97;152;1;101;86;75;2;129;120;44;25;16;171;175;113;56;31;78;145;179;92;57;55;52;178;3;106;185;165;119;40;196;81;90;27;164;7;21;144;14;49;102;62;9;148;89;183;137;176;80;79;122;94;63;180;133;162;151;51;118;59;65;116;43;42;5;115;139;46;0;143;117;93;108,6372270197967516825,0.052024
steepest_intra:edges_start:random,160,75359,23227,52132,1764100,117,152;97;1;101;75;86;53;180;154;135;70;127;123;112;4;10;177;184;149;65;116;43;5;42;160;34;181;146;22;18;108;159;193;41;139;68;46;115;59;118;109;51;151;162;133;79;63;122;80;176;137;0;143;183;89;23;186;15;9;62;102;144;14;165;185;40;119;90;81;196;91;179;145;168;38;157;85;56;113;175;171;16;31;78;92;82;25;44;120;2;129;57;55;52;106;178;49;148;124;94,1457319396531817055,0.042533
steepest_intra:edges_start:random,161,73408,23665,49743,1973400,131,9;15;37;148;124;94;63;122;79;80;176;137;51;151;133;162;149;59;118;115;139;46;0;183;143;117;93;140;68;108;69;18;193;41;159;22;34;160;42;116;65;43;184;54;177;10;4;112;123;127;194;135;70;154;180;53;121;100;26;86;75;101;1;97;152;2;120;44;25;145;78;16;171;175;113;56;31;196;81;90;27;39;165;119;40;185;57;92;129;55;52;106;178;3;138;14;144;49;102;62,8248994357108514364,0.052503
steepest_intra:edges_start:random,162,76662,23273,53389,1958450,130,114;15;144;14;165;39;27;90;81;169;196;157;38;31;85;56;113;175;171;16;78;25;44;120;2;75;86;101;1;97;152;129;82;92;57;145;179;91;40;119;185;55;52;106;178;49;102;62;9;148;94;79;63;53;180;154;135;123;149;131;35;184;10;177;54;160;34;146;22;193;41;139;18;108;93;117;143;0;68;46;198;115;96;5;42;43;47;65;116;59;162;151;133;80;176;137;23;183;89;186,1597488106281022594,0.047670
steepest_intra:edges_start:random,163,73933,23640,50293,1868750,124,1;152;2;92;57;55;52;106;178;148;9;62;144;102;49;14;138;165;90;81;40;185;145;78;31;56;113;175;171;16;25;44;120;75;101;86;53;158;154;135;70;127;123;112;4;84;184;177;54;160;42;181;34;146;22;159;193;41;139;115;46;68;69;18;108;93;117;0;143;183;89;23;137;176;80;122;124;94;63;79;133;151;51;109;118;59;65;116;43;47;131;149;72;162;194;180;121;100;26;97,4769850532766885253,0.044169
steepest_intra:edges_start:random,164,73874,25241,48633,1958450,130,78;25;44;120;2;75;86;154;135;127;123;112;84;184;177;54;48;160;34;146;22;199;18;108;69;159;193;41;181;42;5;43;116;65;149;162;151;59;118;115;139;46;117;143;0;51;176;137;23;183;89;186;15;144;14;138;21;164;27;90;165;119;40;185;52;106;178;3;49;102;62;9;148;124;94;63;79;80;133;180;53;121;100;26;101;1;97;152;129;55;57;92;145;196;81;31;113;175;171;16,7668257963438667763,0.049258
steepest_intra:edges_start:random,165,74396,24123,50273,1779050,118,108;159;181;42;5;96;41;193;139;46;115;118;109;51;80;176;137;0;117;143;183;89;23;186;15;148;37;9;62;144;14;102;49;178;106;52;55;185;165;39;27;90;40;81;196;113;175;171;16;31;78;25;44;120;92;145;179;57;129;2;152;97;1;101;75;86;100;26;189;124;94;121;53;158;154;70;135;180;63;122;79;133;151;162;127;123;59;65;47;116;43;184;10;177;54;160;34;146;22;18,928197738101563288,0.041828
steepest_intra:edges_start:random,166,73456,23840,49616,1913600,127,124;94;122;80;176;137;89;183;143;0;117;93;108;18;68;46;198;115;139;41;193;159;22;146;181;34;160;54;177;10;190;4;112;84;184;42;5;43;116;65;59;118;51;149;131;35;123;127;135;162;151;133;79;63;180;154;53;86;75;101;1;97;152;2;120;44;25;129;92;78;145;179;57;55;52;178;106;185;119;40;196;157;31;16;171;175;113;56;85;81;90;165;14;144;49;102;62;9;148;167,75615505026013700,0.044511
steepest_intra:edges_start:random,167,72517,24203,48314,2107950,140,143;0;117;93;68;139;69;108;18;199;193;159;195;22;146;181;34;160;48;54;177;10;4;112;84;184;65;116;43;42;5;41;115;46;118;59;151;51;176;80;63;79;133;162;123;135;154;180;53;26;97;1;101;86;75;120;44;25;16;171;175;113;56;31;78;145;92;185;165;119;40;196;81;90;27;164;21;14;144;102;49;178;106;52;55;57;129;2;152;94;124;148;9;62;15;186;137;23;89;183,7823713644680678178,0.055508
steepest_intra:edges_start:random,168,74954,23146,51808,1958450,130,153;183;89;137;176;80;133;79;122;63;94;148;9;62;144;14;49;178;106;52;185;40;165;90;81;145;31;113;175;171;16;78;92;57;129;44;120;2;75;86;101;1;97;152;189;26;100;121;53;180;154;135;70;127;123;112;4;84;35;184;28;77;131;149;72;162;151;51;109;118;59;65;47;116;43;42;5;41;193;159;181;160;48;177;54;30;34;22;18;108;69;139;115;46;68;140;93;117;143;0,8629981390224283950,0.049667
steepest_intra:edges_start:random,169,73247,23528,49719,2137850,142,78;145;179;52;55;57;92;129;82;25;44;120;2;75;86;101;1;97;152;124;94;189;26;100;121;53;158;70;135;154;180;63;79;133;151;80;176;51;59;162;123;112;184;10;177;54;48;160;34;181;42;43;65;116;41;193;22;18;108;139;115;46;0;117;143;183;89;23;137;186;15;62;9;148;167;49;102;144;14;138;3;178;106;185;40;119;165;39;95;7;164;27;90;81;31;56;113;175;171;16,4015545767944792553,0.051561
steepest_intra:edges_start:random,170,74213,23573,50640,2063100,137,149;131;35;184;84;4;112;123;127;70;135;154;180;158;53;100;26;86;75;101;1;97;94;152;2;120;16;171;175;113;31;78;145;92;57;55;52;196;81;90;27;164;95;39;165;119;40;185;106;178;49;102;14;144;62;9;148;176;80;122;63;79;133;162;151;51;118;59;115;198;46;137;89;183;153;0;143;117;68;139;41;193;159;108;18;22;146;195;181;34;54;177;48;160;42;5;43;116;65;47,6236109644759070462,0.048690
steepest_intra:edges_start:random,171,72449,23920,48529,2078050,138,140;68;46;139;193;41;115;59;118;51;151;162;133;79;63;122;80;176;137;0;117;143;183;89;23;186;15;148;9;62;49;14;144;21;164;27;90;165;119;40;185;196;31;56;113;175;171;16;78;145;106;178;52;55;57;92;129;25;44;120;2;75;101;86;100;26;97;1;152;124;94;53;180;154;135;123;149;131;65;116;43;5;42;160;184;84;112;4;10;177;54;48;34;181;159;195;146;22;18;108,7838767787166697834,0.048535
steepest_intra:edges_start:random,172,72998,22686,50312,2063100,137,137;176;80;133;79;63;94;124;152;2;129;92;57;55;52;49;102;62;144;14;178;106;185;165;40;81;196;157;56;113;175;171;16;31;145;78;25;44;120;75;101;1;97;26;100;86;53;180;154;135;70;127;123;162;151;51;118;59;115;46;68;139;41;193;159;42;43;77;105;116;65;47;149;131;35;184;84;112;4;190;10;177;54;48;160;34;181;146;22;18;108;117;143;183;89;186;15;9;37;148,6753893083499506495,0.049507
steepest_intra:edges_start:random,173,72160,23315,48845,1973400,131,139;41;193;159;181;42;160;48;177;10;54;34;22;18;108;93;117;0;143;183;89;23;137;176;80;79;122;63;94;124;152;2;129;92;57;55;52;148;9;62;102;144;14;49;178;106;185;40;119;165;39;27;90;81;196;179;145;78;31;113;175;171;16;25;44;82;120;75;86;101;1;97;26;100;121;53;158;180;154;135;70;127;162;133;151;51;118;59;116;65;131;149;123;112;84;184;43;5;115;46,8523512933379260039,0.043998
steepest_intra:edges_start:random,174,72418,23528,48890,1988350,132,175;113;31;78;145;92;129;57;55;52;179;196;81;40;119;185;165;39;90;27;95;164;7;21;14;138;106;178;49;144;62;9;148;23;89;183;137;176;80;122;124;94;63;79;133;162;151;51;109;118;59;115;139;46;0;143;117;93;108;69;18;22;146;159;193;41;5;42;181;34;160;54;177;4;112;84;184;43;116;65;131;149;123;127;135;154;180;53;86;75;101;1;97;152;2;120;44;25;16;171,6984902396271027169,0.048020
steepest_intra:edges_start:random,175,74126,23386,50740,1988350,132,79;122;63;94;148;9;62;144;102;49;14;21;7;164;90;81;196;185;40;165;138;3;178;106;52;55;57;129;92;179;145;78;31;113;175;171;16;25;44;120;152;97;1;101;86;53;158;154;180;133;162;151;51;118;59;116;65;47;131;149;123;194;135;70;127;112;4;190;10;177;54;48;184;84;35;77;43;42;160;34;181;41;193;159;22;18;108;69;139;115;46;68;117;0;170;143;183;137;176;80,165535905941121517,0.047011
steepest_intra:edges_start:random,176,73424,23050,50374,2033200,135,108;93;117;0;143;183;89;23;148;9;62;144;49;14;165;40;90;81;196;185;106;3;178;52;55;57;129;92;145;78;31;56;113;175;171;16;25;44;120;82;2;152;124;94;189;97;1;101;75;86;26;100;121;53;158;180;154;70;135;162;133;79;63;122;80;176;137;51;151;72;118;59;65;116;43;47;131;149;123;127;112;184;54;160;34;181;42;5;115;46;68;139;41;193;159;195;146;22;18;69,5467602087150240810,0.046999
steepest_intra:edges_start:random,177,75100,23688,51412,2078050,138,165;106;178;49;14;144;102;62;9;148;137;183;143;0;117;93;108;69;18;199;193;41;159;22;195;146;103;34;181;42;160;48;54;30;177;10;190;4;84;184;35;112;29;127;123;149;131;47;65;116;43;5;115;139;68;46;118;59;51;151;162;133;79;122;80;176;124;94;63;180;154;135;70;158;53;26;86;75;101;1;97;152;2;120;44;16;171;175;113;56;31;81;196;145;78;92;57;185;40;90,188470345539193946,0.049168
steepest_intra:edges_start:random,178,74803,24196,50607,1823900,121,63;53;180;154;135;133;151;72;162;123;127;112;4;190;10;177;30;54;184;84;35;131;149;47;65;116;43;42;181;160;48;34;103;146;195;22;18;159;193;41;139;68;93;117;0;143;183;89;148;167;37;9;62;102;49;144;14;178;106;52;55;57;185;40;165;39;27;90;81;31;113;175;171;16;44;120;25;78;145;92;2;75;86;101;1;100;26;97;152;94;137;46;115;59;118;109;51;176;80;79,7716951646905128685,0.040584
steepest_intra:edges_start:random,179,73268,23056,50212,1973400,131,59;51;151;133;180;154;158;53;97;1;101;86;75;120;44;25;16;171;175;113;31;196;81;90;27;165;119;40;185;3;138;14;144;15;9;62;102;49;178;106;52;55;57;92;145;78;129;2;152;167;148;124;94;63;122;79;80;176;137;23;89;183;143;117;93;140;108;18;69;68;46;198;115;139;41;193;159;22;146;103;34;54;177;10;184;48;160;181;42;43;116;65;47;131;149;123;127;70;135;162,7362973982357199611,0.047013
steepest_intra:edges_start:random,180,73018,23352,49666,2122900,141,162;151;133;79;80;176;51;118;59;115;139;46;0;117;143;183;137;148;9;62;102;49;144;14;138;3;178;106;185;40;165;39;164;27;90;81;196;179;145;78;31;113;175;171;16;25;44;120;129;92;57;55;52;167;124;94;63;182;121;100;26;97;1;152;2;75;101;86;53;158;180;154;135;123;149;131;35;184;84;112;4;10;177;54;160;34;181;146;22;18;108;159;193;41;5;42;43;116;65;47,4102667631170554232,0.048335
steepest_intra:edges_start:random,181,73895,24548,49347,1928550,128,63;94;124;148;15;9;62;144;49;55;52;106;178;14;164;27;90;165;185;119;40;81;196;57;92;145;78;31;113;175;171;16;44;120;2;152;97;1;101;75;86;26;53;154;180;133;162;151;51;118;59;116;65;149;123;135;70;127;112;35;43;42;5;41;193;159;181;160;184;84;190;10;177;54;34;146;22;199;18;69;108;36;140;93;68;139;115;198;46;0;117;143;153;183;89;23;137;176;80;79,4815762372708515471,0.047790
steepest_intra:edges_start:random,182,73372,23596,49776,2093000,139,41;139;46;0;143;183;89;114;15;186;23;137;109;51;176;80;79;63;94;124;148;37;9;62;144;102;49;14;138;21;7;164;27;90;39;165;40;185;179;92;145;78;31;113;175;171;16;25;44;120;75;101;1;2;129;57;55;52;106;178;167;152;97;26;100;86;53;158;180;154;70;135;133;151;162;123;149;65;116;59;118;115;5;42;43;160;184;84;112;4;190;10;177;54;34;146;22;18;159;193,5304004406120637885,0.049682
steepest_intra:edges_start:random,183,74172,23410,50762,1868750,124,183;143;0;117;93;108;69;18;199;139;198;68;46;115;41;193;159;22;146;181;42;43;160;34;48;54;177;10;190;4;112;84;184;35;131;149;47;65;116;59;51;151;162;133;79;63;180;154;135;123;70;158;53;86;75;120;44;25;145;78;16;171;175;113;31;196;40;165;185;106;178;49;14;144;62;9;15;148;167;52;55;57;92;129;2;152;97;1;101;26;100;121;189;124;94;122;80;176;137;89,2931912161928046889,0.043389
steepest_intra:edges_start:random,184,73184,22942,50242,2197650,146,81;196;145;31;56;113;175;171;16;78;25;44;120;129;92;57;55;52;106;178;49;148;124;94;152;97;1;101;75;86;26;100;121;53;158;154;180;63;79;80;176;133;151;162;135;70;127;123;35;84;112;4;10;177;54;48;160;184;131;149;65;116;43;42;5;96;181;34;146;22;199;18;108;69;159;193;41;139;115;59;118;46;68;93;117;0;170;143;183;89;137;9;62;144;14;185;40;119;165;90,12291980677441050,0.087046
steepest_intra:edges_start:random,185,73991,23397,50594,2122900,141,56;113;175;171;16;78;145;92;129;44;120;2;152;97;1;101;75;86;26;100;53;180;154;135;70;127;123;112;84;184;190;10;177;30;54;48;160;34;181;42;43;77;131;149;47;65;116;5;41;193;159;22;18;108;139;115;46;0;143;51;109;118;59;72;151;162;133;79;80;176;122;63;121;189;94;124;167;148;137;23;183;89;186;9;62;144;14;49;178;106;52;55;57;185;40;165;90;81;196;31,7151244053805423689,0.054008
steepest_intra:edges_start:random,186,71329,23491,47838,2018250,134,80;176;51;137;23;186;89;183;143;0;117;93;108;18;22;159;193;41;42;181;34;160;177;10;190;4;112;84;184;43;65;116;115;198;139;68;46;118;59;151;162;123;127;70;135;154;180;53;121;100;26;86;75;101;1;97;152;2;120;44;25;16;171;175;113;31;78;145;179;92;129;57;55;52;106;178;49;138;165;119;40;185;196;81;90;164;7;21;14;144;102;62;9;15;148;124;94;63;79;133,8450451420818125599,0.050748
steepest_intra:edges_start:random,187,73148,23350,49798,2033200,135,100;26;97;1;101;86;75;120;44;25;16;171;175;113;56;31;157;78;145;179;185;119;40;196;81;90;165;106;178;3;49;14;144;102;62;9;148;167;52;55;57;92;129;2;152;124;94;63;79;80;176;137;23;186;89;183;51;151;133;162;59;118;115;116;65;149;43;42;5;96;41;193;159;139;46;68;108;69;18;22;146;181;34;30;10;177;54;48;160;184;84;4;112;123;127;70;135;154;180;53,459326892462973341,0.049476
steepest_intra:edges_start:random,188,74894,24599,50295,1973400,131,31;56;113;175;171;16;78;25;44;120;75;101;86;53;154;70;135;180;63;79;80;133;151;162;123;112;4;10;177;184;43;42;181;160;48;54;34;146;22;195;159;41;193;18;108;139;46;115;116;65;149;59;118;51;176;137;0;143;183;89;23;186;15;144;21;14;138;185;40;119;165;39;27;90;81;196;55;52;106;178;3;49;102;62;9;37;148;128;167;111;124;94;152;97;1;2;129;57;92;145,211280009535542270,0.048663
steepest_intra:edges_start:random,189,73356,21455,51901,1973400,131,193;41;139;115;46;68;93;117;143;0;153;183;89;23;137;148;9;62;144;102;49;14;21;164;90;81;196;40;119;165;185;106;3;178;52;55;57;92;179;145;78;38;157;31;85;56;113;175;171;16;25;44;120;82;129;2;75;101;86;100;26;97;1;152;124;94;122;80;176;51;118;59;162;151;133;79;63;53;158;180;154;135;127;123;149;131;65;116;43;42;160;48;184;177;54;30;34;146;22;159,1859914339761547612,0.049072
steepest_intra:edges_start:random,190,75775,23603,52172,1943500,129,193;41;181;195;22;146;103;34;160;48;54;177;10;184;84;4;112;35;43;42;116;65;47;77;131;149;123;127;135;154;180;53;100;26;86;75;101;97;1;2;152;94;124;148;102;49;178;106;52;55;57;92;120;16;171;175;78;145;185;40;119;165;90;164;7;21;138;14;144;62;9;15;186;89;183;137;176;80;122;63;79;133;162;151;51;118;59;115;139;68;46;0;170;143;117;93;108;69;18;159,4659514575824780924,0.054891
steepest_intra:edges_start:random,191,74139,24762,49377,1988350,132,55;52;185;40;119;165;106;178;49;14;21;164;90;81;31;56;113;175;171;16;25;44;120;2;75;101;86;53;158;180;154;70;135;133;151;162;123;149;131;112;84;184;177;54;48;160;34;181;42;5;43;116;47;65;59;118;51;176;137;0;68;46;115;139;41;193;159;195;146;22;18;108;117;143;183;89;186;144;62;9;148;124;94;80;79;122;63;182;121;100;26;97;1;152;129;57;92;78;145;179,1827961606994872542,0.060543
steepest_intra:edges_start:random,192,72136,23542,48594,2107950,140,196;31;56;113;175;171;16;25;44;120;82;129;2;75;101;1;97;152;94;26;100;86;53;180;154;135;63;79;80;176;51;151;133;162;123;149;131;43;116;65;59;118;115;41;193;159;42;160;184;35;84;112;4;190;10;177;54;48;34;181;146;22;18;69;108;140;68;139;198;46;0;117;143;183;89;186;23;137;148;9;62;144;14;102;49;178;106;165;27;90;81;40;185;52;55;57;92;78;145;179,4785637810573788773,0.053087
steepest_intra:edges_start:random,193,74648,23548,51100,2167750,144,108;93;117;0;170;143;183;89;23;137;148;9;62;144;102;49;14;138;21;164;27;90;81;196;31;113;175;171;16;78;145;179;185;40;119;165;39;3;178;106;52;55;57;92;129;44;120;75;86;101;97;1;2;152;124;94;176;80;133;79;63;53;158;180;154;135;127;123;162;151;51;118;59;115;46;68;198;139;110;191;193;41;96;5;42;43;116;65;149;112;84;184;54;160;34;181;146;22;159;18,8289370675997992603,0.058096
steepest_intra:edges_start:random,194,73204,22398,50806,2197650,146,2;152;97;1;101;86;53;154;180;63;94;122;79;80;176;51;118;59;72;151;133;162;194;135;70;127;123;149;131;35;112;4;84;184;177;190;10;30;54;48;34;160;43;77;47;65;116;5;42;181;146;22;18;159;193;41;139;115;46;68;93;117;0;143;183;89;186;23;137;148;9;62;144;102;49;14;138;165;27;90;81;196;40;185;106;178;52;55;57;92;145;78;31;56;113;175;171;16;44;120,6930031073255395209,0.059309
steepest_intra:edges_start:random,195,77052,21105,55947,1898650,126,9;148;183;137;176;80;79;133;151;162;59;115;139;41;193;159;22;146;181;34;160;54;177;10;190;184;42;43;105;116;65;47;131;149;123;127;135;154;180;158;53;136;63;122;94;124;121;100;26;97;1;101;86;75;2;74;152;167;3;178;106;52;55;57;179;91;145;78;92;129;82;120;44;25;16;171;175;113;56;31;157;196;81;90;27;164;7;95;39;165;119;40;185;8;138;14;144;49;102;62,5713663510940740580,0.048002
steepest_intra:edges_start:random,196,74293,24557,49736,2107950,140,102;62;9;148;94;80;151;162;133;79;63;53;180;154;135;123;149;160;184;112;4;190;10;177;54;34;181;146;22;159;199;18;69;108;140;93;117;143;183;0;68;46;198;115;139;193;41;42;43;116;65;59;51;176;137;23;186;144;14;21;7;164;90;165;185;119;40;81;196;157;85;56;113;175;171;16;31;78;145;179;92;82;25;44;120;75;86;101;1;97;152;2;129;57;55;52;106;178;3;49,2308603212238195931,0.056605
steepest_intra:edges_start:random,197,72137,23211,48926,1868750,124,68;46;118;59;116;115;139;41;193;159;22;146;181;42;43;47;65;149;131;35;84;184;160;34;54;177;10;4;112;123;162;151;51;176;80;79;133;135;70;154;180;158;53;63;94;152;97;26;100;1;101;86;75;2;129;120;44;25;78;16;171;175;113;31;81;90;165;119;40;185;179;145;92;57;55;52;106;178;49;14;144;102;62;9;148;15;186;137;23;89;183;153;0;170;143;117;93;140;108;18,7696870113382910163,0.046496
steepest_intra:edges_start:random,198,73902,22359,51543,2107950,140,89;183;137;51;176;80;122;63;79;133;162;151;72;59;118;115;198;46;68;139;193;159;69;108;18;22;146;34;181;41;5;42;160;48;54;30;177;10;190;4;112;84;35;184;43;105;116;65;47;131;149;123;127;135;154;180;158;53;100;26;86;101;75;2;1;97;152;94;148;9;62;102;49;178;106;52;55;57;92;129;120;44;25;16;171;175;113;56;31;78;145;196;81;90;165;119;40;185;14;144,2279207622075943065,0.055001
steepest_intra:edges_start:random,199,73509,24458,49051,1973400,131,143;117;18;159;22;146;181;193;41;139;115;5;42;160;34;48;54;177;10;4;112;184;43;116;65;47;131;149;162;123;127;135;154;180;53;86;75;120;44;25;16;171;175;113;56;31;78;145;179;196;81;40;185;165;90;164;7;21;144;15;186;89;183;23;137;148;37;9;62;102;49;14;138;3;178;106;52;55;57;92;2;152;97;1;101;26;100;121;94;63;79;80;176;133;151;51;59;118;46;0,794336204732486369,0.051082
steepest_intra:edges_start:greedy,0,70571,22366,48205,119600,7,0;117;143;183;89;186;23;137;176;80;79;63;94;124;152;97;1;101;2;82;129;92;57;55;52;49;102;148;9;62;144;14;3;178;106;185;40;165;90;81;196;179;145;78;31;56;113;175;171;16;25;44;120;75;86;26;100;121;53;180;154;135;70;127;123;162;133;151;51;118;59;65;116;43;184;84;112;4;190;10;177;54;48;160;34;146;22;18;108;69;159;181;42;5;41;193;115;139;68;46,2306739865873774436,0.005003
steepest_intra:edges_start:greedy,1,71446,23257,48189,74750,4,1;101;75;86;53;154;70;135;180;63;79;133;151;162;127;123;149;65;116;43;184;10;177;54;48;160;34;146;22;18;108;69;159;181;42;5;41;193;139;68;140;93;117;143;0;46;115;59;118;51;80;176;137;23;183;89;186;114;15;9;62;144;14;138;185;40;165;90;81;196;179;145;78;31;56;113;175;171;16;25;44;120;2;129;92;57;55;52;106;178;49;102;148;124;94;121;100;26;97;152,1980553353509779377,0.002017
steepest_intra:edges_start:greedy,2,71382,23110,48272,119600,7,2;129;92;57;55;52;49;102;148;9;62;144;14;3;178;106;185;40;165;90;81;196;179;145;78;31;56;113;175;171;16;25;44;120;75;86;53;180;154;135;70;127;123;162;149;131;65;116;43;184;84;190;10;177;54;48;160;34;146;22;18;108;69;159;181;42;5;41;193;139;68;140;93;117;143;183;89;186;23;137;0;46;115;59;118;51;151;133;176;80;79;63;94;121;100;26;101;1;97;152,1962621261156295655,0.002983
steepest_intra:edges_start:greedy,3,71246,23052,48194,104650,6,138;14;144;62;9;148;102;49;178;106;52;55;57;92;129;2;152;97;1;101;26;100;121;94;63;79;80;176;133;151;51;118;59;115;46;0;137;23;186;89;183;143;117;93;140;68;139;193;41;5;42;181;159;69;108;18;22;146;34;160;48;54;177;10;190;84;184;43;116;65;131;149;162;123;127;70;135;154;180;53;86;75;120;44;25;16;171;175;113;56;31;78;145;179;196;81;90;165;40;185,4339539101910754724,0.002027
steepest_intra:edges_start:greedy,4,71327,23150,48177,149500,9,4;190;10;177;54;48;34;160;42;181;146;22;18;108;69;159;193;41;139;68;46;115;118;59;65;116;43;184;35;131;149;123;162;133;151;51;0;117;143;183;89;23;137;176;80;79;63;94;124;152;97;1;101;2;82;129;92;57;55;52;49;102;148;9;62;144;14;3;178;106;185;40;165;90;81;196;179;145;78;31;56;113;175;171;16;25;44;120;75;86;26;100;121;53;180;154;135;70;127;112,486068710088117944,0.003000
steepest_intra:edges_start:greedy,5,71179,23056,48123,104650,6,5;43;116;65;149;123;127;162;151;133;135;70;154;180;53;121;100;26;86;75;120;44;25;16;171;175;113;56;31;78;145;179;196;81;90;165;40;185;106;178;3;14;144;62;9;148;102;49;52;55;57;92;129;82;2;101;1;97;152;124;94;63;79;80;176;137;23;186;89;183;143;117;0;51;118;59;115;46;68;139;41;193;159;69;108;18;22;146;181;34;160;48;54;177;10;190;4;112;184;42,3881087753471944314,0.004131
steepest_intra:edges_start:greedy,6,71403,22833,48570,89700,5,158;70;135;154;180;63;79;133;151;162;127;123;149;65;116;43;184;177;54;48;160;34;146;22;18;108;69;159;181;42;5;41;193;139;68;140;93;117;143;0;46;115;59;118;51;80;176;137;23;183;89;186;114;15;9;62;144;14;138;185;40;165;90;81;196;179;145;78;31;56;113;175;171;16;25;44;120;2;129;92;57;55;52;106;178;49;102;148;124;94;152;97;1;101;75;86;26;100;121;53,2623041012582770132,0.002001
steepest_intra:edges_start:greedy,7,72221,24124,48097,119600,7,7;21;144;62;9;148;102;49;14;178;106;52;55;185;165;40;179;145;78;92;57;129;2;152;97;1;101;26;100;121;94;63;79;80;176;133;151;51;118;59;115;46;0;137;23;89;183;143;117;93;140;68;139;193;41;5;42;181;159;69;108;18;22;146;34;160;48;54;177;184;43;116;65;149;162;123;127;70;135;154;180;53;86;75;120;44;25;16;171;175;113;56;31;157;196;81;90;27;95;164,5418338713169626280,0.002999
steepest_intra:edges_start:greedy,8,71285,23048,48237,119600,7,27;165;40;185;138;14;144;62;9;148;102;49;178;106;52;55;57;92;129;2;152;97;1;101;26;100;121;94;63;79;80;176;133;151;51;118;59;115;46;0;137;23;186;89;183;143;117;93;140;68;139;193;41;5;42;181;159;69;108;18;22;146;34;160;48;54;177;10;190;184;43;116;65;131;149;162;123;127;70;135;154;180;53;86;75;120;44;25;16;171;175;113;56;31;78;145;179;196;81;90,8214612015237661246,0.001999
steepest_intra:edges_start:greedy,9,71246,23052,48194,89700,5,9;148;102;49;178;106;52;55;57;92;129;2;152;97;1;101;26;100;121;94;63;79;80;176;133;151;51;118;59;115;46;0;137;23;186;89;183;143;117;93;140;68;139;193;41;5;42;181;159;69;108;18;22;146;34;160;48;54;177;10;190;84;184;43;116;65;131;149;162;123;127;70;135;154;180;53;86;75;120;44;25;16;171;175;113;56;31;78;145;179;196;81;90;165;40;185;138;14;144;62,3564049137641561139,0.003003
steepest_intra:edges_start:greedy,10,71327,23150,48177,149500,9,10;190;4;112;127;70;135;154;180;53;121;100;26;86;75;120;44;25;16;171;175;113;56;31;78;145;179;196;81;90;165;40;185;106;178;3;14;144;62;9;148;102;49;52;55;57;92;129;82;2;101;1;97;152;124;94;63;79;80;176;137;23;89;183;143;117;0;51;151;133;162;123;149;131;35;184;43;116;65;59;118;115;46;68;139;41;193;159;69;108;18;22;146;181;42;160;34;48;54;177,25227453385939325,0.003004
steepest_intra:edges_start:greedy,11,71233,22908,48325,149500,9,149;35;84;4;112;127;123;162;151;133;135;70;154;180;53;121;100;26;86;75;120;44;25;16;171;175;113;56;31;78;145;179;196;81;90;165;40;185;106;178;3;14;144;62;9;148;102;49;52;55;57;92;129;82;2;101;1;97;152;124;94;63;79;80;176;137;23;186;89;183;143;117;0;46;68;139;115;118;51;59;65;116;43;42;5;41;193;159;69;108;18;22;146;181;34;160;48;54;177;184,7068670266502228910,0.004031
steepest_intra:edges_start:greedy,12,72072,23105,48967,89700,5,124;94;152;97;1;101;2;82;129;92;57;179;145;78;31;56;113;175;171;16;25;44;120;75;86;26;100;121;53;158;154;70;135;180;63;79;133;151;162;123;149;65;116;43;184;177;54;48;160;34;146;22;18;108;69;159;181;42;5;41;193;139;68;140;93;117;143;0;46;115;59;118;51;80;176;137;23;183;89;186;114;15;9;62;144;14;138;165;90;81;196;40;185;55;52;106;178;49;102;148,5638438378381979872,0.002032
steepest_intra:edges_start:greedy,13,71808,23361,48447,149500,9,157;31;56;113;175;171;16;25;44;120;75;86;53;180;154;135;70;127;123;162;149;131;65;116;43;184;190;10;177;54;48;160;34;146;22;18;108;69;159;181;42;5;41;193;139;68;140;93;117;143;183;89;186;23;137;0;46;115;59;118;51;151;133;176;80;79;63;94;121;100;26;101;1;97;152;2;129;57;55;52;49;102;148;9;62;144;14;3;178;106;185;40;165;90;81;196;179;92;145;78,6977246985435933082,0.003249
steepest_intra:edges_start:greedy,14,71246,23052,48194,89700,5,14;144;62;9;148;102;49;178;106;52;55;57;92;129;2;152;97;1;101;26;100;121;94;63;79;80;176;133;151;51;118;59;115;46;0;137;23;186;89;183;143;117;93;140;68;139;193;41;5;42;181;159;69;108;18;22;146;34;160;48;54;177;10;190;84;184;43;116;65;131;149;162;123;127;70;135;154;180;53;86;75;120;44;25;16;171;175;113;56;31;78;145;179;196;81;90;165;40;185;138,9133388007080071059,0.003015
steepest_intra:edges_start:greedy,15,71325,23171,48154,89700,5,15;144;14;138;185;40;165;90;81;196;179;145;78;31;56;113;175;171;16;25;44;120;75;86;53;180;154;135;70;127;123;162;149;131;65;116;43;184;190;10;177;54;48;160;34;146;22;18;108;69;159;181;42;5;41;193;139;68;140;93;117;143;183;89;186;23;137;0;46;115;59;118;51;151;133;176;80;79;63;94;121;100;26;101;1;97;152;2;129;92;57;55;52;106;178;49;102;62;9;148,1857179185019568247,0.001568
steepest_intra:edges_start:greedy,16,71579,23307,48272,119600,7,16;25;44;120;75;86;53;180;154;135;70;127;123;162;149;131;65;116;43;184;84;190;10;177;54;48;160;34;146;22;18;108;69;159;181;42;5;41;193;139;68;140;93;117;143;183;89;186;23;137;0;46;115;59;118;51;151;133;176;80;79;63;94;121;100;26;101;1;97;152;2;129;57;55;52;49;102;148;9;62;144;14;3;178;106;185;40;165;90;81;196;179;92;145;78;31;56;113;175;171,4195373304837100895,0.003026
steepest_intra:edges_start:greedy,17,72552,23722,48830,149500,9,119;165;39;95;7;164;58;27;90;81;196;157;31;56;113;175;171;16;25;44;120;75;86;53;180;154;135;70;127;123;162;149;65;116;43;184;177;54;48;160;34;146;22;18;108;159;181;42;41;193;139;68;140;93;117;143;183;89;23;137;0;46;115;59;118;51;151;133;176;80;79;63;94;26;101;1;97;152;2;82;78;145;179;92;129;57;55;52;49;102;148;9;62;144;14;3;178;106;185;40,9123006565965670422,0.004000
steepest_intra:edges_start:greedy,18,71359,23109,48250,119600,7,18;22;146;159;193;41;5;42;181;34;160;48;54;177;10;190;4;112;184;43;116;65;149;123;127;162;151;133;135;70;154;180;53;121;100;26;86;75;120;44;25;16;171;175;113;56;31;78;145;179;196;81;90;165;40;185;106;178;3;14;144;62;9;148;102;49;52;55;57;92;129;82;2;101;1;97;152;124;94;63;79;80;176;137;51;118;59;115;139;68;46;0;89;183;143;117;93;140;108;69,4810063363383884182,0.002998
steepest_intra:edges_start:greedy,19,71608,22548,49060,59800,3,189;94;124;148;102;49;178;106;52;55;57;92;129;2;120;44;25;16;171;175;113;56;31;78;145;179;196;81;90;165;40;185;138;14;144;62;9;15;114;186;89;183;23;137;176;80;51;118;59;115;46;0;143;117;93;140;68;139;193;41;5;42;181;159;69;108;18;22;146;34;160;48;54;177;184;43;116;65;149;123;162;151;133;79;63;180;135;70;154;158;53;121;100;26;86;75;101;1;97;152,3754618837635195518,0.002514
steepest_intra:edges_start:greedy,20,71788,22810,48978,119600,7,199;22;146;159;193;41;5;42;181;34;160;48;54;177;10;190;84;184;43;116;65;149;123;127;162;151;133;135;70;154;180;53;121;100;26;86;75;120;44;25;16;171;175;113;56;31;78;145;179;196;81;90;165;40;185;106;178;3;14;144;62;9;148;102;49;52;55;57;92;129;82;2;101;1;97;152;124;94;63;79;80;176;137;51;118;59;115;139;68;46;0;89;183;143;117;93;140;108;69;18,1031044470888978313,0.003001
steepest_intra:edges_start:greedy,21,71711,23674,48037,89700,5,21;14;138;185;40;165;90;81;196;179;145;78;31;56;113;175;171;16;25;44;120;75;86;53;180;154;135;70;127;123;162;149;131;65;116;43;184;190;10;177;54;48;160;34;146;22;18;108;69;159;181;42;5;41;193;139;68;140;93;117;143;183;89;186;23;137;0;46;115;59;118;51;151;133;176;80;79;63;94;121;100;26;101;1;97;152;2;129;92;57;55;52;106;178;49;102;148;9;62;144,1842742945288585749,0.002004
steepest_intra:edges_start:greedy,22,70906,22933,47973,89700,5,22;146;181;34;160;48;54;177;10;190;4;112;84;184;42;43;116;65;149;123;127;162;151;133;135;70;154;180;53;121;100;26;86;75;120;44;25;16;171;175;113;56;31;78;145;179;196;81;90;165;40;185;106;178;3;14;144;62;9;148;102;49;52;55;57;92;129;82;2;101;1;97;152;124;94;63;79;80;176;137;23;186;89;183;143;117;0;51;118;59;115;46;68;139;41;193;159;69;108;18,444709469732689844,0.001999
steepest_intra:edges_start:greedy,23,70571,22366,48205,119600,7,23;137;176;80;79;63;94;124;152;97;1;101;2;82;129;92;57;55;52;49;102;148;9;62;144;14;3;178;106;185;40;165;90;81;196;179;145;78;31;56;113;175;171;16;25;44;120;75;86;26;100;121;53;180;154;135;70;127;123;162;133;151;51;118;59;65;116;43;184;84;112;4;190;10;177;54;48;160;34;146;22;18;108;69;159;181;42;5;41;193;115;139;68;46;0;117;143;183;89;186,1513570858768096172,0.002995
steepest_intra:edges_start:greedy,24,71514,22952,48562,119600,7,131;149;123;127;162;151;133;135;70;154;180;53;121;100;26;86;75;120;44;25;16;171;175;113;56;31;78;145;179;196;81;90;165;40;185;106;178;3;14;144;62;9;148;102;49;52;55;57;92;129;82;2;101;1;97;152;124;94;63;79;80;176;137;23;186;89;183;143;117;0;51;118;59;115;46;68;139;193;41;5;42;181;159;69;108;18;22;146;34;160;48;54;177;10;190;84;184;43;116;65,4520731414781774628,0.002002
steepest_intra:edges_start:greedy,25,71382,23110,48272,119600,7,25;44;120;75;86;53;180;154;135;70;127;123;162;149;131;65;116;43;184;84;190;10;177;54;48;160;34;146;22;18;108;69;159;181;42;5;41;193;139;68;140;93;117;143;183;89;186;23;137;0;46;115;59;118;51;151;133;176;80;79;63;94;121;100;26;101;1;97;152;2;129;92;57;55;52;49;102;148;9;62;144;14;3;178;106;185;40;165;90;81;196;179;145;78;31;56;113;175;171;16,307265906503936338,0.002972
steepest_intra:edges_start:greedy,26,71224,23198,48026,59800,3,26;97;1;152;94;124;148;102;49;178;106;52;55;57;92;129;2;120;44;25;16;171;175;113;56;31;78;145;179;196;81;90;165;40;185;138;14;144;62;9;15;114;186;89;183;23;137;176;80;51;118;59;115;46;0;143;117;93;140;68;139;193;41;5;42;181;159;69;108;18;22;146;34;160;48;54;177;10;190;184;43;116;65;149;123;127;162;151;133;79;63;180;135;70;154;53;86;75;101;100,2905867732185130151,0.000999
steepest_intra:edges_start:greedy,27,71912,23384,48528,59800,3,27;58;164;7;95;39;165;138;14;144;62;9;148;102;49;178;106;52;55;57;92;129;2;152;94;63;79;80;176;133;151;51;118;59;115;46;0;137;23;89;183;143;117;93;140;68;139;193;41;5;42;181;159;69;108;18;22;146;34;160;48;54;177;184;43;116;65;149;162;123;127;70;135;154;180;53;100;26;97;1;101;86;75;120;44;25;16;171;175;113;56;31;78;145;179;196;81;185;40;90,1922744033723848454,0.001003
steepest_intra:edges_start:greedy,28,71641,23034,48607,134550,8,35;43;116;65;131;149;123;127;162;151;133;135;70;154;180;53;121;100;26;86;75;120;44;25;16;171;175;113;56;31;78;145;179;196;81;90;165;40;185;106;178;3;14;144;62;9;148;102;49;52;55;57;92;129;82;2;101;1;97;152;124;94;63;79;80;176;137;23;186;89;183;143;117;0;51;118;59;115;46;68;139;193;41;5;42;181;159;69;108;18;22;146;34;160;48;54;177;10;190;184,2831186946344711931,0.004003
steepest_intra:edges_start:greedy,29,71061,22454,48607,179400,11,149;123;162;151;133;135;70;154;180;53;121;100;26;86;75;120;44;25;16;171;175;113;56;31;78;145;179;196;81;90;165;40;185;106;178;3;14;144;62;9;148;102;49;52;55;57;92;129;82;2;101;1;97;152;124;94;63;79;80;176;137;23;186;89;183;143;117;0;46;68;139;115;118;51;59;65;116;43;42;5;41;193;159;69;108;18;22;146;181;34;160;48;54;177;184;35;84;4;112;131,181537128521811784,0.004019
steepest_intra:edges_start:greedy,30,71512,22948,48564,149500,9,48;54;177;10;190;84;184;43;116;65;59;118;115;46;0;51;151;133;162;123;127;70;135;154;180;53;121;100;26;86;75;120;44;25;16;171;175;113;56;31;78;145;179;196;81;90;165;40;185;106;178;3;14;144;62;9;148;102;49;52;55;57;92;129;82;2;101;1;97;152;124;94;63;79;80;176;137;23;186;89;183;143;117;93;140;68;139;41;193;159;69;108;18;22;146;195;181;42;160;34,2510791547478677846,0.003012
steepest_intra:edges_start:greedy,31,71579,23307,48272,119600,7,31;78;145;92;179;196;81;90;165;40;185;106;178;3;14;144;62;9;148;102;49;52;55;57;129;2;152;97;1;101;26;100;121;94;63;79;80;176;133;151;51;118;59;115;46;0;137;23;186;89;183;143;117;93;140;68;139;193;41;5;42;181;159;69;108;18;22;146;34;160;48;54;177;10;190;84;184;43;116;65;131;149;162;123;127;70;135;154;180;53;86;75;120;44;25;16;171;175;113;56,2760036853061075906,0.003015
steepest_intra:edges_start:greedy,32,71246,23052,48194,104650,6,138;14;144;62;9;148;102;49;178;106;52;55;57;92;129;2;152;97;1;101;26;100;121;94;63;79;80;176;133;151;51;118;59;115;46;0;137;23;186;89;183;143;117;93;140;68;139;193;41;5;42;181;159;69;108;18;22;146;34;160;48;54;177;10;190;84;184;43;116;65;131;149;162;123;127;70;135;154;180;53;86;75;120;44;25;16;171;175;113;56;31;78;145;179;196;81;90;165;40;185,5264342189888144926,0.001998
steepest_intra:edges_start:greedy,33,71402,22870,48532,104650,6,37;102;49;178;106;52;55;57;92;129;2;152;97;1;101;26;100;121;94;63;79;80;176;133;151;51;118;59;115;46;0;137;23;186;89;183;143;117;93;140;68;139;193;41;5;42;181;159;69;108;18;22;146;34;160;48;54;177;10;190;184;43;116;65;131;149;162;123;127;70;135;154;180;53;86;75;120;44;25;16;171;175;113;56;31;78;145;179;196;81;90;165;40;185;138;14;144;62;9;148,6307645401612307498,0.003001
steepest_intra:edges_start:greedy,34,70906,22933,47973,89700,5,34;181;146;22;18;108;69;159;193;41;139;68;46;115;59;118;51;0;117;143;183;89;186;23;137;176;80;79;63;94;124;152;97;1;101;2;82;129;92;57;55;52;49;102;148;9;62;144;14;3;178;106;185;40;165;90;81;196;179;145;78;31;56;113;175;171;16;25;44;120;75;86;26;100;121;53;180;154;70;135;133;151;162;127;123;149;65;116;43;42;184;84;112;4;190;10;177;54;48;160,8097335581081230920,0.001998
steepest_intra:edges_start:greedy,35,70846,22596,48250,149500,9,35;84;4;112;127;123;162;151;133;135;70;154;180;53;121;100;26;86;75;120;44;25;16;171;175;113;56;31;78;145;179;196;81;90;165;40;185;106;178;3;14;144;62;9;148;102;49;52;55;57;92;129;82;2;101;1;97;152;124;94;63;79;80;176;137;23;186;89;183;143;117;0;46;68;139;115;118;51;59;65;116;43;42;5;41;193;159;69;108;18;22;146;181;34;160;48;54;177;10;184,6434535572054845986,0.002999
steepest_intra:edges_start:greedy,36,71952,22784,49168,104650,6,36;108;69;18;22;146;159;193;41;5;42;181;34;160;48;54;177;10;190;84;184;43;116;65;149;123;127;162;151;133;135;70;154;180;53;121;100;26;86;75;120;44;25;16;171;175;113;56;31;78;145;179;196;81;90;165;40;185;106;178;3;14;144;62;9;148;102;49;52;55;57;92;129;82;2;101;1;97;152;124;94;63;79;80;176;137;51;118;59;115;139;68;46;0;89;183;143;117;93;140,1400643402148276186,0.002000
steepest_intra:edges_start:greedy,37,71402,22870,48532,89700,5,37;102;49;178;106;52;55;57;92;129;2;152;97;1;101;26;100;121;94;63;79;80;176;133;151;51;118;59;115;46;0;137;23;186;89;183;143;117;93;140;68;139;193;41;5;42;181;159;69;108;18;22;146;34;160;48;54;177;10;190;184;43;116;65;131;149;162;123;127;70;135;154;180;53;86;75;120;44;25;16;171;175;113;56;31;78;145;179;196;81;90;165;40;185;138;14;144;62;9;148,2570981902089680776,0.002011
steepest_intra:edges_start:greedy,38,71808,23361,48447,134550,8,157;78;145;92;179;196;81;90;165;40;185;106;178;3;14;144;62;9;148;102;49;52;55;57;129;2;152;97;1;101;26;100;121;94;63;79;80;176;133;151;51;118;59;115;46;0;137;23;186;89;183;143;117;93;140;68;139;193;41;5;42;181;159;69;108;18;22;146;34;160;48;54;177;10;190;184;43;116;65;131;149;162;123;127;70;135;154;180;53;86;75;120;44;25;16;171;175;113;56;31,2855143836713986445,0.003999
steepest_intra:edges_start:greedy,39,71938,23600,48338,74750,4,39;95;7;164;27;90;40;185;81;196;179;145;78;31;56;113;175;171;16;25;44;120;75;86;53;180;154;135;70;127;123;162;149;65;116;43;184;177;54;48;160;34;146;22;18;108;69;159;181;42;5;41;193;139;68;140;93;117;143;183;89;23;137;0;46;115;59;118;51;151;133;176;80;79;63;94;121;100;26;101;1;97;152;2;129;92;57;55;52;106;178;49;102;148;9;62;144;14;138;165,5673230497049291240,0.001996
steepest_intra:edges_start:greedy,40,71246,23052,48194,89700,5,40;165;90;81;196;179;145;78;31;56;113;175;171;16;25;44;120;75;86;53;180;154;135;70;127;123;162;149;131;65;116;43;184;84;190;10;177;54;48;160;34;146;22;18;108;69;159;181;42;5;41;193;139;68;140;93;117;143;183;89;186;23;137;0;46;115;59;118;51;151;133;176;80;79;63;94;121;100;26;101;1;97;152;2;129;92;57;55;52;106;178;49;102;148;9;62;144;14;138;185,1891599260722419552,0.002017
steepest_intra:edges_start:greedy,41,71369,23246,48123,104650,6,41;5;42;181;159;69;108;18;22;146;34;160;48;54;177;10;190;4;112;184;43;116;65;149;123;127;162;151;133;135;70;154;180;53;121;100;26;86;75;120;44;25;16;171;175;113;56;31;78;145;179;196;81;90;165;40;185;106;178;3;14;144;62;9;148;102;49;52;55;57;92;129;82;2;101;1;97;152;124;94;63;79;80;176;137;23;186;89;183;143;117;0;51;118;59;115;46;68;139;193,626082397494884487,0.002004
steepest_intra:edges_start:greedy,42,71369,23246,48123,104650,6,42;5;41;193;139;68;46;115;59;118;51;0;117;143;183;89;186;23;137;176;80;79;63;94;124;152;97;1;101;2;82;129;92;57;55;52;49;102;148;9;62;144;14;3;178;106;185;40;165;90;81;196;179;145;78;31;56;113;175;171;16;25;44;120;75;86;26;100;121;53;180;154;70;135;133;151;162;127;123;149;65;116;43;184;112;4;190;10;177;54;48;160;34;146;22;18;108;69;159;181,1803156661420270244,0.002000
steepest_intra:edges_start:greedy,43,71548,23048,48500,104650,6,43;116;65;59;118;115;46;0;51;151;133;162;123;127;70;135;154;180;53;121;100;26;86;75;120;44;25;16;171;175;113;56;31;78;145;179;196;81;90;165;40;185;106;178;3;14;144;62;9;148;102;49;52;55;57;92;129;82;2;101;1;97;152;124;94;63;79;80;176;137;23;186;89;183;143;117;93;140;68;139;193;41;5;42;181;159;69;108;18;22;146;34;160;48;54;177;10;190;84;184,3454816533117619234,0.003000
steepest_intra:edges_start:greedy,44,71382,23110,48272,119600,7,44;25;16;171;175;113;56;31;78;145;179;196;81;90;165;40;185;106;178;3;14;144;62;9;148;102;49;52;55;57;92;129;2;152;97;1;101;26;100;121;94;63;79;80;176;133;151;51;118;59;115;46;0;137;23;186;89;183;143;117;93;140;68;139;193;41;5;42;181;159;69;108;18;22;146;34;160;48;54;177;10;190;84;184;43;116;65;131;149;162;123;127;70;135;154;180;53;86;75;120,1327888428334930436,0.004000
steepest_intra:edges_start:greedy,45,72056,23228,48828,119600,7,72;162;127;123;149;65;116;43;184;84;190;10;177;54;48;160;34;146;22;18;108;69;159;181;42;5;41;193;139;68;46;115;59;118;51;0;117;143;183;89;186;23;137;176;80;79;63;94;124;152;97;1;101;2;82;129;92;57;55;52;49;102;148;9;62;144;14;3;178;106;185;40;165;90;81;196;179;145;78;31;56;113;175;171;16;25;44;120;75;86;26;100;121;53;180;154;70;135;133;151,8459055748974046802,0.003032
steepest_intra:edges_start:greedy,46,71369,23246,48123,104650,6,46;115;59;118;51;0;117;143;183;89;186;23;137;176;80;79;63;94;124;152;97;1;101;2;82;129;92;57;55;52;49;102;148;9;62;144;14;3;178;106;185;40;165;90;81;196;179;145;78;31;56;113;175;171;16;25;44;120;75;86;26;100;121;53;180;154;70;135;133;151;162;127;123;149;65;116;43;184;112;4;190;10;177;54;48;160;34;146;22;18;108;69;159;181;42;5;41;193;139;68,3747716410838783462,0.003008
steepest_intra:edges_start:greedy,47,71514,22952,48562,134550,8,131;149;123;127;162;151;133;135;70;154;180;53;121;100;26;86;75;120;44;25;16;171;175;113;56;31;78;145;179;196;81;90;165;40;185;106;178;3;14;144;62;9;148;102;49;52;55;57;92;129;82;2;101;1;97;152;124;94;63;79;80;176;137;23;186;89;183;143;117;0;51;118;59;115;46;68;139;193;41;5;42;181;159;69;108;18;22;146;34;160;48;54;177;10;190;84;184;43;116;65,8846626679938079101,0.003030
steepest_intra:edges_start:greedy,48,71512,22948,48564,134550,8,48;34;160;42;181;195;146;22;18;108;69;159;193;41;139;68;140;93;117;143;183;89;186;23;137;176;80;79;63;94;124;152;97;1;101;2;82;129;92;57;55;52;49;102;148;9;62;144;14;3;178;106;185;40;165;90;81;196;179;145;78;31;56;113;175;171;16;25;44;120;75;86;26;100;121;53;180;154;135;70;127;123;162;133;151;51;0;46;115;118;59;65;116;43;184;84;190;10;177;54,2618141200513047644,0.002998
steepest_intra:edges_start:greedy,49,71246,23052,48194,89700,5,49;178;106;52;55;57;92;129;2;152;97;1;101;26;100;121;94;63;79;80;176;133;151;51;118;59;115;46;0;137;23;186;89;183;143;117;93;140;68;139;193;41;5;42;181;159;69;108;18;22;146;34;160;48;54;177;10;190;84;184;43;116;65;131;149;162;123;127;70;135;154;180;53;86;75;120;44;25;16;171;175;113;56;31;78;145;179;196;81;90;165;40;185;138;14;144;62;9;148;102,8642179137164231916,0.001993
steepest_intra:edges_start:greedy,50,71808,23361,48447,179400,11,157;31;56;113;175;171;16;25;44;120;75;86;53;180;154;135;70;127;123;162;149;131;65;116;43;184;190;10;177;54;48;160;34;146;22;18;108;69;159;181;42;5;41;193;139;68;140;93;117;143;183;89;186;23;137;0;46;115;59;118;51;151;133;176;80;79;63;94;121;100;26;101;1;97;152;2;129;57;55;52;49;102;148;9;62;144;14;3;178;106;185;40;165;90;81;196;179;92;145;78,5814682462758154987,0.005023
steepest_intra:edges_start:greedy,51,71369,23246,48123,104650,6,51;118;59;115;46;68;139;193;41;5;42;181;159;69;108;18;22;146;34;160;48;54;177;10;190;4;112;184;43;116;65;149;123;127;162;151;133;135;70;154;180;53;121;100;26;86;75;120;44;25;16;171;175;113;56;31;78;145;179;196;81;90;165;40;185;106;178;3;14;144;62;9;148;102;49;52;55;57;92;129;82;2;101;1;97;152;124;94;63;79;80;176;137;23;186;89;183;143;117;0,2811147604452076020,0.003022
steepest_intra:edges_start:greedy,52,71246,23052,48194,104650,6,52;106;178;49;102;148;9;62;144;14;138;185;40;165;90;81;196;179;145;78;31;56;113;175;171;16;25;44;120;75;86;53;180;154;135;70;127;123;162;149;131;65;116;43;184;84;190;10;177;54;48;160;34;146;22;18;108;69;159;181;42;5;41;193;139;68;140;93;117;143;183;89;186;23;137;0;46;115;59;118;51;151;133;176;80;79;63;94;121;100;26;101;1;97;152;2;129;92;57;55,1348056399807935396,0.003001
steepest_intra:edges_start:greedy,53,71413,22843,48570,44850,2,53;158;154;70;135;180;63;79;133;151;162;127;123;149;65;116;43;184;177;54;48;160;34;146;22;18;108;69;159;181;42;5;41;193;139;68;140;93;117;143;0;46;115;59;118;51;80;176;137;23;183;89;186;114;15;9;62;144;14;138;185;40;165;90;81;196;179;145;78;31;56;113;175;171;16;25;44;120;2;129;92;57;55;52;106;178;49;102;148;124;94;152;97;1;101;75;86;26;100;121,3461726680040396697,0.000972
steepest_intra:edges_start:greedy,54,71512,22948,48564,134550,8,54;48;34;160;42;181;195;146;22;18;108;69;159;193;41;139;68;140;93;117;143;183;89;186;23;137;176;80;79;63;94;124;152;97;1;101;2;82;129;92;57;55;52;49;102;148;9;62;144;14;3;178;106;185;40;165;90;81;196;179;145;78;31;56;113;175;171;16;25;44;120;75;86;26;100;121;53;180;154;135;70;127;123;162;133;151;51;0;46;115;118;59;65;116;43;184;84;190;10;177,3179214622832005691,0.003961
steepest_intra:edges_start:greedy,55,71246,23052,48194,104650,6,55;52;106;178;49;102;148;9;62;144;14;138;185;40;165;90;81;196;179;145;78;31;56;113;175;171;16;25;44;120;75;86;53;180;154;135;70;127;123;162;149;131;65;116;43;184;84;190;10;177;54;48;160;34;146;22;18;108;69;159;181;42;5;41;193;139;68;140;93;117;143;183;89;186;23;137;0;46;115;59;118;51;151;133;176;80;79;63;94;121;100;26;101;1;97;152;2;129;92;57,319056088465215089,0.002972
steepest_intra:edges_start:greedy,56,71579,23307,48272,119600,7,56;31;78;145;92;179;196;81;90;165;40;185;106;178;3;14;144;62;9;148;102;49;52;55;57;129;2;152;97;1;101;26;100;121;94;63;79;80;176;133;151;51;118;59;115;46;0;137;23;186;89;183;143;117;93;140;68;139;193;41;5;42;181;159;69;108;18;22;146;34;160;48;54;177;10;190;84;184;43;116;65;131;149;162;123;127;70;135;154;180;53;86;75;120;44;25;16;171;175;113,5609539326551904495,0.003235
steepest_intra:edges_start:greedy,57,71382,23110,48272,104650,6,57;55;52;49;102;148;9;62;144;14;3;178;106;185;40;165;90;81;196;179;145;78;31;56;113;175;171;16;25;44;120;75;86;53;180;154;135;70;127;123;162;149;131;65;116;43;184;84;190;10;177;54;48;160;34;146;22;18;108;69;159;181;42;5;41;193;139;68;140;93;117;143;183;89;186;23;137;0;46;115;59;118;51;151;133;176;80;79;63;94;121;100;26;101;1;97;152;2;129;92,538671472428762890,0.001999
steepest_intra:edges_start:greedy,58,72221,23934,48287,89700,5,58;95;27;90;81;196;157;31;56;113;175;171;16;25;44;120;75;86;101;1;97;26;100;53;180;154;135;70;127;123;162;149;65;116;43;184;177;54;48;160;34;146;22;18;108;69;159;181;42;5;41;193;139;68;140;93;117;143;183;89;23;137;0;46;115;59;118;51;151;133;176;80;79;63;94;152;2;129;57;92;78;145;179;40;165;185;55;52;106;178;14;49;102;148;9;62;144;21;7;164,8687825347557133993,0.002000
steepest_intra:edges_start:greedy,59,71369,23246,48123,104650,6,59;115;46;68;139;193;41;5;42;181;159;69;108;18;22;146;34;160;48;54;177;10;190;4;112;184;43;116;65;149;123;127;162;151;133;135;70;154;180;53;121;100;26;86;75;120;44;25;16;171;175;113;56;31;78;145;179;196;81;90;165;40;185;106;178;3;14;144;62;9;148;102;49;52;55;57;92;129;82;2;101;1;97;152;124;94;63;79;80;176;137;23;186;89;183;143;117;0;51;118,2091079492470751143,0.002999
steepest_intra:edges_start:greedy,60,71369,23246,48123,149500,9,68;46;115;59;118;51;0;117;143;183;89;186;23;137;176;80;79;63;94;124;152;97;1;101;2;82;129;92;57;55;52;49;102;148;9;62;144;14;3;178;106;185;40;165;90;81;196;179;145;78;31;56;113;175;171;16;25;44;120;75;86;26;100;121;53;180;154;70;135;133;151;162;127;123;149;65;116;43;184;112;4;190;10;177;54;48;160;34;146;22;18;108;69;159;181;42;5;41;193;139,9005773878195244792,0.003008
steepest_intra:edges_start:greedy,61,71325,23171,48154,104650,6,15;144;14;138;185;40;165;90;81;196;179;145;78;31;56;113;175;171;16;25;44;120;75;86;53;180;154;135;70;127;123;162;149;131;65;116;43;184;190;10;177;54;48;160;34;146;22;18;108;69;159;181;42;5;41;193;139;68;140;93;117;143;183;89;186;23;137;0;46;115;59;118;51;151;133;176;80;79;63;94;121;100;26;101;1;97;152;2;129;92;57;55;52;106;178;49;102;62;9;148,3507271808303413462,0.002999
steepest_intra:edges_start:greedy,62,71246,23052,48194,89700,5,62;144;14;138;185;40;165;90;81;196;179;145;78;31;56;113;175;171;16;25;44;120;75;86;53;180;154;135;70;127;123;162;149;131;65;116;43;184;84;190;10;177;54;48;160;34;146;22;18;108;69;159;181;42;5;41;193;139;68;140;93;117;143;183;89;186;23;137;0;46;115;59;118;51;151;133;176;80;79;63;94;121;100;26;101;1;97;152;2;129;92;57;55;52;106;178;49;102;148;9,5425882368483516651,0.002997
steepest_intra:edges_start:greedy,63,71413,22843,48570,44850,2,63;180;135;70;154;158;53;121;100;26;86;75;101;1;97;152;94;124;148;102;49;178;106;52;55;57;92;129;2;120;44;25;16;171;175;113;56;31;78;145;179;196;81;90;165;40;185;138;14;144;62;9;15;114;186;89;183;23;137;176;80;51;118;59;115;46;0;143;117;93;140;68;139;193;41;5;42;181;159;69;108;18;22;146;34;160;48;54;177;184;43;116;65;149;123;127;162;151;133;79,1132542317681420132,0.001998
steepest_intra:edges_start:greedy,64,72036,22517,49519,44850,2,64;114;186;89;183;23;137;176;80;51;118;59;115;46;0;143;117;93;140;68;139;193;41;5;42;181;159;69;108;18;22;146;34;160;48;54;177;184;43;116;65;149;123;162;151;133;79;63;180;135;70;154;158;53;121;100;26;86;75;101;1;97;152;94;124;148;9;62;102;49;178;106;52;55;57;92;129;2;120;44;25;16;171;175;113;56;31;78;145;179;196;81;90;165;40;185;138;14;144;15,3155964422996553098,0.001971
steepest_intra:edges_start:greedy,65,71369,23246,48123,104650,6,65;149;123;127;162;151;133;135;70;154;180;53;121;100;26;86;75;120;44;25;16;171;175;113;56;31;78;145;179;196;81;90;165;40;185;106;178;3;14;144;62;9;148;102;49;52;55;57;92;129;82;2;101;1;97;152;124;94;63;79;80;176;137;23;186;89;183;143;117;0;51;118;59;115;46;68;139;193;41;5;42;181;159;69;108;18;22;146;34;160;48;54;177;10;190;4;112;184;43;116,174269400856180926,0.002025
steepest_intra:edges_start:greedy,66,72214,23724,48490,104650,6,23;51;118;59;115;46;0;89;183;143;117;93;140;68;139;193;41;5;42;181;159;69;108;18;22;146;34;160;48;54;177;10;190;84;184;43;116;65;149;123;127;162;151;133;135;70;154;180;53;121;100;26;86;75;120;44;25;16;171;175;113;56;31;78;145;179;196;81;90;165;40;185;106;178;3;14;144;62;9;148;102;49;52;55;57;92;129;82;2;101;1;97;152;124;94;63;79;80;176;137,636275752132570986,0.003028
steepest_intra:edges_start:greedy,67,71952,22784,49168,119600,7,36;108;69;18;22;146;159;193;41;5;42;181;34;160;48;54;177;10;190;84;184;43;116;65;149;123;127;162;151;133;135;70;154;180;53;121;100;26;86;75;120;44;25;16;171;175;113;56;31;78;145;179;196;81;90;165;40;185;106;178;3;14;144;62;9;148;102;49;52;55;57;92;129;82;2;101;1;97;152;124;94;63;79;80;176;137;51;118;59;115;139;68;46;0;89;183;143;117;93;140,3585088857544333240,0.002583
steepest_intra:edges_start:greedy,68,71369,23246,48123,104650,6,68;46;115;59;118;51;0;117;143;183;89;186;23;137;176;80;79;63;94;124;152;97;1;101;2;82;129;92;57;55;52;49;102;148;9;62;144;14;3;178;106;185;40;165;90;81;196;179;145;78;31;56;113;175;171;16;25;44;120;75;86;26;100;121;53;180;154;70;135;133;151;162;127;123;149;65;116;43;184;112;4;190;10;177;54;48;160;34;146;22;18;108;69;159;181;42;5;41;193;139,1545059847851930876,0.002996
steepest_intra:edges_start:greedy,69,71643,22792,48851,104650,6,69;108;18;199;22;146;159;193;41;5;42;181;34;160;48;54;177;10;190;84;184;43;116;65;149;123;127;162;151;133;135;70;154;180;53;121;100;26;86;75;120;44;25;16;171;175;113;56;31;78;145;179;196;81;90;165;40;185;106;178;3;14;144;62;9;148;102;49;52;55;57;92;129;82;2;101;1;97;152;124;94;63;79;80;176;137;23;186;89;183;143;117;0;51;118;59;115;46;68;139,7168103611082148348,0.002641
steepest_intra:edges_start:greedy,70,71413,22843,48570,44850,2,70;154;158;53;121;100;26;86;75;101;1;97;152;94;124;148;102;49;178;106;52;55;57;92;129;2;120;44;25;16;171;175;113;56;31;78;145;179;196;81;90;165;40;185;138;14;144;62;9;15;114;186;89;183;23;137;176;80;51;118;59;115;46;0;143;117;93;140;68;139;193;41;5;42;181;159;69;108;18;22;146;34;160;48;54;177;184;43;116;65;149;123;127;162;151;133;79;63;180;135,3949703097424023187,0.001001
steepest_intra:edges_start:greedy,71,71912,23384,48528,59800,3,58;164;7;95;39;165;138;14;144;62;9;148;102;49;178;106;52;55;57;92;129;2;152;94;63;79;80;176;133;151;51;118;59;115;46;0;137;23;89;183;143;117;93;140;68;139;193;41;5;42;181;159;69;108;18;22;146;34;160;48;54;177;184;43;116;65;149;162;123;127;70;135;154;180;53;100;26;97;1;101;86;75;120;44;25;16;171;175;113;56;31;78;145;179;196;81;185;40;90;27,5576391782038671955,0.001002
steepest_intra:edges_start:greedy,72,71787,22917,48870,119600,7,109;51;0;117;143;183;89;186;23;137;176;80;79;63;94;124;152;97;1;101;2;82;129;92;57;55;52;49;102;148;9;62;144;14;3;178;106;185;40;165;90;81;196;179;145;78;31;56;113;175;171;16;25;44;120;75;86;26;100;121;53;180;154;70;135;133;151;162;127;123;149;65;116;43;184;84;190;10;177;54;48;160;34;146;22;18;108;69;159;181;42;5;41;193;139;68;46;115;59;118,875791366866829487,0.063000
steepest_intra:edges_start:greedy,73,71763,23518,48245,119600,7,114;15;148;9;62;102;49;178;106;52;55;57;92;129;2;152;97;1;101;26;100;121;94;63;79;80;176;133;151;51;118;59;115;46;0;137;23;186;89;183;143;117;93;140;68;139;193;41;5;42;181;159;69;108;18;22;146;34;160;48;54;177;10;184;43;116;65;131;149;162;123;127;70;135;154;180;53;86;75;120;44;25;16;171;175;113;56;31;78;145;179;196;81;90;165;40;185;138;14;144,271488827249465158,0.002999
steepest_intra:edges_start:greedy,74,71540,22899,48641,104650,6,121;53;154;70;135;180;63;79;133;151;162;127;123;149;65;116;43;184;177;54;48;160;34;146;22;18;108;69;159;181;42;5;41;193;139;68;140;93;117;143;0;46;115;59;118;51;80;176;137;23;183;89;186;114;15;9;62;144;14;138;185;40;165;90;81;196;179;145;78;31;56;113;175;171;16;25;44;120;2;129;92;57;55;52;106;178;49;102;148;124;94;189;152;97;1;101;75;86;26;100,2570300910262306158,0.003003
steepest_intra:edges_start:greedy,75,71569,23095,48474,149500,9,75;120;44;25;16;171;175;113;56;31;78;145;179;196;81;90;165;40;185;106;178;3;14;144;62;9;148;102;49;52;55;57;92;129;82;2;152;97;1;101;26;100;121;94;63;79;80;176;133;151;51;118;59;115;46;0;137;23;186;89;183;143;117;93;140;68;139;193;41;5;42;181;159;69;108;18;22;146;34;160;48;54;177;10;190;184;43;116;65;131;149;162;123;127;70;135;154;180;53;86,964707591595745198,0.002999
steepest_intra:edges_start:greedy,76,71769,22943,48826,104650,6,153;137;176;80;51;118;59;115;46;68;139;193;41;5;42;181;159;69;108;18;22;146;34;160;48;54;177;10;184;43;116;65;149;123;127;162;151;133;79;63;180;135;70;154;158;53;121;100;26;86;75;101;1;97;152;94;124;148;102;49;178;106;52;55;57;92;129;2;120;44;25;16;171;175;113;56;31;78;145;179;196;81;90;165;40;185;138;14;144;62;9;15;114;186;23;89;183;143;117;0,7653966126948806657,0.002993
steepest_intra:edges_start:greedy,77,71601,23183,48418,119600,7,149;59;118;115;46;0;51;151;133;162;123;127;70;135;154;180;53;121;100;26;86;75;120;44;25;16;171;175;113;56;31;78;145;179;196;81;90;165;40;185;106;178;3;14;144;62;9;148;102;49;52;55;57;92;129;82;2;101;1;97;152;124;94;63;79;80;176;137;23;186;89;183;143;117;93;140;68;139;193;41;5;42;181;159;69;108;18;22;146;34;160;48;54;177;10;190;184;43;116;65,3505069924893496476,0.002997
steepest_intra:edges_start:greedy,78,71382,23110,48272,119600,7,78;31;56;113;175;171;16;25;44;120;75;86;53;180;154;135;70;127;123;162;149;131;65;116;43;184;84;190;10;177;54;48;160;34;146;22;18;108;69;159;181;42;5;41;193;139;68;140;93;117;143;183;89;186;23;137;0;46;115;59;118;51;151;133;176;80;79;63;94;121;100;26;101;1;97;152;2;129;92;57;55;52;49;102;148;9;62;144;14;3;178;106;185;40;165;90;81;196;179;145,2049686915756254702,0.002019
steepest_intra:edges_start:greedy,79,71779,22893,48886,104650,6,79;80;176;133;151;51;118;59;115;46;0;137;23;186;89;183;143;117;93;140;68;139;193;41;5;42;181;159;69;108;18;22;146;34;160;48;54;177;184;43;116;65;131;149;162;123;127;70;135;154;180;158;53;121;100;26;86;75;120;44;25;16;171;175;113;56;31;78;145;179;196;81;90;165;40;185;106;178;3;14;144;62;9;148;102;49;52;55;57;92;129;82;2;101;1;97;152;124;94;63,7569283713988013430,0.003034
steepest_intra:edges_start:greedy,80,71461,22899,48562,89700,5,80;79;63;94;124;152;97;1;101;2;82;129;92;57;55;52;49;102;148;9;62;144;14;3;178;106;185;40;165;90;81;196;179;145;78;31;56;113;175;171;16;25;44;120;75;86;26;100;121;53;180;154;135;70;127;123;162;133;151;149;131;65;116;43;184;84;190;10;177;54;48;160;34;146;22;18;108;69;159;181;42;5;41;193;139;68;46;115;59;118;51;0;117;143;183;89;186;23;137;176,2381965530596389107,0.003001
steepest_intra:edges_start:greedy,81,71470,23276,48194,74750,4,81;196;40;185;179;145;78;31;56;113;175;171;16;25;44;120;75;86;53;180;154;135;70;127;123;162;149;131;65;116;43;184;84;190;10;177;54;48;160;34;146;22;18;108;69;159;181;42;5;41;193;139;68;140;93;117;143;183;89;186;23;137;0;46;115;59;118;51;151;133;176;80;79;63;94;121;100;26;101;1;97;152;2;129;92;57;55;52;106;178;49;102;148;9;62;144;14;138;165;90,4631552707581778365,0.002003
steepest_intra:edges_start:greedy,82,71713,23239,48474,119600,7,82;2;75;86;53;180;154;135;70;127;123;162;149;131;65;116;43;184;190;10;177;54;48;160;34;146;22;18;108;69;159;181;42;5;41;193;139;68;140;93;117;143;183;89;186;23;137;0;46;115;59;118;51;151;133;176;80;79;63;94;121;100;26;101;1;97;152;129;92;57;55;52;49;102;148;9;62;144;14;3;178;106;185;40;165;90;81;196;179;145;78;31;56;113;175;171;16;25;44;120,6468870956011619950,0.002033
steepest_intra:edges_start:greedy,83,70942,22646,48296,149500,9,114;89;183;143;117;0;46;68;139;115;193;41;5;42;181;159;69;108;18;22;146;34;160;48;54;177;10;190;4;112;184;43;116;65;59;118;51;151;133;162;123;127;70;135;154;180;53;121;100;26;86;75;120;44;25;16;171;175;113;56;31;78;145;179;196;81;90;165;40;185;106;178;3;14;144;62;9;148;102;49;52;55;57;92;129;82;2;101;1;97;152;124;94;63;79;80;176;137;23;186,419836949623333026,0.004001
steepest_intra:edges_start:greedy,84,70846,22596,48250,149500,9,84;4;112;127;123;162;151;133;135;70;154;180;53;121;100;26;86;75;120;44;25;16;171;175;113;56;31;78;145;179;196;81;90;165;40;185;106;178;3;14;144;62;9;148;102;49;52;55;57;92;129;82;2;101;1;97;152;124;94;63;79;80;176;137;23;186;89;183;143;117;0;46;68;139;115;118;51;59;65;116;43;42;5;41;193;159;69;108;18;22;146;181;34;160;48;54;177;10;184;35,2135494242596421834,0.004021
steepest_intra:edges_start:greedy,85,71927,23480,48447,134550,8,157;145;179;196;81;90;165;40;185;106;178;3;14;144;62;9;148;102;49;52;55;57;92;129;2;152;97;1;101;26;100;121;94;63;79;80;176;133;151;51;118;59;115;46;0;137;23;186;89;183;143;117;93;140;68;139;193;41;5;42;181;159;69;108;18;22;146;34;160;48;54;177;10;190;184;43;116;65;131;149;162;123;127;70;135;154;180;53;86;75;120;44;25;78;31;16;171;175;113;56,1206402561163242114,0.004030
steepest_intra:edges_start:greedy,86,71413,22843,48570,44850,2,86;75;101;1;97;152;94;124;148;102;49;178;106;52;55;57;92;129;2;120;44;25;16;171;175;113;56;31;78;145;179;196;81;90;165;40;185;138;14;144;62;9;15;114;186;89;183;23;137;176;80;51;118;59;115;46;0;143;117;93;140;68;139;193;41;5;42;181;159;69;108;18;22;146;34;160;48;54;177;184;43;116;65;149;123;127;162;151;133;79;63;180;135;70;154;158;53;121;100;26,5708519274573065,0.000988
steepest_intra:edges_start:greedy,87,72273,23061,49212,179400,11,74;2;82;129;92;57;55;52;49;102;148;9;62;144;14;3;178;106;185;40;165;90;81;196;179;145;78;31;56;113;175;171;16;25;44;120;75;86;53;180;154;135;70;127;123;162;149;131;65;116;43;184;10;177;54;48;160;34;146;22;18;108;69;159;181;42;5;41;193;139;68;140;93;117;143;183;89;186;23;137;0;46;115;59;118;51;151;133;176;80;79;63;94;121;100;26;101;1;97;152,5129237375323700793,0.003998
steepest_intra:edges_start:greedy,88,71858,23384,48474,164450,10,82;44;25;16;171;175;113;56;31;78;145;92;179;196;81;90;165;40;185;106;178;3;14;144;62;9;148;102;49;52;55;57;129;2;152;97;1;101;26;100;121;94;63;79;80;176;133;151;51;118;59;115;46;0;137;23;186;89;183;143;117;93;140;68;139;193;41;5;42;181;159;69;108;18;22;146;34;160;48;54;177;10;190;184;43;116;65;131;149;162;123;127;70;135;154;180;53;86;75;120,8588408591394948381,0.003047
steepest_intra:edges_start:greedy,89,70599,22099,48500,134550,8,89;186;23;137;176;80;79;63;94;124;152;97;1;101;2;82;129;92;57;55;52;49;102;148;9;62;144;14;3;178;106;185;40;165;90;81;196;179;145;78;31;56;113;175;171;16;25;44;120;75;86;26;100;121;53;180;154;135;70;127;123;162;133;151;51;118;59;65;116;43;184;84;190;10;177;54;48;160;34;146;22;18;108;69;159;181;42;5;41;193;139;115;46;68;140;93;117;0;143;183,7236778008828674144,0.002970
steepest_intra:edges_start:greedy,90,71301,23107,48194,89700,5,90;40;185;165;138;14;144;62;9;148;102;49;178;106;52;55;57;92;129;2;152;97;1;101;26;100;121;94;63;79;80;176;133;151;51;118;59;115;46;0;137;23;186;89;183;143;117;93;140;68;139;193;41;5;42;181;159;69;108;18;22;146;34;160;48;54;177;10;190;84;184;43;116;65;131;149;162;123;127;70;135;154;180;53;86;75;120;44;25;16;171;175;113;56;31;78;145;179;196;81,6040874697501159944,0.002005
steepest_intra:edges_start:greedy,91,71706,23259,48447,119600,7,157;179;145;78;31;56;113;175;171;16;25;44;120;75;86;53;180;154;135;70;127;123;162;149;131;65;116;43;184;190;10;177;54;48;160;34;146;22;18;108;69;159;181;42;5;41;193;139;68;140;93;117;143;183;89;186;23;137;0;46;115;59;118;51;151;133;176;80;79;63;94;121;100;26;101;1;97;152;2;129;92;57;55;52;49;102;148;9;62;144;14;3;178;106;185;40;165;90;81;196,8529196177246635268,0.002999
steepest_intra:edges_start:greedy,92,71382,23110,48272,119600,7,92;129;2;152;97;1;101;26;100;121;94;63;79;80;176;133;151;51;118;59;115;46;0;137;23;186;89;183;143;117;93;140;68;139;193;41;5;42;181;159;69;108;18;22;146;34;160;48;54;177;10;190;84;184;43;116;65;131;149;162;123;127;70;135;154;180;53;86;75;120;44;25;16;171;175;113;56;31;78;145;179;196;81;90;165;40;185;106;178;3;14;144;62;9;148;102;49;52;55;57,8238077896879040422,0.003002
steepest_intra:edges_start:greedy,93,71359,23109,48250,119600,7,93;140;108;69;18;22;146;159;193;41;5;42;181;34;160;48;54;177;10;190;4;112;184;43;116;65;149;123;127;162;151;133;135;70;154;180;53;121;100;26;86;75;120;44;25;16;171;175;113;56;31;78;145;179;196;81;90;165;40;185;106;178;3;14;144;62;9;148;102;49;52;55;57;92;129;82;2;101;1;97;152;124;94;63;79;80;176;137;51;118;59;115;139;68;46;0;89;183;143;117,4320543924424940380,0.002999
steepest_intra:edges_start:greedy,94,71413,22843,48570,44850,2,94;152;97;1;101;75;86;26;100;121;53;158;154;70;135;180;63;79;133;151;162;127;123;149;65;116;43;184;177;54;48;160;34;146;22;18;108;69;159;181;42;5;41;193;139;68;140;93;117;143;0;46;115;59;118;51;80;176;137;23;183;89;186;114;15;9;62;144;14;138;185;40;165;90;81;196;179;145;78;31;56;113;175;171;16;25;44;120;2;129;92;57;55;52;106;178;49;102;148;124,8804923773065021091,0.001009
steepest_intra:edges_start:greedy,95,71912,23384,48528,59800,3,95;7;164;58;27;90;40;185;81;196;179;145;78;31;56;113;175;171;16;25;44;120;75;86;101;1;97;26;100;53;180;154;135;70;127;123;162;149;65;116;43;184;177;54;48;160;34;146;22;18;108;69;159;181;42;5;41;193;139;68;140;93;117;143;183;89;23;137;0;46;115;59;118;51;151;133;176;80;79;63;94;152;2;129;92;57;55;52;106;178;49;102;148;9;62;144;14;138;165;39,5612191246514127309,0.001978
steepest_intra:edges_start:greedy,96,71179,23056,48123,119600,7,5;43;116;65;149;123;127;162;151;133;135;70;154;180;53;121;100;26;86;75;120;44;25;16;171;175;113;56;31;78;145;179;196;81;90;165;40;185;106;178;3;14;144;62;9;148;102;49;52;55;57;92;129;82;2;101;1;97;152;124;94;63;79;80;176;137;23;186;89;183;143;117;0;51;118;59;115;46;68;139;41;193;159;69;108;18;22;146;181;34;160;48;54;177;10;190;4;112;184;42,269112723788654344,0.002971
steepest_intra:edges_start:greedy,97,71446,23257,48189,74750,4,97;152;1;101;75;86;53;154;70;135;180;63;79;133;151;162;127;123;149;65;116;43;184;10;177;54;48;160;34;146;22;18;108;69;159;181;42;5;41;193;139;68;140;93;117;143;0;46;115;59;118;51;80;176;137;23;183;89;186;114;15;9;62;144;14;138;185;40;165;90;81;196;179;145;78;31;56;113;175;171;16;25;44;120;2;129;92;57;55;52;106;178;49;102;148;124;94;121;100;26,7052027095130651029,0.001602
steepest_intra:edges_start:greedy,98,72072,23467,48605,119600,7,119;40;185;106;178;3;14;144;62;9;148;102;49;52;55;57;129;92;179;145;78;82;2;152;94;63;79;80;176;133;151;51;118;59;115;46;0;137;23;89;183;143;117;93;140;68;139;193;41;5;42;181;159;69;108;18;22;146;34;160;48;54;177;184;43;116;65;149;162;123;127;70;135;154;180;53;100;26;97;1;101;86;75;120;44;25;16;171;175;113;56;31;157;196;81;90;27;164;39;165,5112375647562191739,0.002005
steepest_intra:edges_start:greedy,99,71530,22960,48570,74750,4,121;100;26;97;86;75;101;1;152;94;124;148;102;49;178;106;52;55;57;92;129;2;120;44;25;16;171;175;113;56;31;78;145;179;196;81;90;165;40;185;138;14;144;62;9;15;114;186;89;183;23;137;176;80;51;118;59;115;46;0;143;117;93;140;68;139;193;41;5;42;181;159;69;108;18;22;146;34;160;48;54;177;184;43;116;65;149;123;127;162;151;133;79;63;180;135;70;154;158;53,1158208781373340552,0.002000
steepest_intra:edges_start:greedy,100,71413,22843,48570,44850,2,100;26;86;75;101;1;97;152;94;124;148;102;49;178;106;52;55;57;92;129;2;120;44;25;16;171;175;113;56;31;78;145;179;196;81;90;165;40;185;138;14;144;62;9;15;114;186;89;183;23;137;176;80;51;118;59;115;46;0;143;117;93;140;68;139;193;41;5;42;181;159;69;108;18;22;146;34;160;48;54;177;184;43;116;65;149;123;127;162;151;133;79;63;180;135;70;154;158;53;121,1710325467356327310,0.001000
steepest_intra:edges_start:greedy,101,71446,23257,48189,74750,4,101;1;152;97;26;100;121;94;124;148;102;49;178;106;52;55;57;92;129;2;120;44;25;16;171;175;113;56;31;78;145;179;196;81;90;165;40;185;138;14;144;62;9;15;114;186;89;183;23;137;176;80;51;118;59;115;46;0;143;117;93;140;68;139;193;41;5;42;181;159;69;108;18;22;146;34;160;48;54;177;10;184;43;116;65;149;123;127;162;151;133;79;63;180;135;70;154;53;86;75,1677818692394431969,0.001001
steepest_intra:edges_start:greedy,102,71246,23052,48194,89700,5,102;148;9;62;144;14;138;185;40;165;90;81;196;179;145;78;31;56;113;175;171;16;25;44;120;75;86;53;180;154;135;70;127;123;162;149;131;65;116;43;184;84;190;10;177;54;48;160;34;146;22;18;108;69;159;181;42;5;41;193;139;68;140;93;117;143;183;89;186;23;137;0;46;115;59;118;51;151;133;176;80;79;63;94;121;100;26;101;1;97;152;2;129;92;57;55;52;106;178;49,995657675037598056,0.002004
steepest_intra:edges_start:greedy,103,70906,22933,47973,104650,6,181;34;160;48;54;177;10;190;4;112;84;184;42;43;116;65;149;123;127;162;151;133;135;70;154;180;53;121;100;26;86;75;120;44;25;16;171;175;113;56;31;78;145;179;196;81;90;165;40;185;106;178;3;14;144;62;9;148;102;49;52;55;57;92;129;82;2;101;1;97;152;124;94;63;79;80;176;137;23;186;89;183;143;117;0;51;118;59;115;46;68;139;41;193;159;69;108;18;22;146,2376184960323007210,0.003515
steepest_intra:edges_start:greedy,104,71524,22866,48658,164450,10,30;54;48;34;160;42;181;195;146;22;18;108;69;159;193;41;139;68;140;93;117;143;183;89;186;23;137;176;80;79;63;94;124;152;97;1;101;2;82;129;92;57;55;52;49;102;148;9;62;144;14;3;178;106;185;40;165;90;81;196;179;145;78;31;56;113;175;171;16;25;44;120;75;86;26;100;121;53;180;154;135;70;127;123;162;133;151;51;0;46;115;118;59;65;116;43;184;190;10;177,233411139557119638,0.003986
steepest_intra:edges_start:greedy,105,71514,22952,48562,149500,9,131;149;123;127;162;151;133;135;70;154;180;53;121;100;26;86;75;120;44;25;16;171;175;113;56;31;78;145;179;196;81;90;165;40;185;106;178;3;14;144;62;9;148;102;49;52;55;57;92;129;82;2;101;1;97;152;124;94;63;79;80;176;137;23;186;89;183;143;117;0;51;118;59;115;46;68;139;193;41;5;42;181;159;69;108;18;22;146;34;160;48;54;177;10;190;84;184;43;116;65,8006904765771126278,0.003969
steepest_intra:edges_start:greedy,106,71246,23052,48194,89700,5,106;178;49;102;148;9;62;144;14;138;185;40;165;90;81;196;179;145;78;31;56;113;175;171;16;25;44;120;75;86;53;180;154;135;70;127;123;162;149;131;65;116;43;184;84;190;10;177;54;48;160;34;146;22;18;108;69;159;181;42;5;41;193;139;68;140;93;117;143;183;89;186;23;137;0;46;115;59;118;51;151;133;176;80;79;63;94;121;100;26;101;1;97;152;2;129;92;57;55;52,1551499881894531375,0.001970
steepest_intra:edges_start:greedy,107,71912,23384,48528,89700,5,58;27;90;40;185;81;196;179;145;78;31;56;113;175;171;16;25;44;120;75;86;101;1;97;26;100;53;180;154;135;70;127;123;162;149;65;116;43;184;177;54;48;160;34;146;22;18;108;69;159;181;42;5;41;193;139;68;140;93;117;143;183;89;23;137;0;46;115;59;118;51;151;133;176;80;79;63;94;152;2;129;92;57;55;52;106;178;49;102;148;9;62;144;14;138;165;39;95;7;164,6914998704812948425,0.002996
steepest_intra:edges_start:greedy,108,71643,22792,48851,104650,6,108;69;139;68;46;115;59;118;51;0;117;143;183;89;186;23;137;176;80;79;63;94;124;152;97;1;101;2;82;129;92;57;55;52;49;102;148;9;62;144;14;3;178;106;185;40;165;90;81;196;179;145;78;31;56;113;175;171;16;25;44;120;75;86;26;100;121;53;180;154;70;135;133;151;162;127;123;149;65;116;43;184;84;190;10;177;54;48;160;34;181;42;5;41;193;159;146;22;199;18,7117257856561936844,0.002000
steepest_intra:edges_start:greedy,109,70815,22215,48600,179400,11,109;118;59;65;116;43;184;112;4;190;10;177;54;48;160;34;146;22;18;108;69;159;181;42;5;41;193;139;115;46;68;117;0;143;183;89;186;23;137;176;80;79;63;94;124;152;97;1;101;2;82;129;92;57;55;52;49;102;148;9;62;144;14;3;178;106;185;40;165;90;81;196;179;145;78;31;56;113;175;171;16;25;44;120;75;86;26;100;121;53;180;154;135;70;127;123;162;133;151;51,8962253220535824851,0.004998
steepest_intra:edges_start:greedy,110,71848,23049,48799,119600,7,198;68;46;115;59;118;51;0;117;143;183;89;186;23;137;176;80;79;63;94;124;152;97;1;101;2;82;129;92;57;55;52;49;102;148;9;62;144;14;3;178;106;185;40;165;90;81;196;179;145;78;31;56;113;175;171;16;25;44;120;75;86;26;100;121;53;180;154;70;135;133;151;162;127;123;149;65;116;43;184;84;190;10;177;54;48;160;34;146;22;18;108;69;159;181;42;5;41;193;139,5367674948455209918,0.002997
steepest_intra:edges_start:greedy,111,72183,23587,48596,59800,3,167;148;9;62;102;144;14;49;178;106;165;39;95;164;27;90;81;196;40;185;52;55;57;129;92;179;145;78;31;56;113;175;171;16;25;44;120;2;152;97;1;101;75;86;26;100;121;53;158;154;70;135;180;63;79;133;151;162;127;123;149;65;116;43;184;177;54;48;160;34;146;22;18;108;69;159;181;42;5;41;193;139;68;140;93;117;143;183;89;0;46;115;59;118;51;137;176;80;94;124,8507700330492519310,0.002000
steepest_intra:edges_start:greedy,112,70846,22596,48250,149500,9,112;4;84;35;184;10;177;54;48;160;34;181;146;22;18;108;69;159;193;41;5;42;43;116;65;59;51;118;115;139;68;46;0;117;143;183;89;186;23;137;176;80;79;63;94;124;152;97;1;101;2;82;129;92;57;55;52;49;102;148;9;62;144;14;3;178;106;185;40;165;90;81;196;179;145;78;31;56;113;175;171;16;25;44;120;75;86;26;100;121;53;180;154;70;135;133;151;162;123;127,6280622487286208871,0.003997
steepest_intra:edges_start:greedy,113,71579,23307,48272,119600,7,113;56;31;78;145;92;179;196;81;90;165;40;185;106;178;3;14;144;62;9;148;102;49;52;55;57;129;2;152;97;1;101;26;100;121;94;63;79;80;176;133;151;51;118;59;115;46;0;137;23;186;89;183;143;117;93;140;68;139;193;41;5;42;181;159;69;108;18;22;146;34;160;48;54;177;10;190;84;184;43;116;65;131;149;162;123;127;70;135;154;180;53;86;75;120;44;25;16;171;175,7230681517795229921,0.003013
steepest_intra:edges_start:greedy,114,71345,22775,48570,44850,2,114;186;89;183;23;137;176;80;51;118;59;115;46;0;143;117;93;140;68;139;193;41;5;42;181;159;69;108;18;22;146;34;160;48;54;177;184;43;116;65;149;123;127;162;151;133;79;63;180;135;70;154;158;53;121;100;26;86;75;101;1;97;152;94;124;148;9;62;102;49;178;106;52;55;57;92;129;2;120;44;25;16;171;175;113;56;31;78;145;179;196;81;90;165;40;185;138;14;144;15,2647939276987576860,0.002125
steepest_intra:edges_start:greedy,115,71369,23246,48123,104650,6,115;59;118;51;0;117;143;183;89;186;23;137;176;80;79;63;94;124;152;97;1;101;2;82;129;92;57;55;52;49;102;148;9;62;144;14;3;178;106;185;40;165;90;81;196;179;145;78;31;56;113;175;171;16;25;44;120;75;86;26;100;121;53;180;154;70;135;133;151;162;127;123;149;65;116;43;184;112;4;190;10;177;54;48;160;34;146;22;18;108;69;159;181;42;5;41;193;139;68;46,4485613323338388652,0.002023
steepest_intra:edges_start:greedy,116,71369,23246,48123,104650,6,116;43;184;112;4;190;10;177;54;48;160;34;146;22;18;108;69;159;181;42;5;41;193;139;68;46;115;59;118;51;0;117;143;183;89;186;23;137;176;80;79;63;94;124;152;97;1;101;2;82;129;92;57;55;52;49;102;148;9;62;144;14;3;178;106;185;40;165;90;81;196;179;145;78;31;56;113;175;171;16;25;44;120;75;86;26;100;121;53;180;154;70;135;133;151;162;127;123;149;65,7142512974934441402,0.003000
steepest_intra:edges_start:greedy,117,70571,22366,48205,119600,7,117;0;46;68;139;115;193;41;5;42;181;159;69;108;18;22;146;34;160;48;54;177;10;190;4;112;84;184;43;116;65;59;118;51;151;133;162;123;127;70;135;154;180;53;121;100;26;86;75;120;44;25;16;171;175;113;56;31;78;145;179;196;81;90;165;40;185;106;178;3;14;144;62;9;148;102;49;52;55;57;92;129;82;2;101;1;97;152;124;94;63;79;80;176;137;23;186;89;183;143,4277019127157168304,0.004004
steepest_intra:edges_start:greedy,118,71369,23246,48123,119600,7,118;51;0;117;143;183;89;186;23;137;176;80;79;63;94;124;152;97;1;101;2;82;129;92;57;55;52;49;102;148;9;62;144;14;3;178;106;185;40;165;90;81;196;179;145;78;31;56;113;175;171;16;25;44;120;75;86;26;100;121;53;180;154;70;135;133;151;162;127;123;149;65;116;43;184;112;4;190;10;177;54;48;160;34;146;22;18;108;69;159;181;42;5;41;193;139;68;46;115;59,7128544266830397299,0.002983
steepest_intra:edges_start:greedy,119,71195,22868,48327,89700,5,119;40;185;138;14;144;62;9;148;102;49;178;106;52;55;57;92;129;2;152;97;1;101;26;100;121;94;63;79;80;176;133;151;51;118;59;115;46;0;137;23;186;89;183;143;117;93;140;68;139;193;41;5;42;181;159;69;108;18;22;146;34;160;48;54;177;10;190;184;43;116;65;131;149;162;123;127;70;135;154;180;53;86;75;120;44;25;16;171;175;113;56;31;78;145;179;196;81;90;165,8994064801144140477,0.002990
steepest_intra:edges_start:greedy,120,71382,23110,48272,119600,7,120;75;86;53;180;154;135;70;127;123;162;149;131;65;116;43;184;84;190;10;177;54;48;160;34;146;22;18;108;69;159;181;42;5;41;193;139;68;140;93;117;143;183;89;186;23;137;0;46;115;59;118;51;151;133;176;80;79;63;94;121;100;26;101;1;97;152;2;129;92;57;55;52;49;102;148;9;62;144;14;3;178;106;185;40;165;90;81;196;179;145;78;31;56;113;175;171;16;25;44,2985088475264278919,0.002025
steepest_intra:edges_start:greedy,121,71530,22960,48570,44850,2,121;100;26;97;86;75;101;1;152;94;124;148;102;49;178;106;52;55;57;92;129;2;120;44;25;16;171;175;113;56;31;78;145;179;196;81;90;165;40;185;138;14;144;62;9;15;114;186;89;183;23;137;176;80;51;118;59;115;46;0;143;117;93;140;68;139;193;41;5;42;181;159;69;108;18;22;146;34;160;48;54;177;184;43;116;65;149;123;127;162;151;133;79;63;180;135;70;154;158;53,8725576324912924220,0.000969
steepest_intra:edges_start:greedy,122,72025,22815,49210,104650,6,122;176;80;79;133;151;51;118;59;115;46;0;137;23;89;183;143;117;93;140;68;139;193;41;5;42;181;159;69;108;18;22;146;34;160;48;54;177;184;43;116;65;131;149;162;123;127;70;135;154;180;158;53;121;100;26;86;75;120;44;25;16;171;175;113;56;31;78;145;179;196;81;90;165;40;185;106;178;3;14;144;62;9;148;102;49;52;55;57;92;129;82;2;101;1;97;152;124;94;63,6938199029081691690,0.002001
steepest_intra:edges_start:greedy,123,71461,22899,48562,89700,5,123;162;133;151;149;131;65;116;43;184;84;190;10;177;54;48;160;34;146;22;18;108;69;159;181;42;5;41;193;139;68;46;115;59;118;51;0;117;143;183;89;186;23;137;176;80;79;63;94;124;152;97;1;101;2;82;129;92;57;55;52;49;102;148;9;62;144;14;3;178;106;185;40;165;90;81;196;179;145;78;31;56;113;175;171;16;25;44;120;75;86;26;100;121;53;180;154;135;70;127,6700887636695584609,0.001781
steepest_intra:edges_start:greedy,124,71413,22843,48570,59800,3,124;148;102;49;178;106;52;55;57;92;129;2;120;44;25;16;171;175;113;56;31;78;145;179;196;81;90;165;40;185;138;14;144;62;9;15;114;186;89;183;23;137;176;80;51;118;59;115;46;0;143;117;93;140;68;139;193;41;5;42;181;159;69;108;18;22;146;34;160;48;54;177;184;43;116;65;149;123;127;162;151;133;79;63;180;135;70;154;158;53;121;100;26;86;75;101;1;97;152;94,8911784092702752234,0.001970
steepest_intra:edges_start:greedy,125,72614,23133,49481,119600,7,74;2;82;129;92;57;179;145;78;31;56;113;175;171;16;25;44;120;75;86;53;154;70;135;180;63;79;133;151;162;123;149;65;116;43;184;177;54;48;160;34;146;22;18;108;69;159;181;42;5;41;193;139;68;140;93;117;143;0;46;115;59;118;51;80;176;137;23;183;89;186;114;15;9;62;144;14;138;165;90;81;196;40;185;55;52;106;178;49;102;148;124;94;121;100;26;101;1;97;152,3275586990018732067,0.002999
steepest_intra:edges_start:greedy,126,71061,22454,48607,179400,11,149;123;162;151;133;135;70;154;180;53;121;100;26;86;75;120;44;25;16;171;175;113;56;31;78;145;179;196;81;90;165;40;185;106;178;3;14;144;62;9;148;102;49;52;55;57;92;129;82;2;101;1;97;152;124;94;63;79;80;176;137;23;186;89;183;143;117;0;46;68;139;115;118;51;59;65;116;43;42;5;41;193;159;69;108;18;22;146;181;34;160;48;54;177;184;35;84;4;112;131,8023176763169976433,0.005029
steepest_intra:edges_start:greedy,127,71637,23132,48505,104650,6,127;70;135;154;180;53;121;100;26;86;75;120;44;25;16;171;175;113;56;31;78;145;179;196;81;90;165;40;185;106;178;3;14;144;62;9;148;102;49;52;55;57;92;129;82;2;101;1;97;152;124;94;63;79;80;176;133;151;51;118;59;115;46;0;137;23;186;89;183;143;117;93;140;68;139;193;41;5;42;181;159;69;108;18;22;146;34;160;48;54;177;10;184;43;116;65;131;149;162;123,8033509718671021316,0.002539
steepest_intra:edges_start:greedy,128,71295,22994,48301,149500,9,3;49;14;144;102;62;9;148;167;52;55;57;92;129;2;152;97;1;101;26;100;121;94;63;79;80;176;133;151;51;118;59;115;46;0;137;23;186;89;183;143;117;93;140;68;139;193;41;5;42;181;159;69;108;18;22;146;34;160;48;54;177;10;190;184;43;116;65;131;149;162;123;127;70;135;154;180;53;86;75;120;44;25;16;171;175;113;56;31;78;145;179;196;81;90;165;40;185;106;178,1014012558706378388,0.004035
steepest_intra:edges_start:greedy,129,71382,23110,48272,119600,7,129;92;57;55;52;49;102;148;9;62;144;14;3;178;106;185;40;165;90;81;196;179;145;78;31;56;113;175;171;16;25;44;120;75;86;53;180;154;135;70;127;123;162;149;131;65;116;43;184;84;190;10;177;54;48;160;34;146;22;18;108;69;159;181;42;5;41;193;139;68;140;93;117;143;183;89;186;23;137;0;46;115;59;118;51;151;133;176;80;79;63;94;121;100;26;101;1;97;152;2,6826225640870384297,0.003001
steepest_intra:edges_start:greedy,130,71413,22843,48570,59800,3,124;148;102;49;178;106;52;55;57;92;129;2;120;44;25;16;171;175;113;56;31;78;145;179;196;81;90;165;40;185;138;14;144;62;9;15;114;186;89;183;23;137;176;80;51;118;59;115;46;0;143;117;93;140;68;139;193;41;5;42;181;159;69;108;18;22;146;34;160;48;54;177;184;43;116;65;149;123;127;162;151;133;79;63;180;135;70;154;158;53;121;100;26;86;75;101;1;97;152;94,561251498519975469,0.001000
steepest_intra:edges_start:greedy,131,71514,22952,48562,89700,5,131;149;123;127;162;151;133;135;70;154;180;53;121;100;26;86;75;120;44;25;16;171;175;113;56;31;78;145;179;196;81;90;165;40;185;106;178;3;14;144;62;9;148;102;49;52;55;57;92;129;82;2;101;1;97;152;124;94;63;79;80;176;137;23;186;89;183;143;117;0;51;118;59;115;46;68;139;193;41;5;42;181;159;69;108;18;22;146;34;160;48;54;177;10;190;84;184;43;116;65,7469712335454822400,0.002110
steepest_intra:edges_start:greedy,132,71711,23674,48037,104650,6,21;14;138;185;40;165;90;81;196;179;145;78;31;56;113;175;171;16;25;44;120;75;86;53;180;154;135;70;127;123;162;149;131;65;116;43;184;190;10;177;54;48;160;34;146;22;18;108;69;159;181;42;5;41;193;139;68;140;93;117;143;183;89;186;23;137;0;46;115;59;118;51;151;133;176;80;79;63;94;121;100;26;101;1;97;152;2;129;92;57;55;52;106;178;49;102;148;9;62;144,6405251935969579337,0.004387
steepest_intra:edges_start:greedy,133,71637,23132,48505,104650,6,133;151;51;118;59;115;46;0;137;23;186;89;183;143;117;93;140;68;139;193;41;5;42;181;159;69;108;18;22;146;34;160;48;54;177;10;184;43;116;65;131;149;162;123;127;70;135;154;180;53;121;100;26;86;75;120;44;25;16;171;175;113;56;31;78;145;179;196;81;90;165;40;185;106;178;3;14;144;62;9;148;102;49;52;55;57;92;129;82;2;101;1;97;152;124;94;63;79;80;176,8671791298751394489,0.002970
steepest_intra:edges_start:greedy,134,71702,22637,49065,164450,10,199;18;108;69;139;68;46;115;59;118;51;0;117;143;183;89;186;23;137;176;80;79;63;94;124;152;97;1;101;2;82;129;92;57;55;52;49;102;148;9;62;144;14;3;178;106;185;40;165;90;81;196;179;145;78;31;56;113;175;171;16;25;44;120;75;86;26;100;121;53;180;154;70;135;133;151;162;127;123;149;65;116;43;184;190;10;177;54;48;160;34;181;42;5;41;193;159;195;146;22,7938787842766882010,0.004002
steepest_intra:edges_start:greedy,135,71413,22843,48570,44850,2,135;70;154;158;53;121;100;26;86;75;101;1;97;152;94;124;148;102;49;178;106;52;55;57;92;129;2;120;44;25;16;171;175;113;56;31;78;145;179;196;81;90;165;40;185;138;14;144;62;9;15;114;186;89;183;23;137;176;80;51;118;59;115;46;0;143;117;93;140;68;139;193;41;5;42;181;159;69;108;18;22;146;34;160;48;54;177;184;43;116;65;149;123;127;162;151;133;79;63;180,1905497322732863843,0.002002
steepest_intra:edges_start:greedy,136,71667,22968,48699,164450,10,158;180;154;70;135;133;151;162;127;123;149;65;116;43;184;84;190;10;177;54;48;160;34;146;22;18;108;69;159;181;42;5;41;193;139;68;46;115;59;118;51;0;117;143;183;89;186;23;137;176;80;79;63;94;124;152;97;1;101;2;82;129;92;57;55;52;49;102;148;9;62;144;14;3;178;106;185;40;165;90;81;196;179;145;78;31;56;113;175;171;16;25;44;120;75;86;26;100;121;53,6050705110181820542,0.003995
steepest_intra:edges_start:greedy,137,71413,22843,48570,44850,2,137;23;183;89;186;114;15;9;62;144;14;138;185;40;165;90;81;196;179;145;78;31;56;113;175;171;16;25;44;120;2;129;92;57;55;52;106;178;49;102;148;124;94;152;97;1;101;75;86;26;100;121;53;158;154;70;135;180;63;79;133;151;162;127;123;149;65;116;43;184;177;54;48;160;34;146;22;18;108;69;159;181;42;5;41;193;139;68;140;93;117;143;0;46;115;59;118;51;80;176,336791521078131630,0.000975
steepest_intra:edges_start:greedy,138,71246,23052,48194,89700,5,138;14;144;62;9;148;102;49;178;106;52;55;57;92;129;2;152;97;1;101;26;100;121;94;63;79;80;176;133;151;51;118;59;115;46;0;137;23;186;89;183;143;117;93;140;68;139;193;41;5;42;181;159;69;108;18;22;146;34;160;48;54;177;10;190;84;184;43;116;65;131;149;162;123;127;70;135;154;180;53;86;75;120;44;25;16;171;175;113;56;31;78;145;179;196;81;90;165;40;185,7499653429078917593,0.001999
steepest_intra:edges_start:greedy,139,71369,23246,48123,104650,6,139;68;46;115;59;118;51;0;117;143;183;89;186;23;137;176;80;79;63;94;124;152;97;1;101;2;82;129;92;57;55;52;49;102;148;9;62;144;14;3;178;106;185;40;165;90;81;196;179;145;78;31;56;113;175;171;16;25;44;120;75;86;26;100;121;53;180;154;70;135;133;151;162;127;123;149;65;116;43;184;112;4;190;10;177;54;48;160;34;146;22;18;108;69;159;181;42;5;41;193,2592406609230439099,0.002003
steepest_intra:edges_start:greedy,140,71359,23109,48250,119600,7,140;108;69;18;22;146;159;193;41;5;42;181;34;160;48;54;177;10;190;4;112;184;43;116;65;149;123;127;162;151;133;135;70;154;180;53;121;100;26;86;75;120;44;25;16;171;175;113;56;31;78;145;179;196;81;90;165;40;185;106;178;3;14;144;62;9;148;102;49;52;55;57;92;129;82;2;101;1;97;152;124;94;63;79;80;176;137;51;118;59;115;139;68;46;0;89;183;143;117;93,4890098849119646149,0.003647
steepest_intra:edges_start:greedy,141,70792,22201,48591,149500,9,114;89;183;143;0;117;93;140;68;46;115;139;193;41;5;42;181;159;69;108;18;22;146;34;160;48;54;177;10;190;184;43;116;65;59;118;51;151;133;162;123;127;70;135;154;180;53;121;100;26;86;75;120;44;25;16;171;175;113;56;31;78;145;179;196;81;90;165;40;185;106;178;3;14;144;62;9;148;102;49;52;55;57;92;129;82;2;101;1;97;152;124;94;63;79;80;176;137;23;186,5202637768696014167,0.003318
steepest_intra:edges_start:greedy,142,71848,23049,48799,119600,7,198;139;193;41;5;42;181;159;69;108;18;22;146;34;160;48;54;177;10;190;84;184;43;116;65;149;123;127;162;151;133;135;70;154;180;53;121;100;26;86;75;120;44;25;16;171;175;113;56;31;78;145;179;196;81;90;165;40;185;106;178;3;14;144;62;9;148;102;49;52;55;57;92;129;82;2;101;1;97;152;124;94;63;79;80;176;137;23;186;89;183;143;117;0;51;118;59;115;46;68,1465767242363971656,0.002973
steepest_intra:edges_start:greedy,143,70571,22366,48205,119600,7,143;117;0;46;68;139;115;193;41;5;42;181;159;69;108;18;22;146;34;160;48;54;177;10;190;4;112;84;184;43;116;65;59;118;51;151;133;162;123;127;70;135;154;180;53;121;100;26;86;75;120;44;25;16;171;175;113;56;31;78;145;179;196;81;90;165;40;185;106;178;3;14;144;62;9;148;102;49;52;55;57;92;129;82;2;101;1;97;152;124;94;63;79;80;176;137;23;186;89;183,8017984555794725669,0.003971
steepest_intra:edges_start:greedy,144,71246,23052,48194,89700,5,144;14;138;185;40;165;90;81;196;179;145;78;31;56;113;175;171;16;25;44;120;75;86;53;180;154;135;70;127;123;162;149;131;65;116;43;184;84;190;10;177;54;48;160;34;146;22;18;108;69;159;181;42;5;41;193;139;68;140;93;117;143;183;89;186;23;137;0;46;115;59;118;51;151;133;176;80;79;63;94;121;100;26;101;1;97;152;2;129;92;57;55;52;106;178;49;102;148;9;62,8413872590967405836,0.003003
steepest_intra:edges_start:greedy,145,71382,23110,48272,119600,7,145;179;196;81;90;165;40;185;106;178;3;14;144;62;9;148;102;49;52;55;57;92;129;2;152;97;1;101;26;100;121;94;63;79;80;176;133;151;51;118;59;115;46;0;137;23;186;89;183;143;117;93;140;68;139;193;41;5;42;181;159;69;108;18;22;146;34;160;48;54;177;10;190;84;184;43;116;65;131;149;162;123;127;70;135;154;180;53;86;75;120;44;25;16;171;175;113;56;31;78,7952596124894619394,0.003029
steepest_intra:edges_start:greedy,146,70906,22933,47973,89700,5,146;181;34;160;48;54;177;10;190;4;112;84;184;42;43;116;65;149;123;127;162;151;133;135;70;154;180;53;121;100;26;86;75;120;44;25;16;171;175;113;56;31;78;145;179;196;81;90;165;40;185;106;178;3;14;144;62;9;148;102;49;52;55;57;92;129;82;2;101;1;97;152;124;94;63;79;80;176;137;23;186;89;183;143;117;0;51;118;59;115;46;68;139;41;193;159;69;108;18;22,8074950395847641952,0.002000
steepest_intra:edges_start:greedy,147,71524,22866,48658,164450,10,30;177;10;190;184;43;116;65;59;118;115;46;0;51;151;133;162;123;127;70;135;154;180;53;121;100;26;86;75;120;44;25;16;171;175;113;56;31;78;145;179;196;81;90;165;40;185;106;178;3;14;144;62;9;148;102;49;52;55;57;92;129;82;2;101;1;97;152;124;94;63;79;80;176;137;23;186;89;183;143;117;93;140;68;139;41;193;159;69;108;18;22;146;195;181;42;160;34;48;54,3987981389475970738,0.004522
steepest_intra:edges_start:greedy,148,71246,23052,48194,89700,5,148;102;49;178;106;52;55;57;92;129;2;152;97;1;101;26;100;121;94;63;79;80;176;133;151;51;118;59;115;46;0;137;23;186;89;183;143;117;93;140;68;139;193;41;5;42;181;159;69;108;18;22;146;34;160;48;54;177;10;190;84;184;43;116;65;131;149;162;123;127;70;135;154;180;53;86;75;120;44;25;16;171;175;113;56;31;78;145;179;196;81;90;165;40;185;138;14;144;62;9,2839736859723155825,0.002000
steepest_intra:edges_start:greedy,149,71369,23246,48123,104650,6,149;123;127;162;151;133;135;70;154;180;53;121;100;26;86;75;120;44;25;16;171;175;113;56;31;78;145;179;196;81;90;165;40;185;106;178;3;14;144;62;9;148;102;49;52;55;57;92;129;82;2;101;1;97;152;124;94;63;79;80;176;137;23;186;89;183;143;117;0;51;118;59;115;46;68;139;193;41;5;42;181;159;69;108;18;22;146;34;160;48;54;177;10;190;4;112;184;43;116;65,2461432651862758261,0.003001
steepest_intra:edges_start:greedy,150,72250,23212,49038,134550,8,121;53;154;70;135;180;63;79;133;151;162;123;149;65;116;43;184;177;54;48;160;34;146;22;18;108;69;159;181;42;5;41;193;139;68;140;93;117;143;0;46;115;59;118;51;80;176;137;23;183;89;186;114;15;9;62;144;14;138;165;90;81;196;40;185;55;52;106;178;49;102;148;124;94;189;100;26;97;1;152;2;82;129;92;57;179;145;78;31;56;113;175;171;16;25;44;120;75;101;86,6198831520534993930,0.002968
steepest_intra:edges_start:greedy,151,71461,22899,48562,89700,5,151;133;162;123;127;70;135;154;180;53;121;100;26;86;75;120;44;25;16;171;175;113;56;31;78;145;179;196;81;90;165;40;185;106;178;3;14;144;62;9;148;102;49;52;55;57;92;129;82;2;101;1;97;152;124;94;63;79;80;176;137;23;186;89;183;143;117;0;51;118;59;115;46;68;139;193;41;5;42;181;159;69;108;18;22;146;34;160;48;54;177;10;190;84;184;43;116;65;131;149,2938454994041114295,0.002002
steepest_intra:edges_start:greedy,152,71446,23257,48189,74750,4,152;1;101;75;86;53;154;70;135;180;63;79;133;151;162;127;123;149;65;116;43;184;10;177;54;48;160;34;146;22;18;108;69;159;181;42;5;41;193;139;68;140;93;117;143;0;46;115;59;118;51;80;176;137;23;183;89;186;114;15;9;62;144;14;138;185;40;165;90;81;196;179;145;78;31;56;113;175;171;16;25;44;120;2;129;92;57;55;52;106;178;49;102;148;124;94;121;100;26;97,2932689397909212366,0.002002
steepest_intra:edges_start:greedy,153,70510,22376,48134,194350,12,93;117;0;143;183;89;186;23;137;176;80;79;63;94;124;152;97;1;101;2;82;129;92;57;55;52;49;102;148;9;62;144;14;3;178;106;185;40;165;90;81;196;179;145;78;31;56;113;175;171;16;25;44;120;75;86;26;100;121;53;180;154;135;70;127;123;162;133;151;51;118;59;65;116;43;184;112;4;190;10;177;54;48;160;34;146;22;18;108;69;159;181;42;5;41;193;139;115;46;68,1561455027947124735,0.004975
steepest_intra:edges_start:greedy,154,71413,22843,48570,44850,2,154;158;53;121;100;26;86;75;101;1;97;152;94;124;148;102;49;178;106;52;55;57;92;129;2;120;44;25;16;171;175;113;56;31;78;145;179;196;81;90;165;40;185;138;14;144;62;9;15;114;186;89;183;23;137;176;80;51;118;59;115;46;0;143;117;93;140;68;139;193;41;5;42;181;159;69;108;18;22;146;34;160;48;54;177;184;43;116;65;149;123;127;162;151;133;79;63;180;135;70,4911222270125679025,0.001030
steepest_intra:edges_start:greedy,155,71711,23674,48037,104650,6,21;14;138;185;40;165;90;81;196;179;145;78;31;56;113;175;171;16;25;44;120;75;86;53;180;154;135;70;127;123;162;149;131;65;116;43;184;190;10;177;54;48;160;34;146;22;18;108;69;159;181;42;5;41;193;139;68;140;93;117;143;183;89;186;23;137;0;46;115;59;118;51;151;133;176;80;79;63;94;121;100;26;101;1;97;152;2;129;92;57;55;52;106;178;49;102;148;9;62;144,2334929183996461174,0.002334
steepest_intra:edges_start:greedy,156,71061,22454,48607,179400,11,149;123;162;151;133;135;70;154;180;53;121;100;26;86;75;120;44;25;16;171;175;113;56;31;78;145;179;196;81;90;165;40;185;106;178;3;14;144;62;9;148;102;49;52;55;57;92;129;82;2;101;1;97;152;124;94;63;79;80;176;137;23;186;89;183;143;117;0;46;68;139;115;118;51;59;65;116;43;42;5;41;193;159;69;108;18;22;146;181;34;160;48;54;177;184;35;84;4;112;131,2704388172519272776,0.004001
steepest_intra:edges_start:greedy,157,71686,23239,48447,104650,6,157;196;81;90;165;40;185;106;178;3;14;144;62;9;148;102;49;52;55;179;145;78;92;57;129;2;152;97;1;101;26;100;121;94;63;79;80;176;133;151;51;118;59;115;46;0;137;23;186;89;183;143;117;93;140;68;139;193;41;5;42;181;159;69;108;18;22;146;34;160;48;54;177;10;190;184;43;116;65;131;149;162;123;127;70;135;154;180;53;86;75;120;44;25;16;171;175;113;56;31,8990977658198252332,0.002000
steepest_intra:edges_start:greedy,158,71413,22843,48570,44850,2,158;154;70;135;180;63;79;133;151;162;127;123;149;65;116;43;184;177;54;48;160;34;146;22;18;108;69;159;181;42;5;41;193;139;68;140;93;117;143;0;46;115;59;118;51;80;176;137;23;183;89;186;114;15;9;62;144;14;138;185;40;165;90;81;196;179;145;78;31;56;113;175;171;16;25;44;120;2;129;92;57;55;52;106;178;49;102;148;124;94;152;97;1;101;75;86;26;100;121;53,1512236609837276236,0.001003
steepest_intra:edges_start:greedy,159,71359,23109,48250,119600,7,159;146;22;18;69;108;140;93;117;143;183;89;0;46;68;139;115;59;118;51;137;176;80;79;63;94;124;152;97;1;101;2;82;129;92;57;55;52;49;102;148;9;62;144;14;3;178;106;185;40;165;90;81;196;179;145;78;31;56;113;175;171;16;25;44;120;75;86;26;100;121;53;180;154;70;135;133;151;162;127;123;149;65;116;43;184;112;4;190;10;177;54;48;160;34;181;42;5;41;193,7177781809436506038,0.003000
steepest_intra:edges_start:greedy,160,70906,22933,47973,89700,5,160;48;54;177;10;190;4;112;84;184;42;43;116;65;149;123;127;162;151;133;135;70;154;180;53;121;100;26;86;75;120;44;25;16;171;175;113;56;31;78;145;179;196;81;90;165;40;185;106;178;3;14;144;62;9;148;102;49;52;55;57;92;129;82;2;101;1;97;152;124;94;63;79;80;176;137;23;186;89;183;143;117;0;51;118;59;115;46;68;139;41;193;159;69;108;18;22;146;181;34,3848854672099903179,0.002000
steepest_intra:edges_start:greedy,161,71610,22824,48786,149500,9,127;162;151;133;135;70;154;180;158;53;121;100;26;86;75;120;44;25;16;171;175;113;56;31;78;145;179;196;81;90;165;40;185;106;178;3;14;144;62;9;148;102;49;52;55;57;92;129;82;2;101;1;97;152;124;94;63;79;80;176;137;23;186;89;183;143;117;0;51;118;59;115;46;68;139;193;41;5;42;181;159;69;108;18;22;146;34;160;48;54;177;10;190;184;43;116;65;131;149;123,6251396437040713525,0.003000
steepest_intra:edges_start:greedy,162,71369,23246,48123,104650,6,162;151;133;135;70;154;180;53;121;100;26;86;75;120;44;25;16;171;175;113;56;31;78;145;179;196;81;90;165;40;185;106;178;3;14;144;62;9;148;102;49;52;55;57;92;129;82;2;101;1;97;152;124;94;63;79;80;176;137;23;186;89;183;143;117;0;51;118;59;115;46;68;139;193;41;5;42;181;159;69;108;18;22;146;34;160;48;54;177;10;190;4;112;184;43;116;65;149;123;127,4284025345820645384,0.002000
steepest_intra:edges_start:greedy,163,71643,22792,48851,119600,7,69;139;68;46;115;59;118;51;0;117;143;183;89;186;23;137;176;80;79;63;94;124;152;97;1;101;2;82;129;92;57;55;52;49;102;148;9;62;144;14;3;178;106;185;40;165;90;81;196;179;145;78;31;56;113;175;171;16;25;44;120;75;86;26;100;121;53;180;154;70;135;133;151;162;127;123;149;65;116;43;184;84;190;10;177;54;48;160;34;181;42;5;41;193;159;146;22;199;18;108,8568618195285583772,0.003000
steepest_intra:edges_start:greedy,164,71912,23384,48528,59800,3,164;7;95;39;165;138;14;144;62;9;148;102;49;178;106;52;55;57;92;129;2;152;94;63;79;80;176;133;151;51;118;59;115;46;0;137;23;89;183;143;117;93;140;68;139;193;41;5;42;181;159;69;108;18;22;146;34;160;48;54;177;184;43;116;65;149;162;123;127;70;135;154;180;53;100;26;97;1;101;86;75;120;44;25;16;171;175;113;56;31;78;145;179;196;81;185;40;90;27;58,5861125243419546661,0.001999
steepest_intra:edges_start:greedy,165,71246,23052,48194,89700,5,165;40;185;138;14;144;62;9;148;102;49;178;106;52;55;57;92;129;2;152;97;1;101;26;100;121;94;63;79;80;176;133;151;51;118;59;115;46;0;137;23;186;89;183;143;117;93;140;68;139;193;41;5;42;181;159;69;108;18;22;146;34;160;48;54;177;10;190;84;184;43;116;65;131;149;162;123;127;70;135;154;180;53;86;75;120;44;25;16;171;175;113;56;31;78;145;179;196;81;90,6305397296116249293,0.002000
steepest_intra:edges_start:greedy,166,71675,23130,48545,119600,7,35;184;190;10;177;54;48;160;34;146;22;18;108;69;159;181;42;5;41;193;139;68;140;93;117;143;183;89;186;23;137;176;80;79;63;94;124;152;97;1;101;2;82;129;92;57;55;52;49;102;148;9;62;144;14;3;178;106;185;40;165;90;81;196;179;145;78;31;56;113;175;171;16;25;44;120;75;86;26;100;121;53;180;154;135;70;127;123;162;133;151;51;0;46;115;118;59;65;116;43,3246994961744263287,0.003032
steepest_intra:edges_start:greedy,167,72333,23757,48576,74750,4,167;148;9;62;102;144;14;49;178;106;165;39;95;7;164;58;27;90;81;196;40;185;52;55;57;129;92;179;145;78;31;56;113;175;171;16;25;44;120;2;75;101;1;152;97;26;100;86;53;154;70;135;180;63;79;133;151;162;127;123;149;65;116;43;184;177;54;48;160;34;146;22;18;108;69;159;181;42;5;41;193;139;68;140;93;117;143;183;89;0;46;115;59;118;51;137;176;80;94;124,4368492765983788379,0.001020
steepest_intra:edges_start:greedy,168,71611,23164,48447,149500,9,157;31;56;113;175;171;16;25;44;120;75;86;53;180;154;135;70;127;123;162;149;131;65;116;43;184;190;10;177;54;48;160;34;146;22;18;108;69;159;181;42;5;41;193;139;68;140;93;117;143;183;89;186;23;137;0;46;115;59;118;51;151;133;176;80;79;63;94;121;100;26;101;1;97;152;2;129;92;57;55;52;49;102;148;9;62;144;14;3;178;106;185;40;165;90;81;196;179;145;78,2482594444102775123,0.003004
steepest_intra:edges_start:greedy,169,71439,23112,48327,119600,7,119;40;196;81;90;165;138;14;144;62;9;148;102;49;178;106;52;55;57;92;129;2;152;97;1;101;26;100;121;94;63;79;80;176;133;151;51;118;59;115;46;0;137;23;186;89;183;143;117;93;140;68;139;193;41;5;42;181;159;69;108;18;22;146;34;160;48;54;177;10;190;184;43;116;65;131;149;162;123;127;70;135;154;180;53;86;75;120;44;25;16;171;175;113;56;31;78;145;179;185,1948570599005216855,0.002000
steepest_intra:edges_start:greedy,170,71005,22381,48624,134550,8,170;117;0;46;68;139;115;193;41;5;42;181;159;69;108;18;22;146;34;160;48;54;177;10;190;4;112;184;43;116;65;59;118;51;151;133;162;123;127;70;135;154;180;53;121;100;26;86;75;120;44;25;16;171;175;113;56;31;78;145;179;196;81;90;165;40;185;106;178;3;14;144;62;9;148;102;49;52;55;57;92;129;82;2;101;1;97;152;124;94;63;79;80;176;137;23;186;89;183;143,8160733577235375535,0.002995
steepest_intra:edges_start:greedy,171,71579,23307,48272,119600,7,171;175;113;56;31;78;145;92;179;196;81;90;165;40;185;106;178;3;14;144;62;9;148;102;49;52;55;57;129;2;152;97;1;101;26;100;121;94;63;79;80;176;133;151;51;118;59;115;46;0;137;23;186;89;183;143;117;93;140;68;139;193;41;5;42;181;159;69;108;18;22;146;34;160;48;54;177;10;190;84;184;43;116;65;131;149;162;123;127;70;135;154;180;53;86;75;120;44;25;16,6593982387864323737,0.002973
steepest_intra:edges_start:greedy,172,71364,22899,48465,119600,7,124;167;148;9;62;102;144;14;49;178;106;165;39;27;90;81;196;40;185;52;55;57;129;92;179;145;78;31;56;113;175;171;16;25;44;120;2;75;86;101;1;152;97;26;100;121;53;180;154;135;70;127;123;162;149;131;65;116;43;184;177;54;48;160;34;146;22;18;108;69;159;181;42;5;41;193;139;68;140;93;117;143;183;89;186;23;137;0;46;115;59;118;51;151;133;176;80;79;63;94,2490743071273057334,0.003032
steepest_intra:edges_start:greedy,173,71571,23001,48570,74750,4,127;135;180;63;79;133;151;162;123;149;65;116;43;184;177;54;48;160;34;146;22;18;108;69;159;181;42;5;41;193;139;68;140;93;117;143;0;46;115;59;118;51;80;176;137;23;183;89;186;114;15;9;62;144;14;138;185;40;165;90;81;196;179;145;78;31;56;113;175;171;16;25;44;120;2;129;92;57;55;52;106;178;49;102;148;124;94;152;97;1;101;75;86;26;100;121;53;158;154;70,529893457936768803,0.002026
steepest_intra:edges_start:greedy,174,71470,23276,48194,89700,5,196;40;185;179;145;78;31;56;113;175;171;16;25;44;120;75;86;53;180;154;135;70;127;123;162;149;131;65;116;43;184;84;190;10;177;54;48;160;34;146;22;18;108;69;159;181;42;5;41;193;139;68;140;93;117;143;183;89;186;23;137;0;46;115;59;118;51;151;133;176;80;79;63;94;121;100;26;101;1;97;152;2;129;92;57;55;52;106;178;49;102;148;9;62;144;14;138;165;90;81,9001499525293791643,0.001770
steepest_intra:edges_start:greedy,175,71579,23307,48272,119600,7,175;113;56;31;78;145;92;179;196;81;90;165;40;185;106;178;3;14;144;62;9;148;102;49;52;55;57;129;2;152;97;1;101;26;100;121;94;63;79;80;176;133;151;51;118;59;115;46;0;137;23;186;89;183;143;117;93;140;68;139;193;41;5;42;181;159;69;108;18;22;146;34;160;48;54;177;10;190;84;184;43;116;65;131;149;162;123;127;70;135;154;180;53;86;75;120;44;25;16;171,8952760561617759177,0.003002
steepest_intra:edges_start:greedy,176,71461,22899,48562,89700,5,176;80;79;63;94;124;152;97;1;101;2;82;129;92;57;55;52;49;102;148;9;62;144;14;3;178;106;185;40;165;90;81;196;179;145;78;31;56;113;175;171;16;25;44;120;75;86;26;100;121;53;180;154;135;70;127;123;162;133;151;149;131;65;116;43;184;84;190;10;177;54;48;160;34;146;22;18;108;69;159;181;42;5;41;193;139;68;46;115;59;118;51;0;117;143;183;89;186;23;137,2303310122914342759,0.002001
steepest_intra:edges_start:greedy,177,71512,22948,48564,134550,8,177;54;48;34;160;42;181;195;146;22;18;108;69;159;193;41;139;68;140;93;117;143;183;89;186;23;137;176;80;79;63;94;124;152;97;1;101;2;82;129;92;57;55;52;49;102;148;9;62;144;14;3;178;106;185;40;165;90;81;196;179;145;78;31;56;113;175;171;16;25;44;120;75;86;26;100;121;53;180;154;135;70;127;123;162;133;151;51;0;46;115;118;59;65;116;43;184;84;190;10,2512712064179447974,0.003041
steepest_intra:edges_start:greedy,178,71246,23052,48194,89700,5,178;49;102;148;9;62;144;14;138;185;40;165;90;81;196;179;145;78;31;56;113;175;171;16;25;44;120;75;86;53;180;154;135;70;127;123;162;149;131;65;116;43;184;84;190;10;177;54;48;160;34;146;22;18;108;69;159;181;42;5;41;193;139;68;140;93;117;143;183;89;186;23;137;0;46;115;59;118;51;151;133;176;80;79;63;94;121;100;26;101;1;97;152;2;129;92;57;55;52;106,7478439085273149441,0.003024
steepest_intra:edges_start:greedy,179,71382,23110,48272,104650,6,179;145;78;31;56;113;175;171;16;25;44;120;75;86;53;180;154;135;70;127;123;162;149;131;65;116;43;184;84;190;10;177;54;48;160;34;146;22;18;108;69;159;181;42;5;41;193;139;68;140;93;117;143;183;89;186;23;137;0;46;115;59;118;51;151;133;176;80;79;63;94;121;100;26;101;1;97;152;2;129;92;57;55;52;49;102;148;9;62;144;14;3;178;106;185;40;165;90;81;196,670239941224308152,0.004002
steepest_intra:edges_start:greedy,180,71413,22843,48570,44850,2,180;135;70;154;158;53;121;100;26;86;75;101;1;97;152;94;124;148;102;49;178;106;52;55;57;92;129;2;120;44;25;16;171;175;113;56;31;78;145;179;196;81;90;165;40;185;138;14;144;62;9;15;114;186;89;183;23;137;176;80;51;118;59;115;46;0;143;117;93;140;68;139;193;41;5;42;181;159;69;108;18;22;146;34;160;48;54;177;184;43;116;65;149;123;127;162;151;133;79;63,7453280178132261223,0.001014
steepest_intra:edges_start:greedy,181,70906,22933,47973,89700,5,181;34;160;48;54;177;10;190;4;112;84;184;42;43;116;65;149;123;127;162;151;133;135;70;154;180;53;121;100;26;86;75;120;44;25;16;171;175;113;56;31;78;145;179;196;81;90;165;40;185;106;178;3;14;144;62;9;148;102;49;52;55;57;92;129;82;2;101;1;97;152;124;94;63;79;80;176;137;23;186;89;183;143;117;0;51;118;59;115;46;68;139;41;193;159;69;108;18;22;146,8039450339391366469,0.001999
steepest_intra:edges_start:greedy,182,71413,22843,48570,74750,4,158;154;70;135;180;63;79;133;151;162;127;123;149;65;116;43;184;177;54;48;160;34;146;22;18;108;69;159;181;42;5;41;193;139;68;140;93;117;143;0;46;115;59;118;51;80;176;137;23;183;89;186;114;15;9;62;144;14;138;185;40;165;90;81;196;179;145;78;31;56;113;175;171;16;25;44;120;2;129;92;57;55;52;106;178;49;102;148;124;94;152;97;1;101;75;86;26;100;121;53,4123859983286783924,0.002001
steepest_intra:edges_start:greedy,183,70571,22366,48205,119600,7,183;89;186;23;137;176;80;79;63;94;124;152;97;1;101;2;82;129;92;57;55;52;49;102;148;9;62;144;14;3;178;106;185;40;165;90;81;196;179;145;78;31;56;113;175;171;16;25;44;120;75;86;26;100;121;53;180;154;135;70;127;123;162;133;151;51;118;59;65;116;43;184;84;112;4;190;10;177;54;48;160;34;146;22;18;108;69;159;181;42;5;41;193;115;139;68;46;0;117;143,2062980716824509303,0.002997
steepest_intra:edges_start:greedy,184,71548,23048,48500,104650,6,184;43;116;65;59;118;115;46;0;51;151;133;162;123;127;70;135;154;180;53;121;100;26;86;75;120;44;25;16;171;175;113;56;31;78;145;179;196;81;90;165;40;185;106;178;3;14;144;62;9;148;102;49;52;55;57;92;129;82;2;101;1;97;152;124;94;63;79;80;176;137;23;186;89;183;143;117;93;140;68;139;193;41;5;42;181;159;69;108;18;22;146;34;160;48;54;177;10;190;84,8363493975508827747,0.002000
steepest_intra:edges_start:greedy,185,71246,23052,48194,89700,5,185;138;14;144;62;9;148;102;49;178;106;52;55;57;92;129;2;152;97;1;101;26;100;121;94;63;79;80;176;133;151;51;118;59;115;46;0;137;23;186;89;183;143;117;93;140;68;139;193;41;5;42;181;159;69;108;18;22;146;34;160;48;54;177;10;190;84;184;43;116;65;131;149;162;123;127;70;135;154;180;53;86;75;120;44;25;16;171;175;113;56;31;78;145;179;196;81;90;165;40,734347978487764183,0.002999
steepest_intra:edges_start:greedy,186,70571,22366,48205,119600,7,186;89;183;143;117;0;46;68;139;115;193;41;5;42;181;159;69;108;18;22;146;34;160;48;54;177;10;190;4;112;84;184;43;116;65;59;118;51;151;133;162;123;127;70;135;154;180;53;121;100;26;86;75;120;44;25;16;171;175;113;56;31;78;145;179;196;81;90;165;40;185;106;178;3;14;144;62;9;148;102;49;52;55;57;92;129;82;2;101;1;97;152;124;94;63;79;80;176;137;23,4122455937541743598,0.003998
steepest_intra:edges_start:greedy,187,71509,23272,48237,104650,6,27;165;138;14;144;62;9;148;102;49;178;106;52;55;57;92;129;2;152;97;1;101;26;100;121;94;63;79;80;176;133;151;51;118;59;115;46;0;137;23;186;89;183;143;117;93;140;68;139;193;41;5;42;181;159;69;108;18;22;146;34;160;48;54;177;10;190;184;43;116;65;131;149;162;123;127;70;135;154;180;53;86;75;120;44;25;16;171;175;113;56;31;78;145;179;185;40;196;81;90,6588869250696854721,0.002614
steepest_intra:edges_start:greedy,188,71808,23361,48447,149500,9,157;31;56;113;175;171;16;25;44;120;75;86;53;180;154;135;70;127;123;162;149;131;65;116;43;184;190;10;177;54;48;160;34;146;22;18;108;69;159;181;42;5;41;193;139;68;140;93;117;143;183;89;186;23;137;0;46;115;59;118;51;151;133;176;80;79;63;94;121;100;26;101;1;97;152;2;129;57;55;52;49;102;148;9;62;144;14;3;178;106;185;40;165;90;81;196;179;92;145;78,6460863388993205965,0.003001
steepest_intra:edges_start:greedy,189,71608,22548,49060,44850,2,189;94;124;148;102;49;178;106;52;55;57;92;129;2;120;44;25;16;171;175;113;56;31;78;145;179;196;81;90;165;40;185;138;14;144;62;9;15;114;186;89;183;23;137;176;80;51;118;59;115;46;0;143;117;93;140;68;139;193;41;5;42;181;159;69;108;18;22;146;34;160;48;54;177;184;43;116;65;149;123;162;151;133;79;63;180;135;70;154;158;53;121;100;26;86;75;101;1;97;152,6907573713627208305,0.001028
steepest_intra:edges_start:greedy,190,71327,23150,48177,149500,9,190;10;177;54;48;34;160;42;181;146;22;18;108;69;159;193;41;139;68;46;115;118;59;65;116;43;184;35;131;149;123;162;133;151;51;0;117;143;183;89;23;137;176;80;79;63;94;124;152;97;1;101;2;82;129;92;57;55;52;49;102;148;9;62;144;14;3;178;106;185;40;165;90;81;196;179;145;78;31;56;113;175;171;16;25;44;120;75;86;26;100;121;53;180;154;135;70;127;112;4,4937705941664615822,0.003970
steepest_intra:edges_start:greedy,191,71848,23049,48799,119600,7,198;68;46;115;59;118;51;0;117;143;183;89;186;23;137;176;80;79;63;94;124;152;97;1;101;2;82;129;92;57;55;52;49;102;148;9;62;144;14;3;178;106;185;40;165;90;81;196;179;145;78;31;56;113;175;171;16;25;44;120;75;86;26;100;121;53;180;154;70;135;133;151;162;127;123;149;65;116;43;184;84;190;10;177;54;48;160;34;146;22;18;108;69;159;181;42;5;41;193;139,8955062290572484205,0.002973
steepest_intra:edges_start:greedy,192,71740,22893,48847,149500,9,96;5;42;181;159;69;108;18;22;146;34;160;48;54;177;10;190;184;43;116;65;59;118;115;46;0;51;151;133;162;123;127;70;135;154;180;53;121;100;26;86;75;120;44;25;16;171;175;113;56;31;78;145;179;196;81;90;165;40;185;106;178;3;14;144;62;9;148;102;49;52;55;57;92;129;82;2;101;1;97;152;124;94;63;79;80;176;137;23;186;89;183;143;117;93;140;68;139;193;41,7909347166828559666,0.005000
steepest_intra:edges_start:greedy,193,71369,23246,48123,104650,6,193;139;68;46;115;59;118;51;0;117;143;183;89;186;23;137;176;80;79;63;94;124;152;97;1;101;2;82;129;92;57;55;52;49;102;148;9;62;144;14;3;178;106;185;40;165;90;81;196;179;145;78;31;56;113;175;171;16;25;44;120;75;86;26;100;121;53;180;154;70;135;133;151;162;127;123;149;65;116;43;184;112;4;190;10;177;54;48;160;34;146;22;18;108;69;159;181;42;5;41,6332638872115480094,0.002001
steepest_intra:edges_start:greedy,194,71873,22902,48971,104650,6,194;127;123;162;133;151;149;131;65;116;43;184;190;10;177;54;48;160;34;146;22;18;108;69;159;181;42;5;41;193;139;68;46;115;59;118;51;0;117;143;183;89;186;23;137;176;80;79;63;94;124;152;97;1;101;2;82;129;92;57;55;52;49;102;148;9;62;144;14;3;178;106;185;40;165;90;81;196;179;145;78;31;56;113;175;171;16;25;44;120;75;86;26;100;121;53;180;154;70;135,7115358952272797177,0.002011
steepest_intra:edges_start:greedy,195,71156,22969,48187,104650,6,195;181;34;160;48;54;177;10;190;4;112;184;42;43;116;65;149;123;127;162;151;133;135;70;154;180;53;121;100;26;86;75;120;44;25;16;171;175;113;56;31;78;145;179;196;81;90;165;40;185;106;178;3;14;144;62;9;148;102;49;52;55;57;92;129;82;2;101;1;97;152;124;94;63;79;80;176;137;23;186;89;183;143;117;0;51;118;59;115;46;68;139;41;193;159;69;108;18;22;146,9155919427228808359,0.003001
steepest_intra:edges_start:greedy,196,71978,23329,48649,119600,7,196;81;90;165;40;185;106;178;3;14;144;62;9;148;102;49;52;55;57;129;92;179;145;78;82;2;152;97;1;101;26;100;121;94;63;79;80;176;133;151;51;118;59;115;46;0;137;23;186;89;183;143;117;93;140;68;139;193;41;5;42;181;159;69;108;18;22;146;34;160;48;54;177;10;184;43;116;65;131;149;162;123;127;70;135;154;180;53;86;75;120;44;25;16;171;175;113;56;31;157,7623434683257331478,0.003002
steepest_intra:edges_start:greedy,197,71760,22961,48799,104650,6,198;46;68;139;193;41;5;42;181;159;69;108;18;22;146;34;160;48;54;177;10;190;84;184;43;116;65;149;123;127;162;151;133;135;70;154;180;53;121;100;26;86;75;120;44;25;16;171;175;113;56;31;78;145;179;196;81;90;165;40;185;106;178;3;14;144;62;9;148;102;49;52;55;57;92;129;82;2;101;1;97;152;124;94;63;79;80;176;137;23;186;89;183;143;117;0;51;118;59;115,1551244732229395950,0.002546
steepest_intra:edges_start:greedy,198,71369,23246,48123,119600,7,68;46;115;59;118;51;0;117;143;183;89;186;23;137;176;80;79;63;94;124;152;97;1;101;2;82;129;92;57;55;52;49;102;148;9;62;144;14;3;178;106;185;40;165;90;81;196;179;145;78;31;56;113;175;171;16;25;44;120;75;86;26;100;121;53;180;154;70;135;133;151;162;127;123;149;65;116;43;184;112;4;190;10;177;54;48;160;34;146;22;18;108;69;159;181;42;5;41;193;139,6337014401323090575,0.003976
steepest_intra:edges_start:greedy,199,71188,22872,48316,164450,10,140;108;18;22;146;159;193;41;5;42;181;34;160;48;54;177;10;190;84;184;43;116;65;149;123;127;162;151;133;135;70;154;180;53;121;100;26;86;75;120;44;25;16;171;175;113;56;31;78;145;179;196;81;90;165;40;185;106;178;3;14;144;62;9;148;102;49;52;55;57;92;129;82;2;101;1;97;152;124;94;63;79;80;176;137;23;186;89;183;143;117;0;51;118;59;115;139;46;68;93,6686930033879770099,0.004024
greedy_intra:nodes_start:random,0,85881,36770,49111,1032240,497,127;70;154;158;86;100;53;151;59;115;41;5;43;42;181;193;159;108;18;22;146;34;54;177;160;139;68;46;89;183;143;117;0;97;101;75;16;171;175;113;81;90;21;144;62;94;180;135;112;184;116;118;51;137;15;49;3;119;40;106;178;129;2;120;44;25;145;92;57;185;165;138;14;102;9;148;124;122;80;176;133;79;63;121;26;1;78;31;157;196;179;52;55;152;189;162;65;131;149;123,1281778681629187374,0.106296
greedy_intra:nodes_start:random,1,87927,38953,48974,1138887,461,94;122;80;151;123;35;84;177;54;34;160;43;131;149;133;79;63;2;120;44;75;101;86;26;124;23;186;114;15;167;57;145;92;129;137;153;143;183;89;78;31;56;113;175;171;16;25;1;97;100;53;158;154;180;162;65;116;59;118;51;176;148;9;102;49;185;119;40;196;179;55;52;106;178;62;0;117;18;22;159;41;42;115;135;70;127;112;4;184;181;146;193;139;46;144;14;165;90;81;152,5611262804546883943,0.112313
greedy_intra:nodes_start:random,2,86037,36774,49263,1178300,515,154;180;53;101;2;57;179;92;129;86;70;127;112;177;54;34;139;68;117;143;0;153;183;144;14;138;49;167;152;1;75;16;171;113;175;31;145;78;25;44;120;55;102;114;89;23;186;97;26;100;135;184;160;193;41;115;94;124;111;3;178;106;165;90;81;40;185;52;63;79;80;176;51;137;15;62;9;37;148;133;162;123;149;65;116;43;5;42;181;146;22;159;18;108;140;93;46;118;59;151,1749251447136574521,0.119285
greedy_intra:nodes_start:random,3,83982,36120,47862,573825,432,162;151;176;80;94;152;2;120;44;25;78;145;179;92;129;75;65;116;43;149;123;133;79;122;63;112;4;10;177;54;48;160;34;146;22;18;108;51;86;101;1;97;26;100;121;115;41;193;159;139;46;68;117;89;186;15;9;62;144;102;49;14;106;178;148;23;137;42;181;184;35;127;70;135;154;180;53;124;167;57;55;52;185;196;113;175;171;16;31;81;90;40;119;165;114;183;143;0;118;59,7728632254185252523,0.077205
greedy_intra:nodes_start:random,4,85907,37246,48661,580396,464,137;122;80;176;46;139;68;93;117;143;183;16;171;175;78;145;81;196;129;2;97;151;72;59;115;118;51;154;180;63;79;133;162;65;116;5;42;43;184;131;149;123;127;70;135;53;26;101;1;152;106;178;3;49;124;94;121;100;86;75;52;165;90;40;185;179;92;57;167;148;186;23;89;0;108;18;193;41;159;22;34;160;54;177;10;4;112;120;44;25;113;56;31;55;9;62;102;14;144;15,3453981545210051629,0.094396
greedy_intra:nodes_start:random,5,92780,40949,51831,736199,428,160;34;54;184;35;131;59;51;189;129;57;55;183;143;89;23;102;49;62;9;148;94;182;136;122;63;121;97;152;167;14;144;15;114;186;80;79;133;151;194;135;180;53;86;75;2;92;40;119;185;46;193;41;5;42;118;176;3;178;106;179;145;31;175;113;56;196;81;90;165;52;1;101;26;100;154;70;127;123;181;22;159;43;65;116;115;139;68;117;0;137;124;120;25;78;171;16;44;162;149,1517346031313665652,0.092251
greedy_intra:nodes_start:random,6,87363,37499,49864,826871,443,22;18;183;89;137;176;51;0;143;117;118;59;151;133;79;80;122;63;94;124;148;37;102;144;62;9;180;70;127;112;184;177;54;160;34;193;41;139;115;162;100;26;97;31;157;179;57;5;42;43;116;65;131;149;123;135;154;53;121;185;40;119;165;27;90;81;196;145;101;86;75;56;113;175;171;16;78;92;129;2;1;152;167;49;14;138;3;178;106;52;55;82;25;44;120;186;23;46;68;159,8471001423431357547,0.093286
greedy_intra:nodes_start:random,7,82539,33716,48823,692942,465,116;43;131;149;59;137;23;148;94;63;162;123;42;5;41;159;193;115;139;68;46;0;117;93;108;18;22;146;181;34;160;48;54;177;184;84;112;127;70;86;100;53;180;154;135;151;118;109;51;133;79;122;124;167;49;178;106;185;40;145;31;56;113;175;171;16;44;89;183;143;80;121;26;97;152;129;120;75;101;1;2;25;78;165;90;81;196;179;92;57;55;52;14;144;102;62;9;176;65;47,5089684961898887735,0.093943
greedy_intra:nodes_start:random,8,88714,39027,49687,895151,463,186;23;136;182;121;152;55;49;102;144;15;176;80;94;124;62;9;148;122;79;133;63;189;97;1;26;100;53;180;154;135;70;127;123;162;151;196;81;90;165;14;137;51;65;116;43;149;59;118;115;181;34;160;42;5;184;54;177;112;86;101;75;16;175;171;25;44;120;82;2;129;114;89;183;143;0;117;68;46;139;193;159;18;22;146;195;41;178;106;40;185;52;57;92;78;113;31;145;179;167,139576525914663580,0.100002
greedy_intra:nodes_start:random,9,91798,42363,49435,955229,491,92;75;86;112;177;54;184;35;167;52;106;178;102;89;0;139;41;5;42;43;131;127;123;149;47;65;116;176;62;9;148;180;154;70;135;133;137;23;186;15;124;26;100;53;158;162;59;118;72;151;79;94;152;129;145;78;120;44;25;31;113;175;171;16;115;193;159;22;146;34;48;160;181;18;108;49;3;185;55;57;2;101;1;97;121;63;80;51;46;68;93;117;143;183;114;144;14;165;90;40,1057195942002939275,0.094631
greedy_intra:nodes_start:random,10,85375,36884,48491,734323,467,152;167;148;9;62;129;120;44;25;75;180;154;135;123;160;146;22;159;116;59;114;15;144;49;14;138;39;90;165;3;178;106;52;55;57;185;40;196;145;78;92;2;97;121;63;133;162;151;176;137;143;117;68;93;140;108;18;34;48;54;184;131;149;65;79;171;175;113;31;16;94;80;51;118;115;46;0;183;89;186;23;139;41;193;181;42;43;35;84;177;10;4;112;70;53;100;26;86;101;1,625229731399461827,0.094710
greedy_intra:nodes_start:random,11,88894,39286,49608,682734,403,175;113;31;196;14;144;62;9;148;124;100;26;101;2;120;75;158;154;135;127;123;115;183;89;23;137;152;1;97;121;53;133;162;43;160;34;181;139;68;46;122;94;165;90;40;185;106;178;52;55;57;179;145;78;92;129;70;112;4;84;35;149;72;151;80;176;51;118;59;79;63;25;171;16;44;86;180;131;48;54;177;184;47;65;116;42;5;41;193;159;195;146;22;18;0;143;186;15;49;81,251424151038343412,0.076305
greedy_intra:nodes_start:random,12,88072,38795,49277,1078625,495,177;54;48;34;181;42;43;65;51;176;80;151;162;123;127;70;135;154;158;101;31;113;81;90;165;40;185;152;97;26;100;53;180;59;193;159;22;18;108;140;93;68;139;41;116;47;131;149;79;122;94;124;148;15;186;89;23;137;167;129;78;175;171;16;75;86;118;115;198;46;0;143;183;49;57;179;145;92;82;25;44;120;2;1;35;84;184;160;63;55;52;106;178;14;144;62;9;133;112;4,7735563361240204761,0.103618
greedy_intra:nodes_start:random,13,85491,36837,48654,877247,466,101;129;57;55;52;167;124;80;79;63;94;120;44;113;175;171;16;75;154;70;135;47;65;116;59;118;51;151;127;112;4;190;10;177;54;34;146;22;18;108;93;144;14;138;196;81;90;165;40;185;106;152;97;121;100;26;1;2;178;3;49;62;176;133;162;123;149;131;35;184;48;160;181;42;115;68;117;0;143;183;89;23;186;9;145;31;78;92;148;137;46;139;159;193;41;43;77;180;53;86,3352334951987455925,0.093994
greedy_intra:nodes_start:random,14,92363,43216,49147,758649,452,117;93;140;108;18;22;193;115;9;62;49;178;165;90;14;144;148;176;184;177;10;190;4;70;75;92;145;78;16;25;44;120;63;133;43;41;139;68;0;23;171;175;113;31;179;57;55;52;124;122;79;65;116;35;84;112;123;127;135;154;158;53;180;149;54;48;160;34;181;42;100;26;97;152;94;80;151;72;131;162;121;86;101;1;2;129;40;185;106;15;114;186;46;118;59;51;137;89;183;143,811386309963154863,0.087905
greedy_intra:nodes_start:random,15,86917,36331,50586,836910,501,101;75;86;26;100;121;53;158;154;180;63;133;151;116;5;42;43;47;65;59;51;176;137;143;117;108;18;22;181;184;35;127;70;135;194;149;131;160;34;48;54;177;84;162;9;62;15;41;193;159;4;112;123;23;186;144;14;92;145;78;31;113;175;171;16;25;44;2;189;94;124;55;52;185;40;165;106;178;49;89;183;0;46;68;93;140;139;115;118;80;79;97;1;120;129;57;167;37;148;152,7687070996484063818,0.095024
greedy_intra:nodes_start:random,16,85541,34062,51479,1186704,522,148;49;102;144;14;138;3;178;106;118;59;116;65;162;133;79;122;63;189;152;74;2;120;44;16;171;175;113;31;196;165;90;164;21;114;186;89;183;143;117;0;46;139;22;34;160;184;112;127;80;9;62;15;23;137;176;51;109;72;123;149;131;43;42;41;193;159;18;108;115;151;25;78;145;92;57;129;1;97;26;121;53;158;154;70;135;180;94;167;55;52;185;40;179;82;75;101;86;100;124,6560238126792264375,0.117472
greedy_intra:nodes_start:random,17,81508,32939,48569,1160495,541,48;54;177;10;190;4;112;127;70;135;162;133;189;152;145;78;16;171;175;113;31;81;196;179;92;57;55;52;185;14;49;3;178;106;167;148;137;23;186;114;15;9;62;102;89;117;108;18;159;22;34;160;151;79;94;124;2;120;25;44;75;86;101;97;1;129;40;90;165;144;183;143;0;46;51;176;80;122;63;121;100;26;53;180;154;123;149;42;181;193;41;139;115;5;116;118;59;65;43;184,7696679157290240984,0.107118
greedy_intra:nodes_start:random,18,86000,36258,49742,847955,420,139;46;80;121;26;19;189;94;124;12;176;51;118;59;43;184;177;10;190;4;112;127;158;53;100;86;101;2;129;81;90;165;14;144;62;102;49;3;178;52;55;57;92;145;31;78;25;44;196;40;185;106;148;151;65;116;0;117;68;181;160;34;146;22;159;18;108;93;143;183;89;23;137;135;70;154;180;63;122;79;133;162;149;131;123;75;113;175;171;16;120;1;97;152;9;15;115;42;41;193,9113156642597948206,0.083447
greedy_intra:nodes_start:random,19,87040,36683,50357,806812,426,160;162;158;53;100;26;97;86;101;1;2;82;129;179;185;40;119;165;138;106;52;92;57;55;102;49;3;178;145;78;16;171;175;113;31;25;44;120;75;65;116;43;184;112;70;135;133;176;137;23;186;15;148;167;152;196;81;90;27;164;21;14;124;94;122;80;115;41;193;159;22;18;108;0;9;62;144;114;89;183;46;59;118;109;51;153;143;117;68;139;123;127;154;180;136;63;79;151;42;34,7716408316571909810,0.084949
greedy_intra:nodes_start:random,20,86003,35464,50539,977638,443,1;97;26;100;121;137;23;186;89;183;143;0;117;68;139;46;148;3;178;106;55;57;78;145;196;81;90;14;144;73;114;15;9;62;102;49;167;124;94;122;79;63;52;185;165;40;179;92;129;177;10;54;48;42;43;162;189;152;120;44;16;171;175;113;31;25;82;2;35;184;160;181;34;22;193;41;115;118;133;180;154;135;70;127;123;112;131;149;65;116;59;151;51;176;80;158;53;86;75;101,3833034823882757328,0.091473
greedy_intra:nodes_start:random,21,90290,39144,51146,856197,456,115;22;34;160;184;112;135;154;180;194;123;127;70;158;53;86;120;25;78;31;145;179;82;2;1;97;129;92;57;55;196;81;40;119;138;176;59;41;193;159;42;43;116;65;162;75;16;175;171;44;26;63;122;94;152;124;167;37;62;102;49;14;144;114;186;23;0;117;143;183;89;3;178;106;52;185;165;27;90;56;113;101;100;121;133;151;46;68;108;18;139;51;80;79;148;9;15;137;109;118,4282435395453838483,0.088166
greedy_intra:nodes_start:random,22,84485,34059,50426,1034217,469,183;89;23;148;92;145;78;16;75;86;162;131;43;42;5;116;65;47;51;15;144;14;102;49;3;178;106;52;55;57;129;1;97;80;176;143;0;115;41;193;159;181;48;177;54;34;146;22;160;184;84;4;112;135;180;53;158;154;70;127;123;149;59;118;72;151;133;122;79;121;100;26;101;120;44;25;2;152;189;63;94;124;167;185;40;165;90;81;113;175;171;31;196;62;9;137;46;139;68;117,5148002154832412849,0.099438
greedy_intra:nodes_start:random,23,84140,35199,48941,714621,441,80;65;116;59;137;144;14;138;185;40;119;165;90;81;196;55;63;43;160;184;123;127;135;154;158;53;180;133;162;149;131;151;79;97;1;26;86;101;75;120;44;16;171;175;113;31;179;57;82;25;78;145;92;129;2;152;176;51;118;115;139;41;193;18;69;108;140;93;117;143;183;89;102;49;62;9;15;0;68;159;22;146;34;54;10;177;48;181;42;5;46;23;186;148;167;3;178;106;52;94,8670431494050099305,0.079329
greedy_intra:nodes_start:random,24,86489,37454,49035,526349,434,53;100;1;129;57;52;55;2;75;86;162;65;22;18;108;183;89;23;186;114;15;62;92;145;179;14;144;102;49;171;175;113;56;81;90;165;138;137;46;139;41;193;159;181;42;43;116;115;68;117;143;170;0;51;122;101;120;44;25;78;16;31;196;40;119;185;106;178;9;176;80;79;151;118;59;123;70;127;112;84;184;160;34;54;177;149;133;121;26;97;152;167;148;37;124;94;63;180;135;154,8591634520068602027,0.083076
greedy_intra:nodes_start:random,25,93749,45047,48702,1022538,464,94;152;145;78;25;44;120;2;89;183;0;41;42;131;149;101;75;171;175;113;81;90;27;165;55;52;106;178;3;43;160;177;54;34;22;159;193;137;9;185;40;138;144;15;186;23;118;116;65;121;100;26;86;154;70;112;184;123;127;135;162;59;115;139;18;108;143;114;62;102;14;49;124;53;180;133;151;176;80;79;122;63;97;1;82;16;31;196;179;92;129;57;167;148;117;93;140;68;46;51,9042701197795136783,0.093123
greedy_intra:nodes_start:random,26,90809,41405,49404,792578,427,181;160;123;135;31;113;175;171;16;44;120;53;162;54;34;22;159;193;46;183;89;114;144;14;165;27;90;92;129;115;139;68;117;143;15;185;40;81;196;78;145;57;55;52;167;51;72;151;180;26;1;101;86;75;2;152;97;154;70;112;4;10;177;184;59;118;23;186;37;148;124;94;63;133;79;106;178;3;49;102;62;9;80;176;137;0;93;140;108;18;41;96;42;43;131;149;47;65;116;5,684050943813271347,0.082774
greedy_intra:nodes_start:random,27,86316,36344,49972,843605,480,54;177;184;84;112;127;70;75;44;25;120;86;121;94;124;167;148;9;102;14;144;183;143;18;22;181;149;123;135;154;180;158;53;100;26;101;2;40;119;165;90;81;56;175;171;16;152;176;51;0;117;68;193;41;116;118;137;23;89;186;80;79;122;63;97;1;179;91;145;78;92;82;129;57;55;178;3;106;185;196;157;113;31;52;49;62;15;46;139;115;59;151;133;162;65;43;42;160;34;48,8126803067682990615,0.094336
greedy_intra:nodes_start:random,28,91363,39699,51664,1000442,438,148;124;12;176;59;65;116;42;22;18;108;117;143;14;165;39;164;7;106;52;55;189;63;162;149;131;123;86;101;2;129;57;114;89;183;115;43;184;160;34;193;41;139;46;0;137;23;186;15;62;9;167;152;97;121;136;79;80;122;82;25;78;171;16;44;120;75;133;151;118;51;94;92;179;145;31;175;113;56;196;81;90;40;185;1;53;180;135;127;70;154;158;100;26;178;3;49;102;144;37,5751842336764725972,0.094632
greedy_intra:nodes_start:random,29,82199,33032,49167,809752,430,14;144;49;57;92;129;26;63;176;137;23;186;15;9;62;102;179;145;78;40;165;90;81;196;157;31;25;120;75;86;158;154;180;133;151;59;43;160;48;54;177;184;112;127;70;135;194;123;149;131;34;181;42;5;47;65;116;115;68;139;41;193;159;22;18;108;118;162;53;100;101;44;16;171;175;113;56;2;152;1;97;189;124;167;148;89;183;143;117;0;46;51;80;79;94;55;52;185;106;178,3396763838684300538,0.090626
greedy_intra:nodes_start:random,30,88625,39411,49214,862457,456,176;137;186;15;9;62;55;57;92;145;179;40;119;167;118;115;5;42;43;149;131;184;84;112;123;162;79;90;27;165;138;14;144;102;49;3;178;106;52;31;78;25;44;120;129;94;122;63;100;86;101;75;2;152;1;97;26;53;180;154;135;127;65;116;41;139;68;108;69;18;22;159;193;181;34;160;70;16;171;175;113;23;89;183;143;0;117;93;140;46;148;185;81;196;124;51;59;151;133;80,3690193953055026222,0.090264
greedy_intra:nodes_start:random,31,87775,38472,49303,947566,474,183;89;186;114;102;57;92;78;16;171;175;113;31;81;40;106;178;49;14;144;21;7;164;90;165;185;52;55;23;143;117;18;22;34;160;51;176;80;63;53;158;180;154;135;127;112;4;84;35;123;86;101;100;26;94;148;9;62;15;137;151;162;149;131;181;159;193;41;115;59;121;97;1;2;152;189;124;122;79;133;118;139;68;46;129;179;196;145;25;44;120;75;70;184;42;43;116;47;65;0,6500635758554628386,0.094149
greedy_intra:nodes_start:random,32,85413,34923,50490,1004615,462,68;0;89;183;143;117;18;22;159;193;41;116;65;131;149;123;127;112;184;177;54;34;160;43;122;94;129;57;55;49;102;9;62;144;14;145;78;31;56;113;175;179;52;106;119;40;185;167;80;42;5;115;118;51;178;165;90;81;196;92;101;1;97;26;100;53;158;180;154;135;70;162;59;72;151;133;79;63;182;121;86;75;44;16;171;25;120;2;152;124;137;23;186;15;37;148;12;176;46;139,3782567108394059134,0.096794
greedy_intra:nodes_start:random,33,86735,37755,48980,660356,429,68;139;193;159;22;146;34;54;177;160;42;115;46;148;167;124;152;97;1;2;57;55;52;133;151;118;59;116;65;149;123;127;194;135;70;154;53;100;26;121;94;186;23;51;79;63;178;106;165;90;27;39;138;49;62;9;15;137;176;80;86;75;120;44;92;3;14;144;89;183;143;0;117;108;69;18;41;43;184;84;4;112;35;162;180;101;129;179;196;81;145;78;31;56;113;175;171;16;40;185,5634235637962312000,0.084714
greedy_intra:nodes_start:random,34,79926,31277,48649,866133,481,117;0;137;9;62;167;2;120;25;78;145;185;40;165;55;57;129;92;52;106;178;3;49;102;15;186;23;89;183;143;153;176;80;79;63;180;158;53;121;94;124;148;144;14;138;90;81;196;179;152;97;1;101;31;113;175;171;16;44;75;86;154;162;149;131;112;123;127;70;135;100;26;133;151;65;116;43;160;184;177;54;34;181;193;41;139;68;46;51;118;59;115;5;42;159;22;18;108;140;93,7947900215157311331,0.090445
greedy_intra:nodes_start:random,35,91061,42343,48718,1005027,451,70;180;148;9;62;124;94;63;158;53;101;1;2;55;52;49;183;143;93;108;18;89;15;144;14;165;90;81;40;185;145;78;129;152;177;54;48;160;34;181;118;51;80;122;189;97;26;100;121;79;151;59;149;131;123;162;133;167;178;106;31;113;175;171;16;120;176;146;22;159;46;137;23;186;57;92;25;44;75;86;154;135;65;116;5;42;41;193;139;68;117;0;115;43;35;184;84;4;112;127,4829675407306873728,0.093053
greedy_intra:nodes_start:random,36,86627,38242,48385,776261,436,102;62;9;148;124;63;123;184;54;177;112;127;70;158;100;152;57;92;129;120;44;25;81;90;27;164;21;186;23;89;183;143;117;139;5;42;43;116;65;176;137;15;144;14;106;185;165;119;40;196;179;145;2;101;154;135;194;162;151;59;115;41;181;47;131;149;180;26;1;97;94;0;108;18;68;46;80;79;133;51;118;193;159;22;34;160;53;86;75;16;171;175;113;31;78;55;52;178;3;49,5609622002822216,0.084632
greedy_intra:nodes_start:random,37,84749,35974,48775,763363,454,160;34;181;159;193;41;140;93;117;0;46;115;5;42;116;65;149;131;59;123;35;84;4;112;70;154;180;133;151;162;127;135;63;148;9;62;124;94;176;80;79;121;100;53;139;108;18;22;146;195;68;143;144;14;3;57;92;129;120;2;75;86;26;137;183;89;186;15;167;152;97;101;1;178;106;52;55;31;113;175;171;16;44;25;78;145;185;119;40;196;81;90;165;49;102;51;118;43;184;54,9057075256380567637,0.093516
greedy_intra:nodes_start:random,38,84377,35317,49060,645110,483,54;177;10;4;112;184;160;42;115;139;68;117;0;143;183;89;23;137;124;94;97;26;100;146;22;18;108;186;15;144;9;62;185;40;165;90;39;138;14;102;148;37;49;3;178;106;167;86;53;180;80;176;51;46;118;59;116;5;159;193;41;131;127;70;154;135;123;149;47;65;151;79;63;2;44;16;171;175;113;56;31;145;78;25;120;75;101;1;129;57;55;52;179;92;152;133;162;43;181;34,3423977801116860702,0.082559
greedy_intra:nodes_start:random,39,89216,41324,47892,808919,470,184;160;34;146;22;159;116;180;53;86;101;2;78;145;55;9;23;137;176;80;144;14;106;178;49;102;148;124;94;79;162;149;131;123;127;135;154;100;26;97;121;133;59;41;193;139;68;108;69;18;48;54;177;10;190;4;112;70;75;129;57;185;40;196;179;92;152;151;72;118;115;46;51;63;1;120;44;16;171;175;113;31;52;62;15;186;89;183;143;117;0;21;164;90;165;167;65;43;42;181,5551865187165302561,0.089274
greedy_intra:nodes_start:random,40,85710,37305,48405,841477,443,59;151;133;122;63;79;80;176;137;89;183;143;117;93;140;68;139;198;115;5;42;116;65;145;31;56;113;175;171;16;78;25;44;120;82;2;75;86;101;1;55;52;14;144;62;9;148;167;152;97;129;92;57;94;51;118;46;0;23;186;114;15;181;160;54;177;4;112;123;180;26;100;53;154;135;70;127;184;34;146;22;159;18;108;49;178;106;185;40;165;90;81;196;179;162;149;131;43;193;41,6208078983634917899,0.094229
greedy_intra:nodes_start:random,41,87249,36081,51168,836801,461,94;124;167;37;102;49;14;165;90;40;185;106;178;52;189;135;123;160;181;42;118;51;137;148;9;62;144;15;186;89;183;143;117;153;23;55;179;31;56;113;175;171;16;92;57;129;152;133;116;65;149;162;136;53;158;180;154;131;43;5;193;159;108;18;22;146;34;184;84;112;127;70;75;82;145;78;25;44;120;2;151;59;115;41;139;68;46;0;176;80;121;100;26;97;1;101;86;63;79;122,494483405363360941,0.100293
greedy_intra:nodes_start:random,42,90133,37759,52374,1145732,516,40;196;175;171;16;152;176;109;118;59;198;139;41;193;181;160;34;146;22;18;108;68;46;115;116;162;154;180;94;124;167;62;9;148;137;23;186;114;15;49;52;55;42;184;84;112;53;100;26;101;86;158;135;149;131;43;65;63;136;182;121;97;1;120;44;25;78;31;56;113;75;70;127;123;80;37;102;144;14;178;106;185;179;145;92;57;129;2;189;122;79;133;151;51;0;117;143;183;89;165,7395319600868478549,0.111404
greedy_intra:nodes_start:random,43,84938,36636,48302,1112512,500,9;148;151;149;65;43;116;5;115;139;46;0;117;93;108;18;159;22;34;181;59;51;176;57;196;81;90;165;178;3;14;144;102;49;106;145;78;25;44;120;82;2;124;94;80;133;79;63;121;100;26;97;1;101;53;180;154;135;70;158;86;75;16;171;175;113;31;127;123;112;4;84;184;35;162;152;129;92;179;40;185;52;55;186;23;137;118;42;160;177;10;54;48;41;193;143;183;89;15;62,5375044709945780453,0.093022
greedy_intra:nodes_start:random,44,85780,31682,54098,788005,409,94;124;39;90;81;157;196;185;3;178;106;52;55;92;120;44;25;16;171;175;113;56;31;138;14;144;186;23;89;183;137;176;80;151;162;149;65;116;115;46;198;139;42;34;160;184;84;112;135;154;158;100;26;152;167;148;15;9;62;102;49;57;129;75;86;70;127;123;43;41;193;68;117;0;143;165;119;40;179;145;78;82;2;101;1;97;121;79;72;59;118;109;51;133;180;53;63;122;189;19,296958128886138979,0.081262
greedy_intra:nodes_start:random,45,84597,35690,48907,862866,509,49;138;165;185;40;119;90;81;113;175;31;145;148;80;118;115;193;159;18;69;108;117;143;0;46;42;48;54;177;4;133;94;97;1;129;92;120;44;25;78;171;16;75;154;70;112;123;162;151;9;62;15;137;176;51;59;65;47;116;43;131;149;180;53;100;26;121;63;122;79;135;127;84;35;184;160;34;146;22;181;41;139;68;183;89;23;186;144;14;3;178;106;52;55;57;2;101;86;152;167,8112747577354864299,0.093591
greedy_intra:nodes_start:random,46,85319,34103,51216,1002936,504,0;143;117;68;198;139;181;34;146;22;195;159;193;41;115;5;184;160;48;54;177;112;51;137;186;15;144;14;49;102;124;135;70;154;180;136;182;23;89;183;93;140;108;18;46;94;152;2;129;185;165;40;113;175;171;16;44;120;75;86;101;97;1;167;62;9;148;122;79;151;118;59;116;42;43;65;131;149;123;127;162;133;53;100;25;78;145;179;178;106;52;55;57;92;82;26;121;63;80;176,2515610233668279725,0.102890
greedy_intra:nodes_start:random,47,87778,37591,50187,899033,468,162;65;116;159;18;108;93;117;143;0;46;135;154;53;100;26;101;1;97;94;124;137;76;23;62;9;167;152;2;75;86;80;176;51;59;149;131;43;42;160;34;22;183;89;186;114;15;148;37;144;21;164;39;119;40;185;179;92;57;55;52;102;49;3;178;106;145;78;31;196;81;90;165;138;14;139;193;41;115;118;79;63;180;70;123;184;84;112;127;120;44;113;175;171;16;25;129;121;133;151,831586764179258485,0.096932
greedy_intra:nodes_start:random,48,87268,38539,48729,569648,425,2;120;78;196;81;90;39;137;0;46;139;41;193;69;108;18;22;159;43;35;184;177;54;160;34;181;42;115;118;80;121;26;100;53;63;151;72;149;131;123;135;154;180;124;148;9;62;49;106;31;113;175;171;16;75;70;127;112;4;84;133;79;94;55;52;179;145;92;129;57;185;40;165;25;44;101;86;162;65;116;59;51;176;178;3;138;14;23;117;143;183;89;186;15;144;102;167;152;97;1,3163719776263211235,0.075733
greedy_intra:nodes_start:random,49,84912,35122,49790,1101487,481,151;109;0;143;117;93;108;18;22;193;115;118;80;122;82;78;16;171;175;113;31;145;179;106;52;55;57;92;25;44;120;177;54;34;160;184;112;127;70;154;135;123;47;65;116;59;51;176;94;152;2;129;9;62;144;14;138;49;102;148;167;3;178;185;196;81;90;40;119;165;15;183;89;186;23;137;124;97;26;100;79;46;68;139;41;42;43;131;149;180;158;53;86;75;101;1;121;63;133;162,3291927394039549876,0.103545
greedy_intra:nodes_start:random,50,91302,39746,51556,897778,474,171;175;113;78;25;44;120;2;75;26;100;53;158;154;180;189;167;178;106;52;55;57;23;89;183;181;34;160;48;54;177;184;84;112;135;86;101;1;97;121;59;41;193;115;51;176;12;124;94;63;70;127;123;149;65;162;152;129;92;179;37;148;137;0;170;143;117;118;72;151;133;79;122;49;102;144;62;9;114;186;15;14;138;165;90;40;185;196;145;80;116;43;42;5;159;22;18;139;46;16,7186981715990034566,0.090242
greedy_intra:nodes_start:random,51,85989,36774,49215,829608,447,3;49;14;144;133;162;127;70;135;121;40;119;165;90;81;196;145;179;185;106;52;55;57;92;129;120;2;101;53;180;154;158;86;75;25;31;78;151;59;65;35;123;149;131;47;116;115;96;5;42;43;184;181;159;193;41;139;46;118;51;79;63;1;44;16;171;175;113;56;80;176;137;23;89;183;143;117;18;22;34;160;54;177;10;4;112;68;0;186;62;9;148;124;94;100;26;97;152;167;178,1991899032228953792,0.091360
greedy_intra:nodes_start:random,52,87625,38248,49377,1047521,431,53;100;26;97;152;1;101;86;75;2;49;14;144;114;186;23;137;176;80;124;57;55;52;15;46;139;108;18;193;41;181;34;160;54;177;10;190;84;184;89;183;143;170;117;0;51;109;118;115;159;22;146;42;43;151;133;167;178;106;185;40;119;165;90;81;196;179;121;123;127;70;92;145;78;31;113;175;171;16;162;149;131;65;116;59;79;122;120;44;25;129;62;9;148;94;63;180;135;154;158,5633006924378606059,0.089894
greedy_intra:nodes_start:random,53,85698,36945,48753,946890,478,22;146;59;118;51;176;137;0;117;68;80;79;180;26;1;2;55;52;106;3;178;129;120;82;92;185;40;165;90;81;196;78;25;44;145;179;14;49;102;144;62;9;94;133;151;65;116;43;42;181;34;160;48;184;35;84;54;177;10;4;112;127;162;186;23;143;93;108;18;139;63;152;97;101;75;86;100;53;154;149;131;123;135;16;171;175;113;31;57;148;89;183;46;198;115;96;5;41;193;159,9047943867923342415,0.091487
greedy_intra:nodes_start:random,54,88825,39791,49034,673954,406,46;183;89;92;25;31;78;55;15;186;23;167;129;44;120;75;70;112;4;177;184;51;176;94;124;152;1;101;97;189;122;80;133;79;63;121;100;26;86;53;158;180;154;135;127;123;148;9;62;102;49;144;14;106;165;27;90;40;185;52;178;137;118;59;116;65;151;57;179;145;196;81;113;175;171;16;2;162;149;160;34;108;18;22;146;159;193;181;42;43;5;41;139;93;117;143;0;68;198;115,1737140277569156152,0.083587
greedy_intra:nodes_start:random,55,84250,32216,52034,724506,442,159;193;140;93;68;115;116;65;47;43;42;5;96;181;160;48;184;131;149;41;139;46;15;144;165;40;185;52;55;57;145;92;152;19;121;100;26;101;25;78;31;113;175;171;16;44;75;86;154;135;70;127;112;4;177;54;34;22;18;0;143;183;9;62;14;138;106;178;49;148;186;89;23;137;176;51;59;151;133;79;80;122;63;189;94;124;111;167;129;120;2;1;97;53;180;162;123;35;84;146,3263452572187377914,0.082864
greedy_intra:nodes_start:random,56,84741,35481,49260,749961,442,42;181;41;193;69;108;18;22;146;159;139;115;118;79;63;97;167;178;106;165;90;81;196;40;185;144;114;186;137;51;72;149;131;47;65;43;184;112;123;127;135;70;145;78;31;56;113;175;171;16;44;75;86;53;154;180;100;26;1;2;129;82;152;124;94;140;93;117;143;23;15;148;9;62;102;49;14;52;55;57;92;25;120;101;162;54;34;160;116;59;151;133;80;176;89;183;153;0;68;46,8437983965292309151,0.081152
greedy_intra:nodes_start:random,57,87949,38656,49293,855206,461,131;149;59;118;51;176;9;62;15;114;186;23;89;183;3;178;106;55;94;63;79;80;133;194;127;70;171;175;113;56;31;145;92;124;115;139;146;34;160;184;135;154;180;158;53;86;75;120;44;25;16;78;2;1;97;121;0;143;117;65;47;116;43;42;181;54;10;177;41;193;159;22;18;108;68;46;137;144;138;119;40;185;52;57;152;26;100;101;129;196;81;90;165;14;49;102;148;151;162;123,1865321631539595276,0.089773
greedy_intra:nodes_start:random,58,86464,36377,50087,969665,490,18;193;22;146;181;34;160;54;184;112;123;127;70;158;2;129;92;179;196;81;57;152;63;133;151;162;116;43;42;41;139;68;9;62;144;14;102;49;3;178;106;145;31;56;113;78;82;180;154;135;149;131;65;59;118;51;176;80;167;52;185;165;90;119;40;55;121;136;53;100;26;189;94;137;23;186;89;183;153;0;46;115;79;1;120;25;175;171;16;44;75;86;101;97;124;148;15;143;117;108,7951990122313574161,0.103573
greedy_intra:nodes_start:random,59,87414,37774,49640,1042160,460,178;3;144;14;138;39;165;185;106;167;176;59;65;116;115;46;118;51;94;129;78;145;196;81;90;119;40;57;92;82;44;120;75;101;1;2;25;113;31;157;179;52;55;152;97;162;123;4;112;86;16;171;175;143;0;139;159;146;22;18;108;193;41;42;184;43;47;149;131;160;34;54;177;84;127;53;100;26;121;63;122;80;79;133;151;135;70;154;180;137;23;183;89;186;15;148;9;62;102;49,7327904416243107984,0.097626
greedy_intra:nodes_start:random,60,87958,39647,48311,984249,471,101;75;44;25;92;57;9;62;102;49;178;106;167;124;63;123;177;54;48;160;42;43;149;151;79;80;137;23;89;183;0;68;139;41;193;159;181;115;31;56;113;175;171;16;86;70;127;112;184;34;146;22;18;108;140;93;117;170;143;186;15;144;14;165;90;129;2;1;97;26;100;94;51;46;118;59;116;65;176;148;52;196;81;157;78;152;121;133;162;135;154;180;53;55;185;119;40;179;145;120,8747129036819120859,0.109193
greedy_intra:nodes_start:random,61,88962,38622,50340,755346,444,179;196;145;78;25;44;120;82;92;57;185;40;119;106;9;89;183;143;170;0;117;93;68;115;118;151;154;180;53;86;101;122;80;59;5;181;34;160;184;35;123;135;16;171;175;113;31;75;158;70;127;112;177;54;149;162;79;94;124;148;37;15;186;114;144;14;165;90;81;52;167;176;51;116;42;43;65;133;63;121;100;26;97;1;152;2;129;178;49;102;62;23;46;139;22;159;193;41;137;55,1683280634668234726,0.082561
greedy_intra:nodes_start:random,62,85352,33376,51976,707308,490,186;0;151;162;133;63;182;121;26;101;2;55;178;49;102;62;9;15;37;148;176;51;59;116;43;65;149;131;123;127;135;154;167;106;185;119;90;81;196;40;165;14;138;144;118;42;160;34;181;68;117;93;140;108;18;22;146;159;193;41;115;139;46;170;143;183;89;23;137;152;1;97;189;94;124;122;80;79;180;158;53;100;86;75;16;171;78;145;92;129;120;44;25;175;113;56;31;57;52;114,3862956813677932061,0.088111
greedy_intra:nodes_start:random,63,86169,35863,50306,981997,477,44;120;1;97;152;124;167;178;165;90;81;196;31;78;82;94;176;139;193;18;22;159;41;116;65;47;149;131;43;160;48;54;177;112;127;53;100;26;121;123;184;34;181;42;5;118;51;137;49;3;106;40;119;138;14;144;62;9;148;162;194;135;70;154;180;133;151;80;79;63;86;101;2;129;55;52;185;113;175;171;16;75;59;115;46;68;117;143;170;0;153;183;89;186;15;57;92;179;145;25,3444418661767348641,0.089320
greedy_intra:nodes_start:random,64,85544,35672,49872,1132311,488,160;181;42;5;159;193;41;96;115;116;131;149;162;75;25;78;31;145;92;79;63;133;151;118;51;176;37;3;178;106;185;40;119;165;27;90;81;196;179;52;89;183;143;0;117;68;139;46;80;113;175;171;16;44;120;2;152;124;94;97;1;101;129;57;55;167;148;23;186;114;15;102;49;138;14;144;62;9;137;59;65;184;48;54;177;112;127;70;154;86;26;100;53;180;135;123;43;22;146;34,4295488921344676815,0.109334
greedy_intra:nodes_start:random,65,85219,36483,48736,736028,471,151;133;176;80;79;63;94;124;152;120;44;75;101;86;135;70;127;112;160;48;54;177;84;35;184;43;118;137;23;186;15;64;114;183;89;148;167;97;121;162;65;116;42;34;181;193;41;139;68;117;143;0;9;62;3;178;106;51;159;146;22;18;108;140;93;46;115;59;149;123;154;100;26;1;2;129;40;165;90;81;16;171;175;113;31;196;179;57;92;78;145;55;52;185;14;144;102;49;53;180,2125248475744787308,0.090593
greedy_intra:nodes_start:random,66,87478,38226,49252,897720,482,185;40;119;165;90;81;196;78;120;75;154;151;46;108;18;22;146;34;160;43;152;55;52;178;14;144;114;23;118;116;115;117;93;140;68;139;41;193;159;181;42;186;15;102;49;57;92;129;82;44;25;16;171;175;113;31;145;179;89;183;143;0;124;121;100;26;86;53;180;79;80;176;148;9;62;167;2;101;1;97;189;94;122;63;133;162;184;84;112;127;70;135;123;149;131;65;59;51;137;106,6802975287968660942,0.093056
greedy_intra:nodes_start:random,67,86782,37864,48918,662770,448,57;52;178;106;185;119;40;179;145;31;56;113;175;171;16;86;154;135;127;123;118;109;62;144;14;196;81;90;165;138;3;167;1;101;97;53;180;162;149;42;41;193;115;139;68;117;143;0;51;176;148;9;102;49;55;92;78;82;2;124;89;183;108;18;22;159;46;137;23;186;114;15;26;100;121;79;80;94;120;25;44;75;70;112;184;10;177;54;48;34;160;43;116;65;59;151;133;63;152;129,303645118074066639,0.082868
greedy_intra:nodes_start:random,68,86829,37865,48964,911239,455,34;54;177;10;4;70;120;25;44;75;101;180;115;41;193;159;18;108;46;118;51;79;63;121;97;152;167;124;94;189;19;26;100;86;53;154;135;127;112;84;160;181;42;43;137;89;183;143;117;93;139;184;35;123;1;82;78;31;113;175;171;16;145;92;57;14;144;9;148;176;80;133;162;149;131;65;116;59;151;122;2;129;196;81;90;165;55;52;185;40;119;106;178;49;62;186;23;0;68;22,1294585773730152868,0.092785
greedy_intra:nodes_start:random,69,88481,39850,48631,841852,494,135;70;154;180;133;79;122;63;94;124;148;62;9;144;14;138;49;3;178;106;179;57;55;52;102;15;176;127;123;162;151;80;16;171;175;113;56;31;78;25;75;86;100;26;101;1;97;121;53;112;84;35;43;42;181;159;193;41;139;90;81;196;51;59;65;47;116;115;0;183;89;23;152;2;120;44;129;92;145;185;40;165;137;108;18;22;34;160;54;177;184;131;149;140;93;117;143;68;46;118,8122974672460400304,0.091836
greedy_intra:nodes_start:random,70,88850,39826,49024,509214,410,68;183;137;51;149;131;65;116;59;23;186;144;14;62;9;148;133;162;123;127;135;158;53;121;80;176;108;18;22;146;181;42;5;139;198;115;43;160;184;171;175;113;31;82;129;92;145;78;16;25;44;120;2;75;101;86;70;112;177;54;34;159;140;93;117;143;0;46;118;151;154;180;63;79;122;94;124;167;165;90;81;196;179;57;40;185;106;52;55;1;100;26;97;152;178;3;49;15;41;193,924054142327691377,0.076541
greedy_intra:nodes_start:random,71,87887,37939,49948,979150,491,123;127;135;154;180;158;53;121;100;26;86;70;112;184;131;149;162;133;151;65;108;18;193;139;46;23;186;144;14;138;49;102;15;137;118;51;167;57;196;81;90;165;114;89;183;143;0;117;41;34;160;43;116;148;185;40;119;106;178;62;9;55;52;179;157;31;16;171;175;113;56;78;145;92;129;82;2;101;1;97;94;122;80;176;124;152;120;25;44;75;63;79;59;115;5;159;22;146;181;42,740364113704479365,0.104069
greedy_intra:nodes_start:random,72,86057,37419,48638,1148146,517,112;84;35;123;162;151;80;167;185;165;27;90;81;196;40;179;129;2;26;53;79;51;118;115;46;68;117;93;108;18;193;41;139;0;143;183;9;57;92;16;171;175;113;56;31;78;145;82;1;101;86;75;120;44;25;55;52;106;178;3;152;97;180;154;70;177;54;184;131;176;49;14;144;62;59;65;47;116;43;5;42;160;48;34;146;22;181;149;133;63;94;148;15;114;186;89;23;137;135;127,6011140540254571445,0.110337
greedy_intra:nodes_start:random,73,83312,32651,50661,845541,459,34;54;184;149;162;80;176;0;143;117;18;22;193;41;181;42;43;116;115;46;183;89;23;137;94;189;121;154;135;127;123;59;118;51;124;167;57;179;196;81;90;27;165;8;185;178;3;14;144;186;68;139;133;180;53;86;75;101;1;100;26;97;152;2;120;44;78;145;55;52;106;138;21;7;164;95;39;119;40;157;31;56;113;175;171;16;25;82;129;92;49;102;62;9;148;63;79;151;65;160,4990798479129763554,0.093437
greedy_intra:nodes_start:random,74,85477,36689,48788,1085781,504,108;18;22;159;139;68;46;0;143;183;114;144;3;178;106;52;55;57;179;145;78;92;101;86;75;120;44;82;129;124;94;122;63;1;2;25;16;171;175;113;31;9;15;186;23;137;176;80;79;180;158;154;112;177;54;160;34;181;165;27;90;81;196;40;185;138;14;49;102;62;51;43;184;123;127;70;135;115;193;41;42;116;65;131;149;59;118;151;162;133;53;121;100;26;97;152;167;148;89;117,8716273466375357451,0.104187
greedy_intra:nodes_start:random,75,83921,34611,49310,1162127,500,152;94;122;63;79;133;151;162;149;131;65;116;59;46;68;117;143;0;153;183;89;186;23;137;80;51;118;115;139;41;193;159;18;22;34;54;10;190;177;35;123;176;124;167;55;52;106;102;9;62;144;14;178;3;49;37;148;180;135;154;53;82;78;31;113;175;171;16;75;101;2;129;92;179;196;81;145;86;70;127;112;4;84;184;160;42;43;57;185;40;119;90;165;97;26;100;1;44;25;120,7577315239214211968,0.104561
greedy_intra:nodes_start:random,76,83491,34097,49394,907202,481,179;52;106;185;40;119;165;90;27;164;144;102;49;14;178;92;129;57;55;62;114;89;183;143;117;0;51;176;80;123;112;4;10;177;34;181;193;41;139;108;18;22;159;5;79;122;63;94;124;167;148;37;9;15;186;23;137;46;68;115;118;72;162;127;70;135;154;86;75;44;120;2;101;26;100;121;133;151;59;116;42;160;184;43;65;131;149;180;53;25;113;175;171;16;1;97;152;78;31;145,7669859347477483009,0.103784
greedy_intra:nodes_start:random,77,86605,37364,49241,853388,437,1;55;52;106;178;183;93;108;18;68;46;80;79;133;151;72;59;118;109;51;176;124;148;9;62;144;14;49;167;94;63;162;123;43;42;159;22;146;34;160;181;117;143;0;116;65;47;149;131;35;84;112;127;135;194;184;54;177;10;190;4;70;16;171;175;113;56;31;196;81;90;165;119;40;185;15;137;139;193;41;115;145;78;25;44;120;75;86;53;154;180;100;26;97;152;57;92;129;2;101,632193948406715315,0.089648
greedy_intra:nodes_start:random,78,87065,38326,48739,756627,459,154;158;53;180;151;118;115;46;68;143;183;89;23;43;5;42;181;22;159;139;140;93;117;0;137;176;80;133;79;122;63;100;26;97;1;152;2;120;78;56;31;145;92;129;57;167;51;59;116;65;149;162;55;52;185;40;119;165;14;144;62;184;54;177;160;34;18;108;69;193;41;186;15;90;81;113;175;171;16;25;44;75;86;101;94;124;148;9;102;49;3;178;106;123;84;4;112;127;70;135,1194211845209714582,0.089468
greedy_intra:nodes_start:random,79,84733,35705,49028,765377,467,1;2;57;90;165;55;97;53;180;133;151;51;118;115;108;18;22;159;193;139;41;160;181;195;146;34;54;184;84;35;47;65;131;149;162;154;135;70;127;112;123;59;46;0;143;137;152;120;44;25;82;129;185;40;119;52;94;79;80;176;23;186;9;62;178;106;179;16;171;175;113;81;196;157;56;31;78;145;92;167;148;102;49;14;144;89;183;117;93;68;5;42;43;116;63;100;26;86;75;101,4924249024277370753,0.089533
greedy_intra:nodes_start:random,80,85139,36044,49095,877124,463,78;152;151;59;118;0;117;68;139;193;41;115;46;137;62;9;148;121;53;154;180;133;135;70;127;123;112;184;42;43;167;196;81;90;165;138;14;144;186;23;89;183;143;159;181;160;177;54;34;103;146;22;18;108;93;176;80;79;122;63;189;94;124;129;92;179;40;119;185;3;49;102;51;116;65;131;149;162;100;26;86;75;101;97;1;2;120;44;16;171;175;113;56;31;106;178;52;55;57;145,3228942363700396750,0.093505
greedy_intra:nodes_start:random,81,87489,39384,48105,1023811,467,180;53;100;26;121;63;133;151;79;94;124;55;179;196;185;40;90;164;21;144;51;118;59;181;22;34;43;65;116;41;193;159;139;115;162;86;101;75;44;16;171;175;113;56;31;82;2;70;127;123;149;131;18;108;140;93;117;143;14;138;165;49;102;89;183;137;176;80;97;1;152;167;148;23;186;114;15;9;62;178;106;129;120;25;78;145;92;57;52;0;46;42;160;54;177;184;84;112;135;154,957226417442248200,0.100869
greedy_intra:nodes_start:random,82,87165,38439,48726,773201,426,22;146;181;42;43;116;149;131;184;54;177;4;112;127;123;162;0;117;183;89;186;57;145;78;16;171;25;101;121;53;86;75;44;120;122;79;80;118;59;115;46;137;62;9;148;133;151;48;34;160;65;51;176;178;106;138;14;49;102;167;152;97;26;100;94;124;52;55;2;1;63;180;135;70;154;129;92;179;196;31;175;113;81;40;119;185;165;90;27;164;144;15;23;143;93;68;139;41;193;159,2359757049866733013,0.091287
greedy_intra:nodes_start:random,83,91827,41932,49895,688061,408,3;178;106;152;1;2;82;78;145;179;52;55;97;26;101;75;16;171;31;157;92;57;186;89;183;23;137;80;122;121;100;53;63;79;133;112;177;54;160;181;159;193;41;115;118;124;185;196;81;56;113;175;86;180;154;135;127;123;46;117;143;167;129;25;44;120;94;151;139;18;22;34;184;43;65;131;149;162;14;138;165;90;119;40;144;62;9;37;148;176;51;59;116;42;5;68;0;15;102;49,4368825810051561562,0.078457
greedy_intra:nodes_start:random,84,89911,40529,49382,738537,437,140;46;115;72;151;129;92;145;179;196;81;90;40;52;167;124;162;149;131;65;59;118;51;94;1;44;120;2;152;137;183;89;148;106;185;165;14;144;62;9;102;49;178;55;101;86;53;123;54;177;10;4;75;25;16;171;175;113;56;31;78;57;176;109;41;5;42;184;112;127;70;100;26;97;63;79;80;133;180;158;154;135;160;34;22;18;108;68;139;193;159;181;43;47;116;0;170;143;117;93,5919473835226267239,0.078826
greedy_intra:nodes_start:random,85,84294,35420,48874,812689,453,23;41;193;181;48;177;54;34;146;22;15;14;138;119;40;185;167;80;51;109;118;59;116;43;115;139;68;140;93;117;0;46;160;184;112;127;135;133;63;100;86;101;75;44;16;171;175;113;31;145;78;25;120;152;124;89;183;143;108;69;18;159;42;65;131;149;123;162;151;176;137;148;9;62;49;3;178;106;52;55;57;92;129;2;1;97;26;53;158;154;180;79;94;179;196;81;90;165;144;186,986736795727482843,0.091545
greedy_intra:nodes_start:random,86,89236,40653,48583,683800,454,2;1;26;135;149;43;116;151;124;167;106;178;3;148;15;186;137;94;97;152;102;49;57;129;101;86;70;127;35;184;160;41;193;22;18;117;0;80;79;133;162;123;112;4;177;54;48;34;181;42;65;59;51;176;40;185;52;55;179;145;78;31;56;175;113;81;90;164;21;144;62;9;23;89;143;183;14;138;165;196;92;82;53;180;154;118;46;68;139;198;115;63;121;100;75;16;171;25;44;120,5159345518635720034,0.079935
greedy_intra:nodes_start:random,87,89728,39019,50709,925637,500,37;148;124;158;154;135;70;127;149;115;46;139;41;193;22;34;160;43;151;92;179;90;164;21;183;89;114;102;178;106;52;55;185;14;144;15;186;23;137;167;57;49;62;9;122;133;123;112;4;177;54;184;35;131;59;118;0;117;170;143;165;40;81;196;145;78;82;129;94;80;176;51;5;42;116;65;162;180;86;75;101;97;26;189;63;79;53;121;100;25;31;113;175;171;16;44;120;2;1;152,4923807436611295545,0.098906
greedy_intra:nodes_start:random,88,89091,38162,50929,654328,412,40;81;196;145;179;137;42;160;48;184;135;53;100;26;101;86;123;84;177;10;190;4;112;75;44;31;56;113;175;171;16;79;59;118;51;176;80;97;1;124;148;37;15;144;14;102;62;89;183;143;0;139;18;22;146;159;41;193;181;34;30;54;35;127;70;154;158;180;133;151;162;149;65;116;43;115;46;9;49;178;78;25;152;94;122;63;136;182;121;2;120;129;92;57;55;52;3;106;185;165,2168818529736035062,0.079531
greedy_intra:nodes_start:random,89,89324,39980,49344,769426,416,43;42;160;54;177;4;135;53;100;26;23;183;89;57;92;78;175;113;31;196;179;145;25;44;120;129;2;152;137;143;170;117;0;144;90;81;171;16;75;115;41;193;159;18;22;34;181;5;65;131;149;123;194;154;180;79;80;148;9;62;102;49;3;106;178;124;94;133;151;162;35;184;84;112;127;70;86;101;1;97;121;63;122;186;15;14;165;40;185;52;55;167;176;46;68;139;118;51;59;116,1667259415985537752,0.082579
greedy_intra:nodes_start:random,90,85232,35538,49694,820702,470,123;112;34;146;22;18;143;21;164;90;81;40;119;165;102;15;186;23;114;144;14;138;106;52;92;25;44;16;171;175;113;31;196;185;178;3;49;62;9;148;152;1;101;86;75;2;129;57;55;167;111;124;94;189;63;122;176;137;51;118;59;42;181;160;54;177;184;35;131;149;65;116;41;193;43;127;70;135;120;78;145;179;89;183;0;46;139;115;151;154;180;53;100;26;97;121;80;79;133;162,669267633989467406,0.090953
greedy_intra:nodes_start:random,91,95138,45701,49437,745982,455,94;167;49;102;144;148;124;1;101;75;86;158;154;135;180;53;100;185;40;119;106;178;146;22;18;108;68;139;115;198;46;15;14;165;90;81;16;25;44;120;112;177;54;149;176;9;62;179;145;78;2;97;79;193;159;41;116;65;47;137;186;114;83;183;143;117;0;89;23;80;133;70;127;123;162;151;59;118;51;152;171;175;113;31;196;52;55;57;92;129;26;35;184;160;34;181;42;43;131;63,4066483099814626797,0.142927
greedy_intra:nodes_start:random,92,84986,34807,50179,769071,454,165;40;185;52;55;124;94;189;152;2;120;25;113;175;171;16;44;162;43;42;160;54;177;10;190;184;84;112;127;135;154;133;46;68;93;117;144;102;49;57;129;82;92;179;145;78;31;196;81;90;106;178;3;37;148;9;62;15;183;143;0;139;65;116;59;151;63;97;1;101;75;86;70;123;149;34;146;22;193;41;115;118;51;137;23;89;186;176;80;79;180;158;53;121;100;26;167;14;138;39,3908661879631623143,0.081208
greedy_intra:nodes_start:random,93,82732,34061,48671,1229391,550,118;51;151;162;149;131;35;112;123;133;94;148;102;62;9;15;186;23;137;143;0;159;146;195;193;41;42;184;10;177;54;22;18;108;117;183;185;40;196;145;179;55;52;106;178;49;144;14;138;165;27;90;81;157;92;57;129;152;2;82;120;44;25;16;171;175;113;31;78;75;86;121;53;180;154;135;70;127;115;46;68;139;181;34;48;160;43;59;97;1;101;26;100;189;63;79;80;176;65;116,554377239940952862,0.111672
greedy_intra:nodes_start:random,94,85263,34164,51099,862167,445,25;196;81;90;165;57;92;145;179;40;119;185;55;52;106;49;102;62;114;186;115;41;159;22;18;193;139;46;151;121;26;1;97;122;80;124;148;9;144;14;138;3;178;152;189;63;79;133;162;135;154;180;94;23;89;183;137;176;51;109;118;59;65;47;116;68;117;143;0;15;37;167;2;129;82;78;31;113;175;171;16;75;86;53;149;43;42;181;34;160;184;112;123;127;70;158;100;101;120;44,4681308375461735634,0.088432
greedy_intra:nodes_start:random,95,89350,40256,49094,671177,432,122;63;180;154;135;70;127;123;149;65;43;116;151;79;124;167;55;52;196;81;31;113;175;171;94;118;42;160;181;115;23;186;114;89;183;143;0;137;148;57;92;145;179;40;119;90;39;14;144;117;93;108;18;22;193;41;34;54;177;112;75;78;16;25;44;120;129;2;152;121;136;158;53;100;26;86;101;1;97;133;162;35;184;59;176;9;62;102;138;165;185;106;178;49;15;68;139;46;51;80,7058336076308236654,0.080407
greedy_intra:nodes_start:random,96,87923,39110,48813,759271,443,177;4;112;53;121;167;49;102;186;23;100;26;97;1;101;2;129;178;106;185;40;196;175;171;16;25;44;120;152;108;18;159;193;41;139;115;59;118;51;151;133;194;135;154;180;79;176;137;89;0;46;181;146;22;68;117;143;183;114;15;148;80;162;131;149;65;116;5;42;43;123;127;70;158;86;75;92;57;55;52;165;90;81;113;56;31;78;145;94;63;122;124;14;144;62;9;184;160;34;54,915567834627247399,0.086457
greedy_intra:nodes_start:random,97,88877,40569,48308,651717,415,59;51;151;133;79;9;144;21;39;165;119;40;129;75;86;63;80;176;0;183;89;186;15;62;178;185;179;145;92;167;148;37;102;49;14;138;106;52;55;57;2;1;101;26;46;68;140;108;18;22;159;139;117;143;7;164;90;81;196;78;31;113;175;171;16;25;44;120;124;23;137;115;193;41;116;123;70;127;112;184;42;5;118;94;152;97;100;53;181;34;54;160;43;65;162;180;154;135;149;131,481578407947254935,0.074714
greedy_intra:nodes_start:random,98,87146,37570,49576,973767,456,4;84;184;160;34;22;18;108;140;68;46;116;43;47;65;59;118;5;181;42;131;149;120;175;113;56;31;78;145;92;129;2;26;100;121;53;180;151;51;115;41;193;159;139;0;176;80;124;167;49;178;106;52;185;40;119;138;14;144;62;9;15;148;55;44;25;16;171;179;57;63;79;133;162;54;177;10;190;123;86;75;101;1;97;152;189;94;137;23;183;89;186;165;90;81;154;135;70;127;112,1965138087413151773,0.091731
greedy_intra:nodes_start:random,99,85985,35341,50644,941301,467,84;4;112;70;185;40;90;27;165;138;14;144;148;189;121;100;101;1;26;136;162;115;41;193;42;131;123;127;135;154;63;94;124;167;55;57;44;25;120;75;86;180;149;160;48;177;54;30;34;22;139;46;51;176;80;79;122;152;2;129;92;145;78;31;113;175;171;16;52;106;62;89;183;143;0;117;93;140;108;18;69;68;137;9;102;49;178;97;53;158;133;151;118;59;116;65;47;43;184;35,761493520488799309,0.096338
greedy_intra:nodes_start:random,100,83742,35433,48309,868473,481,47;65;59;51;178;106;52;55;57;2;101;1;167;9;62;144;102;49;97;86;26;100;121;151;118;115;139;193;41;116;135;70;154;180;53;80;176;137;23;186;15;14;21;164;165;90;81;113;175;171;16;145;179;185;119;40;196;157;31;78;46;108;18;22;159;68;0;117;143;183;89;148;124;94;152;129;92;25;44;120;75;189;63;122;79;133;162;123;112;184;10;177;54;160;34;181;42;43;131;149,8323081638717199752,0.102309
greedy_intra:nodes_start:random,101,92663,43688,48975,802771,425,144;14;49;167;2;129;145;78;31;56;113;175;171;16;25;75;65;43;184;112;127;133;94;178;3;51;118;198;46;0;153;183;89;114;106;52;55;185;179;196;81;90;165;119;40;116;160;34;54;177;70;135;162;151;59;115;41;193;181;42;131;149;123;154;180;53;86;63;79;68;93;117;143;80;100;26;97;1;152;124;137;23;186;15;102;57;92;44;120;101;108;18;22;159;139;176;148;37;9;62,4614300087486562198,0.085222
greedy_intra:nodes_start:random,102,87001,37485,49516,843318,470,144;14;178;106;2;152;97;63;79;133;151;162;194;135;180;136;94;124;15;186;23;0;46;68;108;18;159;193;41;115;139;93;117;143;183;89;52;179;145;78;40;165;185;25;44;120;82;92;57;55;167;51;118;59;116;65;149;72;176;148;49;62;9;80;131;84;112;4;177;54;184;35;123;129;196;81;31;113;175;171;16;75;86;101;1;26;100;121;53;154;70;127;160;34;146;22;181;42;43;137,6102196279094866838,0.093601
greedy_intra:nodes_start:random,103,86982,36287,50695,837496,465,184;160;181;42;43;115;139;23;186;144;21;90;40;119;165;62;143;117;0;46;118;59;149;131;47;116;65;72;51;176;80;79;63;26;16;171;175;113;31;196;81;185;106;14;49;102;148;152;97;1;2;129;57;55;9;15;89;183;137;151;162;123;84;177;54;48;34;22;159;193;41;100;101;44;25;78;145;179;92;121;180;133;135;154;53;136;182;189;94;124;167;178;52;82;120;75;86;70;127;112,4847845533113051996,0.089320
greedy_intra:nodes_start:random,104,89827,41376,48451,722174,448,79;151;116;43;184;112;127;123;162;133;80;94;97;1;75;120;44;25;78;92;167;23;89;186;15;144;102;176;51;59;149;154;180;135;131;65;139;68;46;137;14;165;90;81;40;179;152;26;53;121;124;148;9;62;183;153;0;143;117;193;159;195;146;22;18;108;69;41;115;118;16;171;113;175;31;145;70;4;190;10;177;54;160;34;181;42;49;178;106;3;185;52;55;57;129;2;101;86;100;63,9050810859774448798,0.084815
greedy_intra:nodes_start:random,105,88623,39008,49615,883003,434,101;75;86;121;182;63;80;176;151;162;149;131;35;184;181;193;41;139;68;0;89;183;143;117;46;51;180;158;53;100;26;152;167;148;9;62;102;185;179;145;78;129;108;18;42;116;59;118;137;15;144;165;90;81;196;40;106;178;3;14;49;52;55;57;92;82;44;120;2;154;112;177;54;43;47;65;25;16;171;175;113;31;115;159;22;146;34;160;123;127;70;135;133;79;122;94;124;189;97;1,4666595040902902199,0.090814
greedy_intra:nodes_start:random,106,85098,34741,50357,806129,486,56;31;145;55;52;178;3;106;185;165;27;90;81;40;138;14;186;89;183;143;0;137;129;57;92;78;25;75;86;26;100;121;154;135;70;149;131;65;116;43;42;5;115;41;193;159;139;46;152;2;44;120;1;97;53;158;112;84;184;177;54;160;34;146;22;18;108;117;23;9;62;144;102;49;63;79;80;59;118;51;176;122;124;148;37;167;94;136;180;127;123;162;72;151;133;101;16;171;175;113,5354227507992931616,0.091254
greedy_intra:nodes_start:random,107,81091,31817,49274,953757,473,186;117;18;22;34;160;54;177;10;190;84;184;42;41;193;159;181;4;112;127;70;158;53;133;115;139;5;43;116;46;0;143;183;89;23;137;176;151;123;35;131;149;65;59;51;80;124;152;101;86;100;26;97;1;2;129;52;106;178;3;49;138;14;144;102;62;9;148;79;162;194;135;154;180;63;94;121;75;16;171;175;113;56;31;78;25;44;120;57;55;185;40;165;90;81;196;145;92;167;15,1917070672218590542,0.091095
greedy_intra:nodes_start:random,108,84940,34788,50152,818705,466,47;149;162;124;94;63;127;70;135;154;158;180;151;51;93;140;68;139;5;42;137;148;52;185;40;196;145;78;31;56;113;92;57;55;129;2;101;26;100;189;176;59;131;35;84;177;10;4;112;123;133;79;122;80;118;115;96;41;193;159;22;146;181;34;160;54;184;43;116;178;106;165;90;81;175;171;16;25;44;120;75;86;53;121;97;1;152;49;14;144;62;9;186;89;183;143;117;0;46;65,5264218844238916475,0.093704
greedy_intra:nodes_start:random,109,86386,36753,49633,905161,464,139;115;176;80;26;101;1;97;189;94;124;167;3;138;14;144;62;9;102;49;178;106;57;129;70;127;112;177;54;34;68;117;143;183;89;148;92;145;78;25;120;75;86;158;135;123;43;146;22;18;159;42;116;65;162;133;79;63;121;100;152;2;44;16;171;175;113;31;196;81;40;119;186;23;0;46;51;137;15;165;27;90;185;52;55;182;136;53;180;154;151;118;59;149;131;184;160;181;193;41,6552208918071172689,0.091049
greedy_intra:nodes_start:random,110,86847,37445,49402,646173,425,175;171;16;78;145;14;144;102;49;40;119;185;152;154;135;127;123;35;131;149;47;59;176;9;62;3;178;106;165;90;81;196;15;89;183;153;0;143;117;139;193;41;116;65;151;121;26;97;148;186;23;137;118;115;159;181;34;22;18;68;46;51;133;180;53;100;1;120;44;75;70;112;4;84;184;177;54;160;42;43;162;86;101;2;129;92;57;124;94;63;79;80;122;167;52;55;179;31;56;113,4911154109796743750,0.072611
greedy_intra:nodes_start:random,111,88132,39004,49128,815199,486,112;4;177;54;184;94;124;167;106;178;49;9;46;198;139;68;93;117;0;186;144;14;52;55;57;145;56;113;175;171;16;31;78;25;44;120;81;196;179;92;152;26;100;121;53;136;63;79;162;181;159;193;41;115;80;97;1;101;154;70;135;133;180;158;86;75;2;129;40;90;165;185;102;62;51;42;160;34;22;18;108;143;183;89;23;118;59;65;116;43;47;131;149;151;176;137;114;15;148;123,3349960788123995698,0.093261
greedy_intra:nodes_start:random,112,81408,32864,48544,821585,475,133;79;63;97;16;171;175;113;31;78;152;124;137;23;73;21;164;27;90;81;196;179;52;106;178;49;9;62;102;14;144;114;186;15;148;167;129;92;57;55;165;40;185;145;25;86;101;1;2;120;44;75;53;180;121;100;26;94;80;176;151;162;65;116;59;118;51;89;183;115;43;42;41;198;46;0;143;170;117;93;68;139;193;159;18;22;146;181;34;160;184;54;177;4;112;123;127;70;135;154,8592472092598836297,0.088064
greedy_intra:nodes_start:random,113,84731,36376,48355,729417,466,63;121;53;180;135;154;158;100;26;75;16;171;175;113;31;78;129;1;97;152;165;90;164;21;143;117;0;176;80;94;148;9;62;106;52;55;57;92;157;196;81;40;185;179;145;25;44;120;82;2;101;86;70;127;181;159;139;46;68;108;18;22;177;10;190;184;43;116;47;149;131;41;193;115;118;59;151;51;137;183;89;23;186;15;144;102;49;14;3;178;167;79;133;162;65;42;160;34;54;123,8027363168410099393,0.087252
greedy_intra:nodes_start:random,114,87470,38258,49212,686707,429,18;69;108;117;0;51;133;135;70;154;86;75;16;171;175;113;56;185;106;3;49;102;62;144;15;137;176;162;123;149;131;35;184;160;34;54;177;116;23;186;89;46;115;181;146;22;159;193;139;68;143;183;14;138;119;40;152;1;97;26;79;151;65;59;118;80;120;44;57;55;52;9;148;124;122;63;94;167;178;165;90;81;157;31;25;78;145;196;179;92;129;2;101;100;53;180;43;42;5;41,8458644087827376106,0.077893
greedy_intra:nodes_start:random,115,81909,32889,49020,1230947,554,44;120;75;86;100;53;158;154;180;79;80;51;109;115;42;54;177;184;35;43;116;47;65;59;123;127;112;84;131;149;162;133;101;16;171;175;113;31;196;81;90;165;14;49;152;97;26;121;135;70;160;34;181;146;22;159;41;193;18;108;139;46;118;151;63;1;2;129;92;55;52;106;178;3;102;144;114;186;23;89;183;143;117;0;137;176;94;167;185;40;119;62;9;15;148;57;179;145;78;25,3341664739918412533,0.117494
greedy_intra:nodes_start:random,116,87460,36381,51079,760813,461,139;68;46;162;135;158;53;100;86;101;1;152;167;15;114;144;165;90;164;7;21;133;151;59;42;181;22;146;103;34;160;54;184;43;116;65;149;123;127;70;178;3;14;49;102;62;9;180;154;79;122;63;2;78;113;56;31;145;52;55;57;92;179;91;196;81;157;175;171;16;25;44;120;75;121;80;176;51;0;143;183;89;186;23;137;148;124;94;26;97;129;40;119;185;106;118;115;41;159;193,1659246201912629702,0.095548
greedy_intra:nodes_start:random,117,87540,38102,49438,778158,435,62;9;15;186;89;183;114;49;138;165;185;55;57;97;26;101;1;2;129;82;25;16;44;152;124;167;178;106;52;31;171;175;113;81;90;119;40;14;144;117;108;18;22;159;116;133;94;12;23;143;0;115;43;42;34;54;177;70;86;75;120;78;145;179;92;123;35;84;4;112;127;135;154;180;158;53;121;100;189;63;79;80;176;51;118;59;151;162;149;65;184;160;181;193;41;139;46;137;148;102,7992991776392252131,0.080826
greedy_intra:nodes_start:random,118,88396,40217,48179,1007902,545,139;68;0;183;89;23;122;63;79;151;59;116;65;180;53;94;124;167;148;137;51;131;149;162;133;57;55;52;49;102;62;144;14;178;106;185;40;196;179;145;92;129;100;121;159;22;18;108;117;143;114;15;186;46;181;34;54;177;10;4;112;127;70;86;26;97;2;120;78;31;113;175;171;16;25;44;75;101;1;152;82;81;90;165;138;9;43;160;42;115;118;176;80;154;135;123;35;184;41;193,8677829760837790279,0.106104
greedy_intra:nodes_start:random,119,89081,41073,48008,819258,439,176;80;79;133;151;149;131;181;22;146;34;54;177;4;127;129;92;145;78;86;53;154;70;135;63;167;49;102;9;62;144;14;138;3;106;165;40;185;196;113;31;179;52;178;148;139;159;193;41;115;59;118;137;186;15;21;90;81;175;171;16;75;180;162;65;116;43;42;160;184;112;123;122;94;124;23;89;183;117;93;140;108;18;69;68;46;51;2;120;44;57;55;152;1;101;97;26;100;143;0,102145118207956222,0.090780
greedy_intra:nodes_start:random,120,85283,36377,48906,815315,434,151;149;131;43;160;54;177;184;112;123;127;70;167;49;102;148;118;115;18;108;140;93;0;94;97;1;129;57;55;52;185;40;119;165;90;81;196;157;56;31;25;120;86;135;162;65;116;59;109;51;183;89;79;180;154;53;100;26;121;63;5;42;34;146;22;159;193;41;139;46;68;117;143;124;152;82;145;78;113;175;171;16;44;75;101;2;92;179;106;178;14;144;62;9;186;23;137;176;80;133,8339058305389935535,0.084944
greedy_intra:nodes_start:random,121,81658,33686,47972,780480,446,108;140;93;117;0;51;176;94;97;1;152;129;92;57;179;196;81;90;27;39;165;120;44;25;78;145;55;167;9;102;49;3;178;106;52;2;75;86;70;135;154;180;53;100;101;16;171;175;113;31;26;121;63;43;42;160;34;54;184;177;4;112;127;123;162;133;79;80;151;149;131;65;116;59;118;46;139;159;193;41;137;148;185;40;14;144;62;15;186;23;89;183;143;68;115;5;181;146;22;18,7444593463891199852,0.085997
greedy_intra:nodes_start:random,122,92472,43656,48816,670211,438,93;117;143;0;46;184;54;177;112;123;167;3;178;106;57;145;31;56;113;175;171;86;53;133;151;131;149;162;154;180;124;148;9;62;139;18;22;146;159;193;25;16;78;92;129;152;26;100;63;43;160;34;181;42;59;118;51;137;23;186;49;185;196;81;90;40;119;165;102;15;89;183;144;14;138;52;55;121;135;70;127;65;116;41;115;79;122;94;97;1;2;82;44;120;75;101;80;176;68;140,7385309645988495318,0.083171
greedy_intra:nodes_start:random,123,84640,35957,48683,672827,430,145;196;81;90;165;119;40;185;78;25;44;120;167;9;62;102;52;55;92;82;1;97;101;2;129;57;148;15;186;23;118;59;54;177;10;184;35;154;158;53;136;180;162;65;116;43;42;181;160;34;146;41;115;193;18;22;159;5;131;149;133;79;63;135;70;127;112;4;123;151;51;80;176;137;89;183;143;0;117;93;68;139;46;94;16;171;175;113;31;14;144;49;178;106;152;121;100;26;86;75,7889021551926931550,0.084715
greedy_intra:nodes_start:random,124,92175,43459,48716,559361,397,160;34;54;177;123;63;94;124;57;196;157;56;113;31;78;145;179;138;14;144;167;152;97;1;148;37;102;49;3;178;2;75;86;100;137;23;186;114;21;164;90;81;129;121;79;59;65;116;43;115;139;42;184;112;127;70;16;171;175;15;183;89;120;44;25;92;52;106;55;101;26;53;180;133;151;162;135;154;185;40;119;165;39;62;9;80;176;51;118;41;193;159;146;22;18;108;117;143;0;46,7594983030907997774,0.070430
greedy_intra:nodes_start:random,125,83750,35042,48708,697411,438,180;63;79;186;23;137;80;121;100;26;2;49;14;165;90;40;106;178;15;89;183;143;0;46;51;176;148;102;144;62;9;152;97;1;101;75;86;53;135;70;4;190;10;54;146;22;195;181;34;160;184;177;84;112;127;123;149;131;65;115;68;139;41;5;42;43;47;116;193;159;199;18;69;108;93;117;129;120;44;25;145;78;16;31;171;175;113;196;185;92;57;55;52;94;133;151;118;59;162;154,4616419747012903982,0.079735
greedy_intra:nodes_start:random,126,87406,37961,49445,633694,431,185;196;175;171;16;25;92;145;78;31;56;113;81;90;27;165;119;40;179;57;129;75;86;101;55;52;106;178;49;9;46;115;42;160;177;54;34;22;146;162;180;100;26;1;97;189;121;63;79;80;176;133;151;149;131;123;135;152;167;62;148;124;53;158;136;94;183;143;0;117;108;18;69;68;139;159;181;184;84;112;127;70;154;44;120;2;193;41;43;116;65;59;118;109;51;137;23;186;144;14,2730359384739753265,0.079449
greedy_intra:nodes_start:random,127,84667,36584,48083,1579514,534,171;16;78;25;44;120;75;154;162;65;116;59;51;79;63;121;86;101;1;26;100;80;46;68;146;22;140;93;117;143;183;114;144;14;138;106;178;62;23;69;18;108;0;89;102;49;167;53;180;149;43;181;34;54;177;112;127;70;135;133;118;115;139;159;193;41;5;42;160;184;35;123;151;176;137;186;15;9;148;124;94;97;152;2;129;57;55;52;92;145;81;90;165;40;185;196;31;56;113;175,5867057615462989006,0.118540
greedy_intra:nodes_start:random,128,89182,40518,48664,705551,461,149;131;47;65;116;59;118;51;176;80;167;178;106;185;196;81;40;119;165;14;62;9;37;148;97;75;16;171;175;113;31;129;2;152;124;94;63;79;133;151;72;115;46;183;89;186;15;49;52;55;1;101;86;181;159;193;41;144;21;164;90;145;78;25;44;120;92;57;23;143;108;18;22;34;135;154;180;77;43;42;5;139;68;117;0;137;26;53;70;127;112;4;177;54;160;184;84;35;123;162,1283376728565878345,0.085804
greedy_intra:nodes_start:random,129,95232,46763,48469,767304,446,94;124;185;40;138;14;144;143;0;18;34;177;10;190;4;179;196;81;90;165;49;15;114;183;89;23;186;92;25;44;75;160;48;54;184;131;162;53;86;101;129;57;55;52;106;178;167;180;70;112;84;35;115;139;68;46;51;121;26;100;158;154;135;127;123;149;59;118;151;79;63;97;1;120;16;171;2;152;133;43;42;181;41;193;159;22;146;116;65;137;148;145;31;113;175;78;62;9;176;80,3511644928094448366,0.087377
greedy_intra:nodes_start:random,130,84875,34200,50675,1099891,475,100;26;189;121;135;127;123;149;65;116;59;137;23;186;114;136;53;158;154;180;133;51;118;115;46;139;41;193;22;146;34;160;54;177;10;184;181;42;43;2;129;92;31;113;175;171;16;75;70;112;4;84;162;151;176;80;79;122;63;94;124;148;37;9;62;49;165;90;81;196;144;0;117;143;183;89;15;167;120;44;25;78;145;179;138;14;3;52;55;57;185;40;119;106;178;152;97;1;101;86,4021647717173343424,0.101369
greedy_intra:nodes_start:random,131,87882,39124,48758,719599,464,137;118;59;115;41;42;184;54;160;34;181;146;22;139;46;176;52;185;165;14;144;51;65;116;43;149;129;92;82;97;53;158;154;70;112;4;127;135;180;121;152;106;178;49;102;143;117;93;140;108;18;159;193;68;0;183;89;15;9;62;124;94;26;100;63;122;79;133;123;162;151;80;167;55;57;179;145;120;75;86;101;1;2;44;25;31;157;196;40;90;81;56;113;175;171;16;78;148;186;23,7534547803223487279,0.088146
greedy_intra:nodes_start:random,132,89512,37579,51933,984670,484,102;62;9;92;129;53;154;135;127;181;22;34;160;54;184;42;43;47;131;149;59;118;51;176;80;94;82;25;16;171;175;113;31;78;121;182;189;167;106;178;3;49;63;123;35;84;112;70;86;145;157;196;179;52;55;57;26;100;180;151;115;41;193;159;139;143;0;46;116;65;162;133;79;122;124;148;37;152;97;1;101;75;120;44;2;137;23;183;89;186;15;144;14;185;119;40;81;90;165;138,8076349133926831668,0.099601
greedy_intra:nodes_start:random,133,88456,39032,49424,696442,446,185;40;119;90;27;165;80;151;59;116;65;162;94;178;106;52;55;15;183;89;23;186;148;167;16;171;175;113;81;196;179;149;184;160;34;181;42;41;139;68;117;143;170;0;153;137;176;51;46;18;22;54;177;4;112;35;43;159;193;115;118;124;57;145;78;56;31;25;44;70;127;123;194;135;154;53;75;120;92;129;2;1;101;86;180;133;79;63;121;100;26;97;152;9;62;144;102;49;14;138,1115568676378644246,0.085787
greedy_intra:nodes_start:random,134,88683,38439,50244,566813,445,2;152;94;63;135;70;154;158;53;180;194;123;184;177;54;160;34;181;42;43;65;47;131;149;72;151;133;162;35;84;4;112;127;75;16;171;175;113;31;185;106;49;144;186;89;183;18;22;159;46;167;57;145;78;92;129;79;118;41;193;139;68;117;143;0;176;80;121;100;26;124;148;9;62;137;51;59;116;5;115;23;165;90;81;40;119;138;14;3;178;52;55;1;97;86;101;120;44;25;82,3842503321230012425,0.083110
greedy_intra:nodes_start:random,135,83674,35348,48326,750331,512,176;118;115;108;18;22;146;181;42;43;47;131;149;162;133;63;100;86;101;75;120;44;25;31;113;175;171;16;2;148;89;183;143;117;0;94;152;1;97;26;53;180;154;135;70;127;123;184;160;54;177;10;190;4;112;84;34;195;159;41;193;139;68;46;80;122;79;151;72;59;51;9;62;144;102;49;14;90;165;81;196;179;145;78;92;129;57;55;52;106;186;23;137;116;65;124;167;185;40;178,7772796305284236890,0.096400
greedy_intra:nodes_start:random,136,85025,34768,50257,627539,475,154;158;57;55;52;49;102;144;62;9;148;124;94;152;2;120;16;171;175;113;31;25;44;75;101;1;189;19;167;185;40;106;3;178;145;78;92;129;122;79;63;121;100;26;97;86;53;139;18;22;159;193;41;80;179;196;81;90;27;165;138;14;15;137;176;162;123;184;160;34;54;177;10;190;4;112;35;115;46;117;143;0;23;186;89;183;51;59;149;131;43;42;5;116;65;151;133;135;70;180,1807647936010302862,0.082947
greedy_intra:nodes_start:random,137,86231,36918,49313,997224,470,5;116;65;131;149;123;162;138;165;90;81;40;2;101;1;120;25;171;175;16;78;92;57;186;23;133;135;154;180;53;86;75;44;82;94;122;80;176;51;118;117;0;143;183;89;114;15;148;124;63;79;151;59;115;41;193;159;181;160;48;177;54;34;22;18;69;108;140;68;139;46;137;9;62;49;3;178;106;52;55;185;14;144;102;167;152;97;26;129;145;113;56;31;196;179;100;70;184;43;42,2861362065844940966,0.091227
greedy_intra:nodes_start:random,138,84692,35661,49031,862303,451,54;177;10;184;112;123;127;70;135;154;158;180;162;118;51;92;145;31;113;175;171;16;78;57;55;52;106;178;14;144;102;167;124;189;94;23;89;186;114;15;9;62;49;165;90;183;143;139;22;146;34;181;41;193;159;18;108;140;93;137;148;185;40;196;25;44;120;75;101;86;26;100;121;53;149;131;47;65;116;59;151;152;129;2;1;97;63;133;79;122;80;176;0;117;46;115;43;42;160;48,9093141856816399433,0.093642
greedy_intra:nodes_start:random,139,90660,39311,51349,732388,446,52;55;145;179;196;81;90;165;119;40;185;106;178;49;124;94;122;80;176;137;89;183;153;0;46;63;97;1;101;26;182;133;162;135;70;154;86;75;44;120;116;43;41;193;159;22;34;181;42;160;184;54;177;112;127;152;92;57;167;12;151;59;118;51;148;102;144;62;9;15;186;23;143;117;68;139;115;25;16;171;175;113;31;78;123;149;65;79;189;100;121;136;180;158;53;2;129;3;14;138,3436288175764377425,0.083526
greedy_intra:nodes_start:random,140,88123,38744,49379,543778,405,80;94;2;129;92;57;167;124;63;151;65;43;116;59;51;137;23;89;186;15;62;9;53;158;180;149;42;181;160;123;127;135;154;100;26;101;75;120;82;78;145;179;185;40;119;165;138;14;21;95;164;7;52;55;196;31;171;16;44;1;97;152;178;106;49;148;79;133;162;177;54;48;34;146;22;159;193;41;184;112;70;86;25;175;113;81;90;27;39;144;118;115;139;46;0;117;143;153;183;176,7674909126669517960,0.075578
greedy_intra:nodes_start:random,141,87244,37496,49748,961611,536,65;47;131;149;176;137;15;62;9;148;124;26;101;86;100;121;63;79;133;151;43;184;160;34;54;177;112;123;127;70;94;167;49;102;114;186;23;118;59;162;135;154;122;80;51;42;181;146;22;159;92;57;185;40;90;165;139;18;108;140;68;46;0;117;170;143;183;89;144;14;3;178;106;52;55;179;145;82;129;152;97;1;2;120;25;78;31;113;175;171;16;44;75;53;158;180;115;193;41;116,2998013516744714788,0.108174
greedy_intra:nodes_start:random,142,87218,38232,48986,830601,461,117;170;0;137;165;90;81;40;62;15;186;89;183;143;93;108;18;159;22;34;160;48;54;184;154;44;16;171;175;80;151;65;47;43;116;59;51;176;148;9;178;106;52;179;92;1;97;53;158;180;63;94;129;57;55;49;102;144;14;138;185;196;56;113;31;2;152;189;121;100;26;86;101;75;120;25;78;145;124;79;123;84;177;10;4;112;127;70;135;133;162;149;42;181;193;41;115;139;68;46,1748066369483340191,0.088217
greedy_intra:nodes_start:random,143,82616,33207,49409,1072367,497,26;100;80;115;46;68;139;41;5;42;43;116;65;162;53;158;180;136;121;189;152;2;120;44;1;97;79;151;72;118;51;137;23;186;15;62;9;167;129;92;57;55;52;185;40;106;178;94;63;154;135;70;127;123;160;34;146;22;181;193;159;18;108;117;0;143;183;89;148;124;133;112;4;10;177;184;59;176;49;144;14;138;165;27;90;81;196;179;145;78;16;171;175;113;56;31;25;75;101;86,7701185284279675835,0.097395
greedy_intra:nodes_start:random,144,82211,32434,49777,830629,493,151;133;158;53;101;26;100;121;182;63;122;152;120;44;16;171;175;113;31;78;25;75;86;70;127;135;154;180;148;15;9;62;102;49;92;145;179;55;52;106;185;40;81;90;27;165;138;3;167;124;94;189;97;1;2;129;57;178;14;144;186;89;183;51;59;116;34;22;18;108;159;181;42;43;47;65;115;46;68;93;140;193;41;139;117;143;0;137;176;80;79;162;123;112;184;177;54;48;160;149,147899939430704228,0.097136
greedy_intra:nodes_start:random,145,91811,42091,49720,708476,438,0;46;80;100;75;120;44;25;82;78;31;56;113;86;158;70;135;154;185;40;14;89;108;18;22;159;117;143;183;144;165;90;81;196;55;1;101;2;129;92;57;152;97;26;180;151;65;131;149;123;162;133;79;63;182;136;53;121;124;15;114;186;23;68;139;193;41;115;118;94;16;171;175;145;179;52;106;178;49;102;116;43;42;181;34;160;54;177;10;190;84;184;59;51;176;148;37;9;62;137,3006344586040596516,0.082353
greedy_intra:nodes_start:random,146,83325,34281,49044,924090,483,160;48;34;22;159;18;108;117;53;121;100;97;1;101;26;180;154;135;162;59;118;46;68;139;96;43;184;54;177;112;123;127;70;2;82;129;92;57;179;145;78;31;16;25;44;120;75;86;133;151;79;148;9;62;102;49;124;94;63;122;80;176;137;23;186;114;89;183;143;0;116;65;131;149;152;171;175;113;196;81;90;165;3;178;106;52;55;185;40;138;14;144;15;51;115;193;41;5;42;181,5739534005689269182,0.099711
greedy_intra:nodes_start:random,147,85531,36593,48938,837559,494,165;40;185;52;167;176;59;116;42;181;159;108;18;22;184;35;65;118;137;23;186;15;9;62;144;14;138;3;178;106;152;97;26;100;180;154;135;43;5;41;193;139;46;51;80;94;124;129;57;55;49;102;160;34;54;177;112;70;53;86;75;120;82;44;25;16;171;175;113;31;78;63;79;133;149;131;123;127;162;151;115;198;68;140;93;117;0;170;143;183;89;148;1;101;2;92;145;196;81;90,275695495720659859,0.104071
greedy_intra:nodes_start:random,148,86569,36535,50034,890217,494,118;80;176;51;79;121;100;26;86;101;1;97;124;0;143;117;108;18;139;68;140;93;46;115;43;160;184;177;54;34;146;22;181;42;137;49;14;102;62;9;114;83;183;89;186;15;148;167;2;120;44;25;78;145;92;129;152;63;133;151;162;154;180;53;75;16;171;175;113;56;31;196;40;165;185;106;3;178;52;55;57;94;149;131;123;127;135;90;164;7;21;144;23;193;41;5;116;47;65;59,7388253598191072500,0.098097
greedy_intra:nodes_start:random,149,84136,33826,50310,1116764,483,181;42;43;115;68;117;143;183;89;137;100;26;86;75;101;1;2;129;52;185;119;40;55;57;92;145;78;94;80;176;139;18;22;193;41;59;118;109;51;151;162;123;149;131;65;116;46;0;23;102;14;138;165;196;81;90;27;164;7;21;144;114;186;15;167;120;44;16;171;175;113;31;25;152;97;53;158;154;70;135;133;79;63;106;178;3;49;62;9;37;148;124;189;121;180;127;112;184;160;34,7416081123915780616,0.104026
greedy_intra:nodes_start:random,150,83444,34999,48445,979533,481,86;75;44;25;120;152;122;80;133;79;63;121;100;26;101;2;55;52;106;178;49;102;148;23;137;46;139;41;193;159;18;22;146;181;84;4;112;127;70;53;129;92;78;113;56;31;145;9;62;185;165;14;144;89;183;143;0;117;93;68;115;5;42;43;116;65;151;162;149;131;59;118;51;176;94;124;167;57;179;40;90;81;196;175;171;16;1;97;180;10;177;54;34;160;184;35;123;135;154;158,4737633665677440442,0.108497
greedy_intra:nodes_start:random,151,83834,33863,49971,754036,465,152;55;52;167;23;89;183;0;176;80;122;79;151;118;198;139;41;181;34;160;48;54;177;4;112;148;9;102;49;178;57;92;129;44;25;145;78;16;171;175;113;31;196;81;40;90;165;185;106;138;14;144;62;15;186;137;51;116;65;47;184;35;149;162;63;180;53;154;135;70;127;123;131;43;42;146;22;159;193;115;59;133;121;86;75;120;2;101;1;97;46;68;93;117;170;143;124;94;100;26,1430727999523221465,0.085117
greedy_intra:nodes_start:random,152,87990,39951,48039,747247,435,79;63;2;129;92;78;120;75;86;180;162;149;65;116;137;14;165;185;40;167;94;123;112;4;10;177;34;22;18;143;183;89;186;144;21;164;27;90;81;196;145;57;176;51;46;68;0;117;93;41;193;159;181;160;43;42;5;139;198;115;118;59;151;44;25;16;171;175;113;31;70;127;84;54;48;184;135;154;53;121;124;148;15;9;62;102;49;178;106;52;55;152;97;1;101;26;100;122;80;133,4849539943330969731,0.083264
greedy_intra:nodes_start:random,153,83884,35823,48061,716838,442,117;93;140;68;0;143;183;89;23;137;186;15;49;3;178;80;51;59;116;65;133;2;120;44;175;113;78;145;92;179;90;81;196;31;171;16;25;129;57;55;52;185;40;119;165;106;167;152;121;97;1;101;75;86;70;112;84;184;149;162;100;26;63;79;151;193;159;18;22;146;34;43;123;127;135;154;180;158;53;94;124;9;62;144;14;102;148;176;118;115;41;181;160;54;177;10;190;42;139;46,4285192020176624965,0.088040
greedy_intra:nodes_start:random,154,88313,40261,48052,1009015,492,78;145;92;143;117;139;193;159;181;184;131;149;46;0;183;89;23;186;15;49;178;106;52;55;57;129;101;1;167;9;62;144;14;102;148;137;108;18;22;146;34;160;54;41;115;118;59;116;65;162;124;185;81;90;27;164;39;165;119;40;179;180;112;4;10;177;127;70;86;75;44;16;171;175;113;31;82;97;63;79;80;176;151;133;121;26;100;53;154;135;123;43;42;5;51;94;152;2;120;25,7591848538592935642,0.087026
greedy_intra:nodes_start:random,155,82280,32915,49365,862262,472,86;101;2;129;92;57;55;75;70;127;123;59;46;0;68;139;115;43;116;47;65;151;133;79;124;148;9;62;137;23;186;15;144;14;102;80;176;51;118;5;42;181;34;54;10;177;48;160;184;131;149;162;53;100;26;1;97;121;41;193;159;22;18;108;117;143;153;183;89;49;3;52;185;40;119;106;178;165;27;90;81;196;16;171;175;113;56;31;145;78;25;44;120;152;94;63;180;135;154;158,664878819760350028,0.091043
greedy_intra:nodes_start:random,156,85674,36623,49051,773641,453,97;26;121;180;154;86;16;171;175;113;31;135;70;127;123;65;116;41;193;139;115;46;0;23;89;183;143;117;108;18;159;22;146;34;54;177;4;84;35;149;59;72;151;133;162;43;42;160;181;5;176;148;124;94;80;51;118;184;10;190;112;79;122;63;167;52;55;57;152;1;2;129;92;62;9;15;186;137;136;53;100;101;75;120;44;25;78;145;40;185;14;144;102;49;3;178;106;165;90;81,4624177642695237990,0.084030
greedy_intra:nodes_start:random,157,84603,35576,49027,771996,471,118;59;116;42;181;34;160;48;54;177;10;190;184;123;79;122;80;176;46;108;18;22;159;43;131;149;65;139;68;93;117;0;143;15;196;81;90;27;39;165;185;119;40;145;78;16;171;175;113;31;92;1;151;115;193;41;162;133;63;121;97;152;167;102;144;14;178;3;106;101;86;70;135;94;124;9;62;49;52;55;57;129;2;26;100;53;180;154;158;75;120;44;25;148;186;23;89;183;137;51,4442394628264882532,0.090978
greedy_intra:nodes_start:random,158,91246,41109,50137,550986,390,129;82;120;75;149;131;112;127;70;92;179;196;90;81;113;175;171;16;25;44;2;101;1;97;189;63;94;124;167;178;106;39;165;185;55;52;3;9;62;102;49;40;119;138;14;144;46;139;115;57;145;31;78;68;18;22;146;181;34;160;184;65;51;176;148;15;114;59;116;43;159;193;41;5;42;118;137;23;186;89;183;143;117;0;151;162;123;135;154;86;26;100;121;53;158;180;133;79;80;152,1612004555077166495,0.077213
greedy_intra:nodes_start:random,159,85960,35208,50752,744880,479,62;9;49;3;178;106;165;90;40;185;52;167;124;182;136;53;180;158;86;101;1;2;129;78;145;81;196;179;57;148;46;115;51;176;79;63;121;26;97;152;189;94;80;133;154;135;151;162;127;123;35;84;112;4;184;131;149;65;59;118;116;43;42;41;181;160;177;54;34;22;193;139;68;0;183;89;137;100;75;16;171;175;113;31;102;15;143;117;93;140;23;186;120;44;25;92;55;138;14;144,1930033890796504421,0.087525
greedy_intra:nodes_start:random,160,85179,35333,49846,827111,478,123;149;193;159;18;22;146;181;42;116;65;59;118;115;68;93;117;23;186;137;51;41;139;46;0;143;183;89;176;80;122;94;124;189;63;79;160;34;54;162;151;133;180;120;44;25;82;92;129;101;26;97;1;2;78;157;81;196;179;152;100;53;154;135;70;86;75;16;171;175;113;56;85;31;145;57;55;49;102;37;148;167;52;178;106;185;40;119;90;165;14;144;62;9;15;43;184;177;4;112,5849923655813242892,0.085374
greedy_intra:nodes_start:random,161,87639,39482,48157,692398,441,160;184;162;180;158;154;135;123;131;149;133;121;100;86;75;16;171;175;113;81;196;178;106;145;78;92;57;55;129;2;152;80;59;65;116;42;181;22;159;115;118;97;1;120;31;157;52;148;23;186;15;9;62;102;49;14;144;114;89;183;143;0;117;193;41;34;54;177;10;190;4;112;127;70;53;167;3;165;90;40;185;179;25;44;101;26;63;79;139;18;108;68;46;51;176;137;124;94;151;43,8862390691008769675,0.084976
greedy_intra:nodes_start:random,162,92191,42638,49553,939433,425,196;129;189;63;122;80;46;139;41;96;116;65;82;16;171;175;78;145;179;49;62;9;148;124;94;123;177;54;160;162;133;79;152;57;167;51;118;115;5;42;43;149;131;184;84;112;127;70;86;75;44;113;56;31;25;120;97;151;22;146;34;181;59;55;52;178;106;185;165;14;144;186;0;68;193;159;18;117;143;183;89;23;137;176;135;180;154;158;53;121;100;26;101;1;2;92;40;119;90;81,3410753907510472585,0.084352
greedy_intra:nodes_start:random,163,87898,37794,50104,734421,450,2;1;152;167;57;179;55;52;106;178;14;138;165;185;144;186;23;15;9;62;49;148;118;116;42;159;18;22;146;34;54;160;181;193;68;117;183;89;94;26;100;121;122;176;0;143;137;182;136;53;97;129;196;40;119;90;81;157;31;175;113;56;171;16;25;44;133;112;84;184;43;65;149;123;127;70;135;154;101;78;145;92;124;51;46;139;41;115;59;162;151;80;79;63;180;158;86;75;120;82,1659962321695187389,0.087728
greedy_intra:nodes_start:random,164,91186,41629,49557,862343,488,108;18;22;34;184;35;123;167;185;40;196;179;124;51;46;115;139;68;117;143;183;89;145;31;113;175;171;16;70;127;112;4;10;177;54;160;181;159;193;41;118;151;133;180;154;135;43;42;116;162;53;86;75;2;129;57;55;52;49;114;186;15;9;62;144;102;148;137;176;80;94;92;78;25;44;120;1;97;26;121;182;189;152;74;101;100;63;79;59;65;131;149;3;178;106;165;90;14;23;0,6974450299795768716,0.090998
greedy_intra:nodes_start:random,165,84950,35347,49603,825925,476,165;144;183;143;153;89;114;62;9;133;162;131;35;184;160;34;54;177;112;127;70;154;135;123;149;47;65;59;118;51;176;80;94;124;167;57;129;92;78;25;44;120;82;2;75;101;86;100;53;180;79;122;63;121;26;97;1;152;148;15;186;23;0;117;108;18;22;159;193;139;46;178;52;55;179;31;16;171;175;113;56;81;196;145;151;116;43;42;41;115;137;49;14;138;106;185;40;90;27;39,4751247289140831472,0.091120
greedy_intra:nodes_start:random,166,89070,39931,49139,1191359,478,34;160;184;59;148;138;90;81;196;152;180;154;135;70;53;100;26;121;65;43;116;115;0;153;183;89;23;124;94;189;97;1;86;101;75;2;120;16;171;175;113;31;127;112;4;177;54;123;162;133;151;149;131;47;42;5;41;193;159;22;139;14;165;40;185;52;55;57;129;44;25;78;145;92;167;114;186;143;117;108;18;68;46;137;15;9;62;144;102;49;3;178;106;63;79;80;176;51;118;181,4750006876423323664,0.098140
greedy_intra:nodes_start:random,167,82551,33697,48854,1056066,527,112;70;75;31;113;175;171;16;44;2;129;57;185;40;14;102;62;9;15;186;23;137;80;122;180;154;53;86;26;100;63;79;151;65;116;43;160;48;177;54;34;103;146;22;18;108;68;46;139;41;193;159;181;42;5;131;149;123;127;135;101;1;52;55;167;176;51;109;118;59;115;0;117;143;183;89;114;144;165;90;81;196;106;178;3;49;148;124;94;152;92;145;78;25;120;97;133;162;184;84,1243715812196837927,0.101417
greedy_intra:nodes_start:random,168,89593,40042,49551,851931,459,149;162;133;86;75;16;171;175;113;56;31;121;136;135;123;42;5;139;117;143;0;118;59;72;79;63;122;80;176;51;116;65;131;35;84;4;112;127;70;154;180;158;53;100;26;97;55;52;185;165;14;89;183;181;34;160;43;151;94;152;129;179;196;81;90;119;40;92;82;25;44;120;2;101;1;124;137;46;193;41;115;148;57;78;145;106;178;49;144;62;9;108;18;159;22;146;54;177;10;184,2033551278509971704,0.102458
greedy_intra:nodes_start:random,169,88071,38537,49534,900403,446,113;25;101;100;133;162;123;112;127;70;135;154;53;26;2;129;92;55;49;102;37;148;176;59;116;43;65;151;79;63;94;52;185;165;138;14;144;62;15;186;23;108;18;22;34;160;54;177;184;131;149;180;86;75;120;78;145;179;57;167;124;115;41;193;139;68;117;143;183;89;9;178;106;152;1;97;189;137;0;46;159;181;42;5;118;51;80;121;44;16;171;175;81;90;40;196;157;31;85;56,6812342306534729901,0.087018
greedy_intra:nodes_start:random,170,87671,37780,49891,808911,472,100;123;112;184;149;65;116;118;137;186;23;139;146;22;18;68;46;55;179;145;78;25;44;52;178;3;106;185;40;165;90;81;196;57;94;122;80;79;63;121;26;97;152;1;101;86;75;120;31;56;113;175;171;16;92;0;117;143;183;89;15;37;167;111;124;189;53;158;180;154;135;70;127;162;151;176;148;102;49;14;144;62;9;51;43;42;160;177;54;34;181;159;193;41;115;59;133;82;129;2,2444590154380795813,0.095541
greedy_intra:nodes_start:random,171,86001,34618,51383,864655,475,151;109;137;23;89;41;193;139;68;117;143;183;0;46;65;116;115;69;108;18;199;159;22;146;34;54;48;160;42;43;59;118;51;144;14;49;102;127;123;184;177;4;112;131;149;162;133;79;63;94;124;55;52;106;178;62;9;15;186;176;135;70;154;180;53;136;182;121;97;78;16;171;175;113;31;145;167;148;152;129;92;57;185;165;40;179;82;2;1;101;75;120;25;44;86;100;26;189;122;80,2832598652693939675,0.088414
greedy_intra:nodes_start:random,172,83421,34460,48961,721771,429,167;176;80;79;122;63;180;154;151;51;68;139;34;54;177;10;184;131;149;162;133;94;152;1;101;75;86;70;127;112;35;43;116;65;59;72;118;46;198;115;42;160;181;193;93;117;143;183;89;186;144;14;49;102;62;9;120;44;25;16;171;175;113;148;137;0;108;18;22;146;195;159;41;5;123;135;53;100;26;97;2;129;57;179;92;145;78;31;81;196;52;178;3;106;40;185;119;90;165;55,8525310281458598610,0.083772
greedy_intra:nodes_start:random,173,89147,40634,48513,848280,437,68;139;41;193;159;181;42;59;151;133;154;53;152;129;92;57;144;186;23;137;115;43;116;65;149;123;135;180;63;167;165;90;40;185;138;14;21;164;27;81;196;106;143;117;93;140;108;18;22;34;54;177;162;179;145;78;25;120;2;1;97;26;100;121;94;124;9;62;15;89;183;0;46;118;109;51;176;148;49;178;52;55;122;80;79;101;44;16;171;175;113;31;75;86;70;112;184;160;5;96,1325166375473093947,0.087773
greedy_intra:nodes_start:random,174,80820,32277,48543,942902,469,186;23;89;183;137;176;151;43;160;54;123;162;133;79;94;97;152;145;78;120;75;86;53;180;154;135;149;131;184;177;10;190;4;112;127;70;158;1;2;129;185;40;165;90;81;196;31;113;175;171;16;25;44;101;26;100;121;63;80;46;68;139;159;195;34;181;193;41;115;118;109;51;59;65;116;42;146;22;18;108;117;143;0;167;92;57;55;52;106;138;14;144;102;49;3;178;62;9;148;15,8768375353553038883,0.096764
greedy_intra:nodes_start:random,175,85680,37275,48405,812177,443,177;10;190;43;65;116;115;46;114;15;62;9;37;148;80;149;131;160;34;146;22;181;42;41;193;159;18;139;68;86;75;44;25;78;145;92;124;94;133;162;123;4;112;127;70;135;154;180;53;100;26;1;2;196;81;90;165;40;185;57;82;120;129;55;52;106;178;49;167;152;97;63;79;0;93;117;143;183;89;186;23;137;176;151;72;59;118;51;144;14;179;31;113;175;171;16;101;35;184;54,2560799368714646548,0.084174
greedy_intra:nodes_start:random,176,85236,35323,49913,1025548,468,15;129;120;44;25;82;92;179;52;178;106;185;165;40;196;145;2;1;97;189;94;186;23;137;176;80;63;124;144;14;49;152;26;121;136;53;158;154;180;151;51;115;108;18;193;41;42;181;160;43;116;65;118;59;149;123;162;133;79;148;9;62;102;3;55;57;101;100;135;35;184;84;70;75;16;171;175;113;56;31;78;86;127;112;4;177;54;34;22;159;139;46;68;140;93;117;0;143;183;89,1309866736001680655,0.099046
greedy_intra:nodes_start:random,177,82452,32732,49720,1099609,465,57;179;196;81;145;75;86;53;180;79;80;151;162;59;118;115;139;68;117;143;0;46;65;116;42;181;41;193;159;22;146;34;160;54;177;127;70;135;154;121;100;26;97;1;152;137;23;183;89;186;114;15;148;37;9;102;49;3;178;106;167;124;133;123;112;84;35;51;176;62;144;14;165;90;40;185;52;55;94;63;43;184;131;149;101;2;129;78;157;31;56;113;175;171;16;25;44;120;82;92,3821284993385578036,0.096737
greedy_intra:nodes_start:random,178,90628,41339,49289,899172,477,100;26;94;124;167;178;14;144;23;139;181;160;127;70;53;86;101;152;148;186;137;116;65;47;43;35;84;177;10;190;4;112;184;42;193;18;69;108;117;143;183;16;171;175;113;31;90;27;165;40;185;106;52;55;57;92;78;145;129;41;159;22;34;48;54;75;44;25;120;2;1;97;121;63;118;59;162;180;154;135;123;149;131;115;46;0;89;9;62;49;102;15;79;133;151;72;51;176;80;122,8633271012171057414,0.090010
greedy_intra:nodes_start:random,179,92087,43224,48863,803765,440,25;44;70;112;4;184;35;97;129;57;55;52;148;68;139;181;160;42;43;92;145;175;171;16;75;86;131;149;162;133;79;63;121;100;26;1;101;158;154;135;127;123;59;118;72;151;180;53;94;124;186;23;137;116;5;115;46;89;144;14;165;90;81;40;185;106;178;49;62;9;176;65;84;190;10;177;54;34;146;22;159;0;183;143;117;108;69;18;193;41;51;80;122;152;2;120;78;31;56;113,1376954156568661850,0.083276
greedy_intra:nodes_start:random,180,86742,37722,49020,823713,487,160;34;146;41;115;46;144;21;164;90;165;62;9;15;51;118;116;43;47;65;59;148;49;52;55;57;92;179;106;178;3;138;14;186;89;183;23;137;94;124;167;129;145;78;175;171;16;44;75;86;26;101;1;25;113;56;31;81;119;40;185;196;82;120;2;152;97;180;154;135;162;149;131;184;181;42;151;80;176;143;0;139;18;22;159;193;123;127;70;158;53;121;63;79;133;112;4;177;54;48,3907812939981319993,0.088865
greedy_intra:nodes_start:random,181,88310,39845,48465,876806,439,79;80;137;89;183;68;139;41;181;34;42;115;97;1;101;75;86;53;154;180;136;94;124;14;138;165;119;40;185;106;178;90;81;196;78;25;82;193;159;22;18;108;117;143;0;46;177;10;190;176;9;62;144;102;49;52;55;57;129;123;127;112;35;51;23;186;15;148;167;92;145;31;113;175;171;16;44;120;2;152;63;133;135;70;100;26;121;118;59;65;116;43;160;48;54;184;131;149;162;151,1802280800375866775,0.083682
greedy_intra:nodes_start:random,182,85557,35299,50258,1320778,580,27;90;81;145;75;86;26;97;1;120;25;78;31;113;175;171;16;44;101;100;53;158;180;176;0;117;143;153;183;89;23;137;186;15;9;62;144;102;49;138;165;40;185;106;178;3;124;80;59;116;65;47;151;133;135;70;127;112;177;54;160;34;22;115;118;51;122;63;79;162;149;131;43;42;181;184;123;154;121;82;92;179;57;55;52;167;148;68;193;41;139;46;94;152;2;129;14;21;7;164,8806442696745702575,0.119929
greedy_intra:nodes_start:random,183,90829,42041,48788,706169,421,114;144;102;62;9;15;137;34;54;177;10;4;112;127;194;123;131;149;124;185;40;119;106;186;23;118;59;116;65;151;79;63;94;122;80;51;176;148;49;14;165;90;55;152;180;154;135;70;53;26;97;167;3;178;52;57;92;145;78;171;16;44;75;86;184;160;42;46;143;0;117;93;140;108;18;22;43;162;1;2;120;25;31;56;175;113;81;196;179;129;101;100;133;115;41;193;159;139;183;89,2593804264326632074,0.082457
greedy_intra:nodes_start:random,184,84395,35964,48431,541449,436,70;101;75;44;120;97;26;100;133;43;42;18;69;108;140;93;68;139;96;5;116;65;135;154;180;158;53;86;121;63;80;137;23;89;186;14;144;183;143;117;0;46;181;160;184;149;79;94;55;52;185;196;157;31;145;129;2;1;152;167;148;9;62;57;92;78;25;16;171;175;113;81;90;165;119;40;106;178;49;176;59;84;190;10;177;54;34;146;22;159;193;41;115;118;51;151;162;123;112;127,1656111073558120040,0.085283
greedy_intra:nodes_start:random,185,84544,36031,48513,1066173,479,84;10;177;54;184;112;127;70;135;154;180;158;53;121;100;26;1;2;120;44;25;129;46;115;139;41;193;159;146;22;18;108;93;117;143;0;23;148;152;97;122;80;176;137;94;124;167;178;106;52;55;57;51;118;59;116;65;131;149;92;185;49;62;9;15;186;89;183;144;14;165;40;90;81;196;179;145;78;56;31;113;175;171;16;75;101;86;43;42;181;34;160;35;123;194;63;79;133;151;162,7214611195325036432,0.095077
greedy_intra:nodes_start:random,186,80963,31773,49190,803214,436,97;26;100;121;53;180;123;127;70;135;154;75;16;171;175;92;57;167;122;63;79;80;59;42;5;41;193;181;160;184;177;54;34;146;22;159;18;108;140;93;117;0;68;139;46;115;43;116;65;131;149;162;94;124;137;23;89;183;143;153;186;15;9;62;102;49;178;52;55;179;145;78;120;44;25;113;56;31;152;133;151;118;51;176;148;144;14;138;106;185;165;27;90;40;196;129;2;1;101;86,5607976855522198807,0.085568
greedy_intra:nodes_start:random,187,85355,36613,48742,924619,512,5;41;193;115;46;118;151;79;63;122;176;51;69;18;108;0;23;186;148;102;14;49;167;124;80;133;162;149;35;84;177;10;4;112;123;137;9;62;3;106;178;52;145;78;92;129;59;42;160;34;146;22;159;139;68;117;143;183;89;144;185;165;39;164;27;90;40;55;57;152;94;180;135;154;53;121;100;26;1;97;86;101;2;120;44;16;171;175;113;31;25;75;70;127;184;54;48;43;65;116,6634743399540950799,0.105293
greedy_intra:nodes_start:random,188,90494,41193,49301,534711,377,52;165;27;90;81;196;40;185;106;178;102;15;186;68;139;115;59;80;124;49;14;144;62;9;148;167;152;97;26;100;137;143;170;117;0;176;51;46;41;181;42;5;43;65;116;162;180;158;75;16;171;175;113;44;120;78;145;2;193;159;146;22;18;108;140;93;55;57;179;92;129;23;183;89;133;154;135;70;177;54;34;160;184;84;112;127;123;149;131;118;151;53;86;101;1;121;63;79;122;94,5860514818830208160,0.068039
greedy_intra:nodes_start:random,189,84436,33664,50772,999236,478,34;22;159;116;65;123;135;127;112;84;35;184;43;42;5;46;137;62;9;37;148;167;152;2;57;55;52;179;145;78;92;82;129;124;94;121;180;154;158;53;86;75;16;171;175;113;56;31;90;165;144;114;186;89;183;143;117;0;51;151;80;176;185;119;40;81;196;25;44;120;1;101;100;26;97;106;178;3;138;14;49;102;15;23;68;139;193;41;115;79;63;133;162;118;59;149;131;177;54;160,5396610408904693316,0.097359
greedy_intra:nodes_start:random,190,84180,35054,49126,710501,448,89;176;51;151;162;133;80;15;62;9;148;135;123;35;84;112;127;70;154;158;53;26;1;82;129;137;0;46;139;5;43;116;65;184;177;54;160;34;146;22;181;42;59;118;94;124;97;152;167;102;144;14;165;27;90;40;185;52;55;196;81;113;175;171;16;56;31;78;145;179;92;25;44;120;75;86;100;121;182;63;79;122;23;186;49;178;106;57;2;101;180;115;41;193;159;18;108;117;143;183,7564728207678071114,0.082901
greedy_intra:nodes_start:random,191,84795,34986,49809,743673,445,143;117;177;54;48;34;181;115;139;198;46;137;23;144;14;102;62;15;114;186;89;183;43;42;160;184;84;4;112;70;154;158;86;101;75;44;120;82;97;26;100;121;63;122;79;80;51;118;5;41;193;159;146;22;18;108;68;116;65;59;151;133;53;25;16;171;175;113;56;31;90;165;40;185;152;1;2;78;145;179;52;55;57;92;129;106;178;49;9;148;162;123;127;135;180;136;94;124;176;0,8776433420268495090,0.083898
greedy_intra:nodes_start:random,192,84936,36447,48489,801986,451,15;144;14;164;27;90;39;165;185;40;196;31;113;175;145;179;52;55;57;2;152;137;46;41;139;68;23;186;62;9;37;148;120;44;16;171;78;92;129;94;80;176;124;167;106;178;49;79;133;162;180;53;86;75;101;1;97;63;151;72;51;118;59;116;43;160;34;54;177;10;4;112;84;184;42;5;149;131;65;115;193;159;69;108;18;22;146;181;26;100;154;135;70;127;123;0;117;143;183;89,3039800323045276678,0.082306
greedy_intra:nodes_start:random,193,85680,36777,48903,852708,476,89;15;178;106;49;102;148;124;94;122;80;184;160;34;181;140;93;68;46;139;159;22;18;108;23;186;137;51;35;112;123;162;151;133;75;120;44;25;16;171;175;113;31;78;2;101;1;152;9;62;144;14;138;21;164;90;165;52;55;86;180;154;158;53;26;100;135;70;127;149;131;47;65;59;176;185;40;81;196;179;145;92;57;129;97;121;63;79;116;43;42;5;41;193;115;118;0;117;143;183,8189732005604711797,0.090763
greedy_intra:nodes_start:random,194,84743,34769,49974,844191,430,70;127;35;43;59;72;151;133;180;158;53;121;75;120;44;16;171;175;113;56;31;81;196;145;78;25;2;152;97;1;101;26;100;94;124;176;137;23;89;183;143;0;9;62;15;186;42;5;139;68;117;46;51;80;122;63;79;109;118;115;41;193;22;18;108;148;167;49;102;144;14;138;3;178;106;185;40;90;165;52;55;57;92;129;86;177;54;34;160;184;84;112;135;154;162;65;116;131;149;123,7541710327820559042,0.085455
greedy_intra:nodes_start:random,195,91282,41745,49537,1052754,436,15;117;108;18;22;159;176;80;63;121;100;26;97;189;19;152;1;101;86;135;123;131;43;160;184;35;120;78;31;56;113;175;171;16;25;44;75;70;127;84;54;30;34;48;177;10;4;112;2;145;179;148;186;23;89;68;139;41;193;181;42;5;94;129;92;57;49;62;9;137;51;149;47;65;116;59;118;115;46;0;143;183;144;14;165;90;40;185;53;180;154;162;151;133;79;124;55;52;106;178,1372055709084108317,0.095972
greedy_intra:nodes_start:random,196,85702,36588,49114,1033696,505,148;145;78;171;16;25;44;120;92;57;55;52;3;62;9;15;186;0;68;159;22;18;108;183;89;23;137;46;115;59;118;51;176;178;106;196;31;175;113;81;90;165;119;40;185;129;2;53;158;154;180;63;79;151;65;47;116;5;42;43;162;133;121;26;100;135;70;127;123;112;4;84;35;184;160;34;54;177;149;80;144;14;49;102;167;152;75;86;101;1;97;94;41;193;139;140;93;117;170;143,8358353710775549523,0.105085
greedy_intra:nodes_start:random,197,89688,41021,48667,941440,469,52;185;81;196;31;44;120;2;97;26;100;121;158;53;63;122;80;51;46;198;139;68;117;143;0;148;57;92;129;82;25;78;145;179;55;167;124;4;190;10;177;54;48;9;62;15;186;137;23;89;183;118;116;42;43;65;176;49;178;106;40;90;165;14;144;18;22;146;34;70;135;154;180;79;133;162;123;127;112;149;131;184;160;181;159;193;41;115;59;151;94;16;171;175;113;75;86;101;1;152,7709948036367491591,0.097872
greedy_intra:nodes_start:random,198,89400,41098,48302,796661,482,80;26;100;121;42;181;139;68;0;117;93;140;115;59;162;180;154;135;70;127;35;184;43;131;149;65;116;5;41;193;118;75;120;16;171;175;81;90;27;165;185;44;25;78;145;179;40;119;196;113;31;106;178;52;55;152;1;101;86;53;133;151;79;97;2;129;92;57;49;102;183;143;89;23;186;15;62;9;167;124;94;63;123;112;177;54;34;160;51;137;148;37;14;144;159;22;18;108;46;176,4440170457588039689,0.091215
greedy_intra:nodes_start:random,199,84158,34174,49984,910499,490,106;178;49;102;37;148;124;94;79;63;152;129;92;179;145;16;171;175;113;56;31;78;44;120;75;101;86;53;80;176;0;170;143;117;93;108;18;22;159;193;41;139;68;46;115;118;121;2;57;40;119;90;81;196;1;97;26;100;167;9;62;185;165;14;144;51;59;65;47;77;35;84;112;4;177;184;127;70;135;123;149;131;43;160;54;34;42;116;162;154;158;180;133;151;137;183;89;23;55;52,5943107515061424704,0.103338
greedy_intra:nodes_start:greedy,0,70745,22540,48205,37630,3,0;117;143;183;89;186;23;137;176;80;79;63;94;124;152;97;1;101;2;120;82;129;92;57;55;52;49;102;148;9;62;144;14;3;178;106;185;40;165;90;81;196;179;145;78;31;56;113;175;171;16;25;44;75;86;26;100;121;53;180;154;135;70;127;123;162;133;151;51;118;59;65;116;43;184;84;112;4;190;10;177;54;48;160;34;146;22;18;108;69;159;181;42;5;115;41;193;139;68;46,798908956887249153,0.001977
greedy_intra:nodes_start:greedy,1,71666,23477,48189,30983,3,1;101;75;86;53;154;70;135;180;63;79;133;51;118;59;115;46;0;143;117;93;140;68;139;193;41;5;42;181;159;69;108;18;22;146;34;160;48;54;177;10;184;43;116;65;149;123;127;162;151;80;176;137;23;183;89;186;114;15;9;62;144;14;138;185;40;165;90;81;196;179;145;78;31;56;113;175;171;16;25;44;120;2;129;92;57;55;52;106;178;49;102;148;124;94;121;100;26;97;152,4726908083491528008,0.001971
greedy_intra:nodes_start:greedy,2,71474,23334,48140,43402,5,2;129;92;57;55;52;49;102;148;9;62;144;14;3;178;106;185;40;165;90;81;196;179;145;78;31;56;113;175;171;16;25;44;120;75;86;26;124;94;63;79;80;176;133;151;51;118;59;115;46;0;137;23;186;89;183;143;117;93;140;68;139;193;41;5;42;181;159;69;108;18;22;146;34;160;48;54;177;10;190;84;184;43;116;65;131;149;162;123;127;70;135;154;180;53;100;101;1;97;152,3379336055035926990,0.002927
greedy_intra:nodes_start:greedy,3,71393,23331,48062,44763,4,138;14;144;62;9;148;102;49;178;106;52;55;57;92;129;2;152;97;1;101;100;53;180;154;135;70;127;123;162;149;131;65;116;43;184;84;190;10;177;54;48;160;34;146;22;18;108;69;159;181;42;5;41;193;139;68;140;93;117;143;183;89;186;23;137;0;46;115;59;118;51;151;133;176;80;79;63;94;124;26;86;75;120;44;25;16;171;175;113;56;31;78;145;179;196;81;90;40;185;165,4297833759865805634,0.002635
greedy_intra:nodes_start:greedy,4,71407,23230,48177,95319,8,4;190;10;177;54;48;160;42;181;34;146;22;18;108;69;159;193;41;139;68;46;115;118;59;65;116;43;184;35;131;149;123;162;133;151;51;0;117;143;183;89;23;137;176;80;79;63;94;124;152;97;1;101;2;120;82;129;92;57;55;52;49;102;148;9;62;144;14;3;178;106;185;40;165;90;81;196;179;145;78;31;56;113;175;171;16;25;44;75;86;26;100;121;53;180;154;135;70;127;112,4800953649145950057,0.006576
greedy_intra:nodes_start:greedy,5,71578,23455,48123,29083,3,5;43;116;65;149;123;127;162;151;133;135;70;154;180;53;121;100;26;86;75;44;25;16;171;175;113;56;31;78;145;179;196;81;90;165;40;185;106;178;3;14;144;62;9;148;102;49;52;55;92;57;129;82;120;2;101;1;97;152;124;94;63;79;80;176;137;23;186;89;183;143;117;0;51;118;59;115;46;68;139;41;193;159;69;108;18;22;146;181;34;160;48;54;177;10;112;4;84;184;42,1913776158265584086,0.000974
greedy_intra:nodes_start:greedy,6,71870,23300,48570,53077,4,135;154;53;121;100;26;86;75;101;1;97;152;94;124;148;102;49;178;106;52;55;57;92;129;2;120;44;25;16;171;175;113;56;31;78;145;179;196;81;90;40;185;165;138;14;144;62;9;15;114;186;89;183;23;137;176;80;151;162;127;123;149;65;116;43;184;177;54;48;160;34;146;22;18;108;69;159;181;42;5;41;193;139;68;140;93;117;143;0;46;115;59;118;51;133;79;63;180;158;70,4438394201073315602,0.002000
greedy_intra:nodes_start:greedy,7,72266,24301,47965,78235,9,7;21;144;62;9;148;102;49;14;178;106;52;55;185;165;40;179;145;78;92;57;129;2;101;1;97;26;100;53;180;154;135;70;127;123;162;149;65;116;43;184;177;54;48;160;34;146;22;18;108;69;159;181;42;5;41;193;139;68;140;93;117;143;183;89;23;137;0;46;115;59;118;51;151;133;176;80;79;63;94;124;152;86;75;120;44;25;16;171;175;113;56;31;157;196;81;90;27;95;164,8056842723943251160,0.003980
greedy_intra:nodes_start:greedy,8,71593,23396,48197,23185,2,39;165;40;185;90;81;196;179;145;78;31;56;113;175;171;16;25;44;120;75;86;26;124;94;63;79;80;176;133;151;51;118;59;115;46;0;137;23;186;89;183;143;117;93;140;68;139;193;41;5;42;181;159;69;108;18;22;146;34;160;48;54;177;10;190;184;43;116;65;131;149;162;123;127;70;135;154;180;53;100;101;1;97;152;2;129;92;57;55;52;106;178;49;102;148;9;62;144;14;138,8977661705868623530,0.002991
greedy_intra:nodes_start:greedy,9,71453,23391,48062,23927,2,9;148;102;49;178;106;52;55;57;92;129;2;152;97;1;26;100;53;180;154;135;70;127;123;162;149;131;65;116;43;184;84;190;10;177;54;48;160;34;146;22;18;108;69;159;181;42;5;41;193;139;68;140;93;117;143;183;89;186;23;137;0;46;115;59;118;51;151;133;176;80;79;63;94;124;101;86;75;120;44;25;16;171;175;113;56;31;78;145;179;196;81;90;185;40;165;138;14;144;62,4313785933725228830,0.002002
greedy_intra:nodes_start:greedy,10,71443,23266,48177,101900,9,10;190;4;112;127;70;135;154;180;53;121;100;26;86;75;44;25;16;171;175;113;56;31;78;145;179;196;81;90;165;40;185;106;178;3;14;144;62;9;148;102;49;52;55;57;92;129;82;120;2;101;1;97;152;124;94;63;79;80;176;137;23;89;183;143;117;0;51;151;133;162;123;149;131;35;184;43;116;65;59;118;115;46;68;139;41;193;159;69;108;18;22;146;181;42;160;34;48;54;177,1953627899459384986,0.005002
greedy_intra:nodes_start:greedy,11,71711,23506,48205,39292,5,10;190;84;4;112;127;123;162;151;133;135;70;154;180;53;121;100;26;86;75;44;25;16;171;175;113;56;31;78;145;179;196;81;90;165;40;185;106;178;3;14;144;62;9;148;102;49;52;55;92;57;129;82;120;2;101;1;97;152;124;94;63;79;80;176;137;23;186;89;183;143;117;0;51;118;59;115;139;68;46;65;116;43;42;5;41;193;159;69;108;18;22;146;181;34;160;48;54;184;177,3267650374988666817,0.001000
greedy_intra:nodes_start:greedy,12,72408,23441,48967,29191,3,124;94;152;97;1;101;2;120;82;129;92;57;179;145;78;31;56;113;175;171;16;25;44;75;86;26;100;121;53;158;154;70;135;180;63;79;133;51;118;59;115;46;0;143;117;93;140;68;139;193;41;5;42;181;159;69;108;18;22;146;34;160;48;54;177;184;43;116;65;149;123;162;151;80;176;137;23;183;89;186;114;15;9;62;144;14;138;165;90;81;196;40;185;55;52;106;178;49;102;148,4847522322140670052,0.001000
greedy_intra:nodes_start:greedy,13,72091,23776,48315,34872,6,31;157;145;78;92;179;196;81;90;40;165;185;106;178;3;14;144;62;9;148;102;49;52;55;57;129;2;152;97;1;26;100;53;180;154;135;70;127;123;162;149;131;65;116;43;184;190;10;177;54;48;160;34;146;22;18;108;69;159;181;42;5;41;193;139;68;140;93;117;143;183;89;186;23;137;0;46;115;59;118;51;151;133;176;80;79;63;94;124;101;86;75;120;44;25;16;171;175;113;56,4238003603513014542,0.001000
greedy_intra:nodes_start:greedy,14,71391,23329,48062,36387,3,14;144;62;9;148;102;49;178;106;52;55;57;92;129;2;152;97;1;26;100;53;180;154;135;70;127;123;162;149;131;65;116;43;184;84;190;10;177;54;48;160;34;146;22;18;108;69;159;181;42;5;41;193;139;68;140;93;117;143;183;89;186;23;137;0;46;115;59;118;51;151;133;176;80;79;63;94;124;101;86;75;120;44;25;16;171;175;113;56;31;78;145;179;196;81;90;40;185;165;138,3764496466279386908,0.002007
greedy_intra:nodes_start:greedy,15,71441,23419,48022,61172,5,15;144;14;138;165;185;40;90;81;196;179;145;78;31;56;113;175;171;16;25;44;120;75;86;101;124;94;63;79;80;176;133;151;51;118;59;115;46;0;137;23;186;89;183;143;117;93;140;68;139;193;41;5;42;181;159;69;108;18;22;146;34;160;48;54;177;10;190;184;43;116;65;131;149;162;123;127;70;135;154;180;53;100;26;97;1;152;2;129;92;57;55;52;106;178;49;102;62;9;148,4981074011026604062,0.003015
greedy_intra:nodes_start:greedy,16,71669,23529,48140,56937,6,16;25;44;120;75;86;101;124;94;63;79;80;176;133;151;51;118;59;115;46;0;137;23;186;89;183;143;117;93;140;68;139;193;41;5;42;181;159;69;108;18;22;146;34;160;48;54;177;10;190;84;184;43;116;65;131;149;162;123;127;70;135;154;180;53;100;26;1;97;152;2;129;57;55;52;49;102;148;9;62;144;14;3;178;106;185;40;165;90;81;196;179;92;145;78;31;56;113;175;171,8718264746821493068,0.002980
greedy_intra:nodes_start:greedy,17,73048,24218,48830,51091,8,196;81;119;90;27;58;164;7;95;39;165;40;185;106;178;3;14;144;62;9;148;102;49;52;55;57;129;92;179;145;78;82;2;152;97;1;86;53;180;154;135;70;127;123;162;149;65;116;43;184;177;54;48;160;34;146;22;18;108;159;181;42;41;193;139;68;140;93;117;143;183;89;23;137;0;46;115;59;118;51;151;133;176;80;79;63;94;26;101;75;120;44;25;16;171;175;113;56;31;157,337212433048517290,0.003028
greedy_intra:nodes_start:greedy,18,71657,23407,48250,29374,4,18;22;146;159;193;41;5;42;181;34;160;48;54;177;10;4;112;84;184;43;116;65;149;123;127;162;151;133;135;70;154;180;53;121;100;26;86;75;44;25;16;171;175;113;56;31;78;145;179;196;81;90;40;165;185;106;178;3;14;144;62;9;148;102;49;52;55;57;92;129;82;120;2;101;1;97;152;124;94;63;79;80;176;137;51;118;59;115;139;46;68;0;89;183;143;117;93;140;108;69,7379703100710633509,0.001000
greedy_intra:nodes_start:greedy,19,71883,22823,49060,34003,3,189;94;124;148;102;49;178;106;52;55;57;92;129;2;120;44;25;16;171;175;113;56;31;78;145;179;196;81;90;40;185;165;138;14;144;62;9;15;114;186;89;183;23;137;176;80;151;162;123;149;65;116;43;184;177;54;48;160;34;146;22;18;108;69;159;181;42;5;41;193;139;68;140;93;117;143;0;46;115;59;118;51;133;79;63;180;135;70;154;158;53;121;100;26;86;75;101;1;97;152,7490470750528654135,0.002000
greedy_intra:nodes_start:greedy,20,72082,23104,48978,30655,3,199;22;146;159;193;41;5;42;181;34;160;48;54;177;10;190;84;184;43;116;65;149;123;127;162;151;133;135;70;154;180;53;121;100;26;86;75;44;25;16;171;175;113;56;31;78;145;179;196;81;90;40;165;185;106;178;3;14;144;62;9;148;102;49;52;55;57;92;129;82;120;2;101;1;97;152;124;94;63;79;80;176;137;51;118;59;115;139;46;68;0;89;183;143;117;93;140;108;69;18,5026699878991801543,0.001028
greedy_intra:nodes_start:greedy,21,71801,23896,47905,30128,3,21;14;138;185;40;165;90;81;196;179;145;78;31;56;113;175;171;16;25;44;120;75;86;101;124;94;63;79;80;176;133;151;51;118;59;115;46;0;137;23;186;89;183;143;117;93;140;68;139;193;41;5;42;181;159;69;108;18;22;146;34;160;48;54;177;10;190;184;43;116;65;131;149;162;123;127;70;135;154;180;53;100;26;1;97;152;2;129;92;57;55;52;106;178;49;102;148;9;62;144,8012699532356151049,0.001023
greedy_intra:nodes_start:greedy,22,71169,23196,47973,25462,2,22;146;181;34;160;48;54;177;10;190;4;112;84;184;42;43;116;65;149;123;127;162;151;133;135;70;154;180;53;121;100;26;86;75;44;25;16;171;175;113;56;31;78;145;179;196;81;90;40;165;185;106;178;3;14;144;62;9;148;102;49;52;55;57;92;129;82;120;2;101;1;97;152;124;94;63;79;80;176;137;23;186;89;183;143;117;0;51;118;59;115;46;68;139;41;193;159;69;108;18,1999137088917832330,0.001796
greedy_intra:nodes_start:greedy,23,70888,22683,48205,36468,4,23;137;176;80;79;63;94;124;152;97;1;101;2;120;82;129;57;92;55;52;49;102;148;9;62;144;14;3;178;106;185;40;165;90;81;196;179;145;78;31;56;113;175;171;16;25;44;75;86;26;100;121;53;180;154;135;70;127;123;162;133;151;51;118;59;65;116;43;184;84;112;4;190;10;177;54;48;160;34;146;22;18;108;69;159;181;42;5;41;193;115;139;68;46;0;117;143;183;89;186,2488840654937660670,0.001999
greedy_intra:nodes_start:greedy,24,72007,23445,48562,39254,4,131;149;65;116;43;184;84;190;10;177;54;48;160;34;146;22;18;108;69;159;181;42;5;41;193;139;68;46;115;59;118;51;0;117;143;183;89;186;23;137;176;80;79;63;94;124;152;97;1;101;2;120;82;129;57;92;55;52;49;102;148;9;62;144;14;3;178;106;185;165;40;90;81;196;179;145;78;31;56;113;175;171;16;25;44;75;86;26;100;121;53;180;154;70;135;133;151;162;127;123,3800657085542482390,0.002034
greedy_intra:nodes_start:greedy,25,71472,23332,48140,47724,5,25;44;120;75;86;101;124;94;63;79;80;176;133;151;51;118;59;115;46;0;137;23;186;89;183;143;117;93;140;68;139;193;41;5;42;181;159;69;108;18;22;146;34;160;48;54;177;10;190;84;184;43;116;65;131;149;162;123;127;70;135;154;180;53;100;26;1;97;152;2;129;92;57;55;52;49;102;148;9;62;144;14;3;178;106;185;40;165;90;81;196;179;145;78;31;56;113;175;171;16,7111612085535472894,0.003000
greedy_intra:nodes_start:greedy,26,71573,23547,48026,22980,1,26;100;1;101;75;86;53;154;70;135;180;63;79;133;51;118;59;115;46;0;143;117;93;140;68;139;193;41;5;42;181;159;69;108;18;22;146;34;160;48;54;177;10;190;184;43;116;65;149;123;127;162;151;80;176;137;23;183;89;186;114;15;9;62;144;14;138;165;40;185;90;81;196;179;145;78;31;56;113;175;171;16;25;44;120;2;129;92;57;55;52;106;178;49;102;148;124;94;152;97,2194846045900557906,0.000968
greedy_intra:nodes_start:greedy,27,72157,23629,48528,12747,1,27;58;164;7;95;39;165;138;14;144;62;9;148;102;49;178;106;52;55;57;92;129;2;152;97;1;101;100;53;180;154;135;70;127;123;162;149;65;116;43;184;177;54;48;160;34;146;22;18;108;69;159;181;42;5;41;193;139;68;140;93;117;143;183;89;23;137;0;46;115;59;118;51;151;133;176;80;79;63;94;26;86;75;120;44;25;16;171;175;113;56;31;78;145;179;196;81;185;40;90,278951042005056372,0.001004
greedy_intra:nodes_start:greedy,28,71757,23150,48607,66094,8,35;43;116;65;131;149;123;127;162;151;133;135;70;154;180;53;121;100;26;86;75;44;25;16;171;175;113;56;31;78;145;179;196;81;90;165;40;185;106;178;3;14;144;62;9;148;102;49;52;55;57;92;129;82;120;2;101;1;97;152;124;94;63;79;80;176;137;23;186;89;183;143;117;0;51;118;59;115;46;68;139;193;41;5;42;181;159;69;108;18;22;146;34;160;48;54;177;10;190;184,4661284435513738606,0.004215
greedy_intra:nodes_start:greedy,29,71710,23103,48607,54270,6,131;112;4;84;35;184;177;54;48;160;34;181;146;22;18;108;69;159;193;41;5;42;43;116;65;46;68;139;115;59;118;51;0;117;143;183;89;186;23;137;176;80;79;63;94;124;152;97;1;101;2;120;82;129;92;57;55;52;49;102;148;9;62;144;14;3;178;106;185;40;165;90;81;196;179;145;78;31;56;113;175;171;16;25;44;75;86;26;100;121;53;180;154;70;135;133;151;162;123;149,7315986854534092731,0.001998
greedy_intra:nodes_start:greedy,30,72107,23543,48564,29186,3,48;54;177;10;190;84;184;43;65;116;59;118;115;46;0;51;151;133;162;123;127;70;135;154;180;53;121;100;26;86;75;44;25;16;171;175;113;56;31;78;145;179;196;81;90;40;165;185;106;178;3;14;144;62;9;148;102;49;52;55;92;57;129;82;120;2;101;1;97;152;124;94;63;79;80;176;137;23;186;89;183;143;117;93;140;68;139;193;41;159;69;108;18;22;146;195;181;42;160;34,938059282385770854,0.001998
greedy_intra:nodes_start:greedy,31,71669,23529,48140,50412,6,31;78;145;92;179;196;81;90;165;40;185;106;178;3;14;144;62;9;148;102;49;52;55;57;129;2;152;97;1;26;100;53;180;154;135;70;127;123;162;149;131;65;116;43;184;84;190;10;177;54;48;160;34;146;22;18;108;69;159;181;42;5;41;193;139;68;140;93;117;143;183;89;186;23;137;0;46;115;59;118;51;151;133;176;80;79;63;94;124;101;86;75;120;44;25;16;171;175;113;56,6996014694106945034,0.002544
greedy_intra:nodes_start:greedy,32,71346,23284,48062,81716,9,138;14;144;62;9;148;102;49;178;106;52;55;57;92;129;2;101;1;97;26;100;53;180;154;135;70;127;123;162;149;131;65;116;43;184;84;190;10;177;54;48;160;34;146;22;18;108;69;159;181;42;5;41;193;139;68;140;93;117;143;183;89;186;23;137;0;46;115;59;118;51;151;133;176;80;79;63;94;124;152;86;75;120;44;25;16;171;175;113;56;31;78;145;179;196;81;90;40;185;165,3264595323195106427,0.004969
greedy_intra:nodes_start:greedy,33,71492,23092,48400,45585,7,37;102;49;178;106;52;55;57;92;129;2;152;97;1;26;100;53;180;154;135;70;127;123;162;149;131;65;116;43;184;190;10;177;54;48;160;34;146;22;18;108;69;159;181;42;5;41;193;139;68;140;93;117;143;183;89;186;23;137;0;46;115;59;118;51;151;133;176;80;79;63;94;124;101;86;75;120;44;25;16;171;175;113;56;31;78;145;179;196;81;90;165;40;185;138;14;144;62;9;148,1833930503225254942,0.001997
greedy_intra:nodes_start:greedy,34,71169,23196,47973,28440,2,34;181;146;22;18;108;69;159;193;41;139;68;46;115;59;118;51;0;117;143;183;89;186;23;137;176;80;79;63;94;124;152;97;1;101;2;120;82;129;92;57;55;52;49;102;148;9;62;144;14;3;178;106;185;165;40;90;81;196;179;145;78;31;56;113;175;171;16;25;44;75;86;26;100;121;53;180;154;70;135;133;151;162;127;123;149;65;116;43;42;184;84;112;4;190;10;177;54;48;160,5115792584366282621,0.002336
greedy_intra:nodes_start:greedy,35,71495,23245,48250,50243,4,35;84;4;112;127;123;162;151;133;135;70;154;180;53;121;100;26;86;75;44;25;16;171;175;113;56;31;78;145;179;196;81;90;165;40;185;106;178;3;14;144;62;9;148;102;49;52;55;57;92;129;82;120;2;101;1;97;152;124;94;63;79;80;176;137;23;186;89;183;143;117;0;51;118;59;115;139;68;46;65;116;43;42;5;41;193;159;69;108;18;22;146;181;34;160;48;54;177;10;184,7648163321914214899,0.002000
greedy_intra:nodes_start:greedy,36,72099,22931,49168,37570,3,36;108;69;18;22;146;159;193;41;5;42;181;34;160;48;54;177;10;190;84;184;43;116;65;149;123;127;162;151;133;135;70;154;180;53;121;100;26;86;75;44;25;16;171;175;113;56;31;78;145;179;196;81;90;165;40;185;106;178;3;14;144;62;9;148;102;49;52;55;57;92;129;82;120;2;101;1;97;152;124;94;63;79;80;176;137;51;118;59;115;139;46;68;0;89;183;143;117;93;140,8834576227334746165,0.000999
greedy_intra:nodes_start:greedy,37,71494,23094,48400,31500,3,37;102;49;178;106;52;55;57;92;129;2;152;97;1;101;100;53;180;154;135;70;127;123;162;149;131;65;116;43;184;190;10;177;54;48;160;34;146;22;18;108;69;159;181;42;5;41;193;139;68;140;93;117;143;183;89;186;23;137;0;46;115;59;118;51;151;133;176;80;79;63;94;124;26;86;75;120;44;25;16;171;175;113;56;31;78;145;179;196;81;90;165;40;185;138;14;144;62;9;148,6162906923663284236,0.001971
greedy_intra:nodes_start:greedy,38,71898,23583,48315,60063,6,157;78;145;92;179;196;81;90;165;40;185;106;178;3;14;144;62;9;148;102;49;52;55;57;129;2;152;97;1;26;100;53;180;154;135;70;127;123;162;149;131;65;116;43;184;190;10;177;54;48;160;34;146;22;18;108;69;159;181;42;5;41;193;139;68;140;93;117;143;183;89;186;23;137;0;46;115;59;118;51;151;133;176;80;79;63;94;124;101;86;75;120;44;25;16;171;175;113;56;31,8495043960965936392,0.003024
greedy_intra:nodes_start:greedy,39,72030,23824,48206,22363,2,39;95;7;164;27;90;40;185;81;196;179;145;78;31;56;113;175;171;16;25;44;120;75;86;26;124;94;63;79;80;176;133;151;51;118;59;115;46;0;137;23;89;183;143;117;93;140;68;139;193;41;5;42;181;159;69;108;18;22;146;34;160;48;54;177;184;43;116;65;149;162;123;127;70;135;154;180;53;100;101;1;97;152;2;129;92;57;55;52;106;178;49;102;148;9;62;144;14;138;165,1419833724776412253,0.001000
greedy_intra:nodes_start:greedy,40,71336,23274,48062,42363,4,40;185;138;14;144;62;9;148;102;49;178;106;52;55;57;92;129;2;152;97;1;26;100;53;180;154;135;70;127;123;162;149;131;65;116;43;184;84;190;10;177;54;48;160;34;146;22;18;108;69;159;181;42;5;41;193;139;68;140;93;117;143;183;89;186;23;137;0;46;115;59;118;51;151;133;176;80;79;63;94;124;101;86;75;120;44;25;16;171;175;113;56;31;78;145;179;196;81;90;165,2296761427621298193,0.001990
greedy_intra:nodes_start:greedy,41,71686,23563,48123,31459,3,41;5;42;181;159;69;108;18;22;146;34;160;48;54;177;10;190;4;112;184;43;116;65;149;123;127;162;151;133;135;70;154;180;53;121;100;26;86;75;44;25;16;171;175;113;56;31;78;145;179;196;81;90;165;40;185;106;178;3;14;144;62;9;148;102;49;52;55;92;57;129;82;120;2;101;1;97;152;124;94;63;79;80;176;137;23;186;89;183;143;117;0;51;118;59;115;46;68;139;193,528864971731245729,0.000987
greedy_intra:nodes_start:greedy,42,71489,23366,48123,44306,5,42;5;41;193;139;68;46;115;59;118;51;0;117;143;183;89;186;23;137;176;80;79;63;94;124;152;97;1;101;2;120;82;129;92;57;55;52;49;102;148;9;62;144;14;3;178;106;185;40;165;90;81;196;179;145;78;31;56;113;175;171;16;25;44;75;86;26;100;121;53;180;154;70;135;133;151;162;127;123;149;65;116;43;184;84;112;4;10;177;54;48;160;34;146;22;18;108;69;159;181,8720378683468874265,0.001997
greedy_intra:nodes_start:greedy,43,71811,23311,48500,29999,3,43;116;65;59;118;115;46;0;51;151;133;162;123;127;70;135;154;180;53;121;100;26;86;75;44;25;16;171;175;113;56;31;78;145;179;196;81;90;40;165;185;106;178;3;14;144;62;9;148;102;49;52;55;57;92;129;82;120;2;101;1;97;152;124;94;63;79;80;176;137;23;186;89;183;143;117;93;140;68;139;193;41;5;42;181;159;69;108;18;22;146;34;160;48;54;177;10;190;84;184,1265735541774388967,0.001035
greedy_intra:nodes_start:greedy,44,71619,23479,48140,34122,4,44;25;16;171;175;113;56;31;78;145;179;196;81;90;40;165;185;106;178;3;14;144;62;9;148;102;49;52;55;57;92;129;2;152;97;1;26;100;53;180;154;135;70;127;123;162;149;131;65;116;43;184;84;190;10;177;54;48;160;34;146;22;18;108;69;159;181;42;5;41;193;139;68;140;93;117;143;183;89;186;23;137;0;46;115;59;118;51;151;133;176;80;79;63;94;124;101;86;75;120,8043232749512916928,0.002639
greedy_intra:nodes_start:greedy,45,72172,23344,48828,61524,5,72;151;133;135;70;154;180;53;121;100;26;86;75;44;25;16;171;175;113;56;31;78;145;179;196;81;90;165;40;185;106;178;3;14;144;62;9;148;102;49;52;55;57;92;129;82;120;2;101;1;97;152;124;94;63;79;80;176;137;23;186;89;183;143;117;0;51;118;59;115;46;68;139;193;41;5;42;181;159;69;108;18;22;146;34;160;48;54;177;10;190;84;184;43;116;65;149;123;127;162,4743623934806908012,0.002003
greedy_intra:nodes_start:greedy,46,71833,23710,48123,21800,2,46;115;59;118;51;0;117;143;183;89;186;23;137;176;80;79;63;94;124;152;97;1;101;2;120;82;129;57;92;55;52;49;102;148;9;62;144;14;3;178;106;185;165;40;90;81;196;179;145;78;31;56;113;175;171;16;25;44;75;86;26;100;121;53;180;154;70;135;133;151;162;127;123;149;65;116;43;184;112;4;190;10;177;54;48;160;34;146;22;18;108;69;159;181;42;5;41;193;139;68,6083917224556722966,0.001991
greedy_intra:nodes_start:greedy,47,71630,23068,48562,71219,6,65;116;43;184;84;190;10;177;54;48;160;34;146;22;18;108;69;159;181;42;5;41;193;139;68;46;115;59;118;51;0;117;143;183;89;186;23;137;176;80;79;63;94;124;152;97;1;101;2;120;82;129;92;57;55;52;49;102;148;9;62;144;14;3;178;106;185;40;165;90;81;196;179;145;78;31;56;113;175;171;16;25;44;75;86;26;100;121;53;180;154;70;135;133;151;162;127;123;149;131,1428337463762960164,0.002999
greedy_intra:nodes_start:greedy,48,71759,23195,48564,65122,6,48;34;160;42;181;195;146;22;18;108;69;159;41;193;139;68;140;93;117;143;183;89;186;23;137;176;80;79;63;94;124;152;97;1;101;2;120;82;129;92;57;55;52;49;102;148;9;62;144;14;3;178;106;185;40;165;90;81;196;179;145;78;31;56;113;175;171;16;25;44;75;86;26;100;121;53;180;154;135;70;127;123;162;133;151;51;0;46;115;118;59;116;65;43;184;84;190;10;177;54,76579055230497262,0.003895
greedy_intra:nodes_start:greedy,49,71455,23393,48062,21352,1,49;178;106;52;55;57;92;129;2;152;97;1;101;100;53;180;154;135;70;127;123;162;149;131;65;116;43;184;84;190;10;177;54;48;160;34;146;22;18;108;69;159;181;42;5;41;193;139;68;140;93;117;143;183;89;186;23;137;0;46;115;59;118;51;151;133;176;80;79;63;94;124;26;86;75;120;44;25;16;171;175;113;56;31;78;145;179;196;81;90;185;40;165;138;14;144;62;9;148;102,3672271222513795685,0.001971
greedy_intra:nodes_start:greedy,50,71944,23629,48315,87436,10,113;175;171;16;25;44;120;75;86;101;124;94;63;79;80;176;133;151;51;118;59;115;46;0;137;23;186;89;183;143;117;93;140;68;139;193;41;5;42;181;159;69;108;18;22;146;34;160;48;54;177;10;190;184;43;116;65;131;149;162;123;127;70;135;154;180;53;100;26;1;97;152;2;129;57;55;52;49;102;148;9;62;144;14;3;178;106;185;40;165;90;81;196;179;92;78;145;157;31;56,5599550118835832213,0.003998
greedy_intra:nodes_start:greedy,51,71833,23710,48123,16055,2,51;118;59;115;46;68;139;193;41;5;42;181;159;69;108;18;22;146;34;160;48;54;177;10;190;4;112;184;43;116;65;149;123;127;162;151;133;135;70;154;180;53;121;100;26;86;75;44;25;16;171;175;113;56;31;78;145;179;196;81;90;40;165;185;106;178;3;14;144;62;9;148;102;49;52;55;92;57;129;82;120;2;101;1;97;152;124;94;63;79;80;176;137;23;186;89;183;143;117;0,1332595582594256241,0.000999
greedy_intra:nodes_start:greedy,52,71391,23329,48062,46384,5,52;106;178;49;102;148;9;62;144;14;138;165;185;40;90;81;196;179;145;78;31;56;113;175;171;16;25;44;120;75;86;101;124;94;63;79;80;176;133;151;51;118;59;115;46;0;137;23;186;89;183;143;117;93;140;68;139;193;41;5;42;181;159;69;108;18;22;146;34;160;48;54;177;10;190;84;184;43;116;65;131;149;162;123;127;70;135;154;180;53;100;26;1;97;152;2;129;92;57;55,7673748235294421716,0.002043
greedy_intra:nodes_start:greedy,53,71633,23063,48570,22698,1,53;158;154;70;135;180;63;79;133;51;118;59;115;46;0;143;117;93;140;68;139;193;41;5;42;181;159;69;108;18;22;146;34;160;48;54;177;184;43;116;65;149;123;127;162;151;80;176;137;23;183;89;186;114;15;9;62;144;14;138;185;40;165;90;81;196;179;145;78;31;56;113;175;171;16;25;44;120;2;129;92;57;55;52;106;178;49;102;148;124;94;152;97;1;101;75;86;26;100;121,1671524856129837785,0.001001
greedy_intra:nodes_start:greedy,54,71698,23134,48564,71369,6,54;48;160;34;181;42;195;146;22;18;108;69;159;193;41;139;68;140;93;117;143;183;89;186;23;137;176;80;79;63;94;124;152;97;1;101;2;120;82;129;92;57;55;52;49;102;148;9;62;144;14;3;178;106;185;40;165;90;81;196;179;145;78;31;56;113;175;171;16;25;44;75;86;26;100;121;53;180;154;135;70;127;123;162;133;151;51;0;46;115;118;59;65;116;43;184;84;190;10;177,445668098994439204,0.003794
greedy_intra:nodes_start:greedy,55,71362,23300,48062,49384,5,55;52;106;178;49;102;148;9;62;144;14;138;165;185;40;90;81;196;179;145;78;31;56;113;175;171;16;25;44;120;75;86;101;124;94;63;79;80;176;133;151;51;118;59;115;46;0;137;23;186;89;183;143;117;93;140;68;139;193;41;5;42;181;159;69;108;18;22;146;34;160;48;54;177;10;190;84;184;43;116;65;131;149;162;123;127;70;135;154;180;53;100;26;97;1;152;2;129;92;57,1339497808204433379,0.002005
greedy_intra:nodes_start:greedy,56,71671,23531,48140,40391,4,56;31;78;145;92;179;196;81;90;165;40;185;106;178;3;14;144;62;9;148;102;49;52;55;57;129;2;152;97;1;101;100;53;180;154;135;70;127;123;162;149;131;65;116;43;184;84;190;10;177;54;48;160;34;146;22;18;108;69;159;181;42;5;41;193;139;68;140;93;117;143;183;89;186;23;137;0;46;115;59;118;51;151;133;176;80;79;63;94;124;26;86;75;120;44;25;16;171;175;113,5257513136052329403,0.002000
greedy_intra:nodes_start:greedy,57,71472,23332,48140,44662,4,57;55;52;49;102;148;9;62;144;14;3;178;106;185;40;165;90;81;196;179;145;78;31;56;113;175;171;16;25;44;120;75;86;101;124;94;63;79;80;176;133;151;51;118;59;115;46;0;137;23;186;89;183;143;117;93;140;68;139;193;41;5;42;181;159;69;108;18;22;146;34;160;48;54;177;10;190;84;184;43;116;65;131;149;162;123;127;70;135;154;180;53;100;26;1;97;152;2;129;92,1020041742366167873,0.003018
greedy_intra:nodes_start:greedy,58,72683,24396,48287,21143,1,58;95;27;90;81;196;157;31;56;113;175;171;16;25;44;120;75;86;26;94;63;79;80;176;133;151;51;118;59;115;46;0;137;23;89;183;143;117;93;140;68;139;193;41;5;42;181;159;69;108;18;22;146;34;160;48;54;177;184;43;116;65;149;162;123;127;70;135;154;180;53;100;101;1;97;152;2;129;57;92;78;145;179;40;185;165;55;52;106;178;49;14;102;148;9;62;144;21;7;164,1687247682222640134,0.000997
greedy_intra:nodes_start:greedy,59,71485,23362,48123,39943,4,59;115;46;68;139;193;41;5;42;181;159;69;108;18;22;146;34;160;48;54;177;10;190;4;112;184;43;116;65;149;123;127;162;151;133;135;70;154;180;53;121;100;26;86;75;44;25;16;171;175;113;56;31;78;145;179;196;81;90;165;40;185;106;178;3;14;144;62;9;148;102;49;52;55;57;92;129;82;120;2;101;1;97;152;124;94;63;79;80;176;137;23;186;89;183;143;117;0;51;118,5421712053235295809,0.001990
greedy_intra:nodes_start:greedy,60,72270,24147,48123,37167,5,68;46;115;139;193;41;5;42;181;159;69;108;18;22;146;34;160;48;54;177;10;112;4;84;184;43;116;65;149;123;127;162;151;133;135;70;154;180;53;121;100;26;86;75;44;25;16;171;175;113;56;31;78;145;179;196;81;90;40;165;185;106;178;3;14;144;62;9;148;102;49;52;55;92;57;129;82;120;2;101;1;97;152;124;94;63;79;80;176;137;23;186;89;183;143;117;0;51;59;118,4143764699507015028,0.002032
greedy_intra:nodes_start:greedy,61,71415,23393,48022,43643,7,15;144;14;138;185;40;165;90;81;196;179;145;78;31;56;113;175;171;16;25;44;120;75;86;101;124;94;63;79;80;176;133;151;51;118;59;115;46;0;137;23;186;89;183;143;117;93;140;68;139;193;41;5;42;181;159;69;108;18;22;146;34;160;48;54;177;10;190;184;43;116;65;131;149;162;123;127;70;135;154;180;53;100;26;1;97;152;2;129;92;57;55;52;106;178;49;102;62;9;148,247410289114249721,0.003028
greedy_intra:nodes_start:greedy,62,71362,23300,48062,47766,5,62;144;14;138;165;185;40;90;81;196;179;145;78;31;56;113;175;171;16;25;44;120;75;86;101;124;94;63;79;80;176;133;151;51;118;59;115;46;0;137;23;186;89;183;143;117;93;140;68;139;193;41;5;42;181;159;69;108;18;22;146;34;160;48;54;177;10;190;84;184;43;116;65;131;149;162;123;127;70;135;154;180;53;100;26;97;1;152;2;129;92;57;55;52;106;178;49;102;148;9,1562779437984022506,0.002058
greedy_intra:nodes_start:greedy,63,71688,23118,48570,21686,1,63;180;135;70;154;158;53;121;100;26;86;75;101;1;97;152;94;124;148;102;49;178;106;52;55;57;92;129;2;120;44;25;16;171;175;113;56;31;78;145;179;196;81;90;40;185;165;138;14;144;62;9;15;114;186;89;183;23;137;176;80;151;162;127;123;149;65;116;43;184;177;54;48;160;34;146;22;18;108;69;159;181;42;5;41;193;139;68;140;93;117;143;0;46;115;59;118;51;133;79,5295116823254447099,0.002000
greedy_intra:nodes_start:greedy,64,72311,22792,49519,24322,1,64;114;186;89;183;23;137;176;80;151;162;123;149;65;116;43;184;177;54;48;160;34;146;22;18;108;69;159;181;42;5;41;193;139;68;140;93;117;143;0;46;115;59;118;51;133;79;63;180;135;70;154;158;53;121;100;26;86;75;101;1;97;152;94;124;148;9;62;102;49;178;106;52;55;57;92;129;2;120;44;25;16;171;175;113;56;31;78;145;179;196;81;90;40;185;165;138;14;144;15,2676200164293626814,0.001001
greedy_intra:nodes_start:greedy,65,71833,23710,48123,24492,2,65;149;123;127;162;151;133;135;70;154;180;53;121;100;26;86;75;44;25;16;171;175;113;56;31;78;145;179;196;81;90;40;165;185;106;178;3;14;144;62;9;148;102;49;52;55;92;57;129;82;120;2;101;1;97;152;124;94;63;79;80;176;137;23;186;89;183;143;117;0;51;118;59;115;46;68;139;193;41;5;42;181;159;69;108;18;22;146;34;160;48;54;177;10;190;4;112;184;43;116,558402662718751580,0.000971
greedy_intra:nodes_start:greedy,66,72330,23840,48490,42571,5,23;51;118;59;115;46;0;89;183;143;117;93;140;68;139;193;41;5;42;181;159;69;108;18;22;146;34;160;48;54;177;10;190;84;184;43;116;65;149;123;127;162;151;133;135;70;154;180;53;121;100;26;86;75;44;25;16;171;175;113;56;31;78;145;179;196;81;90;165;40;185;106;178;3;14;144;62;9;148;102;49;52;55;57;92;129;82;120;2;101;1;97;152;124;94;63;79;80;176;137,4574347247581541077,0.012131
greedy_intra:nodes_start:greedy,67,72215,23047,49168,42831,5,36;108;69;18;22;146;159;193;41;5;42;181;34;160;48;54;177;10;190;84;184;43;116;65;149;123;127;162;151;133;135;70;154;180;53;121;100;26;86;75;44;25;16;171;175;113;56;31;78;145;179;196;81;90;40;165;185;106;178;3;14;144;62;9;148;102;49;52;55;57;92;129;82;120;2;101;1;97;152;124;94;63;79;80;176;137;51;118;59;115;139;68;46;0;89;183;143;117;93;140,3011323721566820795,0.002000
greedy_intra:nodes_start:greedy,68,71833,23710,48123,14753,2,68;46;115;59;118;51;0;117;143;183;89;186;23;137;176;80;79;63;94;124;152;97;1;101;2;120;82;129;57;92;55;52;49;102;148;9;62;144;14;3;178;106;185;165;40;90;81;196;179;145;78;31;56;113;175;171;16;25;44;75;86;26;100;121;53;180;154;70;135;133;151;162;127;123;149;65;116;43;184;112;4;190;10;177;54;48;160;34;146;22;18;108;69;159;181;42;5;41;193;139,8939154609190966310,0.001001
greedy_intra:nodes_start:greedy,69,71759,22908,48851,35449,4,69;108;18;199;22;146;159;193;41;5;42;181;34;160;48;54;177;10;190;84;184;43;116;65;149;123;127;162;151;133;135;70;154;180;53;121;100;26;86;75;44;25;16;171;175;113;56;31;78;145;179;196;81;90;165;40;185;106;178;3;14;144;62;9;148;102;49;52;55;57;92;129;82;120;2;101;1;97;152;124;94;63;79;80;176;137;23;186;89;183;143;117;0;51;118;59;115;46;68;139,3743969583024511012,0.003000
greedy_intra:nodes_start:greedy,70,71688,23118,48570,23326,1,70;154;158;53;121;100;26;86;75;101;1;97;152;94;124;148;102;49;178;106;52;55;57;92;129;2;120;44;25;16;171;175;113;56;31;78;145;179;196;81;90;40;185;165;138;14;144;62;9;15;114;186;89;183;23;137;176;80;151;162;127;123;149;65;116;43;184;177;54;48;160;34;146;22;18;108;69;159;181;42;5;41;193;139;68;140;93;117;143;0;46;115;59;118;51;133;79;63;180;135,3803568455667614129,0.006002
greedy_intra:nodes_start:greedy,71,72157,23629,48528,16493,1,58;164;7;95;39;165;138;14;144;62;9;148;102;49;178;106;52;55;57;92;129;2;152;97;1;101;100;53;180;154;135;70;127;123;162;149;65;116;43;184;177;54;48;160;34;146;22;18;108;69;159;181;42;5;41;193;139;68;140;93;117;143;183;89;23;137;0;46;115;59;118;51;151;133;176;80;79;63;94;26;86;75;120;44;25;16;171;175;113;56;31;78;145;179;196;81;185;40;90;27,3862133400013345845,0.000999
greedy_intra:nodes_start:greedy,72,72050,23180,48870,38667,4,109;51;0;117;143;183;89;186;23;137;176;80;79;63;94;124;152;97;1;101;2;120;82;129;92;57;55;52;49;102;148;9;62;144;14;3;178;106;185;165;40;90;81;196;179;145;78;31;56;113;175;171;16;25;44;75;86;26;100;121;53;180;154;70;135;133;151;162;127;123;149;65;116;43;184;84;190;10;177;54;48;160;34;146;22;18;108;69;159;181;42;5;41;193;139;68;46;115;59;118,812603030611687129,0.001999
greedy_intra:nodes_start:greedy,73,71879,23766,48113,51289,6,114;15;148;9;62;102;49;178;106;52;55;57;92;129;2;152;1;97;26;100;53;180;154;135;70;127;123;162;149;131;65;116;43;184;10;177;54;48;160;34;146;22;18;108;69;159;181;42;5;41;193;139;68;140;93;117;143;183;89;186;23;137;0;46;115;59;118;51;151;133;176;80;79;63;94;124;101;86;75;120;44;25;16;171;175;113;56;31;78;145;179;196;81;90;40;185;165;138;14;144,5648110347204360851,0.003001
greedy_intra:nodes_start:greedy,74,71853,23212,48641,81808,8,152;1;101;75;86;53;154;70;135;180;63;79;133;51;118;59;115;46;0;143;117;93;140;68;139;193;41;5;42;181;159;69;108;18;22;146;34;160;48;54;177;184;43;116;65;149;123;127;162;151;80;176;137;23;183;89;186;114;15;9;62;144;14;138;185;40;165;90;81;196;179;145;78;31;56;113;175;171;16;25;44;120;2;129;92;57;55;52;106;178;49;102;148;124;94;189;121;100;26;97,2870196328278436630,0.004997
greedy_intra:nodes_start:greedy,75,71730,23388,48342,80938,8,75;44;25;16;171;175;113;56;31;78;145;179;196;81;90;165;40;185;106;178;3;14;144;62;9;148;102;49;52;55;57;92;129;82;120;2;101;1;97;26;100;53;180;154;135;70;127;123;162;149;131;65;116;43;184;190;10;177;54;48;160;34;146;22;18;108;69;159;181;42;5;41;193;139;68;140;93;117;143;183;89;186;23;137;0;46;115;59;118;51;151;133;176;80;79;63;94;124;152;86,4827616028736688815,0.003999
greedy_intra:nodes_start:greedy,76,72284,23885,48399,44393,7,0;176;80;151;162;127;123;149;65;116;43;184;10;177;54;48;160;34;146;22;18;108;69;159;181;42;5;41;193;139;68;46;115;59;118;51;133;79;63;180;135;70;154;158;53;121;100;26;86;75;101;1;97;152;94;124;148;102;49;178;106;52;55;57;92;129;2;120;44;25;16;171;175;113;56;31;78;145;179;196;81;90;165;40;185;138;14;144;62;9;15;114;186;137;23;89;183;143;117;93,5645106831375744219,0.003001
greedy_intra:nodes_start:greedy,77,71717,23299,48418,58790,7,116;43;184;190;10;177;54;48;160;34;146;22;18;108;69;159;181;42;5;41;193;139;68;140;93;117;143;183;89;186;23;137;176;80;79;63;94;124;152;97;1;101;2;120;82;129;92;57;55;52;49;102;148;9;62;144;14;3;178;106;185;40;165;90;81;196;179;145;78;31;56;113;175;171;16;25;44;75;86;26;100;121;53;180;154;135;70;127;123;162;133;151;51;0;46;115;118;59;149;65,5172823826909128292,0.003694
greedy_intra:nodes_start:greedy,78,71427,23287,48140,78959,8,78;31;56;113;175;171;16;25;44;120;75;86;152;124;94;63;79;80;176;133;151;51;118;59;115;46;0;137;23;186;89;183;143;117;93;140;68;139;193;41;5;42;181;159;69;108;18;22;146;34;160;48;54;177;10;190;84;184;43;116;65;131;149;162;123;127;70;135;154;180;53;100;26;97;1;101;2;129;92;57;55;52;49;102;148;9;62;144;14;3;178;106;185;40;165;90;81;196;179;145,3886215635629525,0.003353
greedy_intra:nodes_start:greedy,79,71967,23081,48886,42642,3,79;80;176;133;151;51;118;59;115;46;0;137;23;186;89;183;143;117;93;140;68;139;193;41;5;42;181;159;69;108;18;22;146;34;160;48;54;177;184;43;116;65;131;149;162;123;127;70;135;180;154;158;53;121;100;26;86;75;44;25;16;171;175;113;56;31;78;145;179;196;81;90;165;40;185;106;178;3;14;144;62;9;148;102;49;52;55;57;92;129;82;120;2;101;1;97;152;124;94;63,3141217726854702508,0.001513
greedy_intra:nodes_start:greedy,80,71925,23363,48562,13773,1,80;79;63;94;124;152;97;1;101;2;120;82;129;57;92;55;52;49;102;148;9;62;144;14;3;178;106;185;165;40;90;81;196;179;145;78;31;56;113;175;171;16;25;44;75;86;26;100;121;53;180;154;135;70;127;123;162;133;151;149;131;65;116;43;184;84;190;10;177;54;48;160;34;146;22;18;108;69;159;181;42;5;41;193;139;68;46;115;59;118;51;0;117;143;183;89;186;23;137;176,7291202826072596394,0.000967
greedy_intra:nodes_start:greedy,81,71562,23500,48062,21018,2,81;196;40;185;179;145;78;31;56;113;175;171;16;25;44;120;75;86;26;124;94;63;79;80;176;133;151;51;118;59;115;46;0;137;23;186;89;183;143;117;93;140;68;139;193;41;5;42;181;159;69;108;18;22;146;34;160;48;54;177;10;190;84;184;43;116;65;131;149;162;123;127;70;135;154;180;53;100;101;1;97;152;2;129;92;57;55;52;106;178;49;102;148;9;62;144;14;138;165;90,3501626520969035763,0.002135
greedy_intra:nodes_start:greedy,82,71805,23463,48342,45974,5,82;2;75;86;26;124;94;63;79;80;176;133;151;51;118;59;115;46;0;137;23;186;89;183;143;117;93;140;68;139;193;41;5;42;181;159;69;108;18;22;146;34;160;48;54;177;10;190;184;43;116;65;131;149;162;123;127;70;135;154;180;53;100;101;1;97;152;129;92;57;55;52;49;102;148;9;62;144;14;3;178;106;185;40;165;90;81;196;179;145;78;31;56;113;175;171;16;25;44;120,77347050279455802,0.016001
greedy_intra:nodes_start:greedy,83,71068,22772,48296,64775,7,114;89;183;143;117;0;46;68;139;115;41;193;5;42;181;159;69;108;18;22;146;34;160;48;54;177;10;4;112;84;184;43;116;65;59;118;51;151;133;162;123;127;70;135;154;180;53;121;100;26;86;75;44;25;16;171;175;113;56;31;78;145;179;196;81;90;165;40;185;106;178;3;14;144;62;9;148;102;49;52;55;57;92;129;82;120;2;101;1;97;152;124;94;63;79;80;176;137;23;186,4211140513263878301,0.003998
greedy_intra:nodes_start:greedy,84,71642,23392,48250,37889,3,84;4;112;127;123;162;151;133;135;70;154;180;53;121;100;26;86;75;44;25;16;171;175;113;56;31;78;145;179;196;81;90;40;165;185;106;178;3;14;144;62;9;148;102;49;52;55;57;92;129;82;120;2;101;1;97;152;124;94;63;79;80;176;137;23;186;89;183;143;117;0;51;118;59;115;139;68;46;65;116;43;42;5;41;193;159;69;108;18;22;146;181;34;160;48;54;177;10;184;35,4351139883179782721,0.002999
greedy_intra:nodes_start:greedy,85,72017,23702,48315,55791,6,157;145;179;196;81;90;165;40;185;106;178;3;14;144;62;9;148;102;49;52;55;57;92;129;2;152;97;1;26;100;53;180;154;135;70;127;123;162;149;131;65;116;43;184;190;10;177;54;48;160;34;146;22;18;108;69;159;181;42;5;41;193;139;68;140;93;117;143;183;89;186;23;137;0;46;115;59;118;51;151;133;176;80;79;63;94;124;101;86;75;120;44;25;78;31;16;171;175;113;56,4264666599627158009,0.005001
greedy_intra:nodes_start:greedy,86,71633,23063,48570,24858,1,86;75;101;1;97;152;94;124;148;102;49;178;106;52;55;57;92;129;2;120;44;25;16;171;175;113;56;31;78;145;179;196;81;90;165;40;185;138;14;144;62;9;15;114;186;89;183;23;137;176;80;151;162;127;123;149;65;116;43;184;177;54;48;160;34;146;22;18;108;69;159;181;42;5;41;193;139;68;140;93;117;143;0;46;115;59;118;51;133;79;63;180;135;70;154;158;53;121;100;26,3872894135892492359,0.002001
greedy_intra:nodes_start:greedy,87,72651,23571,49080,58579,7,74;2;120;82;129;57;92;55;52;49;102;148;9;62;144;14;3;178;106;185;40;165;90;81;196;179;145;78;31;56;113;175;171;16;25;44;75;86;101;124;94;63;79;80;176;133;151;51;118;59;115;46;0;137;23;186;89;183;143;117;93;140;68;139;193;41;5;42;181;159;69;108;18;22;146;34;160;48;54;177;10;184;43;116;65;131;149;162;123;127;70;135;154;180;53;100;26;97;1;152,8080591632603549650,0.005002
greedy_intra:nodes_start:greedy,88,71903,23561,48342,94302,10,25;44;82;120;75;86;152;124;94;63;79;80;176;133;151;51;118;59;115;46;0;137;23;186;89;183;143;117;93;140;68;139;193;41;5;42;181;159;69;108;18;22;146;34;160;48;54;177;10;190;184;43;116;65;131;149;162;123;127;70;135;154;180;53;100;26;97;1;101;2;129;57;55;52;49;102;148;9;62;144;14;3;178;106;185;40;165;90;81;196;179;92;145;78;31;56;113;175;171;16,4756333168081895402,0.012000
greedy_intra:nodes_start:greedy,89,71010,22510,48500,28750,2,89;186;23;137;176;80;79;63;94;124;152;97;1;101;2;120;82;129;92;57;55;52;49;102;148;9;62;144;14;3;178;106;185;165;40;90;81;196;179;145;78;31;56;113;175;171;16;25;44;75;86;26;100;121;53;180;154;135;70;127;123;162;133;151;51;118;59;65;116;43;184;84;190;10;177;54;48;160;34;146;22;18;108;69;159;181;42;5;115;41;193;139;46;68;140;93;117;0;143;183,1930069899886888864,0.002996
greedy_intra:nodes_start:greedy,90,71605,23543,48062,18496,1,90;40;185;81;196;179;145;78;31;56;113;175;171;16;25;44;120;75;86;26;124;94;63;79;80;176;133;151;51;118;59;115;46;0;137;23;186;89;183;143;117;93;140;68;139;193;41;5;42;181;159;69;108;18;22;146;34;160;48;54;177;10;190;84;184;43;116;65;131;149;162;123;127;70;135;154;180;53;100;101;1;97;152;2;129;92;57;55;52;106;178;49;102;148;9;62;144;14;138;165,4288354861582113721,0.010002
greedy_intra:nodes_start:greedy,91,71945,23630,48315,27203,4,157;179;145;78;31;56;113;175;171;16;25;44;120;75;86;26;124;94;63;79;80;176;133;151;51;118;59;115;46;0;137;23;186;89;183;143;117;93;140;68;139;193;41;5;42;181;159;69;108;18;22;146;34;160;48;54;177;10;190;184;43;116;65;131;149;162;123;127;70;135;154;180;53;100;101;1;97;152;2;129;92;57;55;52;49;102;148;9;62;144;14;3;178;106;185;165;40;90;81;196,6311250107479745381,0.009002
greedy_intra:nodes_start:greedy,92,71474,23334,48140,48276,5,57;55;52;49;102;148;9;62;144;14;3;178;106;185;40;165;90;81;196;179;145;78;31;56;113;175;171;16;25;44;120;75;86;26;124;94;63;79;80;176;133;151;51;118;59;115;46;0;137;23;186;89;183;143;117;93;140;68;139;193;41;5;42;181;159;69;108;18;22;146;34;160;48;54;177;10;190;84;184;43;116;65;131;149;162;123;127;70;135;154;180;53;100;101;1;97;152;2;129;92,3803067133262887238,0.004001
greedy_intra:nodes_start:greedy,93,71657,23407,48250,27473,4,93;140;108;69;18;22;146;159;193;41;5;42;181;34;160;48;54;177;10;4;112;84;184;43;116;65;149;123;127;162;151;133;135;70;154;180;53;121;100;26;86;75;44;25;16;171;175;113;56;31;78;145;179;196;81;90;40;165;185;106;178;3;14;144;62;9;148;102;49;52;55;57;92;129;82;120;2;101;1;97;152;124;94;63;79;80;176;137;51;118;59;115;139;46;68;0;89;183;143;117,2118504226198235627,0.003002
greedy_intra:nodes_start:greedy,94,71750,23180,48570,12450,0,94;152;97;1;101;75;86;26;100;121;53;158;154;70;135;180;63;79;133;51;118;59;115;46;0;143;117;93;140;68;139;193;41;5;42;181;159;69;108;18;22;146;34;160;48;54;177;184;43;116;65;149;123;127;162;151;80;176;137;23;183;89;186;114;15;9;62;144;14;138;165;40;185;90;81;196;179;145;78;31;56;113;175;171;16;25;44;120;2;129;92;57;55;52;106;178;49;102;148;124,6274267945558324792,0.000000
greedy_intra:nodes_start:greedy,95,72157,23629,48528,15449,1,95;7;164;58;27;90;40;185;81;196;179;145;78;31;56;113;175;171;16;25;44;120;75;86;26;94;63;79;80;176;133;151;51;118;59;115;46;0;137;23;89;183;143;117;93;140;68;139;193;41;5;42;181;159;69;108;18;22;146;34;160;48;54;177;184;43;116;65;149;162;123;127;70;135;154;180;53;100;101;1;97;152;2;129;92;57;55;52;106;178;49;102;148;9;62;144;14;138;165;39,983931779094263121,0.000999
greedy_intra:nodes_start:greedy,96,71299,23176,48123,60128,6,5;43;116;65;149;123;127;162;151;133;135;70;154;180;53;121;100;26;86;75;44;25;16;171;175;113;56;31;78;145;179;196;81;90;165;40;185;106;178;3;14;144;62;9;148;102;49;52;55;57;92;129;82;120;2;101;1;97;152;124;94;63;79;80;176;137;23;186;89;183;143;117;0;51;118;59;115;46;68;139;41;193;159;69;108;18;22;146;181;34;160;48;54;177;10;4;112;84;184;42,2544638003610266256,0.003000
greedy_intra:nodes_start:greedy,97,71666,23477,48189,35574,3,97;152;1;101;75;86;53;154;70;135;180;63;79;133;51;118;59;115;46;0;143;117;93;140;68;139;193;41;5;42;181;159;69;108;18;22;146;34;160;48;54;177;10;184;43;116;65;149;123;127;162;151;80;176;137;23;183;89;186;114;15;9;62;144;14;138;185;40;165;90;81;196;179;145;78;31;56;113;175;171;16;25;44;120;2;129;92;57;55;52;106;178;49;102;148;124;94;121;100;26,6201525436764741882,0.003001
greedy_intra:nodes_start:greedy,98,72707,24102,48605,39644,5,81;40;90;27;164;39;165;119;185;106;178;3;14;144;62;9;148;102;49;52;55;57;129;92;179;145;78;82;2;152;97;1;101;100;53;180;154;135;70;127;123;162;149;65;116;43;184;177;54;48;160;34;146;22;18;108;69;159;181;42;5;41;193;139;68;140;93;117;143;183;89;23;137;0;46;115;59;118;51;151;133;176;80;79;63;94;26;86;75;120;44;25;16;171;175;113;56;31;157;196,5309378984514241198,0.002999
greedy_intra:nodes_start:greedy,99,71805,23235,48570,47766,6,121;100;26;97;86;75;101;1;152;94;124;148;102;49;178;106;52;55;57;92;129;2;120;44;25;16;171;175;113;56;31;78;145;179;196;81;90;40;185;165;138;14;144;62;9;15;114;186;89;183;23;137;176;80;151;162;127;123;149;65;116;43;184;177;54;48;160;34;146;22;18;108;69;159;181;42;5;41;193;139;68;140;93;117;143;0;46;115;59;118;51;133;79;63;180;135;70;154;158;53,3250870239420200802,0.004001
greedy_intra:nodes_start:greedy,100,71750,23180,48570,12480,0,100;26;86;75;101;1;97;152;94;124;148;102;49;178;106;52;55;57;92;129;2;120;44;25;16;171;175;113;56;31;78;145;179;196;81;90;185;40;165;138;14;144;62;9;15;114;186;89;183;23;137;176;80;151;162;127;123;149;65;116;43;184;177;54;48;160;34;146;22;18;108;69;159;181;42;5;41;193;139;68;140;93;117;143;0;46;115;59;118;51;133;79;63;180;135;70;154;158;53;121,8521292767224624145,0.000000
greedy_intra:nodes_start:greedy,101,71783,23594,48189,17632,2,101;1;152;97;26;100;121;94;124;148;102;49;178;106;52;55;57;92;129;2;120;44;25;16;171;175;113;56;31;78;145;179;196;81;90;185;40;165;138;14;144;62;9;15;114;186;89;183;23;137;176;80;151;162;127;123;149;65;116;43;184;10;177;54;48;160;34;146;22;18;108;69;159;181;42;5;41;193;139;68;140;93;117;143;0;46;115;59;118;51;133;79;63;180;135;70;154;53;86;75,667682491358180842,0.002001
greedy_intra:nodes_start:greedy,102,71291,23229,48062,63488,5,102;148;9;62;144;14;138;185;40;165;90;81;196;179;145;78;31;56;113;175;171;16;25;44;120;75;86;152;124;94;63;79;80;176;133;151;51;118;59;115;46;0;137;23;186;89;183;143;117;93;140;68;139;193;41;5;42;181;159;69;108;18;22;146;34;160;48;54;177;10;190;84;184;43;116;65;131;149;162;123;127;70;135;154;180;53;100;26;97;1;101;2;129;92;57;55;52;106;178;49,6310235394407472944,0.005105
greedy_intra:nodes_start:greedy,103,71022,23049,47973,37724,4,181;34;160;48;54;177;10;190;4;112;84;184;42;43;116;65;149;123;127;162;151;133;135;70;154;180;53;121;100;26;86;75;44;25;16;171;175;113;56;31;78;145;179;196;81;90;165;40;185;106;178;3;14;144;62;9;148;102;49;52;55;57;92;129;82;120;2;101;1;97;152;124;94;63;79;80;176;137;23;186;89;183;143;117;0;51;118;59;115;46;68;139;41;193;159;69;108;18;22;146,6597026623511897869,0.001999
greedy_intra:nodes_start:greedy,104,71640,22982,48658,88174,11,30;54;48;34;160;42;181;195;146;22;18;108;69;159;193;41;139;68;140;93;117;143;183;89;186;23;137;176;80;79;63;94;124;152;97;1;101;2;120;82;129;92;57;55;52;49;102;148;9;62;144;14;3;178;106;185;40;165;90;81;196;179;145;78;31;56;113;175;171;16;25;44;75;86;26;100;121;53;180;154;135;70;127;123;162;133;151;51;0;46;115;118;59;65;116;43;184;190;10;177,6314040780814872430,0.004999
greedy_intra:nodes_start:greedy,105,72233,23501,48732,28429,3,47;116;43;184;84;190;10;177;54;48;160;34;146;22;18;108;69;159;181;42;5;41;193;139;68;46;115;118;59;51;0;117;143;183;89;186;23;137;176;80;79;63;94;124;152;97;1;101;2;120;82;129;57;92;55;52;49;102;148;9;62;144;14;3;178;106;185;165;40;90;81;196;179;145;78;31;56;113;175;171;16;25;44;75;86;26;100;121;53;180;154;70;135;133;151;162;127;123;149;65,7260599766368959104,0.001001
greedy_intra:nodes_start:greedy,106,71362,23300,48062,53013,4,106;178;49;102;148;9;62;144;14;138;165;185;40;90;81;196;179;145;78;31;56;113;175;171;16;25;44;120;75;86;101;124;94;63;79;80;176;133;151;51;118;59;115;46;0;137;23;186;89;183;143;117;93;140;68;139;193;41;5;42;181;159;69;108;18;22;146;34;160;48;54;177;10;190;84;184;43;116;65;131;149;162;123;127;70;135;154;180;53;100;26;97;1;152;2;129;92;57;55;52,197484750582847415,0.003522
greedy_intra:nodes_start:greedy,107,72157,23629,48528,40368,4,27;58;164;7;95;39;165;138;14;144;62;9;148;102;49;178;106;52;55;57;92;129;2;152;97;1;101;100;53;180;154;135;70;127;123;162;149;65;116;43;184;177;54;48;160;34;146;22;18;108;69;159;181;42;5;41;193;139;68;140;93;117;143;183;89;23;137;0;46;115;59;118;51;151;133;176;80;79;63;94;26;86;75;120;44;25;16;171;175;113;56;31;78;145;179;196;81;185;40;90,4789007928067294111,0.001997
greedy_intra:nodes_start:greedy,108,71906,23055,48851,30827,3,108;69;139;68;46;115;59;118;51;0;117;143;183;89;186;23;137;176;80;79;63;94;124;152;97;1;101;2;120;82;129;92;57;55;52;49;102;148;9;62;144;14;3;178;106;185;165;40;90;81;196;179;145;78;31;56;113;175;171;16;25;44;75;86;26;100;121;53;180;154;70;135;133;151;162;127;123;149;65;116;43;184;84;190;10;177;54;48;160;34;181;42;5;41;193;159;146;22;199;18,5674852707640446574,0.004000
greedy_intra:nodes_start:greedy,109,72066,23466,48600,34062,3,109;118;115;46;68;139;193;41;5;42;181;159;69;108;18;22;146;34;160;48;54;177;10;190;4;112;184;43;116;65;59;151;133;162;123;127;70;135;154;180;53;121;100;26;86;75;44;25;16;171;175;113;56;31;78;145;179;196;81;90;40;165;185;106;178;3;14;144;62;9;148;102;49;52;55;92;57;129;82;120;2;101;1;97;152;124;94;63;79;80;176;137;23;186;89;183;143;117;0;51,1666837878243871561,0.002001
greedy_intra:nodes_start:greedy,110,72165,23366,48799,37666,4,139;193;41;5;42;181;159;69;108;18;22;146;34;160;48;54;177;10;190;84;184;43;116;65;149;123;127;162;151;133;135;70;154;180;53;121;100;26;86;75;44;25;16;171;175;113;56;31;78;145;179;196;81;90;165;40;185;106;178;3;14;144;62;9;148;102;49;52;55;92;57;129;82;120;2;101;1;97;152;124;94;63;79;80;176;137;23;186;89;183;143;117;0;51;118;59;115;46;68;198,4900566201852902079,0.004000
greedy_intra:nodes_start:greedy,111,72508,23912,48596,28370,2,167;148;9;62;102;144;14;49;178;106;165;39;95;164;27;90;81;196;40;185;52;55;57;129;92;179;145;78;31;56;113;175;171;16;25;44;120;2;152;97;1;101;75;86;26;100;121;53;158;154;70;135;180;63;79;133;51;118;59;115;46;0;89;183;143;117;93;140;68;139;193;41;5;42;181;159;69;108;18;22;146;34;160;48;54;177;184;43;116;65;149;123;127;162;151;80;176;137;94;124,1727607101458494637,0.001999
greedy_intra:nodes_start:greedy,112,71495,23245,48250,30976,4,112;4;84;35;184;10;177;54;48;160;34;181;146;22;18;108;69;159;193;41;5;42;43;116;65;46;68;139;115;59;118;51;0;117;143;183;89;186;23;137;176;80;79;63;94;124;152;97;1;101;2;120;82;129;92;57;55;52;49;102;148;9;62;144;14;3;178;106;185;40;165;90;81;196;179;145;78;31;56;113;175;171;16;25;44;75;86;26;100;121;53;180;154;70;135;133;151;162;123;127,3083047210185133595,0.003999
greedy_intra:nodes_start:greedy,113,71934,23794,48140,20245,3,113;56;31;145;78;92;179;196;81;90;40;165;185;106;178;3;14;144;62;9;148;102;49;52;55;57;129;2;152;97;1;101;100;53;180;154;135;70;127;123;162;149;131;65;116;43;184;84;190;10;177;54;48;160;34;146;22;18;108;69;159;181;42;5;41;193;139;68;140;93;117;143;183;89;186;23;137;0;46;115;59;118;51;151;133;176;80;79;63;94;124;26;86;75;120;44;25;16;171;175,6571164614383334116,0.001003
greedy_intra:nodes_start:greedy,114,71682,23112,48570,12453,0,114;186;89;183;23;137;176;80;151;162;127;123;149;65;116;43;184;177;54;48;160;34;146;22;18;108;69;159;181;42;5;41;193;139;68;140;93;117;143;0;46;115;59;118;51;133;79;63;180;135;70;154;158;53;121;100;26;86;75;101;1;97;152;94;124;148;9;62;102;49;178;106;52;55;57;92;129;2;120;44;25;16;171;175;113;56;31;78;145;179;196;81;90;185;40;165;138;14;144;15,6950557283376004632,0.000999
greedy_intra:nodes_start:greedy,115,71837,23714,48123,22603,3,115;59;118;51;0;117;143;183;89;186;23;137;176;80;79;63;94;124;152;97;1;101;2;120;82;129;57;92;55;52;49;102;148;9;62;144;14;3;178;106;185;165;40;90;81;196;179;145;78;31;56;113;175;171;16;25;44;75;86;26;100;121;53;180;154;70;135;133;151;162;127;123;149;65;116;43;184;84;112;4;10;177;54;48;160;34;146;22;18;108;69;159;181;42;5;41;193;139;68;46,3585936362005804574,0.000999
greedy_intra:nodes_start:greedy,116,71636,23513,48123,33784,4,116;43;184;84;112;4;10;177;54;48;160;34;146;22;18;108;69;159;181;42;5;41;193;139;68;46;115;59;118;51;0;117;143;183;89;186;23;137;176;80;79;63;94;124;152;97;1;101;2;120;82;129;92;57;55;52;49;102;148;9;62;144;14;3;178;106;185;165;40;90;81;196;179;145;78;31;56;113;175;171;16;25;44;75;86;26;100;121;53;180;154;70;135;133;151;162;127;123;149;65,2164303000015970460,0.004002
greedy_intra:nodes_start:greedy,117,70693,22488,48205,50675,4,117;0;46;68;139;115;41;193;5;42;181;159;69;108;18;22;146;34;160;48;54;177;10;190;4;112;84;184;43;116;65;59;118;51;151;133;162;123;127;70;135;154;180;53;121;100;26;86;75;44;25;16;171;175;113;56;31;78;145;179;196;81;90;165;40;185;106;178;3;14;144;62;9;148;102;49;52;55;57;92;129;82;120;2;101;1;97;152;124;94;63;79;80;176;137;23;186;89;183;143,3632032815260142960,0.002513
greedy_intra:nodes_start:greedy,118,71690,23567,48123,52924,5,59;115;46;68;139;193;41;5;42;181;159;69;108;18;22;146;34;160;48;54;177;10;4;112;84;184;43;116;65;149;123;127;162;151;133;135;70;154;180;53;121;100;26;86;75;44;25;16;171;175;113;56;31;78;145;179;196;81;90;165;40;185;106;178;3;14;144;62;9;148;102;49;52;55;92;57;129;82;120;2;101;1;97;152;124;94;63;79;80;176;137;23;186;89;183;143;117;0;51;118,7588186555077826206,0.003000
greedy_intra:nodes_start:greedy,119,71404,23209,48195,25813,2,119;40;185;90;81;196;179;145;78;31;56;113;175;171;16;25;44;120;75;86;26;124;94;63;79;80;176;133;151;51;118;59;115;46;0;137;23;186;89;183;143;117;93;140;68;139;193;41;5;42;181;159;69;108;18;22;146;34;160;48;54;177;10;190;184;43;116;65;131;149;162;123;127;70;135;154;180;53;100;101;1;97;152;2;129;92;57;55;52;106;178;49;102;148;9;62;144;14;138;165,5831936692217783217,0.002999
greedy_intra:nodes_start:greedy,120,71443,23303,48140,60930,7,120;75;86;101;124;94;63;79;80;176;133;151;51;118;59;115;46;0;137;23;186;89;183;143;117;93;140;68;139;193;41;5;42;181;159;69;108;18;22;146;34;160;48;54;177;10;190;84;184;43;116;65;131;149;162;123;127;70;135;154;180;53;100;26;97;1;152;2;129;92;57;55;52;49;102;148;9;62;144;14;3;178;106;185;40;165;90;81;196;179;145;78;31;56;113;175;171;16;25;44,9119919372461361884,0.006003
greedy_intra:nodes_start:greedy,121,71805,23235,48570,22762,1,121;100;26;97;86;75;101;1;152;94;124;148;102;49;178;106;52;55;57;92;129;2;120;44;25;16;171;175;113;56;31;78;145;179;196;81;90;40;185;165;138;14;144;62;9;15;114;186;89;183;23;137;176;80;151;162;127;123;149;65;116;43;184;177;54;48;160;34;146;22;18;108;69;159;181;42;5;41;193;139;68;140;93;117;143;0;46;115;59;118;51;133;79;63;180;135;70;154;158;53,6208686224003569270,0.001002
greedy_intra:nodes_start:greedy,122,72141,22931,49210,54181,4,122;176;80;79;133;151;51;118;59;115;46;0;137;23;89;183;143;117;93;140;68;139;193;41;5;42;181;159;69;108;18;22;146;34;160;48;54;177;184;43;116;65;131;149;162;123;127;70;135;154;180;158;53;121;100;26;86;75;44;25;16;171;175;113;56;31;78;145;179;196;81;90;165;40;185;106;178;3;14;144;62;9;148;102;49;52;55;57;92;129;82;120;2;101;1;97;152;124;94;63,2256539445461838321,0.003003
greedy_intra:nodes_start:greedy,123,71778,23216,48562,32563,2,123;162;133;151;149;131;65;116;43;184;84;190;10;177;54;48;160;34;146;22;18;108;69;159;181;42;5;41;193;139;68;46;115;59;118;51;0;117;143;183;89;186;23;137;176;80;79;63;94;124;152;97;1;101;2;120;82;129;57;92;55;52;49;102;148;9;62;144;14;3;178;106;185;40;165;90;81;196;179;145;78;31;56;113;175;171;16;25;44;75;86;26;100;121;53;180;154;135;70;127,562645461002230163,0.001998
greedy_intra:nodes_start:greedy,124,71744,23174,48570,23150,1,124;152;97;1;101;75;86;26;100;121;53;158;154;70;135;180;63;79;133;51;118;59;115;46;0;143;117;93;140;68;139;193;41;5;42;181;159;69;108;18;22;146;34;160;48;54;177;184;43;116;65;149;123;127;162;151;80;176;137;23;183;89;186;114;15;9;62;144;14;138;185;40;165;90;81;196;179;145;78;31;56;113;175;171;16;25;44;120;2;129;92;57;55;52;106;178;49;102;148;94,725169200964130505,0.001002
greedy_intra:nodes_start:greedy,125,72984,23503,49481,47650,4,74;2;120;82;129;92;57;179;145;78;31;56;113;175;171;16;25;44;75;86;53;154;70;135;180;63;79;133;51;118;59;115;46;0;143;117;93;140;68;139;193;41;5;42;181;159;69;108;18;22;146;34;160;48;54;177;184;43;116;65;149;123;162;151;80;176;137;23;183;89;186;114;15;9;62;144;14;138;165;90;81;196;40;185;55;52;106;178;49;102;148;124;94;121;100;26;97;101;1;152,990421905389423749,0.003001
greedy_intra:nodes_start:greedy,126,71710,23103,48607,60615,6,131;112;4;84;35;184;177;54;48;160;34;181;146;22;18;108;69;159;193;41;5;42;43;116;65;46;68;139;115;59;118;51;0;117;143;183;89;186;23;137;176;80;79;63;94;124;152;97;1;101;2;120;82;129;92;57;55;52;49;102;148;9;62;144;14;3;178;106;185;40;165;90;81;196;179;145;78;31;56;113;175;171;16;25;44;75;86;26;100;121;53;180;154;70;135;133;151;162;123;149,6255647614836327277,0.002999
greedy_intra:nodes_start:greedy,127,71753,23248,48505,51239,4,127;70;135;154;180;53;121;100;26;86;75;44;25;16;171;175;113;56;31;78;145;179;196;81;90;165;40;185;106;178;3;14;144;62;9;148;102;49;52;55;57;92;129;82;120;2;101;1;97;152;124;94;63;79;80;176;133;151;51;118;59;115;46;0;137;23;186;89;183;143;117;93;140;68;139;193;41;5;42;181;159;69;108;18;22;146;34;160;48;54;177;10;184;43;116;65;131;149;162;123,8144193018849344034,0.002001
greedy_intra:nodes_start:greedy,128,71581,23412,48169,66604,6,178;167;148;9;62;102;144;14;49;3;106;185;40;165;90;81;196;179;145;78;31;56;113;175;171;16;25;44;120;75;86;101;124;94;63;79;80;176;133;151;51;118;59;115;46;0;137;23;186;89;183;143;117;93;140;68;139;193;41;5;42;181;159;69;108;18;22;146;34;160;48;54;177;10;190;184;43;116;65;131;149;162;123;127;70;135;154;180;53;100;26;1;97;152;2;129;92;57;55;52,2799644927510415845,0.002999
greedy_intra:nodes_start:greedy,129,71673,23533,48140,35271,4,129;57;92;55;52;49;102;148;9;62;144;14;3;178;106;185;40;165;90;81;196;179;145;78;31;56;113;175;171;16;25;44;120;75;86;101;124;94;63;79;80;176;133;151;51;118;59;115;46;0;137;23;186;89;183;143;117;93;140;68;139;193;41;5;42;181;159;69;108;18;22;146;34;160;48;54;177;10;190;84;184;43;116;65;131;149;162;123;127;70;135;154;180;53;100;26;1;97;152;2,6105293115796069586,0.003001
greedy_intra:nodes_start:greedy,130,71688,23118,48570,31202,3,124;148;102;49;178;106;52;55;57;92;129;2;120;44;25;16;171;175;113;56;31;78;145;179;196;81;90;40;185;165;138;14;144;62;9;15;114;186;89;183;23;137;176;80;151;162;127;123;149;65;116;43;184;177;54;48;160;34;146;22;18;108;69;159;181;42;5;41;193;139;68;140;93;117;143;0;46;115;59;118;51;133;79;63;180;135;70;154;158;53;121;100;26;86;75;101;1;97;152;94,8726708543973991417,0.001999
greedy_intra:nodes_start:greedy,131,71630,23068,48562,37860,3,131;149;123;127;162;151;133;135;70;154;180;53;121;100;26;86;75;44;25;16;171;175;113;56;31;78;145;179;196;81;90;165;40;185;106;178;3;14;144;62;9;148;102;49;52;55;57;92;129;82;120;2;101;1;97;152;124;94;63;79;80;176;137;23;186;89;183;143;117;0;51;118;59;115;46;68;139;193;41;5;42;181;159;69;108;18;22;146;34;160;48;54;177;10;190;84;184;43;116;65,3668612906465818735,0.003792
greedy_intra:nodes_start:greedy,132,71811,23906,47905,75459,9,21;14;138;165;185;40;90;81;196;179;145;78;31;56;113;175;171;16;25;44;120;75;86;152;124;94;63;79;80;176;133;151;51;118;59;115;46;0;137;23;186;89;183;143;117;93;140;68;139;193;41;5;42;181;159;69;108;18;22;146;34;160;48;54;177;10;190;184;43;116;65;131;149;162;123;127;70;135;154;180;53;100;26;97;1;101;2;129;92;57;55;52;106;178;49;102;148;9;62;144,2757193881835668961,0.004667
greedy_intra:nodes_start:greedy,133,72101,23596,48505,20172,2,133;151;51;118;59;115;46;0;137;23;186;89;183;143;117;93;140;68;139;193;41;5;42;181;159;69;108;18;22;146;34;160;48;54;177;10;184;43;116;65;131;149;162;123;127;70;135;154;180;53;121;100;26;86;75;44;25;16;171;175;113;56;31;78;145;179;196;81;90;40;165;185;106;178;3;14;144;62;9;148;102;49;52;55;92;57;129;82;120;2;101;1;97;152;124;94;63;79;80;176,389593453603344187,0.002001
greedy_intra:nodes_start:greedy,134,72238,23173,49065,45346,7,199;18;108;69;139;68;46;115;59;118;51;0;117;143;183;89;186;23;137;176;80;79;63;94;124;152;97;1;101;2;120;82;129;92;57;55;52;49;102;148;9;62;144;14;3;178;106;185;165;40;90;81;196;179;145;78;31;56;113;175;171;16;25;44;75;86;26;100;121;53;180;154;70;135;133;151;162;127;123;149;65;116;43;184;190;10;177;54;48;160;34;181;42;5;41;193;159;195;22;146,3869938387238572260,0.004000
greedy_intra:nodes_start:greedy,135,71688,23118,48570,16967,1,135;70;154;158;53;121;100;26;86;75;101;1;97;152;94;124;148;102;49;178;106;52;55;57;92;129;2;120;44;25;16;171;175;113;56;31;78;145;179;196;81;90;40;185;165;138;14;144;62;9;15;114;186;89;183;23;137;176;80;151;162;127;123;149;65;116;43;184;177;54;48;160;34;146;22;18;108;69;159;181;42;5;41;193;139;68;140;93;117;143;0;46;115;59;118;51;133;79;63;180,5159153402122286458,0.001517
greedy_intra:nodes_start:greedy,136,72122,23423,48699,46237,5,53;121;100;26;86;75;44;25;16;171;175;113;56;31;78;145;179;196;81;90;165;40;185;106;178;3;14;144;62;9;148;102;49;52;55;92;57;129;82;120;2;101;1;97;152;124;94;63;79;80;176;137;23;186;89;183;143;117;0;51;118;59;115;46;68;139;193;41;5;42;181;159;69;108;18;22;146;34;160;48;54;177;10;190;84;184;43;116;65;149;123;127;162;151;133;70;135;180;154;158,2502267085409677290,0.003001
greedy_intra:nodes_start:greedy,137,71633,23063,48570,24690,1,137;23;183;89;186;114;15;9;62;144;14;138;185;40;165;90;81;196;179;145;78;31;56;113;175;171;16;25;44;120;2;129;92;57;55;52;106;178;49;102;148;124;94;152;97;1;101;75;86;26;100;121;53;158;154;70;135;180;63;79;133;51;118;59;115;46;0;143;117;93;140;68;139;193;41;5;42;181;159;69;108;18;22;146;34;160;48;54;177;184;43;116;65;149;123;127;162;151;80;176,2773770328716497444,0.002001
greedy_intra:nodes_start:greedy,138,71291,23229,48062,71424,6,138;14;144;62;9;148;102;49;178;106;52;55;57;92;129;2;101;1;97;26;100;53;180;154;135;70;127;123;162;149;131;65;116;43;184;84;190;10;177;54;48;160;34;146;22;18;108;69;159;181;42;5;41;193;139;68;140;93;117;143;183;89;186;23;137;0;46;115;59;118;51;151;133;176;80;79;63;94;124;152;86;75;120;44;25;16;171;175;113;56;31;78;145;179;196;81;90;165;40;185,4310241484298506730,0.002998
greedy_intra:nodes_start:greedy,139,71714,23591,48123,30834,3,139;68;46;115;59;118;51;0;117;143;183;89;186;23;137;176;80;79;63;94;124;152;97;1;101;2;120;82;129;92;57;55;52;49;102;148;9;62;144;14;3;178;106;185;165;40;90;81;196;179;145;78;31;56;113;175;171;16;25;44;75;86;26;100;121;53;180;154;70;135;133;151;162;127;123;149;65;116;43;184;84;4;112;10;177;54;48;160;34;146;22;18;108;69;159;181;42;5;41;193,1226063624222490423,0.004002
greedy_intra:nodes_start:greedy,140,71680,23430,48250,47844,5,140;108;69;18;22;146;159;193;41;5;42;181;34;160;48;54;177;10;4;112;84;184;43;116;65;149;123;127;162;151;133;135;70;154;180;53;121;100;26;86;75;44;25;16;171;175;113;56;31;78;145;179;196;81;90;165;40;185;106;178;3;14;144;62;9;148;102;49;52;55;92;57;129;82;120;2;101;1;97;152;124;94;63;79;80;176;137;51;118;59;115;139;68;46;0;89;183;143;117;93,5784526076838276260,0.003001
greedy_intra:nodes_start:greedy,141,70908,22317,48591,73663,8,23;186;114;89;183;143;0;117;93;140;68;46;115;139;193;41;5;42;181;159;69;108;18;22;146;34;160;48;54;177;10;190;184;43;116;65;59;118;51;151;133;162;123;127;70;135;154;180;53;121;100;26;86;75;44;25;16;171;175;113;56;31;78;145;179;196;81;90;165;40;185;106;178;3;14;144;62;9;148;102;49;52;55;57;92;129;82;120;2;101;1;97;152;124;94;63;79;80;176;137,2862059694892436118,0.004523
greedy_intra:nodes_start:greedy,142,72165,23366,48799,63884,6,139;198;68;46;115;59;118;51;0;117;143;183;89;186;23;137;176;80;79;63;94;124;152;97;1;101;2;120;82;129;57;92;55;52;49;102;148;9;62;144;14;3;178;106;185;40;165;90;81;196;179;145;78;31;56;113;175;171;16;25;44;75;86;26;100;121;53;180;154;70;135;133;151;162;127;123;149;65;116;43;184;84;190;10;177;54;48;160;34;146;22;18;108;69;159;181;42;5;41;193,5371692911720931944,0.002998
greedy_intra:nodes_start:greedy,143,70687,22482,48205,60335,5,143;117;0;46;68;139;115;193;41;5;42;181;159;69;108;18;22;146;34;160;48;54;177;10;190;4;112;84;184;43;116;65;59;118;51;151;133;162;123;127;70;135;154;180;53;121;100;26;86;75;44;25;16;171;175;113;56;31;78;145;179;196;81;90;165;40;185;106;178;3;14;144;62;9;148;102;49;52;55;57;92;129;82;120;2;101;1;97;152;124;94;63;79;80;176;137;23;186;89;183,7195098910251814041,0.003000
greedy_intra:nodes_start:greedy,144,71391,23329,48062,47124,4,144;14;138;165;185;40;90;81;196;179;145;78;31;56;113;175;171;16;25;44;120;75;86;101;124;94;63;79;80;176;133;151;51;118;59;115;46;0;137;23;186;89;183;143;117;93;140;68;139;193;41;5;42;181;159;69;108;18;22;146;34;160;48;54;177;10;190;84;184;43;116;65;131;149;162;123;127;70;135;154;180;53;100;26;1;97;152;2;129;92;57;55;52;106;178;49;102;148;9;62,6436966517310185119,0.005001
greedy_intra:nodes_start:greedy,145,71822,23682,48140,22080,2,145;179;196;81;90;40;165;185;106;178;3;14;144;62;9;148;102;49;52;55;92;57;129;2;152;97;1;101;100;53;180;154;135;70;127;123;162;149;131;65;116;43;184;84;190;10;177;54;48;160;34;146;22;18;108;69;159;181;42;5;41;193;139;68;140;93;117;143;183;89;186;23;137;0;46;115;59;118;51;151;133;176;80;79;63;94;124;26;86;75;120;44;25;16;171;175;113;56;31;78,4963836637635502566,0.001999
greedy_intra:nodes_start:greedy,146,71370,23397,47973,19118,1,146;181;34;160;48;54;177;10;190;4;112;84;184;42;43;116;65;149;123;127;162;151;133;135;70;154;180;53;121;100;26;86;75;44;25;16;171;175;113;56;31;78;145;179;196;81;90;40;165;185;106;178;3;14;144;62;9;148;102;49;52;55;92;57;129;82;120;2;101;1;97;152;124;94;63;79;80;176;137;23;186;89;183;143;117;0;51;118;59;115;46;68;139;41;193;159;69;108;18;22,2851592019036333591,0.000999
greedy_intra:nodes_start:greedy,147,71789,23549,48240,78670,9,10;177;112;84;184;43;116;65;59;118;115;46;0;51;151;133;162;123;127;70;135;154;180;53;121;100;26;86;75;44;25;16;171;175;113;56;31;78;145;179;196;81;90;165;40;185;106;178;3;14;144;62;9;148;102;49;52;55;57;92;129;82;120;2;101;1;97;152;124;94;63;79;80;176;137;23;186;89;183;143;117;93;140;68;139;41;193;159;69;108;18;22;146;195;181;42;160;34;48;54,622510799807612790,0.004000
greedy_intra:nodes_start:greedy,148,71393,23331,48062,32457,3,148;102;49;178;106;52;55;57;92;129;2;152;97;1;101;100;53;180;154;135;70;127;123;162;149;131;65;116;43;184;84;190;10;177;54;48;160;34;146;22;18;108;69;159;181;42;5;41;193;139;68;140;93;117;143;183;89;186;23;137;0;46;115;59;118;51;151;133;176;80;79;63;94;124;26;86;75;120;44;25;16;171;175;113;56;31;78;145;179;196;81;90;40;185;165;138;14;144;62;9,5351622273283393759,0.002002
greedy_intra:nodes_start:greedy,149,71833,23710,48123,23394,2,149;123;127;162;151;133;135;70;154;180;53;121;100;26;86;75;44;25;16;171;175;113;56;31;78;145;179;196;81;90;40;165;185;106;178;3;14;144;62;9;148;102;49;52;55;92;57;129;82;120;2;101;1;97;152;124;94;63;79;80;176;137;23;186;89;183;143;117;0;51;118;59;115;46;68;139;193;41;5;42;181;159;69;108;18;22;146;34;160;48;54;177;10;190;4;112;184;43;116;65,3389890377767016365,0.002000
greedy_intra:nodes_start:greedy,150,72647,23609,49038,90815,8,86;75;44;25;16;171;175;113;56;31;78;145;179;57;92;129;82;120;2;152;1;97;26;100;189;94;124;148;102;49;178;106;52;55;185;40;196;81;90;165;138;14;144;62;9;15;114;186;89;183;23;137;176;80;151;162;123;149;65;116;43;184;177;54;48;160;34;146;22;18;108;69;159;181;42;5;41;193;139;68;140;93;117;143;0;46;115;59;118;51;133;79;63;180;135;70;154;53;121;101,3786880433071272103,0.005002
greedy_intra:nodes_start:greedy,151,71925,23363,48562,14594,1,151;133;162;123;127;70;135;154;180;53;121;100;26;86;75;44;25;16;171;175;113;56;31;78;145;179;196;81;90;40;165;185;106;178;3;14;144;62;9;148;102;49;52;55;92;57;129;82;120;2;101;1;97;152;124;94;63;79;80;176;137;23;186;89;183;143;117;0;51;118;59;115;46;68;139;193;41;5;42;181;159;69;108;18;22;146;34;160;48;54;177;10;190;84;184;43;116;65;131;149,2436430314325236605,0.001000
greedy_intra:nodes_start:greedy,152,71721,23532,48189,24304,3,152;1;101;75;86;53;154;70;135;180;63;79;133;51;118;59;115;46;0;143;117;93;140;68;139;193;41;5;42;181;159;69;108;18;22;146;34;160;48;54;177;10;184;43;116;65;149;123;127;162;151;80;176;137;23;183;89;186;114;15;9;62;144;14;138;165;185;40;90;81;196;179;145;78;31;56;113;175;171;16;25;44;120;2;129;92;57;55;52;106;178;49;102;148;124;94;121;100;26;97,329645232505723344,0.003001
greedy_intra:nodes_start:greedy,153,70630,22496,48134,104094,12,93;117;0;143;183;89;186;23;137;176;80;79;63;94;124;152;97;1;101;2;120;82;129;92;57;55;52;49;102;148;9;62;144;14;3;178;106;185;40;165;90;81;196;179;145;78;31;56;113;175;171;16;25;44;75;86;26;100;121;53;180;154;135;70;127;123;162;133;151;51;118;59;65;116;43;184;84;112;4;10;177;54;48;160;34;146;22;18;108;69;159;181;42;5;41;193;139;115;46;68,536649034605414724,0.004997
greedy_intra:nodes_start:greedy,154,71633,23063,48570,22882,1,154;158;53;121;100;26;86;75;101;1;97;152;94;124;148;102;49;178;106;52;55;57;92;129;2;120;44;25;16;171;175;113;56;31;78;145;179;196;81;90;165;40;185;138;14;144;62;9;15;114;186;89;183;23;137;176;80;151;162;127;123;149;65;116;43;184;177;54;48;160;34;146;22;18;108;69;159;181;42;5;41;193;139;68;140;93;117;143;0;46;115;59;118;51;133;79;63;180;135;70,4869787545754161809,0.000998
greedy_intra:nodes_start:greedy,155,71889,23984,47905,44882,4,21;14;138;165;40;185;90;81;196;179;145;78;31;56;113;175;171;16;25;44;120;75;86;101;124;94;63;79;80;176;133;151;51;118;59;115;46;0;137;23;186;89;183;143;117;93;140;68;139;193;41;5;42;181;159;69;108;18;22;146;34;160;48;54;177;10;190;184;43;116;65;131;149;162;123;127;70;135;154;180;53;100;26;97;1;152;2;129;92;57;55;52;106;178;49;102;148;9;62;144,7215224591148974508,0.000999
greedy_intra:nodes_start:greedy,156,72101,23494,48607,20114,3,149;112;4;84;35;184;177;54;48;160;34;181;146;22;18;108;69;159;193;41;5;42;43;116;65;46;68;139;115;59;118;51;0;117;143;183;89;186;23;137;176;80;79;63;94;124;152;97;1;101;2;120;82;129;57;92;55;52;49;102;148;9;62;144;14;3;178;106;185;165;40;90;81;196;179;145;78;31;56;113;175;171;16;25;44;75;86;26;100;121;53;180;154;70;135;133;151;162;123;131,1361378614653421720,0.001004
greedy_intra:nodes_start:greedy,157,71776,23461,48315,45695,5,157;196;81;90;165;40;185;106;178;3;14;144;62;9;148;102;49;52;55;179;145;78;92;57;129;2;152;97;1;26;100;53;180;154;135;70;127;123;162;149;131;65;116;43;184;190;10;177;54;48;160;34;146;22;18;108;69;159;181;42;5;41;193;139;68;140;93;117;143;183;89;186;23;137;0;46;115;59;118;51;151;133;176;80;79;63;94;124;101;86;75;120;44;25;16;171;175;113;56;31,5358441051871526482,0.004003
greedy_intra:nodes_start:greedy,158,71688,23118,48570,23474,1,158;154;70;135;180;63;79;133;51;118;59;115;46;0;143;117;93;140;68;139;193;41;5;42;181;159;69;108;18;22;146;34;160;48;54;177;184;43;116;65;149;123;127;162;151;80;176;137;23;183;89;186;114;15;9;62;144;14;138;165;185;40;90;81;196;179;145;78;31;56;113;175;171;16;25;44;120;2;129;92;57;55;52;106;178;49;102;148;124;94;152;97;1;101;75;86;26;100;121;53,2427323385464810040,0.001000
greedy_intra:nodes_start:greedy,159,71905,23655,48250,28455,3,159;146;22;18;69;108;140;93;117;143;183;89;0;46;68;139;115;59;118;51;137;176;80;79;63;94;124;152;97;1;101;2;120;82;129;57;92;55;52;49;102;148;9;62;144;14;3;178;106;185;165;40;90;81;196;179;145;78;31;56;113;175;171;16;25;44;75;86;26;100;121;53;180;154;70;135;133;151;162;127;123;149;65;116;43;184;84;4;112;10;177;54;48;160;34;181;42;5;41;193,7385231158885716142,0.001001
greedy_intra:nodes_start:greedy,160,71223,23250,47973,32385,2,160;48;54;177;10;190;4;112;84;184;42;43;116;65;149;123;127;162;151;133;135;70;154;180;53;121;100;26;86;75;44;25;16;171;175;113;56;31;78;145;179;196;81;90;165;40;185;106;178;3;14;144;62;9;148;102;49;52;55;92;57;129;82;120;2;101;1;97;152;124;94;63;79;80;176;137;23;186;89;183;143;117;0;51;118;59;115;46;68;139;41;193;159;69;108;18;22;146;181;34,8939829682742030380,0.001000
greedy_intra:nodes_start:greedy,161,72032,23246,48786,61234,6,127;70;135;133;180;154;158;53;121;100;26;86;75;44;25;16;171;175;113;56;31;78;145;179;196;81;90;165;40;185;106;178;3;14;144;62;9;148;102;49;52;55;57;92;129;82;120;2;101;1;97;152;124;94;63;79;80;176;137;23;186;89;183;143;117;0;51;118;59;115;46;68;139;193;41;5;42;181;159;69;108;18;22;146;34;160;48;54;177;10;190;184;43;116;65;131;149;151;162;123,2217295645062298087,0.002998
greedy_intra:nodes_start:greedy,162,71489,23366,48123,39556,5,162;151;133;135;70;154;180;53;121;100;26;86;75;44;25;16;171;175;113;56;31;78;145;179;196;81;90;165;40;185;106;178;3;14;144;62;9;148;102;49;52;55;57;92;129;82;120;2;101;1;97;152;124;94;63;79;80;176;137;23;186;89;183;143;117;0;51;118;59;115;46;68;139;193;41;5;42;181;159;69;108;18;22;146;34;160;48;54;177;10;4;112;84;184;43;116;65;149;123;127,2148849028471888312,0.002000
greedy_intra:nodes_start:greedy,163,71439,22950,48489,88559,12,140;68;46;139;115;59;118;51;0;117;143;183;89;186;23;137;176;80;79;63;94;124;152;97;1;101;2;120;82;129;92;57;55;52;49;102;148;9;62;144;14;3;178;106;185;40;165;90;81;196;179;145;78;31;56;113;175;171;16;25;44;75;86;26;100;121;53;180;154;70;135;133;151;162;127;123;149;65;116;43;184;84;190;10;177;54;48;160;34;181;42;5;41;193;159;146;22;18;69;108,3106127171536215742,0.005002
greedy_intra:nodes_start:greedy,164,72157,23629,48528,20814,1,164;7;95;39;165;138;14;144;62;9;148;102;49;178;106;52;55;57;92;129;2;152;97;1;101;100;53;180;154;135;70;127;123;162;149;65;116;43;184;177;54;48;160;34;146;22;18;108;69;159;181;42;5;41;193;139;68;140;93;117;143;183;89;23;137;0;46;115;59;118;51;151;133;176;80;79;63;94;26;86;75;120;44;25;16;171;175;113;56;31;78;145;179;196;81;185;40;90;27;58,5133850237441597316,0.000000
greedy_intra:nodes_start:greedy,165,71291,23229,48062,74142,6,185;40;165;90;81;196;179;145;78;31;56;113;175;171;16;25;44;120;75;86;152;124;94;63;79;80;176;133;151;51;118;59;115;46;0;137;23;186;89;183;143;117;93;140;68;139;193;41;5;42;181;159;69;108;18;22;146;34;160;48;54;177;10;190;84;184;43;116;65;131;149;162;123;127;70;135;154;180;53;100;26;97;1;101;2;129;92;57;55;52;106;178;49;102;148;9;62;144;14;138,3053672264512347652,0.003000
greedy_intra:nodes_start:greedy,166,71791,23246,48545,60535,7,35;184;190;10;177;54;48;160;34;146;22;18;108;69;159;181;42;5;41;193;139;68;140;93;117;143;183;89;186;23;137;176;80;79;63;94;124;152;97;1;101;2;120;82;129;92;57;55;52;49;102;148;9;62;144;14;3;178;106;185;40;165;90;81;196;179;145;78;31;56;113;175;171;16;25;44;75;86;26;100;121;53;180;154;135;70;127;123;162;133;151;51;0;46;115;118;59;65;116;43,6926647437908469687,0.003000
greedy_intra:nodes_start:greedy,167,72706,24130,48576,22617,1,167;148;9;62;102;144;14;49;178;106;165;39;95;7;164;58;27;90;81;196;40;185;52;55;57;129;92;179;145;78;31;56;113;175;171;16;25;44;120;2;75;101;1;97;152;26;100;86;53;154;70;135;180;63;79;133;51;118;59;115;46;0;89;183;143;117;93;140;68;139;193;41;5;42;181;159;69;108;18;22;146;34;160;48;54;177;184;43;116;65;149;123;127;162;151;80;176;137;94;124,6138627771993552689,0.001000
greedy_intra:nodes_start:greedy,168,71767,23452,48315,88675,12,145;179;157;196;81;90;165;40;185;106;178;3;14;144;62;9;148;102;49;52;55;57;92;129;2;152;1;97;26;100;53;180;154;135;70;127;123;162;149;131;65;116;43;184;190;10;177;54;48;160;34;146;22;18;108;69;159;181;42;5;41;193;139;68;140;93;117;143;183;89;186;23;137;0;46;115;59;118;51;151;133;176;80;79;63;94;124;101;86;75;120;44;25;16;171;175;113;56;31;78,6083958396561975210,0.005204
greedy_intra:nodes_start:greedy,169,71898,23661,48237,56520,7,157;81;90;165;138;14;144;62;9;148;102;49;178;106;52;55;57;92;129;2;101;1;97;26;100;53;180;154;135;70;127;123;162;149;131;65;116;43;184;190;10;177;54;48;160;34;146;22;18;108;69;159;181;42;5;41;193;139;68;140;93;117;143;183;89;186;23;137;0;46;115;59;118;51;151;133;176;80;79;63;94;124;152;86;75;120;44;25;16;171;175;113;56;31;78;145;179;185;40;196,2513055940908269993,0.003719
greedy_intra:nodes_start:greedy,170,71531,22907,48624,28077,3,170;117;0;46;68;139;193;41;115;5;42;181;159;69;108;18;22;146;34;160;48;54;177;10;4;112;84;184;43;116;65;59;118;51;151;133;162;123;127;70;135;154;180;53;121;100;26;86;75;44;25;16;171;175;113;56;31;78;145;179;196;81;90;40;165;185;106;178;3;14;144;62;9;148;102;49;52;55;92;57;129;82;120;2;101;1;97;152;124;94;63;79;80;176;137;23;186;89;183;143,5251428940714140188,0.001973
greedy_intra:nodes_start:greedy,171,71787,23647,48140,54677,5,171;175;113;56;31;78;145;92;179;196;81;90;40;165;185;106;178;3;14;144;62;9;148;102;49;52;55;57;129;2;152;1;97;26;100;53;180;154;135;70;127;123;162;149;131;65;116;43;184;84;190;10;177;54;48;160;34;146;22;18;108;69;159;181;42;5;41;193;139;68;140;93;117;143;183;89;186;23;137;0;46;115;59;118;51;151;133;176;80;79;63;94;124;101;86;75;120;44;25;16,410024013997043728,0.003027
greedy_intra:nodes_start:greedy,172,71979,23514,48465,27399,5,124;167;148;9;62;102;144;14;49;178;106;165;39;27;90;81;196;40;185;52;55;57;129;92;179;145;78;31;56;113;175;171;16;25;44;120;2;75;86;26;121;94;63;79;80;176;133;151;51;118;59;115;46;0;137;23;186;89;183;143;117;93;140;68;139;193;41;5;42;181;159;69;108;18;22;146;34;160;48;54;177;184;43;116;65;131;149;162;123;127;70;135;154;180;53;100;101;1;97;152,1689691258590362597,0.000999
greedy_intra:nodes_start:greedy,173,71918,23348,48570,57263,6,127;135;154;180;158;53;121;100;26;86;75;101;1;97;152;94;124;148;102;49;178;106;52;55;57;92;129;2;120;44;25;16;171;175;113;56;31;78;145;179;196;81;90;40;185;165;138;14;144;62;9;15;114;186;89;183;23;137;176;80;151;162;123;149;65;116;43;184;177;54;48;160;34;146;22;18;108;69;159;181;42;5;41;193;139;68;140;93;117;143;0;46;115;59;118;51;133;79;63;70,8398697143743213452,0.003029
greedy_intra:nodes_start:greedy,174,71802,23493,48309,47765,9,81;40;185;179;145;78;31;56;113;175;171;16;25;44;120;75;86;26;124;94;63;79;80;176;133;151;51;118;59;115;46;0;137;23;186;89;183;143;117;93;140;68;139;193;41;5;42;181;159;69;108;18;22;146;34;160;48;54;177;10;190;84;184;43;116;65;131;149;162;123;127;70;135;154;180;53;100;101;1;97;152;2;129;92;57;55;52;106;178;49;102;148;9;62;144;14;138;165;27;90,3214641695312464568,0.002972
greedy_intra:nodes_start:greedy,175,71934,23794,48140,23248,2,175;113;56;31;145;78;92;179;196;81;90;40;165;185;106;178;3;14;144;62;9;148;102;49;52;55;57;129;2;152;97;1;101;100;53;180;154;135;70;127;123;162;149;131;65;116;43;184;84;190;10;177;54;48;160;34;146;22;18;108;69;159;181;42;5;41;193;139;68;140;93;117;143;183;89;186;23;137;0;46;115;59;118;51;151;133;176;80;79;63;94;124;26;86;75;120;44;25;16;171,5508805632464374980,0.000999
greedy_intra:nodes_start:greedy,176,71577,23015,48562,36469,3,176;80;79;63;94;124;152;97;1;101;2;120;82;129;92;57;55;52;49;102;148;9;62;144;14;3;178;106;185;40;165;90;81;196;179;145;78;31;56;113;175;171;16;25;44;75;86;26;100;121;53;180;154;135;70;127;123;162;133;151;149;131;65;116;43;184;84;190;10;177;54;48;160;34;146;22;18;108;69;159;181;42;5;41;193;139;68;46;115;59;118;51;0;117;143;183;89;186;23;137,8863391301057844549,0.001972
greedy_intra:nodes_start:greedy,177,71829,23265,48564,60818,5,177;54;48;34;160;42;181;195;146;22;18;108;69;159;193;41;139;68;140;93;117;143;183;89;186;23;137;176;80;79;63;94;124;152;97;1;101;2;120;82;129;57;92;55;52;49;102;148;9;62;144;14;3;178;106;185;40;165;90;81;196;179;145;78;31;56;113;175;171;16;25;44;75;86;26;100;121;53;180;154;135;70;127;123;162;133;151;51;0;46;115;118;59;65;116;43;184;84;190;10,6063548467678743452,0.003972
greedy_intra:nodes_start:greedy,178,71391,23329,48062,42271,4,178;49;102;148;9;62;144;14;138;165;185;40;90;81;196;179;145;78;31;56;113;175;171;16;25;44;120;75;86;101;124;94;63;79;80;176;133;151;51;118;59;115;46;0;137;23;186;89;183;143;117;93;140;68;139;193;41;5;42;181;159;69;108;18;22;146;34;160;48;54;177;10;190;84;184;43;116;65;131;149;162;123;127;70;135;154;180;53;100;26;1;97;152;2;129;92;57;55;52;106,3281990791214824225,0.002998
greedy_intra:nodes_start:greedy,179,71474,23334,48140,39683,3,179;145;78;31;56;113;175;171;16;25;44;120;75;86;26;124;94;63;79;80;176;133;151;51;118;59;115;46;0;137;23;186;89;183;143;117;93;140;68;139;193;41;5;42;181;159;69;108;18;22;146;34;160;48;54;177;10;190;84;184;43;116;65;131;149;162;123;127;70;135;154;180;53;100;101;1;97;152;2;129;92;57;55;52;49;102;148;9;62;144;14;3;178;106;185;40;165;90;81;196,2884748554637662303,0.001999
greedy_intra:nodes_start:greedy,180,71688,23118,48570,23590,1,180;135;70;154;158;53;121;100;26;86;75;101;1;97;152;94;124;148;102;49;178;106;52;55;57;92;129;2;120;44;25;16;171;175;113;56;31;78;145;179;196;81;90;40;185;165;138;14;144;62;9;15;114;186;89;183;23;137;176;80;151;162;127;123;149;65;116;43;184;177;54;48;160;34;146;22;18;108;69;159;181;42;5;41;193;139;68;140;93;117;143;0;46;115;59;118;51;133;79;63,1217211568743074773,0.001997
greedy_intra:nodes_start:greedy,181,71370,23397,47973,12700,1,181;34;160;48;54;177;10;190;4;112;84;184;42;43;116;65;149;123;127;162;151;133;135;70;154;180;53;121;100;26;86;75;44;25;16;171;175;113;56;31;78;145;179;196;81;90;40;165;185;106;178;3;14;144;62;9;148;102;49;52;55;92;57;129;82;120;2;101;1;97;152;124;94;63;79;80;176;137;23;186;89;183;143;117;0;51;118;59;115;46;68;139;41;193;159;69;108;18;22;146,3025749203655167836,0.001001
greedy_intra:nodes_start:greedy,182,71919,23349,48570,14515,1,158;121;100;26;86;75;101;1;97;152;94;124;148;102;49;178;106;52;55;57;92;129;2;120;44;25;16;171;175;113;56;31;78;145;179;196;81;90;185;40;165;138;14;144;62;9;15;114;186;89;183;23;137;176;80;151;162;127;123;149;65;116;43;184;177;54;48;160;34;146;22;18;108;69;159;181;42;5;41;193;139;68;140;93;117;143;0;46;115;59;118;51;133;79;63;180;135;70;154;53,6717744824012294206,0.001000
greedy_intra:nodes_start:greedy,183,70693,22488,48205,49563,4,183;89;186;23;137;176;80;79;63;94;124;152;97;1;101;2;120;82;129;92;57;55;52;49;102;148;9;62;144;14;3;178;106;185;40;165;90;81;196;179;145;78;31;56;113;175;171;16;25;44;75;86;26;100;121;53;180;154;135;70;127;123;162;133;151;51;118;59;65;116;43;184;84;112;4;190;10;177;54;48;160;34;146;22;18;108;69;159;181;42;5;193;41;115;139;68;46;0;117;143,1155384160092208752,0.002010
greedy_intra:nodes_start:greedy,184,71811,23311,48500,42040,3,184;43;116;65;59;118;115;46;0;51;151;133;162;123;127;70;135;154;180;53;121;100;26;86;75;44;25;16;171;175;113;56;31;78;145;179;196;81;90;40;165;185;106;178;3;14;144;62;9;148;102;49;52;55;57;92;129;82;120;2;101;1;97;152;124;94;63;79;80;176;137;23;186;89;183;143;117;93;140;68;139;193;41;5;42;181;159;69;108;18;22;146;34;160;48;54;177;10;190;84,3538431133663189644,0.002001
greedy_intra:nodes_start:greedy,185,71362,23300,48062,56808,5,40;90;81;196;179;145;78;31;56;113;175;171;16;25;44;120;75;86;101;124;94;63;79;80;176;133;151;51;118;59;115;46;0;137;23;186;89;183;143;117;93;140;68;139;193;41;5;42;181;159;69;108;18;22;146;34;160;48;54;177;10;190;84;184;43;116;65;131;149;162;123;127;70;135;154;180;53;100;26;97;1;152;2;129;92;57;55;52;106;178;49;102;148;9;62;144;14;138;165;185,7086051702649189174,0.003000
greedy_intra:nodes_start:greedy,186,70894,22689,48205,40606,3,186;89;183;143;117;0;46;68;139;115;41;193;5;42;181;159;69;108;18;22;146;34;160;48;54;177;10;190;4;112;84;184;43;116;65;59;118;51;151;133;162;123;127;70;135;154;180;53;121;100;26;86;75;44;25;16;171;175;113;56;31;78;145;179;196;81;90;165;40;185;106;178;3;14;144;62;9;148;102;49;52;55;92;57;129;82;120;2;101;1;97;152;124;94;63;79;80;176;137;23,6166965113912523196,0.001009
greedy_intra:nodes_start:greedy,187,71554,23449,48105,73689,8,90;81;196;40;185;179;145;78;31;56;113;175;171;16;25;44;120;75;86;152;124;94;63;79;80;176;133;151;51;118;59;115;46;0;137;23;186;89;183;143;117;93;140;68;139;193;41;5;42;181;159;69;108;18;22;146;34;160;48;54;177;10;190;184;43;116;65;131;149;162;123;127;70;135;154;180;53;100;26;97;1;101;2;129;92;57;55;52;106;178;49;102;148;9;62;144;14;138;165;27,3337939682143154530,0.002985
greedy_intra:nodes_start:greedy,188,72045,23730,48315,45360,7,31;157;78;145;92;179;196;81;90;40;165;185;106;178;3;14;144;62;9;148;102;49;52;55;57;129;2;152;97;1;26;100;53;180;154;135;70;127;123;162;149;131;65;116;43;184;190;10;177;54;48;160;34;146;22;18;108;69;159;181;42;5;41;193;139;68;140;93;117;143;183;89;186;23;137;0;46;115;59;118;51;151;133;176;80;79;63;94;124;101;86;75;120;44;25;16;171;175;113;56,8157427112626928004,0.003999
greedy_intra:nodes_start:greedy,189,71945,22885,49060,12441,0,189;94;124;148;102;49;178;106;52;55;57;92;129;2;120;44;25;16;171;175;113;56;31;78;145;179;196;81;90;185;40;165;138;14;144;62;9;15;114;186;89;183;23;137;176;80;151;162;123;149;65;116;43;184;177;54;48;160;34;146;22;18;108;69;159;181;42;5;41;193;139;68;140;93;117;143;0;46;115;59;118;51;133;79;63;180;135;70;154;158;53;121;100;26;86;75;101;1;97;152,6963250608033267587,0.000000
greedy_intra:nodes_start:greedy,190,71443,23266,48177,87708,9,190;10;177;54;48;34;160;42;181;146;22;18;108;69;159;193;41;139;68;46;115;118;59;65;116;43;184;35;131;149;123;162;133;151;51;0;117;143;183;89;23;137;176;80;79;63;94;124;152;97;1;101;2;120;82;129;92;57;55;52;49;102;148;9;62;144;14;3;178;106;185;40;165;90;81;196;179;145;78;31;56;113;175;171;16;25;44;75;86;26;100;121;53;180;154;135;70;127;112;4,1701531901465523212,0.003985
greedy_intra:nodes_start:greedy,191,71876,23077,48799,81402,7,139;193;41;5;42;181;159;69;108;18;22;146;34;160;48;54;177;10;190;84;184;43;116;65;149;123;127;162;151;133;135;70;154;180;53;121;100;26;86;75;44;25;16;171;175;113;56;31;78;145;179;196;81;90;165;40;185;106;178;3;14;144;62;9;148;102;49;52;55;57;92;129;82;120;2;101;1;97;152;124;94;63;79;80;176;137;23;186;89;183;143;117;0;51;118;59;115;198;46;68,8690121741515231329,0.004021
greedy_intra:nodes_start:greedy,192,72281,23434,48847,32390,4,96;5;42;41;193;139;68;140;93;117;143;183;89;186;23;137;176;80;79;63;94;124;152;97;1;101;2;120;82;129;92;57;55;52;49;102;148;9;62;144;14;3;178;106;185;165;40;90;81;196;179;145;78;31;56;113;175;171;16;25;44;75;86;26;100;121;53;180;154;135;70;127;123;162;133;151;51;0;46;115;118;59;116;65;43;184;190;10;177;54;48;160;34;146;22;18;108;69;159;181,7253389172013379911,0.001000
greedy_intra:nodes_start:greedy,193,71485,23362,48123,43623,4,193;139;68;46;115;59;118;51;0;117;143;183;89;186;23;137;176;80;79;63;94;124;152;97;1;101;2;120;82;129;92;57;55;52;49;102;148;9;62;144;14;3;178;106;185;40;165;90;81;196;179;145;78;31;56;113;175;171;16;25;44;75;86;26;100;121;53;180;154;70;135;133;151;162;127;123;149;65;116;43;184;112;4;190;10;177;54;48;160;34;146;22;18;108;69;159;181;42;5;41,7566137689353285326,0.001003
greedy_intra:nodes_start:greedy,194,72626,23655,48971,15103,1,194;127;123;162;133;151;149;131;65;116;43;184;190;10;177;54;48;160;34;146;22;18;108;69;159;181;42;5;41;193;139;68;46;115;59;118;51;0;117;143;183;89;186;23;137;176;80;79;63;94;124;152;97;1;101;2;120;82;129;57;92;55;52;49;102;148;9;62;144;14;3;178;106;185;165;40;90;81;196;179;145;78;31;56;113;175;171;16;25;44;75;86;26;100;121;180;53;154;70;135,7903920356354173193,0.001028
greedy_intra:nodes_start:greedy,195,71276,23089,48187,46060,5,195;181;34;160;48;54;177;10;4;112;84;184;42;43;116;65;149;123;127;162;151;133;135;70;154;180;53;121;100;26;86;75;44;25;16;171;175;113;56;31;78;145;179;196;81;90;165;40;185;106;178;3;14;144;62;9;148;102;49;52;55;57;92;129;82;120;2;101;1;97;152;124;94;63;79;80;176;137;23;186;89;183;143;117;0;51;118;59;115;46;68;139;41;193;159;69;108;18;22;146,7596589655524037588,0.002000
greedy_intra:nodes_start:greedy,196,72070,23553,48517,30084,4,196;81;90;165;40;185;106;178;3;14;144;62;9;148;102;49;52;55;57;129;92;179;145;78;82;2;152;97;1;101;100;53;180;154;135;70;127;123;162;149;131;65;116;43;184;10;177;54;48;160;34;146;22;18;108;69;159;181;42;5;41;193;139;68;140;93;117;143;183;89;186;23;137;0;46;115;59;118;51;151;133;176;80;79;63;94;124;26;86;75;120;44;25;16;171;175;113;56;31;157,525563854833703354,0.001004
greedy_intra:nodes_start:greedy,197,72023,23224,48799,40877,5,198;46;68;139;193;41;5;42;181;159;69;108;18;22;146;34;160;48;54;177;10;190;84;184;43;116;65;149;123;127;162;151;133;135;70;154;180;53;121;100;26;86;75;44;25;16;171;175;113;56;31;78;145;179;196;81;90;40;165;185;106;178;3;14;144;62;9;148;102;49;52;55;57;92;129;82;120;2;101;1;97;152;124;94;63;79;80;176;137;23;186;89;183;143;117;0;51;118;59;115,3031125569878002890,0.002274
greedy_intra:nodes_start:greedy,198,71485,23362,48123,45099,5,68;46;115;59;118;51;0;117;143;183;89;186;23;137;176;80;79;63;94;124;152;97;1;101;2;120;82;129;92;57;55;52;49;102;148;9;62;144;14;3;178;106;185;40;165;90;81;196;179;145;78;31;56;113;175;171;16;25;44;75;86;26;100;121;53;180;154;70;135;133;151;162;127;123;149;65;116;43;184;112;4;190;10;177;54;48;160;34;146;22;18;108;69;159;181;42;5;41;193;139,6444381354007776524,0.003004
greedy_intra:nodes_start:greedy,199,71382,23066,48316,51907,7,93;68;139;46;115;59;118;51;0;117;143;183;89;186;23;137;176;80;79;63;94;124;152;97;1;101;2;120;82;129;92;57;55;52;49;102;148;9;62;144;14;3;178;106;185;40;165;90;81;196;179;145;78;31;56;113;175;171;16;25;44;75;86;26;100;121;53;180;154;70;135;133;151;162;127;123;149;65;116;43;184;84;190;10;177;54;48;160;34;181;42;5;41;193;159;146;22;18;108;140,7515997195313542038,0.002999
greedy_intra:edges_start:random,0,74804,24856,49948,636467,481,18;22;146;34;160;184;112;127;123;149;43;116;65;162;135;70;154;180;53;121;100;26;97;152;1;101;86;75;2;82;120;44;25;16;175;171;113;56;31;157;81;196;78;145;179;185;40;119;165;39;90;27;164;7;21;144;15;186;89;183;23;137;148;9;62;102;49;138;14;32;3;178;106;52;55;57;92;129;124;94;63;79;133;151;80;176;51;59;118;46;115;42;41;193;139;68;0;143;117;108,4933056254606205801,0.085629
greedy_intra:edges_start:random,1,73204,25131,48073,602456,467,115;5;42;160;48;54;177;10;184;84;112;131;149;43;116;65;59;118;51;137;124;94;63;79;80;176;151;133;162;123;127;70;135;154;180;53;86;75;101;1;100;26;97;152;2;120;44;25;78;145;92;129;57;55;52;49;178;106;185;196;157;31;16;171;175;113;56;81;40;119;165;90;164;21;14;144;102;62;9;148;15;114;186;23;89;183;153;0;143;117;108;18;159;22;34;181;41;193;139;46,8213407801821273554,0.079714
greedy_intra:edges_start:random,2,74178,22959,51219,741545,464,53;158;180;154;70;135;162;151;59;118;115;139;41;193;159;42;43;116;65;149;123;127;112;184;10;177;54;160;34;146;22;18;108;117;0;143;183;89;23;137;176;51;133;79;80;122;63;136;182;189;94;124;167;148;15;9;62;144;102;49;14;138;165;90;81;40;119;185;106;3;178;52;55;57;92;179;145;78;31;56;113;175;171;16;25;44;120;82;129;2;75;86;101;1;97;152;19;26;100;121,1936402180413138,0.084303
greedy_intra:edges_start:random,3,74153,25775,48378,599163,459,100;121;53;158;180;63;79;122;94;124;148;176;80;151;133;154;135;70;127;162;123;112;4;10;177;54;184;131;149;65;116;43;42;160;34;146;22;18;159;193;41;115;59;118;51;46;139;68;117;0;170;143;183;89;23;137;186;114;15;9;62;102;49;178;106;52;185;165;14;144;21;7;164;27;90;40;81;196;145;78;171;175;113;31;16;25;44;120;129;55;57;92;2;75;86;101;1;152;97;26,6330250929411539355,0.086678
greedy_intra:edges_start:random,4,72054,22945,49109,781341,531,100;86;53;94;124;63;79;80;176;137;51;151;162;133;180;154;135;70;127;123;112;4;84;184;10;177;54;48;34;160;42;43;116;47;131;149;65;59;118;115;198;46;68;139;41;193;159;22;18;108;117;0;170;143;183;89;23;186;15;148;37;9;62;102;49;144;14;178;106;52;55;185;40;119;165;90;81;196;179;57;145;78;31;56;113;175;171;16;25;44;120;92;129;2;75;101;1;152;97;26,6008045879751621634,0.098257
greedy_intra:edges_start:random,5,73815,23971,49844,665551,464,46;139;18;22;159;193;41;96;5;42;181;195;146;34;160;48;30;54;177;10;184;43;116;65;47;149;131;112;123;162;151;133;127;70;135;154;158;53;121;100;26;86;101;1;97;152;75;2;129;92;120;44;25;16;171;175;113;31;78;145;179;196;81;90;165;40;185;57;55;52;106;178;3;49;102;14;144;62;148;124;94;63;180;79;122;80;176;51;137;23;186;114;89;183;143;117;0;118;59;115,1132184719147998925,0.082405
greedy_intra:edges_start:random,6,73471,24279,49192,632313,523,171;175;113;31;78;145;92;57;55;52;106;178;3;165;119;40;185;196;157;81;90;39;138;14;49;102;144;62;9;37;148;15;186;89;183;23;137;176;80;51;118;46;0;170;143;117;108;18;22;146;159;193;41;139;115;42;181;34;160;184;54;177;10;190;4;112;127;70;135;123;149;43;116;65;59;162;151;133;180;154;53;86;26;100;121;63;79;122;94;152;97;1;101;75;2;129;120;44;25;16,1909904881111130615,0.090319
greedy_intra:edges_start:random,7,74808,24173,50635,606431,453,135;133;151;162;65;116;131;149;123;112;184;54;160;34;22;181;42;43;5;41;193;18;108;117;143;0;46;68;139;198;115;118;59;51;137;23;183;89;186;114;15;62;9;37;148;176;80;79;122;63;94;124;167;57;55;52;106;178;3;49;144;14;138;185;40;119;165;90;81;196;157;31;56;113;175;171;16;25;78;145;179;92;129;82;44;120;2;152;1;97;26;100;101;75;86;53;158;180;154;70,6149243187103786861,0.086751
greedy_intra:edges_start:random,8,74567,24350,50217,548039,522,186;89;183;143;0;46;139;18;22;146;159;193;41;115;59;65;116;43;5;42;181;34;160;48;54;177;10;190;184;84;112;127;70;154;135;123;162;151;72;118;51;176;80;133;79;122;63;180;158;53;136;121;100;26;86;75;120;44;25;16;171;175;113;31;196;179;145;78;92;129;2;101;1;97;189;152;94;124;167;57;55;52;178;3;106;185;119;40;81;90;27;165;14;49;144;62;9;148;137;23,529977621939240459,0.092086
greedy_intra:edges_start:random,9,73567,25328,48239,727621,489,114;186;23;137;176;80;133;79;122;63;94;124;148;9;62;49;144;14;164;27;90;165;40;185;196;81;113;175;171;16;31;78;145;92;57;52;106;3;178;55;129;25;44;120;2;75;86;101;1;152;97;26;100;121;53;180;154;135;70;127;123;149;131;112;84;184;10;177;54;34;146;22;159;193;41;181;160;42;43;47;65;116;115;139;18;108;93;117;143;0;68;46;118;59;72;162;151;51;183;89,3770269197166598517,0.089308
greedy_intra:edges_start:random,10,72392,22496,49896,748191,531,10;177;54;48;34;181;146;22;18;69;108;140;93;117;0;170;143;183;89;23;137;176;80;63;94;124;167;148;15;9;62;144;102;49;14;138;3;178;106;52;55;57;129;92;179;185;40;165;90;81;196;145;78;31;56;113;175;171;16;25;44;120;75;86;101;1;2;152;97;26;100;121;53;158;180;154;135;70;127;123;131;43;116;65;47;149;162;133;79;151;51;59;115;139;41;193;159;42;160;184,7200901167755695690,0.097945
greedy_intra:edges_start:random,11,73507,24587,48920,621790,443,139;46;68;140;108;69;18;193;41;159;22;34;54;177;184;160;181;42;5;43;116;65;149;35;84;4;112;123;127;70;135;154;180;158;53;86;26;100;63;94;152;97;1;101;75;2;82;120;44;25;78;16;171;175;113;31;145;179;196;81;90;165;119;40;185;57;92;129;55;52;106;178;3;14;49;102;144;62;9;114;23;89;183;143;117;0;137;186;15;37;148;176;80;79;133;162;151;51;59;115,355838530049741569,0.077126
greedy_intra:edges_start:random,12,72346,22880,49466,809508,486,171;16;25;44;120;92;57;129;2;75;86;101;1;100;26;97;152;94;80;176;51;118;59;116;5;96;41;193;159;181;42;43;65;47;131;149;123;162;151;133;79;122;63;53;180;154;135;70;127;112;84;184;190;10;177;54;48;160;34;103;146;22;18;108;69;139;115;198;46;68;117;0;143;183;89;23;137;186;15;148;9;62;102;49;144;14;178;106;52;55;165;90;40;185;179;145;78;31;113;175,7317375929236321739,0.090960
greedy_intra:edges_start:random,13,73597,24203,49394,553744,485,97;1;152;2;129;57;55;52;106;178;148;15;9;62;144;102;49;14;165;90;81;196;40;119;185;179;92;145;157;31;56;113;175;171;16;78;25;44;82;120;75;101;86;26;100;53;158;180;154;70;135;162;72;51;118;59;149;131;123;127;112;4;190;10;177;54;48;184;160;34;103;146;22;181;42;43;65;116;41;193;159;18;139;115;46;0;117;143;183;89;23;137;176;80;151;133;79;122;63;94,1074578102397512284,0.093310
greedy_intra:edges_start:random,14,74413,25638,48775,748088,489,51;137;15;62;9;148;167;152;94;121;53;100;26;97;1;101;86;75;2;120;44;82;129;92;145;78;25;16;171;175;113;56;31;157;81;196;179;57;55;52;49;102;144;14;3;178;106;185;40;119;165;90;27;164;7;21;183;143;0;117;93;108;18;22;146;34;160;42;159;193;41;139;46;115;43;184;54;177;4;112;123;127;70;135;154;180;133;79;63;122;80;176;151;162;149;131;65;116;59;118,8416352229914341068,0.079327
greedy_intra:edges_start:random,15,73193,23941,49252,777740,492,123;127;194;135;70;154;180;53;121;100;26;86;75;101;1;97;152;2;120;44;16;171;175;113;56;31;157;81;196;179;145;78;25;129;92;57;55;52;106;165;27;90;40;185;178;3;49;102;14;144;62;9;148;15;186;23;137;176;80;63;94;122;79;133;162;151;51;183;143;0;46;139;115;118;59;116;65;149;131;35;84;184;43;42;41;193;159;108;18;22;146;181;34;160;48;54;177;10;4;112,739306347866225629,0.081595
greedy_intra:edges_start:random,16,72870,23885,48985,630671,475,47;43;184;54;177;10;4;112;131;149;59;118;51;151;133;162;123;127;70;135;154;180;63;79;80;176;137;124;94;121;158;53;86;100;26;97;152;1;101;75;2;44;120;129;55;52;57;92;145;78;25;16;171;175;113;31;81;90;165;40;185;106;178;3;14;49;102;144;62;9;148;15;186;23;89;183;143;117;0;46;68;140;108;69;18;22;146;103;34;160;42;181;159;193;41;139;198;115;116;65,2041862385066461166,0.082141
greedy_intra:edges_start:random,17,73232,23856,49376,799620,486,51;118;59;115;41;193;139;68;46;137;89;183;143;170;0;117;93;108;18;22;181;42;116;65;43;160;34;54;177;184;35;84;112;131;149;123;127;70;135;162;151;133;79;63;180;154;53;121;100;26;97;86;75;101;1;152;2;129;120;44;25;16;171;175;113;56;31;78;145;179;196;81;90;27;165;119;40;185;92;57;55;52;106;178;3;49;102;14;144;114;15;62;9;37;148;167;124;94;80;176,173127392816643553,0.091182
greedy_intra:edges_start:random,18,73717,23305,50412,703533,515,22;18;69;108;140;68;139;198;46;0;117;143;183;89;137;51;109;118;59;162;151;133;176;80;79;122;63;94;124;152;167;148;62;144;49;14;138;3;178;106;165;90;40;185;52;55;57;92;179;196;145;78;31;113;175;171;16;25;44;120;129;2;1;97;101;75;86;26;100;121;182;136;53;180;154;135;70;127;123;112;4;84;190;10;177;184;54;48;34;160;42;43;149;65;116;115;41;193;159;146,851642815688049618,0.097843
greedy_intra:edges_start:random,19,72448,24235,48213,597613,457,79;80;176;51;118;59;149;131;65;116;43;184;35;84;112;4;10;177;54;48;160;34;146;22;159;18;108;69;139;41;193;181;42;5;115;46;68;117;0;143;183;137;23;186;15;148;167;106;178;49;9;62;144;14;138;165;185;119;40;90;81;196;157;31;56;113;175;171;16;78;145;179;52;55;57;92;129;25;44;120;2;75;1;97;152;94;26;101;86;53;180;154;135;70;127;162;123;151;133;63,2154600347216473246,0.083760
greedy_intra:edges_start:random,20,74792,24677,50115,732320,485,57;55;52;106;3;178;49;144;14;138;185;165;27;90;40;196;145;78;31;113;175;171;16;25;44;120;92;129;2;152;97;1;101;75;86;100;26;189;121;53;158;180;136;182;63;122;94;124;176;80;79;133;151;162;154;135;70;127;123;149;65;35;112;84;184;54;34;160;42;43;116;115;139;41;193;159;181;146;22;18;108;93;117;143;0;68;46;118;59;51;137;183;89;23;186;15;62;9;148;167,7252942481156592941,0.077283
greedy_intra:edges_start:random,21,71648,22931,48717,796627,472,5;41;193;115;139;68;46;0;137;23;89;183;143;117;93;108;18;159;22;146;181;34;160;54;177;184;84;112;127;70;135;154;180;158;53;121;100;26;86;75;101;97;1;152;2;120;44;25;129;92;179;145;78;31;16;171;175;113;56;157;196;81;90;165;40;185;57;55;52;106;178;3;14;49;102;144;62;9;148;167;124;94;63;122;79;80;176;51;118;59;151;133;162;123;149;131;65;116;43;42,7298269568416367751,0.081902
greedy_intra:edges_start:random,22,72970,23439,49531,711853,480,70;127;194;162;151;133;79;80;176;51;59;123;149;65;116;43;42;160;184;84;112;4;177;54;34;146;22;18;159;193;41;139;115;46;0;117;143;183;89;23;137;186;15;148;9;62;144;102;49;14;138;3;178;106;52;55;57;185;165;39;95;164;27;90;40;81;196;31;56;113;175;171;16;44;25;78;145;179;92;129;82;120;2;75;101;86;100;26;97;1;152;189;124;94;122;63;53;180;154;135,49888272080573055,0.077550
greedy_intra:edges_start:random,23,74415,24323,50092,758533,494,116;65;43;5;42;181;160;184;84;112;4;177;54;34;146;22;18;159;193;41;139;46;0;117;143;183;89;23;186;114;15;9;62;144;102;49;14;138;106;178;52;55;185;165;27;90;40;196;179;57;92;145;78;31;113;175;171;16;25;44;120;2;129;167;148;137;51;118;115;59;72;151;162;133;176;80;79;180;63;94;124;189;121;100;26;97;152;101;1;75;86;53;158;154;135;127;123;149;131;47,8933006970514541337,0.092693
greedy_intra:edges_start:random,24,74881,24378,50503,810571,483,145;31;56;113;175;171;16;44;25;78;92;120;75;1;101;86;53;154;70;127;135;180;63;122;80;79;133;151;118;59;116;65;131;149;162;123;112;4;10;177;54;48;184;160;34;146;22;181;42;43;5;41;193;159;139;115;46;0;143;51;176;137;23;183;89;186;15;62;9;37;148;124;94;189;121;100;26;97;152;2;129;57;55;52;106;178;3;49;144;14;138;165;27;90;81;196;40;119;185;179,1330362528634116079,0.090760
greedy_intra:edges_start:random,25,74564,24584,49980,604181,438,149;131;47;65;116;5;42;43;184;177;54;160;34;181;146;22;159;193;41;115;46;68;139;18;108;117;143;170;0;176;80;122;63;94;137;23;183;89;186;15;62;9;37;148;167;152;97;26;100;101;1;2;129;92;57;55;52;119;40;185;106;3;178;49;102;144;14;138;165;90;81;196;145;78;31;56;113;175;171;16;44;120;75;86;53;154;180;79;133;194;135;70;127;112;123;162;151;51;118;59,436231269860078105,0.082325
greedy_intra:edges_start:random,26,73531,25216,48315,513018,461,5;115;139;46;59;65;116;43;42;160;54;177;184;84;112;149;162;123;127;70;135;154;158;75;86;101;1;97;26;100;53;180;63;79;133;151;51;176;80;94;152;2;129;57;92;145;78;120;44;25;16;171;175;113;31;196;81;40;119;185;55;52;106;178;49;138;165;39;90;27;7;164;21;14;144;62;9;148;137;23;186;114;89;183;143;0;117;93;140;108;69;18;193;41;159;22;146;103;34;181,8039810857811820483,0.095537
greedy_intra:edges_start:random,27,73705,23507,50198,704907,489,183;153;143;117;0;51;118;59;115;46;68;140;108;69;18;22;146;159;193;41;139;5;181;34;54;184;160;42;43;116;65;47;131;149;123;127;70;135;162;151;133;79;63;180;154;158;53;121;100;26;97;1;101;86;75;120;44;25;16;171;175;113;56;31;78;145;92;196;81;90;165;40;185;52;55;57;129;2;152;124;94;122;80;176;148;37;9;62;102;49;178;106;14;144;15;114;186;137;23;89,8622893009481913955,0.095970
greedy_intra:edges_start:random,28,73824,25347,48477,563354,470,16;171;175;113;31;145;179;185;165;40;196;81;90;27;164;7;21;138;14;144;62;9;15;148;102;49;3;178;106;52;55;57;92;129;167;124;94;12;176;80;122;63;79;133;151;59;118;115;139;46;51;137;23;186;89;183;0;170;143;117;93;108;18;22;159;193;41;181;42;116;65;149;43;184;160;34;54;177;112;123;162;127;70;135;154;180;53;100;26;97;152;101;1;86;75;2;120;44;25;78,2507621765048935777,0.092413
greedy_intra:edges_start:random,29,73571,24422,49149,711955,509,100;26;97;152;189;124;94;63;122;79;133;135;70;194;127;123;112;4;190;10;177;54;34;160;184;43;42;181;146;22;159;18;108;140;93;117;143;183;89;114;186;23;0;46;139;193;41;115;118;59;116;65;47;131;149;162;151;51;80;176;137;148;9;62;49;144;14;165;90;81;40;185;106;178;52;55;57;179;145;78;31;56;113;175;171;16;25;44;120;92;129;2;75;1;101;86;158;154;180;53,5068887112427927834,0.099058
greedy_intra:edges_start:random,30,72984,23854,49130,766742,500,183;89;144;14;138;106;185;40;119;165;27;90;81;196;179;145;78;31;56;113;175;171;16;25;44;120;129;92;57;55;52;178;49;102;62;9;148;137;176;51;46;68;139;193;41;115;118;59;116;65;47;131;149;162;151;133;80;79;63;94;124;189;97;152;2;75;86;101;1;26;100;121;136;53;158;180;154;135;70;127;123;112;4;10;177;54;160;184;43;42;181;34;146;22;159;18;108;117;0;143,5955965487032978704,0.093388
greedy_intra:edges_start:random,31,73753,24093,49660,605546,467,62;9;148;167;55;52;106;178;3;49;102;144;14;138;21;7;164;27;90;165;185;40;119;81;196;31;113;175;171;16;25;44;120;78;145;179;57;92;129;82;2;75;86;101;1;152;97;26;100;121;124;94;79;63;53;158;180;154;135;70;127;123;162;149;131;43;116;47;65;59;151;133;80;176;51;118;115;46;139;41;193;159;181;42;160;184;54;34;22;18;108;117;143;0;153;183;89;23;137;15,6132735969858941123,0.074281
greedy_intra:edges_start:random,32,71969,22441,49528,728513,467,184;43;116;65;131;149;59;118;109;51;176;133;151;162;123;127;70;135;154;180;158;53;121;100;26;97;1;101;86;75;2;129;120;44;25;16;171;175;113;31;78;145;92;57;55;52;185;40;90;27;164;39;165;106;178;49;14;144;102;62;9;148;167;152;94;63;79;80;137;186;23;89;183;143;170;0;117;93;140;108;69;18;22;146;159;193;41;139;46;115;5;42;181;34;160;54;177;10;190;84,2237299797300440759,0.090473
greedy_intra:edges_start:random,33,74493,23354,51139,632774,464,115;198;46;68;117;0;143;183;89;23;186;137;148;9;62;102;49;144;21;90;40;185;165;138;14;3;178;106;52;55;57;92;129;179;196;81;56;113;175;171;16;31;145;78;25;44;120;82;2;152;97;1;101;75;86;26;100;189;121;136;53;158;180;154;70;135;194;127;123;112;84;184;54;160;34;181;146;22;159;193;41;139;5;42;43;116;65;149;59;162;151;133;79;63;94;124;80;176;51;118,8755791387998373043,0.083206
greedy_intra:edges_start:random,34,73148,22487,50661,580436,497,115;41;193;159;22;146;34;160;42;184;177;10;190;4;112;35;131;149;65;43;116;59;118;151;162;123;127;70;135;154;180;158;53;86;97;26;100;121;63;122;79;133;80;176;51;137;124;94;152;2;1;101;75;120;44;25;16;171;175;113;31;196;81;90;27;39;165;119;40;185;179;145;78;92;129;57;55;52;106;178;3;14;144;49;102;62;9;148;186;23;89;183;153;0;143;117;68;46;198;139,1561762687877842321,0.082637
greedy_intra:edges_start:random,35,73654,25734,47920,656952,474,54;34;160;184;42;181;41;193;159;146;22;18;69;108;68;140;93;117;143;23;89;183;0;46;198;139;115;43;116;65;59;118;51;151;162;133;80;176;137;124;167;148;15;9;62;144;102;49;14;21;164;27;90;165;3;178;106;185;119;40;81;196;179;52;55;57;92;129;82;145;78;31;113;175;171;16;25;44;120;2;75;86;101;1;100;26;97;152;94;79;63;53;180;154;135;70;127;123;112;177,6241940853855184516,0.082178
greedy_intra:edges_start:random,36,74885,23140,51745,597830,451,180;63;94;124;12;122;79;80;151;133;162;149;131;47;77;43;116;65;59;118;109;51;176;137;23;89;183;143;0;46;115;139;41;193;159;42;181;22;146;34;160;54;177;184;112;123;127;70;135;154;158;86;75;120;82;44;25;145;78;16;171;175;113;56;31;157;179;196;81;90;27;165;119;40;185;55;52;106;178;14;49;102;144;62;9;15;148;167;57;92;129;2;152;97;1;101;26;100;121;53,1841499450216999173,0.077150
greedy_intra:edges_start:random,37,72522,22762,49760,745517,478,93;117;0;183;143;89;114;15;186;23;137;176;80;79;63;94;124;148;37;9;62;102;49;144;14;138;165;185;40;119;90;81;196;157;31;113;175;171;16;78;25;44;120;82;92;145;179;178;106;52;55;57;129;2;152;97;1;101;75;86;26;100;121;53;180;154;135;70;127;123;162;133;151;51;118;59;115;46;68;139;41;193;159;42;43;116;65;47;149;131;35;184;54;160;34;146;22;18;108;140,261869810419670754,0.089497
greedy_intra:edges_start:random,38,72394,24008,48386,652267,503,131;149;59;118;51;176;80;79;63;94;148;9;62;167;152;2;1;97;26;100;180;133;151;162;123;127;70;135;154;53;86;101;75;120;44;25;129;57;92;78;16;171;175;113;56;31;145;81;90;165;119;40;185;55;52;106;178;49;14;144;15;186;137;23;89;183;143;0;117;68;46;115;139;108;18;22;146;195;159;193;41;5;42;181;34;160;184;48;54;177;10;190;4;112;84;35;43;116;65;47,7511284142201907378,0.095955
greedy_intra:edges_start:random,39,73312,24769,48543,822351,497,53;26;100;180;133;162;151;176;80;79;63;94;124;152;2;1;97;101;86;75;120;129;57;92;25;44;16;171;175;113;56;31;78;145;179;196;81;90;165;119;40;185;106;52;55;167;148;102;49;178;14;144;62;9;186;23;89;183;153;143;117;0;137;51;118;59;115;46;68;139;69;108;18;22;146;159;193;41;5;42;181;34;160;48;54;177;10;184;43;116;65;131;149;35;84;112;123;127;135;154,790977029456692782,0.088883
greedy_intra:edges_start:random,40,73974,25934,48040,456895,430,81;90;27;39;165;14;144;49;178;106;52;185;40;119;55;57;179;92;129;145;78;2;152;1;97;26;94;124;176;80;63;79;133;162;151;59;65;116;115;118;51;137;148;9;62;15;186;89;183;143;117;0;46;139;68;93;140;108;69;18;41;193;159;22;146;181;34;54;177;10;4;112;84;184;160;42;5;43;149;131;35;123;127;70;135;154;180;53;100;86;101;75;120;44;25;16;171;175;113;31,7551361213809145425,0.069474
greedy_intra:edges_start:random,41,74921,25702,49219,640501,420,43;5;42;184;177;54;160;181;34;146;22;159;193;41;115;139;108;18;46;0;117;143;183;137;51;151;133;79;80;176;122;63;94;97;152;129;92;57;55;52;178;148;15;9;62;144;102;49;14;138;3;106;185;165;39;95;7;164;27;90;119;40;81;196;157;31;56;113;175;171;16;25;78;145;179;44;120;2;75;101;1;26;100;86;53;158;180;154;135;70;162;123;127;112;131;149;59;118;65;116,907514822736426816,0.073201
greedy_intra:edges_start:random,42,73971,25294,48677,589450,465,9;137;23;89;183;143;0;117;93;108;18;193;41;115;198;139;68;46;176;51;118;59;65;116;43;42;160;181;195;159;22;146;103;34;48;54;184;177;10;4;112;127;123;162;151;133;80;79;63;180;135;154;53;86;75;120;44;25;16;171;175;113;56;31;157;78;145;179;57;92;129;2;152;97;1;101;26;100;121;94;124;148;55;52;185;165;40;196;81;90;27;164;144;14;138;106;178;49;102;62,4023505841734800079,0.084765
greedy_intra:edges_start:random,43,72744,24281,48463,742324,498,23;89;183;153;143;0;137;176;80;79;133;151;51;118;59;162;123;149;65;116;43;42;41;193;139;115;46;68;117;93;108;18;22;146;181;34;160;54;177;10;184;84;4;112;127;70;135;154;180;63;53;121;100;26;86;75;101;1;97;152;189;94;124;148;167;52;55;57;2;120;44;16;171;175;113;31;78;25;129;92;145;179;196;81;90;27;165;119;40;185;106;178;3;49;14;144;62;9;15;186,3845233556529071999,0.090180
greedy_intra:edges_start:random,44,74190,23125,51065,617956,476,46;0;183;89;23;137;51;176;80;94;124;148;9;62;102;49;144;14;3;178;106;52;55;185;40;119;165;27;90;81;196;31;56;113;175;171;16;44;25;78;145;91;179;57;92;129;120;2;75;86;101;1;152;97;26;100;189;121;53;154;180;63;79;133;151;59;116;43;65;47;131;149;162;135;123;112;4;84;190;10;177;184;42;5;41;181;160;48;54;30;34;146;22;18;108;69;159;193;139;115,5403580554783620451,0.088577
greedy_intra:edges_start:random,45,72102,23685,48417,899716,500,113;175;171;16;44;120;2;25;78;145;179;92;129;57;55;52;106;178;49;102;148;23;137;176;51;151;133;79;80;122;63;94;124;152;97;1;101;75;86;26;100;53;158;180;154;135;70;127;123;162;72;118;59;149;65;116;43;42;184;84;112;4;190;10;177;54;48;160;34;181;41;193;159;146;22;18;108;69;139;115;46;68;117;0;143;183;89;186;15;9;62;144;14;185;40;119;165;90;81;31,2157082081317809247,0.104885
greedy_intra:edges_start:random,46,75082,24473,50609,707693,489,121;53;158;154;180;136;63;122;79;133;151;162;135;70;127;123;149;131;35;184;54;34;22;18;108;117;0;46;68;139;115;41;193;181;160;42;43;47;65;116;59;118;109;51;176;80;94;124;26;101;1;97;152;129;92;179;57;55;52;106;178;3;167;148;137;143;183;89;23;186;114;15;9;62;144;102;49;14;138;185;40;165;27;90;81;196;113;175;171;16;31;145;78;25;44;120;2;75;86;100,6998396872522385187,0.088997
greedy_intra:edges_start:random,47,73242,23421,49821,724385,493,15;114;186;137;23;89;183;143;170;0;117;93;68;46;115;139;18;22;159;193;41;42;43;116;65;59;131;149;184;160;34;54;177;4;112;123;127;70;135;162;151;72;118;51;176;80;133;79;63;94;124;189;121;53;154;180;100;26;97;86;75;101;1;152;2;120;44;25;16;171;175;113;56;31;81;196;78;145;179;92;129;57;55;52;178;3;106;185;40;119;165;90;39;138;14;49;144;62;9;148,1436602577420682627,0.083341
greedy_intra:edges_start:random,48,73330,24280,49050,611434,487,94;189;97;101;1;152;2;129;92;179;57;55;52;106;178;3;49;102;9;62;144;14;138;185;40;165;90;81;196;145;31;56;113;175;171;16;78;25;44;120;75;86;26;100;121;53;154;135;70;127;123;162;180;63;79;133;151;80;176;137;51;109;118;59;115;43;116;65;149;131;112;84;184;177;54;48;34;160;181;42;22;159;193;41;139;46;68;69;18;108;117;0;143;183;89;186;15;148;167;124,3186881766209531035,0.093227
greedy_intra:edges_start:random,49,72920,24317,48603,863181,511,196;179;185;52;55;57;129;82;92;145;157;31;113;175;171;16;78;25;44;120;2;75;101;1;152;97;26;100;86;53;158;154;180;79;63;94;124;176;80;133;162;151;51;59;118;46;68;139;115;43;184;160;34;54;177;4;112;127;70;135;123;149;65;116;42;181;41;193;159;22;18;108;140;93;117;0;143;183;89;23;137;186;15;148;37;9;62;144;102;49;14;178;3;106;40;119;165;27;90;81,3113023397421950899,0.101776
greedy_intra:edges_start:random,50,71682,23199,48483,703269,470,127;70;135;154;180;53;121;100;26;86;75;101;97;1;2;152;94;124;148;102;49;178;106;52;55;57;92;129;82;120;44;25;16;171;175;113;56;31;78;145;179;196;81;90;27;39;165;119;40;185;3;138;14;144;62;9;15;186;89;183;23;137;176;80;63;79;133;162;151;51;59;65;116;43;115;46;68;0;143;117;108;18;139;41;193;159;22;146;34;181;42;160;48;54;177;10;190;184;112;123,7276101526503197270,0.091166
greedy_intra:edges_start:random,51,72698,23885,48813,676694,492,120;44;25;16;171;175;113;56;31;78;145;92;57;55;52;106;178;3;185;165;40;196;81;90;27;164;21;138;14;49;102;144;62;9;37;148;15;186;137;23;89;183;143;0;117;93;140;46;68;198;115;139;18;22;159;193;41;181;34;160;54;177;10;184;43;42;116;65;149;131;112;123;127;70;135;162;151;72;59;118;51;176;80;124;94;63;79;133;180;154;53;100;26;86;75;101;1;97;152;2,737787403651212042,0.087166
greedy_intra:edges_start:random,52,73348,24757,48591,579843,451,2;75;120;44;25;129;92;57;55;52;178;106;185;165;40;196;145;78;16;171;175;113;31;81;90;27;164;21;14;144;49;102;62;9;148;89;183;137;176;80;94;63;79;133;162;151;51;118;59;149;131;65;116;115;41;193;159;139;198;46;0;170;143;117;93;140;68;108;18;69;22;146;34;181;42;43;160;54;177;184;35;84;4;112;123;127;194;135;70;154;180;158;53;86;101;26;100;97;1;152,612637868687932844,0.092667
greedy_intra:edges_start:random,53,72834,23525,49309,601733,455,152;97;1;101;86;75;2;129;120;44;25;16;171;175;113;56;31;78;179;145;92;57;55;52;178;106;185;196;81;90;119;40;165;14;144;49;102;62;9;148;15;186;89;183;143;117;0;23;137;176;80;133;162;151;51;118;59;65;47;149;131;77;43;116;115;46;68;108;18;22;159;193;139;41;96;5;42;181;34;160;54;177;184;35;84;112;123;127;70;135;154;53;180;63;79;122;94;121;100;26,7655529350820103455,0.072779
greedy_intra:edges_start:random,54,73839,22959,50880,734787,502,135;70;154;180;133;79;122;80;12;124;94;63;53;121;100;26;97;152;1;101;86;75;2;129;92;82;120;44;25;16;171;175;113;31;78;145;196;81;90;27;165;40;119;185;179;57;55;52;106;3;178;49;138;14;144;102;62;9;148;15;186;23;89;183;143;117;0;137;176;151;162;51;118;59;149;131;47;65;116;43;42;5;115;139;46;41;193;159;22;146;181;34;160;54;177;184;112;127;123;194,1425535443459170068,0.089834
greedy_intra:edges_start:random,55,72809,23807,49002,807665,446,101;75;120;82;44;25;16;171;175;113;56;31;196;179;145;78;92;129;2;152;167;148;9;62;102;49;3;178;106;52;55;57;185;40;90;165;14;144;186;23;89;183;137;176;80;122;63;79;133;162;151;72;51;118;59;149;131;65;116;43;115;139;68;46;0;143;117;93;108;18;22;159;193;41;5;42;181;34;160;184;54;177;10;190;4;112;123;127;70;135;154;180;53;121;94;26;100;86;97;1,2201211860403974411,0.087843
greedy_intra:edges_start:random,56,73360,24078,49282,620056,438,146;181;34;160;48;54;177;184;84;112;123;162;127;70;135;154;180;158;53;100;26;86;101;75;2;120;44;25;16;171;175;113;56;31;78;145;92;129;57;55;52;179;196;185;40;90;27;165;106;178;14;49;102;144;62;9;15;114;89;183;143;0;117;93;108;18;139;46;137;23;186;148;37;167;152;1;97;94;63;79;80;176;133;151;51;109;118;59;149;131;47;65;116;43;42;115;41;193;159;22,2012611364636088182,0.081623
greedy_intra:edges_start:random,57,74537,24224,50313,590370,455,112;84;184;190;10;177;54;160;43;65;116;42;34;146;22;159;193;41;139;115;59;118;46;0;117;143;183;89;23;137;15;37;148;167;9;144;155;62;102;49;14;138;178;3;106;52;55;185;40;119;165;39;164;27;90;81;196;31;113;175;171;16;78;145;179;57;92;129;82;25;44;120;2;152;97;26;1;75;86;101;100;121;94;63;79;133;80;176;51;151;162;149;131;123;180;53;154;135;70;127,7470793536316275027,0.078234
greedy_intra:edges_start:random,58,73821,22661,51160,602079,493,40;119;165;27;90;81;31;56;113;175;171;16;78;145;25;44;120;82;129;2;152;1;101;75;86;97;26;100;121;189;124;12;94;122;79;63;136;53;158;154;180;135;70;127;123;162;151;133;80;176;51;59;118;46;68;139;115;41;193;159;42;43;116;65;149;131;35;184;54;160;34;181;146;22;18;117;0;143;183;89;23;137;186;114;15;148;9;62;102;144;14;49;3;178;106;52;92;57;55;185,802386762922336644,0.088815
greedy_intra:edges_start:random,59,74436,24729,49707,721572,521,16;25;44;120;75;86;101;1;97;26;100;53;180;154;135;127;123;112;4;184;35;84;190;10;177;54;160;34;22;18;108;69;159;193;41;139;198;115;5;42;43;116;65;118;46;68;36;140;93;117;143;0;153;183;89;23;186;144;49;62;9;148;137;176;51;59;149;162;151;133;80;79;122;63;94;124;152;2;129;92;57;55;52;178;106;165;138;14;21;164;27;90;40;185;145;78;31;113;175;171,6956033255330134203,0.092923
greedy_intra:edges_start:random,60,73562,23399,50163,747283,488,119;40;185;3;178;106;52;55;167;37;102;49;138;14;144;62;9;15;148;124;94;122;63;180;79;80;176;137;183;143;0;117;68;46;115;139;108;18;22;146;159;193;41;181;34;160;54;177;10;184;42;5;43;116;65;131;149;59;118;51;151;133;162;123;127;70;135;154;158;53;121;189;152;1;101;97;26;100;86;75;2;120;44;25;82;129;57;92;145;78;16;171;175;113;56;31;196;81;90;165,873098042726571688,0.086728
greedy_intra:edges_start:random,61,75907,25389,50518,649815,453,184;177;54;34;22;181;42;193;41;115;116;47;65;59;162;151;51;46;139;18;108;117;0;143;183;89;23;186;114;64;15;62;9;148;167;55;52;106;178;3;49;102;144;14;138;21;7;164;27;90;39;165;185;40;81;196;157;78;31;56;113;175;171;16;44;120;25;145;179;57;92;129;82;2;75;86;101;1;152;97;26;100;121;94;137;176;80;122;63;79;133;180;53;154;135;127;123;149;43;160,9039729441662213851,0.080348
greedy_intra:edges_start:random,62,73496,24103,49393,762119,480,47;65;105;116;59;118;162;127;194;135;70;154;180;53;63;79;133;151;51;176;80;124;94;121;100;26;86;75;101;1;97;152;2;120;82;129;57;55;178;106;52;92;145;78;25;44;16;171;175;113;56;31;81;196;179;185;40;119;90;165;14;144;49;102;62;9;148;15;186;137;23;89;183;143;117;0;46;115;139;41;193;159;108;18;22;146;181;42;5;43;160;34;54;177;184;84;112;123;149;131,5715666497369908405,0.080975
greedy_intra:edges_start:random,63,75017,25073,49944,689297,538,159;18;22;146;195;181;34;160;54;177;10;190;184;84;112;127;70;154;180;135;123;162;151;133;79;63;121;53;86;101;75;120;44;25;78;16;171;175;113;56;31;145;92;129;57;55;52;196;157;81;90;165;40;185;106;178;3;49;102;14;144;62;9;186;89;183;143;0;23;148;167;152;2;1;97;26;100;189;124;94;122;80;176;137;51;46;139;115;118;59;149;131;65;116;43;42;5;96;41;193,3950895497375199801,0.094454
greedy_intra:edges_start:random,64,72820,23420,49400,693205,482,92;57;55;52;178;106;185;40;119;165;90;81;196;56;113;175;171;16;31;145;78;25;44;120;75;86;101;1;97;26;100;121;53;158;154;180;133;135;70;127;123;162;151;80;176;51;109;118;59;116;65;47;149;131;35;112;4;10;177;54;48;34;181;160;184;42;43;115;46;139;41;193;159;146;22;18;69;108;93;117;0;143;183;137;15;9;62;102;144;14;49;148;124;94;122;79;63;152;2;129,91732855842482172,0.094564
greedy_intra:edges_start:random,65,72793,23514,49279,740904,466,26;86;101;75;2;1;97;152;167;52;55;57;129;120;44;25;16;171;175;113;56;31;78;145;92;196;81;90;165;40;185;106;178;3;138;14;49;102;144;62;9;37;148;124;94;80;176;51;137;23;186;15;114;89;183;143;0;117;93;140;108;69;18;22;146;181;42;160;34;54;177;10;184;43;65;116;115;41;193;139;46;118;59;149;131;123;127;70;135;162;151;133;79;63;180;154;158;53;121;100,2504253633747634863,0.081894
greedy_intra:edges_start:random,66,74200,24720,49480,607912,480,23;89;183;143;117;0;137;51;151;162;72;59;118;46;68;108;18;22;34;160;54;177;184;43;5;42;181;159;193;41;139;115;116;65;131;149;123;127;70;135;154;53;158;180;133;176;80;79;63;189;152;97;1;26;100;121;86;101;75;2;120;44;25;16;56;113;175;171;31;78;145;179;92;129;57;55;52;185;40;196;81;90;27;165;138;14;3;106;178;49;102;144;62;9;167;124;94;148;15;186,1057439461220687132,0.089865
greedy_intra:edges_start:random,67,72377,22270,50107,703319,478,78;145;179;31;16;171;175;113;56;157;196;81;90;165;119;40;185;57;55;52;106;178;3;138;14;144;49;102;62;9;148;137;23;89;183;143;0;117;68;46;139;115;59;118;51;176;80;122;63;79;133;151;162;149;131;65;116;43;42;41;193;159;18;22;34;160;48;54;177;184;84;4;112;123;127;194;135;70;154;180;53;121;100;26;189;94;124;152;97;86;75;101;1;2;82;129;92;120;44;25,7324112169161028026,0.091747
greedy_intra:edges_start:random,68,72717,23247,49470,716649,482,162;59;118;51;151;133;79;63;158;154;180;53;121;100;26;97;1;101;86;75;2;82;120;44;25;16;171;175;113;56;31;78;145;179;92;129;57;55;52;178;106;185;196;81;90;165;40;119;39;138;14;144;49;102;62;9;148;167;152;124;94;122;80;176;137;23;186;89;183;143;117;93;140;68;46;115;139;41;193;159;18;22;34;160;54;177;4;112;184;181;42;43;116;65;131;149;123;127;70;135,4879327517387521779,0.082135
greedy_intra:edges_start:random,69,72375,23382,48993,680354,484,184;84;112;35;43;42;116;65;131;149;123;127;70;135;154;180;158;53;100;26;97;1;101;86;75;120;44;25;16;171;175;113;56;31;78;145;179;157;196;81;27;90;165;119;40;185;138;14;144;62;9;15;148;102;49;178;106;52;55;57;92;129;82;2;152;94;63;122;80;79;133;162;151;51;176;137;89;183;143;117;0;118;59;115;139;46;68;140;108;18;22;159;193;41;181;34;160;48;54;177,4560864042404290366,0.090761
greedy_intra:edges_start:random,70,72803,23808,48995,686490,475,181;42;5;115;46;139;41;193;159;18;108;140;93;117;0;143;183;89;186;15;62;9;148;167;49;102;144;14;178;106;52;55;57;129;92;78;145;179;185;40;119;165;90;81;196;31;56;113;175;171;16;25;44;120;82;2;75;86;101;1;97;26;100;53;158;154;70;135;180;136;121;152;94;63;122;79;133;151;80;176;137;51;118;59;65;116;43;149;162;123;127;112;4;10;177;54;184;160;34;22,8842490354048911723,0.080839
greedy_intra:edges_start:random,71,71971,23619,48352,772932,484,148;9;62;102;49;178;106;52;55;167;124;94;63;79;133;151;162;123;127;70;135;154;180;53;121;100;26;97;152;1;101;86;75;2;129;82;120;44;25;16;56;113;175;171;31;78;145;92;57;179;196;81;90;119;40;185;165;14;144;15;186;23;89;183;143;0;46;68;140;108;18;22;146;159;193;41;139;115;42;160;34;54;177;10;190;184;84;4;112;149;131;43;116;65;59;118;51;80;176;137,7596134880584592787,0.093703
greedy_intra:edges_start:random,72,74045,24498,49547,736572,511,68;46;115;139;41;193;159;18;108;69;22;146;103;34;181;42;5;116;65;47;43;35;84;184;160;54;177;10;4;112;127;135;154;53;100;26;86;75;101;97;1;2;152;189;121;180;133;151;162;123;149;59;51;137;176;80;79;122;63;94;124;148;167;55;57;129;120;44;25;92;179;145;78;16;171;175;113;56;31;196;81;90;165;119;40;185;52;106;178;14;49;102;144;62;9;89;183;143;0;117,6117376915917605630,0.095775
greedy_intra:edges_start:random,73,74010,24837,49173,681505,519,14;144;49;102;62;9;152;94;124;148;15;186;89;183;143;0;23;137;51;176;80;63;79;133;151;162;59;118;46;68;117;93;108;18;22;146;159;193;41;139;198;115;5;116;65;47;149;131;77;43;42;181;34;160;54;177;184;112;123;127;70;135;154;180;158;53;26;97;86;75;101;1;2;129;82;120;44;25;78;16;171;175;113;31;81;90;165;119;40;196;179;145;92;57;55;52;185;106;178;3,1435184709019820139,0.094578
greedy_intra:edges_start:random,74,75727,25092,50635,616473,456,145;31;113;175;171;16;78;25;44;120;82;2;75;101;86;121;94;124;12;122;80;176;137;23;148;37;9;62;144;14;3;178;49;102;15;114;186;89;183;143;117;93;108;18;193;41;139;115;46;0;51;151;118;59;65;116;43;5;42;181;34;160;48;54;184;177;10;190;4;112;127;70;135;123;131;149;162;133;79;63;180;154;53;100;26;97;1;152;129;92;57;55;52;106;165;90;40;185;196;179,8311996941035861248,0.084072
greedy_intra:edges_start:random,75,72403,23855,48548,627758,474,41;139;46;115;116;65;43;42;181;34;160;48;30;54;184;84;177;10;190;4;112;131;149;123;162;59;118;51;151;133;79;180;135;70;154;53;86;101;100;26;97;152;1;75;2;129;120;44;25;16;171;175;113;56;31;196;145;78;92;57;55;52;178;106;185;119;40;81;90;27;165;138;14;144;102;49;62;9;148;124;63;94;80;176;137;23;89;183;143;170;0;117;68;93;140;108;18;22;159;193,4924395902887857866,0.100569
greedy_intra:edges_start:random,76,72254,22878,49376,679573,460,40;165;90;31;56;113;175;171;16;25;44;120;78;145;179;57;92;129;82;2;75;86;154;180;53;121;100;26;101;1;97;152;94;63;79;133;80;176;51;118;59;151;162;123;135;70;127;112;84;184;10;190;177;54;48;160;34;181;42;43;131;149;65;116;115;198;46;68;139;41;193;159;195;146;22;18;108;140;93;117;0;170;143;183;89;186;23;137;148;9;62;144;14;49;3;178;106;52;55;185,2242565334093178174,0.088535
greedy_intra:edges_start:random,77,75512,24464,51048,636732,449,159;193;41;115;118;59;51;109;72;162;151;79;133;123;149;131;47;65;116;43;42;160;34;48;54;177;184;112;127;70;135;154;180;158;53;136;182;121;100;26;86;75;44;16;171;175;113;31;145;185;40;165;90;27;164;14;144;62;9;148;102;49;178;106;52;55;57;129;92;78;25;120;2;101;1;97;152;111;167;124;94;63;122;80;176;137;23;186;89;183;143;0;46;68;139;108;18;22;146;181,8750656746569973244,0.075116
greedy_intra:edges_start:random,78,73802,22721,51081,749320,544,31;56;113;175;171;16;25;44;120;82;129;2;152;97;1;101;75;86;26;100;189;121;53;158;180;154;135;70;127;123;162;149;131;65;116;43;35;184;190;10;177;54;48;160;42;181;34;22;159;193;41;139;115;59;118;46;68;117;0;143;183;89;114;15;62;9;37;148;186;23;137;176;51;151;133;79;80;122;63;94;124;167;55;52;106;178;49;14;144;102;138;165;90;40;185;179;57;92;145;78,7490167940304256041,0.114273
greedy_intra:edges_start:random,79,76241,25557,50684,731328,489,52;138;32;3;178;106;8;185;119;40;196;81;90;165;39;164;21;144;155;14;49;102;62;9;15;186;89;183;143;0;117;108;18;22;34;160;184;54;177;4;112;131;149;123;162;59;65;116;43;42;115;41;193;139;46;137;176;51;151;133;79;80;122;63;127;70;135;154;180;53;121;100;26;1;101;86;75;120;44;25;16;171;175;113;56;31;78;145;179;92;129;2;152;97;94;124;148;167;57;55,5314185567940145089,0.093024
greedy_intra:edges_start:random,80,74890,25352,49538,599130,496,185;119;40;90;81;196;92;129;145;78;31;56;113;175;171;16;25;44;120;2;75;86;101;1;152;97;26;100;121;53;180;154;135;79;63;94;80;133;151;162;149;131;123;70;127;112;177;54;48;184;160;34;181;195;146;22;18;159;193;41;42;43;47;65;116;59;115;139;68;140;93;117;143;183;89;0;46;118;109;51;176;137;23;9;62;102;49;144;15;148;37;167;57;55;52;106;178;3;14;165,8328331551192716318,0.073998
greedy_intra:edges_start:random,81,73225,24318,48907,632244,523,81;90;165;106;178;3;138;14;144;49;102;62;9;15;186;23;89;183;143;170;117;0;68;46;115;139;108;18;22;146;159;193;41;181;34;54;177;184;48;160;42;43;116;65;59;118;51;151;79;133;162;149;131;35;84;4;112;123;135;70;154;180;53;100;26;121;189;97;86;75;101;1;2;152;124;94;63;80;176;137;148;167;129;120;44;25;16;171;175;113;31;78;145;92;57;55;52;185;40;196,2324590579276153880,0.087328
greedy_intra:edges_start:random,82,72335,24156,48179,674971,465,43;65;149;123;112;84;184;177;54;34;160;42;139;198;115;41;193;159;146;22;18;108;68;46;0;117;143;183;89;23;137;186;114;15;9;62;102;49;14;144;21;7;164;27;90;165;119;40;81;196;185;106;178;52;55;57;179;145;78;31;56;113;175;171;16;25;44;120;92;129;2;75;86;100;26;97;101;1;152;167;148;124;94;53;180;154;70;135;162;151;133;79;122;63;80;176;51;118;59;116,5278493525320974028,0.088625
greedy_intra:edges_start:random,83,73187,24679,48508,549684,480,86;75;120;44;25;16;171;175;113;56;31;78;145;92;179;196;81;40;119;185;165;90;164;7;21;144;14;102;49;52;106;178;55;57;129;2;101;1;97;152;124;94;148;37;9;62;15;186;23;89;183;143;117;68;139;41;193;159;18;22;34;160;48;54;30;10;190;177;184;43;116;42;5;115;46;0;137;176;80;122;63;79;133;162;151;51;59;65;149;131;112;123;127;70;135;154;180;53;100;26,384221989553415835,0.085765
greedy_intra:edges_start:random,84,73280,23082,50198,691959,494,0;117;143;183;89;186;23;137;176;80;51;118;59;151;133;79;63;94;124;148;15;9;62;144;49;14;138;165;90;40;185;106;178;52;55;57;145;31;56;113;175;171;16;44;25;78;92;129;82;120;2;75;101;86;100;26;97;1;152;189;121;182;136;53;158;180;154;135;70;127;162;123;112;4;84;184;177;54;34;160;131;149;47;65;116;43;5;42;181;146;22;18;108;159;193;41;115;139;68;46,6772720299882163293,0.139383
greedy_intra:edges_start:random,85,73116,24275,48841,561934,466,3;106;52;55;57;179;145;92;129;2;152;167;148;9;62;49;14;144;186;23;89;183;143;117;18;22;146;181;34;160;184;48;54;177;10;190;4;112;131;149;123;127;70;135;154;158;53;180;63;79;133;162;151;51;118;59;65;47;116;43;42;5;41;193;159;139;115;46;68;0;137;176;80;94;124;97;1;26;100;86;101;75;120;44;78;16;171;175;113;56;31;196;81;90;27;165;119;40;185;178,6897209237896924754,0.079998
greedy_intra:edges_start:random,86,73591,22265,51326,704093,461,81;196;157;31;56;113;175;171;16;25;44;120;2;1;97;101;75;86;26;100;121;189;152;167;124;94;122;63;53;158;180;154;70;135;194;162;127;123;149;131;65;116;43;42;160;184;177;54;34;181;146;22;159;193;41;139;68;117;143;0;46;115;59;118;51;151;79;133;80;176;137;23;183;89;186;15;148;9;62;144;102;49;14;138;32;3;178;106;52;55;57;129;92;78;145;179;185;40;165;90,2583915280646252164,0.096908
greedy_intra:edges_start:random,87,73439,23418,50021,613716,480,79;122;63;94;124;152;189;121;100;26;97;1;101;86;75;2;120;44;25;16;171;175;113;56;31;78;145;196;81;90;27;39;165;40;185;179;92;129;57;55;52;106;178;3;14;49;102;144;62;9;37;148;15;186;137;23;89;183;143;0;117;93;140;68;46;115;42;139;41;193;159;22;34;54;177;10;184;160;43;116;65;149;59;131;35;112;123;127;70;135;154;53;180;133;162;151;51;118;176;80,6146461996875776015,0.097026
greedy_intra:edges_start:random,88,73888,24648,49240,646434,449,178;3;49;102;37;148;94;152;129;92;78;145;179;57;55;52;185;40;165;27;90;81;196;31;56;113;175;171;16;44;120;2;1;101;75;86;97;26;100;53;63;79;80;133;180;154;135;70;127;123;112;4;10;177;54;48;34;160;181;96;5;42;184;43;116;65;149;59;72;162;151;51;118;115;198;139;41;193;159;22;18;108;140;93;68;46;0;117;143;183;89;186;23;137;176;9;62;144;14;106,389254681753606619,0.071000
greedy_intra:edges_start:random,89,73215,24586,48629,649188,478,68;117;0;143;183;89;23;137;176;186;15;148;37;9;62;102;49;144;14;178;106;165;27;90;81;40;185;52;55;57;129;92;145;196;31;56;113;175;171;16;78;25;44;120;2;75;101;86;100;26;97;1;152;94;63;79;151;80;133;180;53;158;154;135;70;127;123;162;149;65;47;116;5;42;43;35;112;4;190;10;177;184;54;48;160;34;146;22;159;41;193;18;108;69;139;115;59;118;51;46,5963763665978337210,0.069033
greedy_intra:edges_start:random,90,73796,22830,50966,741301,491,44;25;129;92;52;55;57;179;145;78;16;171;175;113;56;31;196;81;90;165;119;40;185;106;178;14;144;15;114;186;23;89;183;143;0;117;68;46;139;41;193;159;22;146;34;54;184;84;112;123;149;131;47;65;116;43;42;160;181;115;59;118;109;51;137;176;80;79;133;151;162;127;70;135;154;180;53;121;182;136;122;63;94;124;148;9;62;102;49;167;152;1;97;26;100;86;101;75;2;120,757049382671850316,0.083801
greedy_intra:edges_start:random,91,73237,23439,49798,694879,467,81;196;157;78;31;113;175;171;16;25;44;120;129;2;152;75;86;101;1;97;26;100;121;136;53;158;180;154;135;70;127;162;133;151;72;118;59;116;42;43;65;131;149;123;112;184;190;10;177;54;34;160;41;193;159;22;18;108;139;115;198;46;68;117;0;143;183;89;186;23;137;51;176;80;79;122;63;94;148;37;15;9;62;102;144;14;49;178;106;52;55;57;92;145;179;185;40;119;165;90,291825306452279535,0.081376
greedy_intra:edges_start:random,92,72363,23681,48682,600712,474,190;10;177;184;54;48;160;34;181;146;22;18;108;93;117;143;0;46;139;193;41;42;43;65;47;116;115;59;118;51;151;133;79;63;122;80;176;137;183;89;23;186;114;15;9;62;144;102;49;14;165;90;81;196;40;185;106;178;52;55;57;92;129;25;78;145;31;56;113;175;171;16;44;120;2;1;101;75;86;26;97;152;148;124;94;121;100;53;158;180;154;135;70;127;123;162;149;131;112;4,8696873311691896249,0.095655
greedy_intra:edges_start:random,93,73434,24996,48438,676313,478,54;177;184;4;112;84;35;43;131;149;123;127;70;135;154;180;79;80;122;94;63;53;121;100;26;86;75;101;1;97;152;124;148;167;92;57;129;2;120;44;25;145;78;16;171;175;113;56;31;196;81;90;27;164;39;165;119;40;185;55;52;106;178;49;14;144;62;9;186;23;89;183;137;176;51;133;162;151;72;118;59;65;116;115;139;68;46;0;143;117;108;18;22;159;193;41;42;181;34;160,5032408398266374608,0.082183
greedy_intra:edges_start:random,94,73248,24239,49009,583003,505,41;195;22;146;181;34;160;54;30;177;10;190;184;84;112;127;123;149;131;43;42;116;65;162;151;133;79;80;176;122;63;94;124;121;53;180;135;154;158;100;26;97;152;2;1;101;86;75;120;129;57;92;145;78;25;44;16;171;175;113;56;31;196;81;90;165;40;185;55;52;106;178;49;14;144;62;9;148;186;23;137;51;118;59;115;139;198;46;68;0;89;183;143;117;93;108;69;18;159;193,3918564870825076034,0.077511
greedy_intra:edges_start:random,95,74224,24161,50063,621378,423,2;120;129;44;25;16;171;175;113;56;31;78;145;179;92;57;55;52;185;40;90;165;138;14;144;15;9;62;102;49;178;106;148;167;152;124;94;122;80;176;51;151;162;123;35;184;131;149;47;65;116;43;42;5;59;118;115;137;23;186;89;183;143;0;117;68;46;139;41;193;159;22;146;181;34;160;54;177;10;190;4;112;127;70;135;154;158;180;133;79;63;121;53;86;100;26;97;1;101;75,1364173643458004903,0.077637
greedy_intra:edges_start:random,96,74857,24577,50280,610562,459,124;97;26;100;121;53;154;180;79;51;118;59;133;151;162;123;70;135;127;112;4;190;10;177;184;84;35;131;149;65;116;47;77;43;115;5;42;181;160;48;54;34;146;22;18;159;41;193;139;198;46;68;117;0;143;183;89;186;9;62;144;14;49;3;178;106;52;185;165;40;81;196;145;78;16;171;175;113;56;31;44;25;120;75;86;101;1;152;2;129;92;57;55;148;137;176;80;122;63;94,502246626911559006,0.075328
greedy_intra:edges_start:random,97,72347,22603,49744,695412,480,44;25;16;171;175;113;56;31;81;196;78;145;179;92;129;57;55;52;185;40;119;90;27;39;165;106;178;49;14;144;62;9;148;167;2;152;124;94;63;122;80;79;133;162;151;149;131;47;65;116;43;42;5;115;59;118;51;176;137;23;186;114;89;183;143;0;46;139;41;193;159;18;22;146;34;160;48;54;177;184;35;84;4;112;123;127;70;135;154;180;53;121;100;26;97;1;101;86;75;120,618159746188866526,0.088699
greedy_intra:edges_start:random,98,75206,25090,50116,570434,485,14;49;52;55;57;92;78;145;179;196;81;31;113;175;171;16;25;44;120;129;2;75;101;1;152;97;26;100;86;53;63;180;154;135;127;123;162;72;51;118;59;65;47;77;149;131;35;112;84;184;43;42;181;160;54;34;146;22;159;193;18;139;41;5;116;115;46;68;117;0;143;183;89;186;23;137;66;176;151;133;79;80;122;94;124;148;15;9;62;102;144;21;164;90;165;119;40;185;106;178,6417436225927332354,0.078657
greedy_intra:edges_start:random,99,73634,24365,49269,668219,499,27;119;40;185;165;164;21;14;138;106;52;55;178;3;49;102;144;62;9;148;15;186;137;23;89;183;143;0;117;68;46;139;115;116;43;42;181;41;193;159;69;108;18;22;34;160;48;54;177;10;184;123;149;65;59;118;51;176;80;133;151;162;135;154;180;53;63;79;94;124;152;121;100;26;97;1;101;86;75;2;120;82;129;92;57;179;91;145;78;25;44;16;171;175;113;56;31;196;81;90,1209551905924822520,0.105593
greedy_intra:edges_start:random,100,72341,22572,49769,749448,479,120;44;25;82;129;92;179;145;78;16;171;175;113;56;31;196;81;95;164;27;90;165;40;185;55;57;52;106;178;49;14;144;62;9;37;148;15;186;23;137;89;183;143;0;117;93;140;68;46;198;139;115;5;41;193;159;22;146;181;34;160;48;54;177;10;184;42;43;116;65;131;149;59;51;176;80;79;133;151;162;123;127;70;135;154;180;63;94;124;152;97;26;100;121;53;86;75;101;1;2,4599494966429996752,0.090561
greedy_intra:edges_start:random,101,73207,24208,48999,561979,448,9;62;144;14;106;185;40;165;90;81;196;145;78;31;113;175;171;16;25;44;120;82;2;97;1;101;75;86;26;100;121;182;63;94;152;129;92;57;52;55;178;3;49;148;176;80;79;180;53;158;154;135;70;127;123;162;133;151;51;118;59;115;46;68;139;41;5;42;43;116;47;65;149;131;112;4;190;10;177;184;48;54;30;34;160;181;146;22;159;193;18;108;117;0;143;183;89;23;137;15,4242836171723983889,0.066024
greedy_intra:edges_start:random,102,73527,23860,49667,734963,448,3;49;14;144;62;9;148;15;186;23;89;183;153;0;170;143;117;68;46;118;51;137;124;94;63;122;176;80;79;133;151;162;59;115;139;108;18;159;22;146;34;160;181;193;41;42;184;177;10;4;112;43;116;65;131;149;123;127;70;135;154;180;158;53;136;121;100;26;97;152;1;101;86;75;2;129;120;44;25;16;171;175;113;31;78;145;185;40;119;165;90;81;196;179;92;57;55;52;106;178,3704806064193444232,0.077054
greedy_intra:edges_start:random,103,73331,23089,50242,702379,478,9;62;144;14;49;178;106;185;40;165;90;81;196;52;55;57;129;92;179;145;31;56;113;175;171;16;78;25;44;120;82;2;152;124;94;189;19;97;1;101;75;86;26;100;121;182;63;79;133;180;53;158;154;135;70;127;123;162;151;51;118;59;65;47;149;131;35;84;112;4;184;177;54;34;160;42;43;116;115;139;41;193;159;181;195;146;22;18;108;68;46;0;143;183;89;23;137;176;80;148,1207172006174425198,0.081278
greedy_intra:edges_start:random,104,75274,23234,52040,609421,506,175;171;16;78;145;92;129;82;25;44;120;75;2;152;124;94;63;182;121;100;26;97;1;101;86;53;180;154;70;135;79;80;176;133;151;51;118;72;162;127;123;149;43;184;160;34;146;22;159;181;42;5;116;65;59;115;139;41;193;18;108;117;0;143;183;89;23;137;186;15;148;37;9;62;144;102;49;14;138;165;39;27;90;40;119;185;106;3;178;52;55;57;179;91;196;81;157;31;56;113,4824669752382820255,0.093819
greedy_intra:edges_start:random,105,73299,24484,48815,623377,426,186;15;114;89;183;143;117;0;46;139;115;118;59;72;151;162;123;149;65;43;116;42;5;41;193;18;22;146;195;159;181;34;160;54;177;184;35;84;4;112;127;70;135;154;180;53;152;97;100;26;1;101;86;75;2;129;120;44;25;16;171;175;113;56;31;78;145;92;57;179;185;119;40;196;81;90;27;165;14;49;102;144;62;9;148;55;52;106;178;167;124;94;63;79;133;80;176;51;137;23,8376970970757298166,0.075706
greedy_intra:edges_start:random,106,74736,23508,51228,611731,474,144;14;138;165;39;27;90;119;40;185;81;196;157;38;31;56;113;175;171;16;25;44;120;82;129;57;179;91;145;78;92;2;75;86;101;1;152;97;26;100;121;53;158;180;135;154;70;127;123;112;184;160;54;34;22;18;108;93;117;0;143;183;89;137;176;80;51;118;46;68;139;115;41;193;159;42;43;116;65;47;131;149;59;162;151;133;79;63;94;148;167;55;52;106;178;3;49;102;9;62,2992139284598595494,0.081903
greedy_intra:edges_start:random,107,72386,23073,49313,664424,478,159;193;41;42;43;116;65;149;131;123;162;133;151;51;118;59;115;198;139;68;46;0;117;143;183;89;23;186;114;15;9;62;144;14;138;165;185;40;119;90;81;196;31;113;175;171;16;78;145;25;44;120;75;86;101;1;97;26;100;121;94;124;152;2;129;92;179;57;55;52;106;178;3;49;102;148;137;176;80;79;122;63;53;158;180;154;135;70;127;112;4;10;177;184;160;34;181;146;22;18,6826118051722609931,0.079843
greedy_intra:edges_start:random,108,73553,23845,49708,619803,472,143;183;89;23;186;15;9;62;144;102;49;14;138;3;178;106;52;185;40;165;90;81;196;179;55;57;129;92;145;31;113;175;171;16;78;25;44;120;2;75;86;100;26;97;101;1;152;189;124;148;94;63;121;53;158;180;154;135;127;123;149;131;116;65;35;112;4;177;54;184;160;34;146;22;195;181;42;43;5;41;193;159;18;108;68;46;198;139;115;59;118;51;151;162;133;79;80;176;137;0,102609977453871060,0.078543
greedy_intra:edges_start:random,109,73740,24543,49197,592766,486,127;123;59;115;46;139;41;193;159;42;43;116;65;47;131;149;112;4;190;10;177;54;184;160;34;22;18;108;93;117;0;143;183;89;23;137;51;118;151;162;133;79;80;176;148;9;62;144;102;49;14;138;165;90;119;40;185;196;81;56;113;175;171;16;31;78;145;179;92;82;25;44;120;2;129;57;55;52;106;178;167;124;94;152;97;1;101;75;86;158;53;121;100;26;189;63;180;154;135;70,606861865517568413,0.094204
greedy_intra:edges_start:random,110,74298,25435,48863,614286,496,68;139;115;118;59;65;116;43;131;149;123;135;180;121;124;94;63;79;133;162;151;51;109;80;176;137;23;186;15;148;9;62;144;14;49;3;178;106;165;119;40;90;81;185;179;52;55;57;92;78;145;196;157;31;56;113;175;171;16;25;44;120;2;1;152;97;101;75;86;26;100;53;154;70;127;112;184;10;190;177;54;48;34;160;42;5;181;146;22;159;41;193;18;108;117;0;143;183;89;46,8539091883986291446,0.081734
greedy_intra:edges_start:random,111,72544,23840,48704,642209,459,151;51;118;59;65;47;116;115;139;46;68;108;18;22;159;193;41;5;42;181;34;160;48;54;177;4;112;84;35;184;43;131;149;162;123;127;70;135;154;180;158;53;86;75;101;1;152;97;26;100;121;94;124;167;2;129;92;57;179;145;78;25;120;44;16;56;113;175;171;31;196;81;90;165;40;185;55;52;106;178;49;102;138;14;144;62;9;148;23;89;183;143;117;0;137;176;80;63;79;133,8728455100523056030,0.074087
greedy_intra:edges_start:random,112,73838,25098,48740,819732,474,55;52;106;178;49;102;144;62;9;15;186;137;23;89;183;143;170;0;46;68;117;93;140;108;18;159;22;146;34;160;54;177;184;84;112;149;131;43;42;41;193;139;115;116;65;59;176;80;122;94;124;148;26;100;121;53;63;79;133;151;162;123;127;70;135;154;180;158;86;75;101;1;97;152;2;120;44;25;129;92;179;145;78;31;16;171;175;113;56;196;81;90;164;21;14;165;119;40;185;57,203366453692762723,0.082980
greedy_intra:edges_start:random,113,74543,24789,49754,601453,443,137;176;51;46;68;139;198;115;118;59;72;151;133;79;80;122;63;94;121;100;26;97;152;1;2;75;101;86;53;180;154;70;135;162;149;47;65;116;43;131;123;127;112;84;184;10;177;54;48;160;34;103;146;22;181;42;5;41;193;159;18;108;93;117;0;143;183;89;62;144;14;49;178;106;52;185;40;119;165;90;81;196;31;56;113;175;171;16;44;120;25;78;145;179;82;129;92;57;55;148,3848261309515829568,0.081080
greedy_intra:edges_start:random,114,74083,24328,49755,577143,460,120;44;25;78;16;171;175;113;56;31;157;196;40;165;90;81;145;179;185;106;3;138;49;14;144;102;62;9;15;114;186;23;89;183;143;0;117;68;46;115;139;41;193;22;146;34;160;181;42;43;116;65;131;184;54;177;10;4;112;123;127;70;135;154;180;53;86;101;75;2;1;97;26;100;121;63;122;176;80;79;133;151;162;149;59;118;51;137;148;124;94;152;167;178;52;55;57;92;129;82,7443863676544194154,0.138563
greedy_intra:edges_start:random,115,74150,22771,51379,741311,474,158;154;180;133;151;162;135;70;127;123;35;84;112;4;177;54;184;160;34;181;146;22;159;193;41;42;43;116;65;131;149;59;51;118;115;139;46;0;143;183;89;23;186;137;176;80;79;122;63;136;182;121;100;26;97;1;152;189;94;124;148;167;2;129;57;55;52;49;102;9;62;144;14;3;178;106;185;40;165;27;90;81;31;56;113;175;171;16;25;78;145;179;92;82;44;120;75;101;86;53,6614264503176035301,0.073988
greedy_intra:edges_start:random,116,74596,24047,50549,726860,473,89;137;176;80;151;162;133;79;63;94;124;148;15;62;9;102;144;14;49;3;138;21;7;164;27;90;165;106;178;52;55;57;92;179;185;119;40;81;196;157;56;31;145;78;113;175;171;16;25;44;120;82;129;2;152;97;1;101;75;86;26;100;189;121;53;180;154;135;127;123;112;84;184;131;149;51;118;59;116;65;47;43;42;41;193;159;195;181;160;34;146;22;18;108;139;115;46;0;143;183,1004616725455438010,0.092160
greedy_intra:edges_start:random,117,72643,23683,48960,724077,486,144;102;62;9;148;15;114;186;23;137;176;80;124;94;63;79;133;51;118;59;72;151;162;123;131;149;47;65;116;43;42;193;41;115;46;0;89;183;143;117;93;68;139;18;22;146;159;181;34;160;54;177;184;35;84;4;112;127;70;135;154;180;53;121;100;86;26;97;152;1;101;75;2;129;120;44;25;78;145;16;171;175;113;31;81;90;165;119;40;185;179;92;57;55;52;106;178;3;49;14,4187535661113351038,0.086322
greedy_intra:edges_start:random,118,72655,23281,49374,500121,451,176;51;118;137;89;183;153;0;170;143;117;93;140;68;46;139;108;18;193;159;22;146;181;34;160;48;54;177;4;112;84;184;42;5;41;115;59;116;65;47;43;131;149;123;127;70;135;154;180;162;151;133;79;63;53;121;100;26;86;75;101;1;97;152;2;129;57;92;145;78;25;120;44;16;171;175;113;31;157;196;81;90;165;40;185;55;52;106;178;49;14;144;102;62;9;148;124;94;122;80,4027952228444651514,0.172932
greedy_intra:edges_start:random,119,75070,24599,50471,748070,491,14;144;62;9;15;186;114;23;89;183;143;0;117;93;68;46;115;139;41;193;159;22;42;160;34;54;177;10;184;43;116;65;131;149;162;123;4;112;127;135;154;180;133;151;59;118;109;51;137;176;80;79;63;158;53;121;100;26;86;97;189;152;2;1;101;75;120;44;25;129;55;52;57;92;179;145;78;16;171;175;113;56;31;196;81;90;119;40;185;165;138;3;178;106;167;124;94;148;102;49,3141167674988156029,0.072045
greedy_intra:edges_start:random,120,73352,23688,49664,610491,431,27;165;138;14;49;102;144;62;9;148;15;186;23;137;183;143;117;108;18;22;159;193;41;116;65;43;42;181;34;160;48;54;177;10;190;184;84;4;112;149;59;115;139;46;118;51;176;80;79;133;151;162;123;127;135;154;180;63;122;94;124;189;121;53;100;26;97;1;101;86;75;120;44;25;16;171;175;113;56;31;78;145;179;57;92;129;2;152;167;55;52;106;178;3;185;119;40;196;81;90,8659018981558190085,0.088541
greedy_intra:edges_start:random,121,73467,23337,50130,727658,479,0;137;176;80;122;63;94;124;79;133;151;51;118;59;65;116;115;139;46;68;18;22;146;34;48;54;177;10;4;112;184;160;181;193;41;42;43;77;47;131;149;162;123;127;70;135;154;180;158;53;121;189;19;152;2;1;97;26;100;86;101;75;120;44;25;129;92;57;55;52;179;145;78;16;171;175;113;31;196;81;90;165;40;185;106;178;3;14;49;102;144;62;9;148;186;23;89;183;143;117,2724518332218074122,0.085028
greedy_intra:edges_start:random,122,73654,24380,49274,556668,453,106;3;178;49;138;14;144;102;62;9;37;148;15;23;186;137;0;153;89;183;143;117;108;18;22;159;193;41;139;68;46;115;118;59;65;116;43;42;184;160;34;48;54;177;10;4;112;131;149;123;127;70;135;154;180;162;151;51;176;80;79;133;63;53;121;100;26;97;101;86;75;1;152;94;124;167;129;2;82;120;44;25;16;171;175;113;31;81;90;165;40;119;185;179;145;78;92;57;55;52,8157884545852184337,0.066572
greedy_intra:edges_start:random,123,73500,23456,50044,710457,470,86;26;100;121;53;136;63;122;79;133;180;158;154;135;70;127;123;194;162;151;51;118;59;65;149;131;35;84;112;4;190;10;177;54;184;160;34;181;42;43;116;115;41;193;159;22;18;108;139;46;0;143;183;89;137;176;80;94;124;167;37;148;15;9;62;102;144;14;49;178;106;52;119;40;185;165;90;81;196;145;31;56;113;175;171;16;78;25;44;120;129;92;57;55;2;152;97;1;101;75,3518691056915497807,0.082590
greedy_intra:edges_start:random,124,73705,24877,48828,644767,440,94;152;97;1;101;2;75;86;100;26;189;121;53;158;180;154;135;70;127;194;123;112;184;10;177;54;34;103;146;22;18;108;139;68;140;93;117;143;183;89;0;46;115;41;193;159;181;160;42;5;43;116;65;131;149;59;118;51;151;162;133;176;137;23;186;15;144;14;165;90;81;196;40;185;179;145;78;31;113;175;171;16;25;44;120;129;92;57;55;52;106;178;3;49;62;9;148;80;79;63,5609614709751424545,0.090013
greedy_intra:edges_start:random,125,72139,23445,48694,673448,468,18;22;159;193;41;139;115;116;65;149;43;5;42;181;34;160;54;177;184;35;84;4;112;123;162;72;59;118;51;151;133;127;70;135;154;180;63;79;80;176;137;124;94;121;53;86;75;101;100;26;97;1;152;2;120;44;25;129;92;57;55;52;179;145;78;16;171;175;113;56;31;196;81;90;27;39;165;119;40;185;106;178;49;102;14;144;62;9;148;15;186;89;183;143;117;0;46;68;108;69,5578920465270043207,0.088202
greedy_intra:edges_start:random,126,71772,22266,49506,641865,456,86;26;100;121;53;158;180;154;135;70;127;123;149;131;35;84;112;4;10;177;54;184;160;34;181;146;22;193;41;42;43;116;65;59;118;115;139;46;68;117;0;143;183;89;186;23;137;176;80;51;151;162;133;79;63;94;124;152;167;148;15;9;62;102;49;144;14;138;3;178;106;52;55;185;40;165;90;81;196;179;57;92;145;31;56;113;175;171;16;78;25;44;120;82;129;2;1;97;101;75,1442217620419202454,0.069780
greedy_intra:edges_start:random,127,72815,24325,48490,857322,498,16;78;25;44;120;75;101;1;152;2;129;57;92;145;179;55;52;106;178;3;49;102;62;9;148;167;124;94;189;97;86;26;100;121;53;158;154;135;180;63;79;80;176;51;151;133;162;123;70;127;112;4;177;54;184;160;42;43;116;65;131;149;59;118;115;41;193;159;181;34;146;22;18;108;139;68;46;0;117;143;183;89;23;137;186;15;144;14;138;165;185;40;90;81;196;31;56;113;175;171,3430756574258718123,0.090646
greedy_intra:edges_start:random,128,73395,23607,49788,603902,466,49;3;178;106;52;185;138;14;144;21;7;164;27;90;39;165;119;40;81;196;31;56;113;175;171;16;78;145;179;55;57;92;129;25;44;120;2;75;86;101;1;152;97;26;100;121;63;136;53;158;180;154;135;70;127;123;162;151;133;79;122;80;176;51;118;59;115;46;139;193;41;42;43;116;65;112;4;10;177;184;160;34;181;146;22;18;108;117;143;0;153;183;89;137;94;124;148;9;62;102,841702096262581791,0.079607
greedy_intra:edges_start:random,129,74816,23016,51800,731365,473,186;15;62;144;14;138;8;165;39;27;90;119;40;185;81;196;157;179;92;145;78;31;56;113;175;171;16;25;44;120;75;86;100;26;97;101;1;152;2;129;57;55;52;106;178;49;102;9;37;148;167;124;94;80;79;122;63;121;53;154;180;133;135;70;127;123;162;151;176;137;51;118;59;65;47;116;43;184;54;160;34;181;42;5;115;41;193;159;22;139;198;46;68;93;117;0;143;183;89;23,2972340128279245285,0.085822
greedy_intra:edges_start:random,130,73106,24336,48770,676692,468,81;90;165;138;14;49;144;62;9;148;15;186;23;137;176;51;118;46;68;0;89;183;143;117;93;108;18;139;115;5;42;41;193;159;22;146;181;34;160;48;54;177;10;184;131;149;65;43;116;59;151;80;79;133;162;123;127;70;135;154;180;53;100;26;86;75;101;1;152;97;121;63;94;124;111;167;106;178;52;55;57;92;129;2;120;44;25;16;171;175;113;56;31;78;145;179;185;119;40;196,7720929379061752482,0.090801
greedy_intra:edges_start:random,131,73805,23496,50309,660598,465,137;51;118;115;139;68;46;0;117;143;183;89;23;186;15;148;37;9;62;102;49;144;14;138;3;178;106;185;40;119;165;39;27;90;81;196;91;179;145;78;157;31;56;113;175;171;16;25;44;120;82;2;129;92;57;55;52;167;152;1;101;75;86;53;100;26;97;124;94;63;180;135;154;70;127;123;112;184;177;54;160;34;181;146;22;18;159;193;41;42;43;116;65;59;151;133;79;122;80;176,1375659738070616560,0.082516
greedy_intra:edges_start:random,132,74013,24426,49587,637232,500,135;70;127;123;112;184;54;160;34;181;5;42;43;116;65;131;149;59;115;139;41;193;159;22;18;108;93;117;143;183;89;0;46;118;51;176;137;23;186;62;9;148;167;124;152;2;82;129;57;55;52;106;178;49;102;144;14;138;165;119;40;27;90;81;196;185;179;92;145;78;157;31;56;113;175;171;16;25;44;120;75;86;101;1;97;26;100;53;158;154;180;121;94;63;122;80;79;133;151;162,8697299043254027876,0.080561
greedy_intra:edges_start:random,133,73077,24151,48926,662304,482,90;39;165;119;40;185;106;178;52;55;57;92;145;179;196;31;113;175;171;16;78;25;44;120;129;2;75;101;86;1;97;152;167;148;137;176;80;79;63;94;124;189;100;26;121;53;180;154;135;70;127;112;4;123;162;133;151;51;118;59;131;149;47;65;116;43;5;42;181;160;184;177;54;34;22;18;159;193;41;139;115;46;68;140;93;117;0;143;183;89;186;15;9;62;102;49;144;14;164;27,2943569425822215653,0.093529
greedy_intra:edges_start:random,134,73825,24457,49368,576619,457,178;52;92;145;78;25;44;16;171;175;113;31;157;179;185;119;40;196;81;90;165;138;49;102;14;144;62;9;148;15;186;23;89;183;137;176;51;118;59;115;139;68;46;0;143;117;93;108;69;18;199;22;146;195;159;193;41;5;42;181;34;54;177;10;184;160;43;116;65;149;123;127;70;135;162;151;133;80;122;79;180;154;86;53;63;94;124;152;97;1;101;75;2;120;82;129;57;55;106;3,8280920007785271037,0.074606
greedy_intra:edges_start:random,135,72096,22787,49309,692183,473,62;15;114;186;137;23;89;183;143;0;117;93;140;108;18;193;41;159;22;146;181;34;160;48;54;177;184;84;4;112;123;127;70;135;154;180;53;86;75;120;44;16;171;175;113;31;78;145;196;81;90;165;40;185;106;178;14;144;102;49;52;55;57;92;129;2;152;97;1;101;26;100;121;63;122;79;133;151;162;149;131;65;116;47;77;43;42;5;96;139;68;46;115;59;51;176;80;94;148;9,2576791996690400894,0.085428
greedy_intra:edges_start:random,136,72631,23725,48906,680484,492,152;97;1;75;86;101;26;53;180;154;135;70;127;112;4;84;184;177;54;48;160;34;22;159;41;193;18;69;108;140;93;117;143;0;68;46;198;139;115;5;42;43;116;65;118;59;149;123;162;133;151;51;176;80;79;122;63;94;124;137;23;183;89;186;15;148;9;62;102;49;144;14;138;165;90;81;196;40;119;185;106;178;52;55;179;145;78;31;56;113;175;171;16;44;120;2;129;92;57;167,2897970427270055588,0.087603
greedy_intra:edges_start:random,137,72826,24706,48120,714872,491,102;49;178;106;52;55;57;92;129;120;44;25;78;145;179;31;16;171;175;113;56;196;81;90;165;119;40;185;14;144;62;9;15;114;186;23;89;183;143;0;117;93;18;108;22;146;181;159;193;41;139;46;115;59;65;47;116;43;5;42;184;160;34;54;177;10;190;4;112;84;35;131;149;123;127;162;133;151;51;137;176;80;124;94;63;79;135;70;154;180;53;26;97;1;101;86;75;2;152;148,3237451662813602283,0.096845
greedy_intra:edges_start:random,138,75343,22586,52757,581167,431,46;0;143;183;89;186;114;23;137;51;151;133;79;80;176;122;63;94;124;111;167;37;148;15;9;62;102;49;144;14;138;32;3;178;106;52;55;57;92;145;179;185;40;119;165;39;95;164;27;90;81;196;157;31;56;113;175;171;16;78;25;44;120;129;2;75;101;86;100;26;97;1;152;189;121;53;180;154;135;70;127;123;65;116;43;184;10;177;54;34;160;42;59;118;115;41;193;159;22;139,8028114998173573980,0.081449
greedy_intra:edges_start:random,139,73767,24933,48834,646846,481,131;65;116;59;118;51;176;63;94;124;152;167;52;55;57;92;129;120;44;25;16;171;175;113;56;31;78;145;196;40;165;90;164;21;144;14;185;106;178;3;49;102;37;148;9;62;15;137;23;89;183;143;170;0;117;93;140;68;46;139;115;43;42;41;193;159;108;18;22;146;34;160;48;54;177;184;84;112;127;70;135;154;158;86;101;75;2;1;97;26;100;53;180;79;80;133;151;162;123;149,1756227146696344606,0.087566
greedy_intra:edges_start:random,140,74479,23728,50751,763472,461,164;27;90;40;185;81;196;157;56;113;175;171;16;31;78;145;179;92;82;25;44;120;75;101;1;97;86;26;100;121;53;154;70;135;180;63;94;176;80;79;133;151;51;118;59;116;43;47;65;149;162;123;127;112;184;54;160;42;181;34;146;22;159;193;41;139;115;46;117;143;170;0;183;89;23;137;186;114;15;37;148;167;152;2;129;57;55;52;106;178;3;49;102;9;62;144;14;138;165;39,2459742983463439476,0.086383
greedy_intra:edges_start:random,141,73957,24685,49272,707668,472,44;120;75;1;101;86;53;121;100;26;97;189;63;122;79;80;176;51;151;162;133;180;154;135;127;123;149;131;65;116;43;35;112;84;184;160;48;177;54;30;34;181;195;146;22;159;193;41;42;5;115;59;118;46;0;68;139;18;108;93;117;143;183;89;23;137;15;9;62;102;144;14;138;49;148;124;94;152;2;129;57;92;145;179;55;52;178;106;185;40;165;90;81;31;113;175;171;16;78;25,7654570415103072512,0.086319
greedy_intra:edges_start:random,142,72302,24260,48042,675749,486,42;159;193;41;115;139;68;46;59;118;51;151;162;123;127;135;154;180;53;94;63;122;79;133;80;176;137;148;49;178;106;185;52;55;57;179;145;78;92;129;2;152;97;1;101;86;75;120;44;25;16;171;175;113;56;31;196;81;40;119;165;90;164;7;21;144;14;102;62;9;15;186;89;183;143;0;117;93;140;108;69;18;22;146;181;34;160;48;54;177;10;184;84;112;131;149;47;65;116;43,5649466905757374855,0.090482
greedy_intra:edges_start:random,143,73531,22933,50598,842483,499,165;119;40;185;57;55;52;106;178;14;144;49;102;62;9;186;23;89;183;143;0;117;68;46;198;115;139;41;193;159;18;22;146;34;160;181;42;5;43;184;84;112;149;131;77;47;65;116;59;51;137;148;124;94;63;122;176;80;79;133;151;162;123;127;70;135;154;180;158;53;26;97;152;2;1;101;86;75;120;44;25;82;129;92;179;145;78;16;171;175;113;56;31;157;196;81;90;27;164;39,630901528994658863,0.094311
greedy_intra:edges_start:random,144,73065,23815,49250,695338,490,89;23;186;15;148;94;124;111;167;55;52;106;178;49;102;9;62;144;14;138;165;27;90;40;185;196;31;113;175;171;16;44;25;78;145;92;57;129;120;2;152;97;1;101;75;86;26;100;121;136;53;158;180;154;135;70;127;112;4;190;10;177;54;48;160;34;181;146;22;18;108;159;193;41;139;46;115;118;59;65;116;43;42;184;131;149;123;162;151;51;133;79;63;80;176;137;0;117;143;183,4198924921091477475,0.088556
greedy_intra:edges_start:random,145,72834,24716,48118,743420,488,51;137;23;183;89;186;15;9;62;144;14;138;185;40;119;165;27;90;81;196;56;113;175;171;16;31;78;25;44;120;129;57;92;145;179;55;52;106;178;49;102;148;124;94;152;97;1;101;2;75;86;26;100;121;53;63;122;176;80;79;133;180;154;135;70;127;112;4;190;10;177;54;34;160;184;42;181;146;22;159;193;41;115;139;18;108;117;143;0;68;46;59;65;116;43;131;149;123;162;151,8312256459690604722,0.091428
greedy_intra:edges_start:random,146,72663,23674,48989,881853,508,84;112;4;10;177;54;48;160;34;181;41;193;159;22;18;108;117;143;0;153;183;89;114;186;23;137;109;51;176;80;122;63;94;124;148;9;62;144;102;49;14;3;178;106;185;40;119;165;90;81;196;31;113;175;171;16;44;25;78;145;52;55;57;92;129;120;2;75;1;152;97;26;100;101;86;53;180;79;133;151;162;154;135;70;127;123;149;131;65;59;118;46;68;139;115;116;5;42;43;184,8240516956434799950,0.094422
greedy_intra:edges_start:random,147,70984,22698,48286,728687,501,179;145;78;31;56;113;175;171;16;25;44;120;129;2;75;101;1;152;97;86;26;100;121;53;158;180;154;135;70;127;123;112;4;84;184;190;10;177;54;34;160;42;22;18;108;69;159;193;41;139;115;46;68;93;117;143;0;183;89;186;23;137;80;176;51;118;59;65;116;43;131;149;162;151;133;79;63;94;124;148;9;62;144;14;102;49;3;178;106;52;55;57;92;185;40;165;27;90;81;196,7760295177398082779,0.088941
greedy_intra:edges_start:random,148,73149,23482,49667,700128,468,138;3;178;106;185;40;119;165;90;81;196;157;56;113;175;171;16;31;145;179;52;55;57;129;92;78;25;44;120;2;75;86;101;1;152;97;26;100;121;53;158;154;135;70;127;123;149;65;116;43;42;181;184;177;54;160;34;146;22;159;193;41;115;139;18;108;93;117;143;0;46;118;59;72;151;51;176;80;79;133;162;194;180;63;94;124;137;183;89;23;186;114;15;148;9;62;144;102;49;14,806881760577927174,0.078958
greedy_intra:edges_start:random,149,73240,23544,49696,732942,470,196;81;90;27;165;106;178;3;14;49;102;144;62;9;137;89;183;143;0;117;93;140;108;18;193;41;115;198;139;68;46;118;59;65;116;43;42;181;22;146;34;160;48;54;177;184;84;112;131;149;123;127;70;135;162;151;133;79;63;180;154;158;53;100;26;97;189;124;94;80;176;148;167;152;1;101;86;75;2;129;82;120;44;25;16;171;175;113;56;31;78;145;179;92;57;55;52;185;119;40,7110874073739715875,0.086656
greedy_intra:edges_start:random,150,72778,23994,48784,744436,494,80;79;122;94;124;189;63;133;151;162;123;127;70;135;154;180;158;53;100;26;86;101;1;97;152;167;148;9;62;102;49;178;106;52;55;57;92;129;2;75;120;44;25;16;171;175;113;31;78;145;196;81;90;119;40;185;165;138;14;144;15;114;186;23;89;183;143;117;108;69;18;22;159;193;41;181;34;160;54;177;10;184;35;84;112;149;131;43;42;116;65;59;51;118;115;139;46;0;137;176,3967436345849078153,0.083972
greedy_intra:edges_start:random,151,72928,23579,49349,592361,476,23;148;9;62;102;49;178;106;52;55;57;92;129;2;120;44;16;171;175;113;56;31;78;145;196;81;90;27;39;165;119;40;185;3;138;14;144;186;89;183;143;0;117;93;140;108;18;69;41;193;159;195;22;146;181;42;5;115;139;46;51;118;59;65;116;43;160;34;54;177;10;184;131;149;162;123;127;70;135;154;180;53;100;26;97;86;75;101;1;152;124;94;63;122;79;151;133;80;176;137,8417758806603035361,0.082367
greedy_intra:edges_start:random,152,73921,23912,50009,618544,455,94;80;133;79;122;63;180;154;135;70;127;123;162;151;72;59;118;46;139;115;193;159;41;42;43;116;65;149;131;184;177;54;48;160;34;146;22;18;108;117;143;0;51;176;137;183;89;23;186;15;9;62;144;102;49;14;178;106;52;185;40;119;165;90;27;81;196;179;55;57;129;92;145;78;31;56;113;175;171;16;25;44;120;82;2;152;97;26;100;1;101;75;86;53;121;189;167;37;148;124,1870441814894546094,0.082437
greedy_intra:edges_start:random,153,72514,23591,48923,601711,459,39;165;119;40;185;55;52;106;178;3;49;14;144;102;62;9;15;148;167;124;94;137;23;186;89;183;143;0;117;46;139;41;193;159;18;22;146;181;42;5;115;43;160;34;54;177;184;4;112;84;35;116;65;131;149;123;127;70;135;154;180;79;133;151;162;59;118;51;176;80;122;63;53;121;100;26;97;152;1;101;86;75;2;120;44;25;16;171;175;113;31;78;145;92;129;57;196;81;90;27,6142781185065462538,0.088798
greedy_intra:edges_start:random,154,75980,25810,50170,569376,458,40;119;165;90;81;196;157;78;38;31;56;113;175;171;16;25;44;120;82;145;179;92;129;2;75;86;53;100;26;101;1;97;94;63;151;133;79;180;154;135;127;112;4;177;54;34;48;160;181;22;18;108;117;143;183;0;68;46;198;139;159;193;41;115;116;65;43;42;184;131;149;123;162;59;118;109;51;80;176;137;23;89;186;148;167;152;57;55;52;178;3;49;102;62;9;144;14;138;106;185,7489607910445006501,0.072238
greedy_intra:edges_start:random,155,75958,24187,51771,628518,454,113;31;78;145;196;81;90;165;40;185;179;55;52;106;178;49;102;14;144;62;9;148;137;23;186;114;89;183;143;117;93;140;108;18;22;146;181;159;193;41;139;198;46;68;0;170;153;118;115;5;42;34;160;184;35;131;149;123;127;70;135;154;158;53;180;162;47;77;43;105;116;65;59;109;51;80;176;151;133;79;122;63;94;26;86;75;101;1;97;152;2;129;57;92;120;44;25;16;171;175,2917083910002611627,0.078718
greedy_intra:edges_start:random,156,71970,23111,48859,847468,452,183;143;117;93;140;108;18;22;146;181;34;48;160;54;177;10;190;184;43;131;149;123;162;151;133;135;70;154;180;53;121;100;26;86;75;101;1;97;152;2;129;92;82;120;44;25;145;78;16;171;175;113;31;157;196;81;90;165;119;40;185;179;57;55;52;106;178;14;49;102;144;62;9;15;148;167;124;94;63;79;80;176;51;59;65;116;42;159;193;41;139;115;198;46;68;0;137;23;186;89,6672573165126636562,0.086667
greedy_intra:edges_start:random,157,73352,23694,49658,695214,471,114;15;9;62;144;14;165;90;81;196;40;119;185;179;145;78;31;56;113;175;171;16;25;44;120;129;92;57;55;52;106;178;49;102;148;124;94;152;1;2;75;86;101;97;26;100;121;189;122;79;63;136;53;158;180;154;135;70;127;123;149;65;116;43;184;177;54;48;160;34;181;42;115;139;41;193;159;146;22;18;108;117;143;0;68;46;118;59;51;151;162;133;80;176;137;23;153;183;89;186,1326599366860000843,0.082067
greedy_intra:edges_start:random,158,72750,23557,49193,693270,495,180;53;158;121;100;26;86;75;120;82;25;44;16;171;175;113;56;31;78;145;179;196;81;90;165;40;185;138;14;144;102;49;3;178;106;52;55;57;92;129;2;101;1;97;152;189;124;94;148;9;62;15;186;89;183;143;117;0;23;137;176;80;122;63;79;133;162;151;51;118;59;116;43;42;193;41;115;46;68;139;108;18;159;22;146;34;160;48;54;177;184;65;149;131;112;123;127;70;135;154,7203121593668272304,0.092736
greedy_intra:edges_start:random,159,72788,22980,49808,716128,470,2;82;25;78;145;179;92;129;57;55;52;167;148;124;94;137;176;80;151;51;118;59;65;116;42;43;131;149;162;133;79;122;63;53;154;180;135;70;127;123;112;4;84;190;10;177;54;184;160;34;22;193;41;115;139;46;68;93;117;0;143;183;89;23;186;114;15;9;62;144;102;49;14;138;3;178;106;185;40;165;90;81;196;157;31;56;113;175;171;16;44;120;75;101;86;100;26;97;1;152,6805583533801704725,0.082738
greedy_intra:edges_start:random,160,72927,21585,51342,715263,462,47;116;105;43;42;115;59;51;176;80;122;124;94;63;180;133;79;151;162;123;127;135;154;158;53;86;75;101;1;97;152;2;120;44;25;82;129;92;57;179;145;78;16;171;175;113;56;31;157;196;81;90;165;119;40;185;55;52;106;178;3;14;49;102;144;62;9;148;15;186;137;23;89;183;143;170;0;117;68;46;139;41;193;159;22;146;181;34;160;48;54;177;184;4;112;84;35;131;149;65,418674623695898577,0.081149
greedy_intra:edges_start:random,161,73988,24459,49529,619947,456,146;181;34;160;48;54;177;184;84;112;35;43;42;41;193;139;115;118;51;59;116;65;123;127;70;135;154;133;162;151;176;80;79;122;63;136;180;158;53;121;100;26;97;101;86;75;120;82;44;25;145;78;16;171;175;113;56;31;157;196;81;90;165;119;40;185;106;178;52;55;57;179;92;129;2;1;152;94;189;124;148;9;62;49;14;144;186;23;137;183;143;0;117;93;46;68;108;18;159;22,444183401352798619,0.078096
greedy_intra:edges_start:random,162,75113,24216,50897,730525,470,19;189;121;180;154;53;100;86;101;75;2;120;44;25;78;145;31;16;171;175;113;56;157;196;81;90;27;165;119;40;185;106;3;178;52;55;57;179;92;129;167;49;138;14;144;102;62;9;37;148;15;114;186;23;89;183;143;0;117;93;108;18;22;34;160;42;181;159;193;41;139;115;46;137;80;176;51;118;59;65;116;43;149;131;184;112;127;135;123;162;151;133;79;63;94;124;152;1;97;26,4264999083883350038,0.080592
greedy_intra:edges_start:random,163,74305,24872,49433,577158,440,183;137;124;94;63;122;176;80;79;133;151;51;115;139;68;46;0;143;117;108;69;18;22;146;159;193;41;181;34;160;48;54;177;184;84;112;35;131;149;43;42;116;65;59;162;123;127;70;135;154;158;180;53;121;100;26;86;101;1;97;189;152;75;2;129;92;120;44;16;171;175;113;56;31;78;145;179;57;55;52;185;40;119;165;90;21;144;62;9;102;49;14;178;106;167;148;15;186;23;89,6992743034101386497,0.077033
greedy_intra:edges_start:random,164,73020,22914,50106,703763,476,154;135;70;127;123;112;4;10;177;54;184;160;181;34;103;146;22;18;159;193;41;42;43;116;47;65;149;59;118;115;139;46;0;117;143;183;89;23;137;51;151;72;162;133;79;80;176;63;94;124;111;167;148;15;9;62;144;14;49;3;178;106;52;55;185;40;119;165;90;81;196;157;31;113;175;171;16;25;78;145;179;57;92;129;82;44;120;2;75;1;101;86;100;26;97;152;121;53;158;180,6078855728823221905,0.082253
greedy_intra:edges_start:random,165,72878,23420,49458,748881,508,25;78;145;179;31;16;171;175;113;56;196;81;90;165;119;40;185;106;178;3;14;144;49;102;62;9;186;89;183;143;0;117;93;140;68;46;139;115;116;43;131;149;47;65;59;118;51;137;176;80;79;63;180;133;151;162;123;35;184;160;42;41;193;159;22;146;195;181;34;54;177;10;190;4;112;127;70;135;154;158;53;86;75;101;100;26;97;1;2;152;94;148;167;52;55;57;92;129;120;44,5315303743100163474,0.089053
greedy_intra:edges_start:random,166,73606,24377,49229,692074,463,4;190;10;177;54;160;34;146;22;181;41;193;159;18;69;108;117;0;143;183;89;23;186;15;148;37;9;62;102;49;178;106;138;14;144;21;90;165;40;185;52;55;57;179;145;78;31;56;113;175;171;16;44;25;92;129;120;2;75;86;101;1;152;97;26;100;121;124;94;63;53;180;154;70;135;79;122;80;176;137;51;151;133;162;123;149;65;116;59;118;46;68;198;139;115;5;42;43;184;112,72913998779965857,0.077981
greedy_intra:edges_start:random,167,73824,24340,49484,651714,511,160;34;54;177;4;112;84;184;43;65;131;149;123;127;70;135;154;180;158;53;136;121;100;26;86;101;1;97;152;167;57;92;145;78;129;2;75;120;44;16;171;175;113;31;196;81;90;165;40;185;106;52;55;178;14;144;49;102;62;9;15;148;124;94;63;79;80;176;137;23;89;183;51;133;162;151;72;118;59;116;115;139;46;0;143;117;93;140;108;69;18;199;22;146;181;159;193;41;5;42,899750580803452163,0.096891
greedy_intra:edges_start:random,168,73266,24134,49132,751268,489,151;51;118;59;162;149;65;116;115;46;68;140;108;18;139;41;193;159;22;146;181;34;54;160;42;43;184;177;10;4;112;123;127;194;135;70;154;180;158;53;136;121;100;26;97;152;129;92;78;145;179;57;55;52;106;178;3;49;102;9;62;144;14;185;40;119;165;90;81;196;31;56;113;175;171;16;25;44;120;2;75;86;101;1;189;94;124;148;137;23;89;183;143;117;0;176;80;63;79;133,7235328216134976646,0.087982
greedy_intra:edges_start:random,169,73916,24577,49339,728322,467,143;183;89;186;137;23;114;15;148;37;9;62;144;14;49;3;178;52;106;138;39;90;165;119;40;185;179;55;57;129;92;78;145;196;81;31;113;175;171;16;25;44;120;2;75;86;53;158;154;180;97;101;1;152;124;94;63;122;79;133;80;176;51;151;162;123;135;70;127;112;184;177;54;48;160;34;181;195;146;22;18;108;159;193;41;139;5;42;43;131;149;116;65;59;118;115;46;68;117;0,6828663349430911640,0.085574
greedy_intra:edges_start:random,170,72505,22710,49795,674679,456,57;92;145;31;113;175;171;16;78;25;44;120;129;2;75;1;101;86;100;26;97;152;167;62;9;148;124;94;53;180;154;135;70;127;123;162;151;133;79;63;122;80;176;51;118;59;149;131;47;65;116;43;184;84;112;4;10;177;30;54;160;34;146;22;195;159;193;41;181;42;5;115;139;46;68;18;108;140;93;117;0;170;143;183;89;23;137;186;15;144;14;102;49;178;106;165;40;185;52;55,5546771595195549846,0.089550
greedy_intra:edges_start:random,171,73484,23046,50438,731634,457,129;92;179;145;78;16;171;175;113;56;31;157;196;81;90;165;40;185;57;55;52;106;178;3;14;49;102;144;62;9;15;186;23;89;183;143;170;117;0;137;148;124;94;189;121;63;79;133;80;176;51;151;162;59;65;149;131;184;160;42;5;43;116;115;139;41;193;159;18;22;146;181;34;54;177;10;4;112;123;127;194;135;70;154;180;158;53;86;100;26;97;152;1;101;75;2;120;44;25;82,1947132191079012051,0.089098
greedy_intra:edges_start:random,172,72657,23603,49054,715369,477,123;162;151;133;180;63;122;79;80;176;137;183;89;23;186;114;15;9;62;148;124;94;152;129;57;55;52;106;178;49;102;144;14;138;165;90;40;185;179;92;145;78;31;56;113;175;171;16;25;44;120;82;2;75;101;1;97;26;86;53;158;154;135;70;127;112;84;35;184;10;190;177;54;48;160;34;181;42;5;41;193;159;22;18;108;117;143;0;68;139;46;115;118;51;59;65;116;43;131;149,332895498681674287,0.084179
greedy_intra:edges_start:random,173,74558,22799,51759,726769,490,35;84;112;127;123;162;151;59;118;109;51;176;80;133;135;70;154;180;158;53;63;79;122;94;124;189;121;100;26;86;75;101;1;97;152;2;120;44;25;16;171;175;113;31;78;145;179;92;129;57;55;52;185;40;165;106;178;167;148;37;9;62;102;49;14;138;21;144;15;114;186;137;23;89;183;143;0;117;68;46;139;115;5;41;193;159;108;18;22;146;34;160;184;42;43;116;65;47;149;131,2544915692114111624,0.094865
greedy_intra:edges_start:random,174,73401,23693,49708,538770,496,162;133;135;70;154;180;63;79;80;176;94;124;152;1;97;26;100;53;86;101;75;120;44;25;16;171;175;113;31;78;145;179;196;81;40;185;165;90;164;7;21;144;102;49;14;3;178;106;52;55;57;92;129;2;167;37;148;9;62;15;137;23;89;183;143;117;0;46;68;139;198;115;118;51;151;72;59;65;116;43;47;149;131;35;184;42;41;193;159;22;146;34;160;54;177;10;190;4;112;123,5036175257341969221,0.088977
greedy_intra:edges_start:random,175,73221,23959,49262,792334,522,49;3;178;106;165;90;81;40;185;52;55;57;92;78;145;179;196;31;56;113;175;171;16;25;44;120;129;2;152;75;86;101;1;97;26;100;121;124;94;63;136;53;158;180;154;135;70;127;112;4;84;184;190;10;177;30;54;48;34;160;42;41;193;181;146;22;159;18;108;69;139;68;117;143;183;0;46;115;59;65;116;43;149;123;162;151;133;79;122;80;176;137;23;186;15;148;9;62;144;14,8792829838510248067,0.111038
greedy_intra:edges_start:random,176,72813,24297,48516,566235,456,196;81;90;27;165;119;40;185;179;145;78;92;57;55;52;106;178;167;148;9;62;102;49;14;144;186;23;137;176;46;0;89;183;143;117;93;68;139;108;18;22;159;193;41;115;59;118;51;151;162;123;149;131;47;65;116;43;42;181;34;160;184;54;177;4;112;127;70;135;154;180;133;80;79;63;94;124;121;53;100;26;86;75;101;1;97;152;2;129;82;120;44;25;16;171;175;113;56;31;157,8545597222517114724,0.084341
greedy_intra:edges_start:random,177,73491,24729,48762,651919,483,116;43;42;193;41;139;115;59;118;51;137;176;80;122;79;133;151;162;149;35;84;112;123;127;70;135;154;180;53;100;26;86;75;101;97;1;2;129;82;120;44;25;16;171;175;113;56;31;157;196;81;90;40;119;165;138;14;144;49;178;106;185;179;145;78;92;57;55;52;167;152;63;94;148;62;9;186;23;89;183;143;0;117;93;46;68;108;69;18;199;159;22;146;181;34;160;54;177;184;65,5251402321195472157,0.090650
greedy_intra:edges_start:random,178,71769,21604,50165,870333,495,129;82;120;44;25;145;78;16;171;175;113;56;31;157;196;81;90;165;119;40;185;106;178;49;14;144;102;62;9;148;15;114;186;137;23;89;183;143;0;117;93;68;46;139;115;118;51;176;80;122;63;79;133;151;162;59;65;47;116;43;42;41;193;159;22;146;34;160;54;177;184;35;84;112;123;127;70;135;154;180;158;53;121;100;26;97;1;101;86;75;2;152;94;124;167;52;55;57;179;92,4631210117378507033,0.095114
greedy_intra:edges_start:random,179,74614,24592,50022,498228,449,184;54;177;112;123;131;149;59;118;51;151;162;135;70;154;180;158;53;86;101;75;2;129;92;179;145;78;25;120;44;16;171;113;175;56;31;196;185;40;165;90;39;138;14;3;106;52;57;55;178;49;102;144;62;9;37;148;152;1;97;26;100;94;63;79;133;80;176;137;15;114;186;23;89;183;143;170;0;117;68;46;198;139;108;18;22;146;34;160;42;5;181;159;193;41;115;116;65;43;35,2688227821855904749,0.077567
greedy_intra:edges_start:random,180,73405,23575,49830,720103,480,14;49;102;144;62;9;37;15;114;186;137;23;89;183;153;0;143;117;68;46;51;118;59;65;116;43;5;115;139;41;193;159;22;181;42;160;34;54;177;10;190;184;84;4;112;127;70;135;123;131;149;162;151;133;79;80;176;148;124;94;63;180;154;158;53;100;26;86;101;1;97;152;2;75;120;82;44;25;78;16;171;175;113;31;196;81;90;165;40;185;179;145;92;129;57;55;52;106;178;3,5318901386004062914,0.088926
greedy_intra:edges_start:random,181,72226,23790,48436,601263,475,62;9;137;23;89;183;143;0;117;93;140;68;108;69;18;159;193;41;139;198;46;115;42;43;184;48;160;181;22;146;34;54;177;4;112;131;149;65;116;59;118;51;176;80;79;133;151;162;123;127;70;135;154;180;53;121;100;26;86;75;101;97;1;2;152;94;63;124;148;167;129;82;120;44;25;16;171;175;113;31;78;145;196;81;90;27;165;119;40;185;179;92;57;55;52;106;178;49;14;144,5452980196079462409,0.081681
greedy_intra:edges_start:random,182,74570,24019,50551,684281,501,57;92;145;78;25;44;120;129;2;1;152;97;101;75;86;26;100;121;189;94;122;79;63;53;180;154;70;135;194;127;112;4;177;54;184;160;34;181;42;43;5;115;41;193;22;18;108;69;139;46;68;117;0;170;143;183;89;186;23;137;51;109;118;59;116;65;47;131;149;123;162;151;133;80;176;124;148;9;62;144;49;14;165;119;40;27;90;81;113;175;171;16;31;196;185;106;3;178;52;55,1396226403006854930,0.089042
greedy_intra:edges_start:random,183,73055,23977,49078,652740,506,121;63;94;124;152;1;97;26;100;86;75;101;2;129;57;92;120;44;31;113;175;171;16;78;145;196;81;90;119;40;185;165;14;144;102;49;178;3;106;52;55;167;148;9;62;186;89;183;137;176;80;79;133;162;151;51;118;59;115;139;46;68;0;143;117;93;140;108;69;18;22;146;159;181;42;193;41;96;5;43;116;65;47;149;131;35;184;160;34;54;177;4;112;123;127;70;135;154;180;53,7203876324767244838,0.091763
greedy_intra:edges_start:random,184,73575,23064,50511,792790,491,75;101;1;97;152;189;63;79;80;94;124;148;167;52;55;57;92;129;2;120;44;78;145;31;16;171;175;113;196;81;90;165;40;185;106;178;3;49;14;144;102;62;9;15;176;137;23;89;183;143;170;0;117;93;68;46;198;139;115;96;41;193;159;108;18;22;146;34;48;54;177;184;160;181;42;5;43;116;65;131;149;59;118;109;51;151;133;162;123;127;70;135;154;180;158;53;121;100;26;86,4240319165637942611,0.101020
greedy_intra:edges_start:random,185,72534,22706,49828,714110,482,137;23;89;183;143;0;117;46;115;139;41;193;159;18;22;146;181;34;48;54;177;184;160;42;5;43;116;65;59;118;51;176;80;79;133;151;162;149;131;123;127;135;154;180;63;94;124;121;53;100;26;97;152;1;101;86;75;2;82;120;44;25;16;171;175;113;56;31;78;145;92;129;57;179;196;81;90;27;58;164;7;95;39;165;119;40;185;138;14;144;62;9;102;49;178;106;52;55;167;148,1338114258603507228,0.096937
greedy_intra:edges_start:random,186,73198,24974,48224,674268,492,108;18;139;41;193;159;22;34;160;48;54;177;184;42;43;65;116;115;118;59;149;131;112;127;123;162;135;70;154;180;53;121;100;26;86;101;75;120;44;25;78;145;157;56;113;175;171;16;31;196;81;90;164;21;144;102;62;9;148;49;14;138;165;40;185;106;178;52;55;57;179;92;129;2;1;97;152;124;94;63;79;133;151;51;80;176;137;23;186;114;89;183;153;0;143;117;46;68;93;140,7241404555607642268,0.075215
greedy_intra:edges_start:random,187,73629,24064,49565,658460,469,72;151;162;133;180;154;135;70;127;123;112;84;184;149;65;116;43;42;181;160;48;177;54;34;146;22;108;18;159;193;41;139;115;46;117;143;0;153;183;89;23;137;186;15;9;62;144;49;14;138;3;178;106;185;40;165;90;81;196;157;31;113;175;171;16;25;44;120;92;78;145;179;52;55;57;129;2;75;101;86;53;63;79;122;94;121;100;26;97;1;152;167;148;124;12;80;176;51;118;59,5180465424653490047,0.088128
greedy_intra:edges_start:random,188,74044,24335,49709,666642,482,49;14;165;90;40;185;178;106;52;55;57;179;196;145;78;31;113;175;171;16;44;25;92;129;120;75;86;26;100;53;158;154;70;127;123;135;180;79;133;151;162;149;131;112;4;10;177;54;48;184;160;34;181;41;193;159;195;146;22;18;108;68;46;139;115;96;5;42;43;77;47;65;116;59;118;109;51;0;117;143;183;89;23;137;176;80;63;94;124;152;97;1;101;2;167;148;9;62;144;102,2402014664542395235,0.078704
greedy_intra:edges_start:random,189,72282,23695,48587,706184,503,54;177;10;4;112;84;184;160;42;65;116;43;5;41;193;139;46;115;118;59;51;151;162;123;127;70;135;133;79;80;176;124;94;63;180;154;158;53;121;152;1;97;26;100;86;101;75;2;120;44;25;129;92;57;179;145;78;16;171;175;113;31;196;81;40;119;90;165;185;55;52;106;178;3;138;14;49;102;144;62;9;148;15;137;23;186;89;183;143;0;117;108;18;159;22;146;195;181;34;48,6288162983302754384,0.094702
greedy_intra:edges_start:random,190,73487,23833,49654,845925,530,139;42;181;34;160;54;177;184;112;123;127;70;135;154;180;158;53;136;63;121;189;152;97;26;100;86;75;101;1;2;129;120;44;25;16;171;175;113;56;31;78;145;179;196;81;90;27;165;119;40;185;92;57;55;52;106;178;3;138;14;144;49;102;62;9;15;114;186;23;137;148;167;124;94;176;80;79;133;162;151;51;118;59;149;65;116;43;115;46;0;183;143;117;93;140;108;18;22;193;41,5695013532084652263,0.103632
greedy_intra:edges_start:random,191,72317,24156,48161,712867,491,154;180;158;53;121;100;26;86;75;101;1;97;2;152;189;63;94;124;148;167;52;55;57;129;92;179;145;78;25;120;44;16;171;175;113;31;81;90;165;40;185;106;178;49;102;14;144;62;9;15;114;186;89;183;23;137;176;80;79;133;162;151;51;118;59;115;41;193;159;139;68;46;0;143;117;93;108;18;22;146;181;34;54;160;42;116;65;43;184;177;10;4;112;35;131;149;123;127;70;135,6728308493731878145,0.097459
greedy_intra:edges_start:random,192,73797,23579,50218,827168,435,89;23;186;15;62;144;14;165;185;40;119;90;81;196;145;78;31;56;113;175;171;16;25;44;120;2;75;86;101;1;100;26;97;152;129;92;179;57;55;52;106;178;49;9;148;94;63;53;158;180;154;135;123;127;112;4;177;54;184;160;34;146;22;181;41;193;159;18;108;93;117;143;0;68;46;198;139;115;5;42;43;105;116;65;47;131;149;59;118;51;72;151;162;133;79;80;176;66;137;183,6566284670705547400,0.088779
greedy_intra:edges_start:random,193,74997,24680,50317,627496,466,68;46;198;115;118;59;149;131;65;116;5;41;193;139;108;18;22;146;34;160;42;43;184;84;112;127;70;135;194;123;162;151;51;133;79;180;154;158;53;86;101;75;120;44;25;78;31;16;171;175;113;81;196;145;92;179;185;40;119;90;27;165;52;106;178;3;14;49;102;144;62;9;148;167;55;57;129;2;152;1;97;26;100;121;124;94;63;80;176;137;23;114;186;89;183;143;0;117;93;140,4019003273148329674,0.081458
greedy_intra:edges_start:random,194,72578,24635,47943,717838,492,118;59;162;151;133;123;127;135;70;154;180;53;100;26;97;1;101;86;75;2;152;49;3;178;106;52;55;57;92;129;82;120;44;25;179;145;78;16;171;175;113;56;31;157;196;81;40;119;185;165;90;27;164;21;14;144;102;62;9;15;148;94;63;79;80;51;176;137;23;89;183;143;117;0;46;68;139;108;18;22;159;193;41;34;160;184;48;54;177;10;190;4;112;131;149;65;116;43;42;115,3574183437845648183,0.089138
greedy_intra:edges_start:random,195,75695,26058,49637,486064,482,42;184;43;131;149;65;116;59;51;118;115;139;46;0;117;143;153;183;89;186;9;62;102;49;155;144;14;21;164;90;165;119;40;81;196;145;179;185;138;3;178;106;52;55;167;148;124;94;57;92;129;25;78;31;56;113;175;171;16;44;120;2;75;101;1;152;97;26;100;86;53;158;70;135;154;180;136;63;79;80;137;176;133;151;162;123;127;112;4;177;54;160;34;146;22;18;159;193;41;181,8717402834455044286,0.072844
greedy_intra:edges_start:random,196,73013,23571,49442,546803,429,162;123;149;35;84;112;4;10;177;184;160;48;54;30;34;103;146;195;159;22;18;193;41;181;42;5;115;139;198;46;68;140;93;117;143;0;153;183;89;23;137;186;15;148;9;62;144;14;49;178;106;52;55;57;185;40;119;165;90;81;31;113;56;175;171;16;78;145;92;129;25;44;120;2;1;101;75;86;100;26;97;152;94;53;154;70;135;180;63;79;80;176;51;118;59;116;43;65;151;133,7470219174629438468,0.075406
greedy_intra:edges_start:random,197,74110,24197,49913,690983,485,139;108;18;22;159;193;41;42;160;34;48;54;177;10;184;43;116;65;131;149;123;127;70;135;162;59;118;51;176;151;133;79;80;122;63;180;154;158;53;121;100;26;86;75;101;1;97;189;152;2;120;44;25;82;129;92;57;179;145;78;31;16;171;175;113;56;81;196;185;40;119;165;90;27;164;21;14;3;178;106;52;55;167;124;94;148;49;102;144;62;9;15;186;137;23;89;183;143;0;115,5662875142628746327,0.099555
greedy_intra:edges_start:random,198,71018,23085,47933,792692,483,0;117;93;108;18;68;46;198;115;139;41;193;159;22;34;160;48;54;177;10;4;112;184;43;42;5;116;65;131;149;59;118;51;151;133;162;123;127;70;135;154;180;53;121;100;26;97;86;75;101;1;152;2;129;120;44;25;16;171;175;113;56;31;78;145;92;57;55;52;185;165;40;196;81;90;164;7;21;144;14;138;106;178;49;102;62;9;148;124;94;63;79;80;176;137;23;186;89;183;143,722112159107132146,0.093372
greedy_intra:edges_start:random,199,75470,23970,51500,609766,469,148;124;94;80;176;137;23;89;183;143;0;117;68;46;198;139;18;22;159;193;41;115;118;109;51;72;59;65;116;5;42;34;160;184;43;131;149;123;162;151;133;79;63;136;180;154;135;127;70;158;53;100;121;26;86;101;75;120;82;44;25;78;16;171;175;113;56;31;157;145;179;196;81;90;27;164;21;144;102;49;14;165;119;40;185;106;3;178;52;55;57;92;129;2;1;97;152;167;62;9,4941622744810111135,0.078697
greedy_intra:edges_start:greedy,0,70571,22366,48205,89324,7,0;117;143;183;89;186;23;137;176;80;79;63;94;124;152;97;1;101;2;82;129;92;57;55;52;49;102;148;9;62;144;14;3;178;106;185;40;165;90;81;196;179;145;78;31;56;113;175;171;16;25;44;120;75;86;26;100;121;53;180;154;135;70;127;123;162;133;151;51;118;59;65;116;43;184;84;112;4;190;10;177;54;48;160;34;146;22;18;108;69;159;181;42;5;41;193;115;139;68;46,5253459854110048320,0.003517
greedy_intra:edges_start:greedy,1,71578,23389,48189,42400,4,1;101;75;86;53;154;70;135;180;63;79;133;162;127;123;149;65;116;43;184;10;177;54;48;160;34;146;22;18;108;69;159;181;42;5;41;193;139;68;140;93;117;143;0;46;115;59;118;51;151;80;176;137;23;183;89;186;114;15;9;62;144;14;138;185;40;165;90;81;196;179;145;78;31;56;113;175;171;16;25;44;120;2;129;92;57;55;52;106;178;49;102;148;124;94;121;100;26;97;152,691631842928437214,0.002985
greedy_intra:edges_start:greedy,2,71798,23658,48140,23282,3,2;129;57;92;55;52;49;102;148;9;62;144;14;3;178;106;185;165;40;90;81;196;179;145;78;31;56;113;175;171;16;25;44;120;75;86;100;53;180;154;135;70;127;123;162;149;131;65;116;43;184;84;190;10;177;54;48;160;34;146;22;18;108;69;159;181;42;5;41;193;139;68;140;93;117;143;183;89;186;23;137;0;46;115;59;118;51;151;133;176;80;79;63;94;124;26;101;1;97;152,6037840506170102137,0.001001
greedy_intra:edges_start:greedy,3,71177,23115,48062,75266,7,138;14;144;62;9;148;102;49;178;106;52;55;57;92;129;2;101;1;97;152;124;94;63;79;80;176;133;151;51;118;59;115;46;0;137;23;186;89;183;143;117;93;140;68;139;193;41;5;42;181;159;69;108;18;22;146;34;160;48;54;177;10;190;84;184;43;116;65;131;149;162;123;127;70;135;154;180;53;100;26;86;75;120;44;25;16;171;175;113;56;31;78;145;179;196;81;90;40;185;165,7126771190376547087,0.003001
greedy_intra:edges_start:greedy,4,71474,23297,48177,88953,8,4;190;10;177;54;48;34;160;42;181;146;22;18;108;69;159;193;41;139;68;46;115;118;59;65;116;43;184;35;131;149;123;162;133;151;51;0;117;143;183;89;23;137;176;80;79;63;94;124;152;97;1;101;2;82;129;92;57;55;52;49;102;148;9;62;144;14;3;178;106;185;165;40;90;81;196;179;145;78;31;56;113;175;171;16;25;44;120;75;86;26;100;121;53;180;154;135;70;127;112,5219857638695214685,0.008002
greedy_intra:edges_start:greedy,5,71183,23060,48123,67971,7,5;43;116;65;149;123;127;162;151;133;135;70;154;180;53;121;100;26;86;75;120;44;25;16;171;175;113;56;31;78;145;179;196;81;90;165;40;185;106;178;3;14;144;62;9;148;102;49;52;55;57;92;129;82;2;101;1;97;152;124;94;63;79;80;176;137;23;186;89;183;143;117;0;51;118;59;115;46;68;139;41;193;159;69;108;18;22;146;181;34;160;48;54;177;10;4;112;84;184;42,9094208283158759536,0.003016
greedy_intra:edges_start:greedy,6,71468,22898,48570,68472,6,158;154;70;135;180;63;79;133;151;162;127;123;149;65;116;43;184;177;54;48;160;34;146;22;18;108;69;159;181;42;5;41;193;139;68;140;93;117;143;0;46;115;59;118;51;80;176;137;23;183;89;186;114;15;9;62;144;14;138;165;185;40;90;81;196;179;145;78;31;56;113;175;171;16;25;44;120;2;129;92;57;55;52;106;178;49;102;148;124;94;152;97;1;101;75;86;26;100;121;53,7076523487483114286,0.004568
greedy_intra:edges_start:greedy,7,71991,24026,47965,63429,6,7;21;144;62;9;148;102;49;14;178;106;52;55;185;165;40;179;145;78;92;57;129;2;152;124;94;63;79;80;176;133;151;51;118;59;115;46;0;137;23;89;183;143;117;93;140;68;139;193;41;5;42;181;159;69;108;18;22;146;34;160;48;54;177;184;43;116;65;149;162;123;127;70;135;154;180;53;100;26;97;1;101;86;75;120;44;25;16;171;175;113;56;31;157;196;81;90;27;95;164,5151717068867759634,0.003622
greedy_intra:edges_start:greedy,8,71569,23372,48197,39867,4,39;165;40;185;90;81;196;179;145;78;31;56;113;175;171;16;25;44;120;75;86;100;53;180;154;135;70;127;123;162;149;131;65;116;43;184;190;10;177;54;48;160;34;146;22;18;108;69;159;181;42;5;41;193;139;68;140;93;117;143;183;89;186;23;137;0;46;115;59;118;51;151;133;176;80;79;63;94;124;26;101;1;97;152;2;129;92;57;55;52;106;178;49;102;148;9;62;144;14;138,1547044169814394593,0.002516
greedy_intra:edges_start:greedy,9,71220,23158,48062,84471,7,9;148;102;49;178;106;52;55;57;92;129;2;97;26;100;53;180;154;135;70;127;123;162;149;131;65;116;43;184;84;190;10;177;54;48;160;34;146;22;18;108;69;159;181;42;5;41;193;139;68;140;93;117;143;183;89;186;23;137;0;46;115;59;118;51;151;133;176;80;79;63;94;124;152;1;101;86;75;120;44;25;16;171;175;113;56;31;78;145;179;196;81;90;40;185;165;138;14;144;62,4251518532546251811,0.003666
greedy_intra:edges_start:greedy,10,71419,23242,48177,135950,12,10;190;4;112;127;70;135;154;180;53;121;100;26;86;75;120;82;44;25;16;171;175;113;56;31;78;145;179;196;81;90;165;40;185;106;178;3;14;144;62;9;148;102;49;52;55;57;92;129;2;101;1;97;152;124;94;63;79;80;176;137;23;89;183;143;117;0;51;151;133;162;123;149;131;35;184;43;116;65;59;118;115;46;68;139;41;193;159;69;108;18;22;146;181;42;160;34;48;54;177,1279030546046974159,0.007551
greedy_intra:edges_start:greedy,11,71207,23002,48205,121413,13,10;190;184;84;4;112;127;123;162;151;133;135;70;154;180;53;121;100;26;86;75;120;82;44;25;16;171;175;113;56;31;78;145;179;196;81;90;165;40;185;106;178;3;14;144;62;9;148;102;49;52;55;57;92;129;2;101;1;97;152;124;94;63;79;80;176;137;23;186;89;183;143;117;0;51;59;118;46;68;139;115;116;65;43;42;5;41;193;159;69;108;18;22;146;181;34;160;48;54;177,7764223029508558359,0.006530
greedy_intra:edges_start:greedy,12,72343,23376,48967,56350,5,124;94;152;97;1;101;2;129;57;92;179;145;78;31;56;113;175;171;16;25;44;120;82;75;86;26;100;121;53;158;154;70;135;180;63;79;133;162;123;149;65;116;43;184;177;54;48;160;34;146;22;18;108;69;159;181;42;5;41;193;139;68;140;93;117;143;0;46;115;59;118;51;151;80;176;137;23;183;89;186;114;15;9;62;144;14;138;165;90;81;196;40;185;55;52;106;178;49;102;148,2743409655536156075,0.003023
greedy_intra:edges_start:greedy,13,71937,23622,48315,61680,9,157;31;78;145;92;179;196;81;90;165;40;185;106;178;3;14;144;62;9;148;102;49;52;55;57;129;2;152;97;1;101;100;26;124;94;63;79;80;176;133;151;51;118;59;115;46;0;137;23;186;89;183;143;117;93;140;68;139;193;41;5;42;181;159;69;108;18;22;146;34;160;48;54;177;10;190;184;43;116;65;131;149;162;123;127;70;135;154;180;53;86;75;120;44;25;16;171;175;113;56,5032155463414857999,0.002993
greedy_intra:edges_start:greedy,14,71324,23262,48062,47387,4,14;144;62;9;148;102;49;178;106;52;55;57;92;129;2;152;97;1;101;100;26;124;94;63;79;80;176;133;151;51;118;59;115;46;0;137;23;186;89;183;143;117;93;140;68;139;193;41;5;42;181;159;69;108;18;22;146;34;160;48;54;177;10;190;84;184;43;116;65;131;149;162;123;127;70;135;154;180;53;86;75;120;44;25;16;171;175;113;56;31;78;145;179;196;81;90;40;185;165;138,7951744656791323853,0.002998
greedy_intra:edges_start:greedy,15,71448,23426,48022,49400,4,15;144;14;138;165;185;40;90;81;196;179;145;78;31;56;113;175;171;16;25;44;120;75;86;100;53;180;154;135;70;127;123;162;149;131;65;116;43;184;190;10;177;54;48;160;34;146;22;18;108;69;159;181;42;5;41;193;139;68;140;93;117;143;183;89;186;23;137;0;46;115;59;118;51;151;133;176;80;79;63;94;124;26;101;1;97;152;2;129;92;57;55;52;106;178;49;102;62;9;148,5511269437635595524,0.002012
greedy_intra:edges_start:greedy,16,71647,23507,48140,66043,6,16;25;44;120;75;86;100;53;180;154;135;70;127;123;162;149;131;65;116;43;184;84;190;10;177;54;48;160;34;146;22;18;108;69;159;181;42;5;41;193;139;68;140;93;117;143;183;89;186;23;137;0;46;115;59;118;51;151;133;176;80;79;63;94;124;26;101;1;97;152;2;129;57;55;52;49;102;148;9;62;144;14;3;178;106;185;40;165;90;81;196;179;92;145;78;31;56;113;175;171,8252294852254753316,0.003971
greedy_intra:edges_start:greedy,17,72872,24042,48830,134450,14,119;40;81;196;157;31;56;113;175;171;16;25;44;120;75;86;26;53;180;154;135;70;127;123;162;149;65;116;43;184;177;54;48;160;34;146;22;18;108;159;181;42;41;193;139;68;140;93;117;143;183;89;23;137;0;46;115;59;118;51;151;133;176;80;79;63;94;152;97;1;101;2;82;78;145;179;92;129;57;55;52;49;102;148;9;62;144;14;3;178;106;185;165;39;95;7;164;58;27;90,7062196248709646946,0.006011
greedy_intra:edges_start:greedy,18,71455,23205,48250,98073,9,18;22;146;159;193;41;5;42;181;34;160;48;54;177;10;4;112;84;184;43;116;65;149;123;127;162;151;133;135;70;154;180;53;121;100;26;86;75;120;82;44;25;16;171;175;113;56;31;78;145;179;196;81;90;165;40;185;106;178;3;14;144;62;9;148;102;49;52;55;57;92;129;2;101;1;97;152;124;94;63;79;80;176;137;51;118;59;115;139;68;46;0;89;183;143;117;93;140;108;69,5215260788673845978,0.005032
greedy_intra:edges_start:greedy,19,71828,22768,49060,30620,2,189;94;124;148;102;49;178;106;52;55;57;92;129;2;120;44;25;16;171;175;113;56;31;78;145;179;196;81;90;165;40;185;138;14;144;62;9;15;114;186;89;183;23;137;176;80;151;162;123;149;65;116;43;184;177;54;48;160;34;146;22;18;108;69;159;181;42;5;41;193;139;68;140;93;117;143;0;46;115;59;118;51;133;79;63;180;135;70;154;158;53;121;100;26;86;75;101;1;97;152,1363783343421762544,0.002031
greedy_intra:edges_start:greedy,20,72283,23305,48978,16893,2,199;22;146;159;193;41;5;42;181;34;160;48;54;177;10;190;84;184;43;116;65;149;123;127;162;151;133;135;70;154;180;53;121;100;26;86;75;44;25;16;171;175;113;56;31;78;145;179;196;81;90;40;165;185;106;178;3;14;144;62;9;148;102;49;52;55;92;57;129;82;120;2;101;1;97;152;124;94;63;79;80;176;137;51;118;59;115;139;46;68;0;89;183;143;117;93;140;108;69;18,3974845751795068715,0.001000
greedy_intra:edges_start:greedy,21,71536,23631,47905,58248,5,21;14;138;165;185;40;90;81;196;179;145;78;31;56;113;175;171;16;25;44;120;75;86;101;1;97;26;100;53;180;154;135;70;127;123;162;149;131;65;116;43;184;190;10;177;54;48;160;34;146;22;18;108;69;159;181;42;5;41;193;139;68;140;93;117;143;183;89;186;23;137;0;46;115;59;118;51;151;133;176;80;79;63;94;124;152;2;129;92;57;55;52;106;178;49;102;148;9;62;144,6163008583246548622,0.003042
greedy_intra:edges_start:greedy,22,71010,23037,47973,62527,5,22;146;181;34;160;48;54;177;10;190;4;112;84;184;42;43;116;65;149;123;127;162;151;133;135;70;154;180;53;121;100;26;86;75;82;120;44;25;16;171;175;113;56;31;78;145;179;196;81;90;165;40;185;106;178;3;14;144;62;9;148;102;49;52;55;57;92;129;2;101;1;97;152;124;94;63;79;80;176;137;23;186;89;183;143;117;0;51;118;59;115;46;68;139;41;193;159;69;108;18,1853589337396304375,0.002050
greedy_intra:edges_start:greedy,23,70894,22689,48205,43838,3,23;137;176;80;79;63;94;124;152;97;1;101;2;120;82;129;57;92;55;52;49;102;148;9;62;144;14;3;178;106;185;40;165;90;81;196;179;145;78;31;56;113;175;171;16;25;44;75;86;26;100;121;53;180;154;135;70;127;123;162;133;151;51;118;59;65;116;43;184;84;112;4;190;10;177;54;48;160;34;146;22;18;108;69;159;181;42;5;193;41;115;139;68;46;0;117;143;183;89;186,1123746523008760670,0.001968
greedy_intra:edges_start:greedy,24,72007,23445,48562,14264,2,131;149;65;116;43;184;84;190;10;177;54;48;160;34;146;22;18;108;69;159;181;42;5;41;193;139;68;46;115;59;118;51;0;117;143;183;89;186;23;137;176;80;79;63;94;124;152;97;1;101;2;120;82;129;57;92;55;52;49;102;148;9;62;144;14;3;178;106;185;165;40;90;81;196;179;145;78;31;56;113;175;171;16;25;44;75;86;26;100;121;53;180;154;70;135;133;151;162;127;123,909737434760701781,0.000517
greedy_intra:edges_start:greedy,25,71500,23360,48140,36043,4,25;44;120;75;86;101;1;97;26;100;53;180;154;135;70;127;123;162;149;131;65;116;43;184;84;190;10;177;54;48;160;34;146;22;18;108;69;159;181;42;5;41;193;139;68;140;93;117;143;183;89;186;23;137;0;46;115;59;118;51;151;133;176;80;79;63;94;124;152;2;129;57;92;55;52;49;102;148;9;62;144;14;3;178;106;185;165;40;90;81;196;179;145;78;31;56;113;175;171;16,219429838248895742,0.001746
greedy_intra:edges_start:greedy,26,71416,23390,48026,43426,3,26;97;1;152;94;124;148;102;49;178;106;52;55;57;92;129;2;120;44;25;16;171;175;113;56;31;78;145;179;196;81;90;165;40;185;138;14;144;62;9;15;114;186;89;183;23;137;176;51;118;59;115;46;0;143;117;93;140;68;139;193;41;5;42;181;159;69;108;18;22;146;34;160;48;54;177;10;190;184;43;116;65;149;123;127;162;151;80;133;79;63;180;135;70;154;53;86;75;101;100,8253057351177324534,0.002001
greedy_intra:edges_start:greedy,27,72018,23490,48528,41569,3,27;58;164;7;95;39;165;138;14;144;62;9;148;102;49;178;106;52;55;57;92;129;2;101;1;97;152;94;63;79;80;176;133;151;51;118;59;115;46;0;137;23;89;183;143;117;93;140;68;139;193;41;5;42;181;159;69;108;18;22;146;34;160;48;54;177;184;43;116;65;149;162;123;127;70;135;154;180;53;100;26;86;75;120;44;25;16;171;175;113;56;31;78;145;179;196;81;185;40;90,8702822369636919137,0.001998
greedy_intra:edges_start:greedy,28,72017,23410,48607,48154,5,35;43;116;65;131;149;123;127;162;151;133;135;70;154;180;53;121;100;26;86;75;44;25;16;171;175;113;56;31;78;145;179;196;81;90;165;40;185;106;178;3;14;144;62;9;148;102;49;52;55;92;57;129;82;120;2;101;1;97;152;124;94;63;79;80;176;137;23;186;89;183;143;117;0;51;59;118;115;46;68;139;193;41;5;42;181;159;69;108;18;22;146;34;160;48;54;177;10;190;184,2274287949748037183,0.000999
greedy_intra:edges_start:greedy,29,71373,22766,48607,90473,9,149;123;162;151;133;135;70;154;180;53;121;100;26;86;75;82;129;57;92;55;52;49;102;148;9;62;144;14;3;178;106;185;40;165;90;81;196;179;145;78;31;56;113;175;171;16;25;44;120;2;101;1;97;152;124;94;63;79;80;176;137;23;186;89;183;143;117;0;46;68;139;115;118;51;59;65;116;43;42;5;41;193;159;69;108;18;22;146;181;34;160;48;54;177;184;35;84;4;112;131,6509380769485834569,0.005001
greedy_intra:edges_start:greedy,30,71604,23040,48564,102995,10,48;54;177;10;190;84;184;43;116;65;59;118;115;46;0;51;151;133;162;123;127;70;135;154;180;53;121;100;26;86;75;120;82;44;25;16;171;175;113;56;31;78;145;179;196;81;90;165;40;185;106;178;3;14;144;62;9;148;102;49;52;55;57;92;129;2;101;1;97;152;124;94;63;79;80;176;137;23;186;89;183;143;117;93;140;68;139;41;193;159;69;108;18;22;146;195;181;42;160;34,4805500509066849979,0.004998
greedy_intra:edges_start:greedy,31,71452,23312,48140,103506,11,31;78;145;92;179;196;81;90;165;40;185;106;178;3;14;144;62;9;148;102;49;52;55;57;129;2;1;97;152;124;94;63;79;80;176;133;151;51;118;59;115;46;0;137;23;186;89;183;143;117;93;140;68;139;193;41;5;42;181;159;69;108;18;22;146;34;160;48;54;177;10;190;84;184;43;116;65;131;149;162;123;127;70;135;154;180;53;100;26;101;86;75;120;44;25;16;171;175;113;56,1795585868678636259,0.005001
greedy_intra:edges_start:greedy,32,71122,23060,48062,74802,9,138;14;144;62;9;148;102;49;178;106;52;55;57;92;129;2;101;1;97;152;124;94;63;79;80;176;133;151;51;118;59;115;46;0;137;23;186;89;183;143;117;93;140;68;139;193;41;5;42;181;159;69;108;18;22;146;34;160;48;54;177;10;190;84;184;43;116;65;131;149;162;123;127;70;135;154;180;53;100;26;86;75;120;44;25;16;171;175;113;56;31;78;145;179;196;81;90;165;40;185,7204560319826077117,0.004000
greedy_intra:edges_start:greedy,33,71425,23025,48400,40474,4,37;102;49;178;106;52;55;57;92;129;2;152;97;1;101;100;26;124;94;63;79;80;176;133;151;51;118;59;115;46;0;137;23;186;89;183;143;117;93;140;68;139;193;41;5;42;181;159;69;108;18;22;146;34;160;48;54;177;10;190;184;43;116;65;131;149;162;123;127;70;135;154;180;53;86;75;120;44;25;16;171;175;113;56;31;78;145;179;196;81;90;165;40;185;138;14;144;62;9;148,400508589700525919,0.001987
greedy_intra:edges_start:greedy,34,71010,23037,47973,58075,5,34;181;146;22;18;108;69;159;193;41;139;68;46;115;59;118;51;0;117;143;183;89;186;23;137;176;80;79;63;94;124;152;97;1;101;2;129;92;57;55;52;49;102;148;9;62;144;14;3;178;106;185;40;165;90;81;196;179;145;78;31;56;113;175;171;16;25;44;120;82;75;86;26;100;121;53;180;154;70;135;133;151;162;127;123;149;65;116;43;42;184;84;112;4;190;10;177;54;48;160,1120726675890512894,0.002319
greedy_intra:edges_start:greedy,35,70938,22688,48250,101837,10,35;84;4;112;127;123;162;151;133;135;70;154;180;53;121;100;26;86;75;120;82;44;25;16;171;175;113;56;31;78;145;179;196;81;90;165;40;185;106;178;3;14;144;62;9;148;102;49;52;55;57;92;129;2;101;1;97;152;124;94;63;79;80;176;137;23;186;89;183;143;117;0;46;68;139;115;118;51;59;65;116;43;42;5;41;193;159;69;108;18;22;146;181;34;160;48;54;177;10;184,7900691365236614284,0.005002
greedy_intra:edges_start:greedy,36,72300,23132,49168,31505,2,36;108;69;18;22;146;159;193;41;5;42;181;34;160;48;54;177;10;190;84;184;43;116;65;149;123;127;162;151;133;135;70;154;180;53;121;100;26;86;75;44;25;16;171;175;113;56;31;78;145;179;196;81;90;165;40;185;106;178;3;14;144;62;9;148;102;49;52;55;92;57;129;82;120;2;101;1;97;152;124;94;63;79;80;176;137;51;118;59;115;139;46;68;0;89;183;143;117;93;140,6502891010220516280,0.001016
greedy_intra:edges_start:greedy,37,71587,23187,48400,31567,2,37;102;49;178;106;52;55;57;92;129;2;152;97;1;101;26;124;94;63;79;80;176;133;151;51;118;59;115;46;0;137;23;186;89;183;143;117;93;140;68;139;193;41;5;42;181;159;69;108;18;22;146;34;160;48;54;177;10;190;184;43;116;65;131;149;162;123;127;70;135;154;180;53;100;86;75;120;44;25;16;171;175;113;56;31;78;145;179;196;81;90;185;40;165;138;14;144;62;9;148,8824044190496623538,0.000999
greedy_intra:edges_start:greedy,38,71876,23561,48315,51155,6,157;78;145;92;179;196;81;90;165;40;185;106;178;3;14;144;62;9;148;102;49;52;55;57;129;2;152;97;1;101;26;124;94;63;79;80;176;133;151;51;118;59;115;46;0;137;23;186;89;183;143;117;93;140;68;139;193;41;5;42;181;159;69;108;18;22;146;34;160;48;54;177;10;190;184;43;116;65;131;149;162;123;127;70;135;154;180;53;100;86;75;120;44;25;16;171;175;113;56;31,330935986212200230,0.002972
greedy_intra:edges_start:greedy,39,71870,23664,48206,31672,2,39;95;7;164;27;90;40;185;81;196;179;145;78;31;56;113;175;171;16;25;44;120;75;86;26;97;1;101;100;53;180;154;135;70;127;123;162;149;65;116;43;184;177;54;48;160;34;146;22;18;108;69;159;181;42;5;41;193;139;68;140;93;117;143;183;89;23;137;0;46;115;59;118;51;151;133;176;80;79;63;94;124;152;2;129;92;57;55;52;106;178;49;102;148;9;62;144;14;138;165,1485842509447753013,0.001000
greedy_intra:edges_start:greedy,40,71369,23307,48062,44315,4,40;90;81;196;179;145;78;31;56;113;175;171;16;25;44;120;75;86;100;53;180;154;135;70;127;123;162;149;131;65;116;43;184;84;190;10;177;54;48;160;34;146;22;18;108;69;159;181;42;5;41;193;139;68;140;93;117;143;183;89;186;23;137;0;46;115;59;118;51;151;133;176;80;79;63;94;124;26;101;1;97;152;2;129;92;57;55;52;106;178;49;102;148;9;62;144;14;138;165;185,2549491373101088881,0.003001
greedy_intra:edges_start:greedy,41,71489,23366,48123,40553,5,41;5;42;181;159;69;108;18;22;146;34;160;48;54;177;10;4;112;84;184;43;116;65;149;123;127;162;151;133;135;70;154;180;53;121;100;26;86;75;44;25;16;171;175;113;56;31;78;145;179;196;81;90;165;40;185;106;178;3;14;144;62;9;148;102;49;52;55;57;92;129;82;120;2;101;1;97;152;124;94;63;79;80;176;137;23;186;89;183;143;117;0;51;118;59;115;46;68;139;193,4808486574864510733,0.002030
greedy_intra:edges_start:greedy,42,71690,23567,48123,40109,4,42;5;41;193;139;68;46;115;59;118;51;0;117;143;183;89;186;23;137;176;80;79;63;94;124;152;97;1;101;2;120;82;129;57;92;55;52;49;102;148;9;62;144;14;3;178;106;185;40;165;90;81;196;179;145;78;31;56;113;175;171;16;25;44;75;86;26;100;121;53;180;154;70;135;133;151;162;127;123;149;65;116;43;184;84;112;4;10;177;54;48;160;34;146;22;18;108;69;159;181,7342731348215143721,0.002024
greedy_intra:edges_start:greedy,43,71548,23048,48500,72369,6,43;116;65;59;118;115;46;0;51;151;133;162;123;127;70;135;154;180;53;121;100;26;86;75;120;44;25;16;171;175;113;56;31;78;145;179;196;81;90;165;40;185;106;178;3;14;144;62;9;148;102;49;52;55;57;92;129;82;2;101;1;97;152;124;94;63;79;80;176;137;23;186;89;183;143;117;93;140;68;139;193;41;5;42;181;159;69;108;18;22;146;34;160;48;54;177;10;190;84;184,5257038562716962404,0.003982
greedy_intra:edges_start:greedy,44,71597,23457,48140,46983,5,44;25;16;171;175;113;56;31;78;145;179;196;81;90;40;165;185;106;178;3;14;144;62;9;148;102;49;52;55;57;92;129;2;152;97;1;101;26;124;94;63;79;80;176;133;151;51;118;59;115;46;0;137;23;186;89;183;143;117;93;140;68;139;193;41;5;42;181;159;69;108;18;22;146;34;160;48;54;177;10;190;84;184;43;116;65;131;149;162;123;127;70;135;154;180;53;100;86;75;120,243727233522835557,0.003001
greedy_intra:edges_start:greedy,45,72167,23339,48828,59580,6,72;162;127;123;149;65;116;43;184;84;190;10;177;54;48;160;34;146;22;18;108;69;159;181;42;5;41;193;139;68;46;115;59;118;51;0;117;143;183;89;186;23;137;176;80;79;63;94;124;152;97;1;101;2;120;44;25;16;171;175;113;56;31;78;145;179;196;81;90;165;40;185;106;178;3;14;144;62;9;148;102;49;52;55;57;92;129;82;75;86;26;100;121;53;180;154;70;135;133;151,5113669059707223299,0.002988
greedy_intra:edges_start:greedy,46,71631,23508,48123,40156,5,46;115;59;118;51;0;117;143;183;89;186;23;137;176;80;79;63;94;124;152;97;1;101;2;120;44;25;16;171;175;113;56;31;78;145;179;196;81;90;40;165;185;106;178;3;14;144;62;9;148;102;49;52;55;57;92;129;82;75;86;26;100;121;53;180;154;70;135;133;151;162;127;123;149;65;116;43;184;84;112;4;10;177;54;48;160;34;146;22;18;108;69;159;181;42;5;41;193;139;68,4727190294053740205,0.002661
greedy_intra:edges_start:greedy,47,71826,23094,48732,51311,4,47;116;43;184;84;190;10;177;54;48;160;34;146;22;18;108;69;159;181;42;5;41;193;139;68;46;115;59;118;51;0;117;143;183;89;186;23;137;176;80;79;63;94;124;152;97;1;101;2;120;82;129;92;57;55;52;49;102;148;9;62;144;14;3;178;106;185;40;165;90;81;196;179;145;78;31;56;113;175;171;16;25;44;75;86;26;100;121;53;180;154;70;135;133;151;162;127;123;149;65,199348642092606659,0.003000
greedy_intra:edges_start:greedy,48,71788,23224,48564,71643,6,48;34;160;42;181;195;146;22;18;108;69;159;41;193;139;68;140;93;117;143;183;89;186;23;137;176;80;79;63;94;124;152;97;1;101;2;82;129;57;92;55;52;49;102;148;9;62;144;14;3;178;106;185;40;165;90;81;196;179;145;78;31;56;113;175;171;16;25;44;120;75;86;26;100;121;53;180;154;135;70;127;123;162;133;151;51;0;46;115;118;59;65;116;43;184;84;190;10;177;54,6003289037827735921,0.004000
greedy_intra:edges_start:greedy,49,71301,23107,48194,52805,5,49;178;106;52;55;57;92;129;2;152;97;1;101;26;100;121;94;63;79;80;176;133;151;51;118;59;115;46;0;137;23;186;89;183;143;117;93;140;68;139;193;41;5;42;181;159;69;108;18;22;146;34;160;48;54;177;10;190;84;184;43;116;65;131;149;162;123;127;70;135;154;180;53;86;75;120;44;25;16;171;175;113;56;31;78;145;179;196;81;90;40;185;165;138;14;144;62;9;148;102,7035338865071547290,0.004001
greedy_intra:edges_start:greedy,50,72402,24087,48315,58515,8,157;175;171;16;25;44;120;75;86;53;180;154;135;70;127;123;162;149;131;65;116;43;184;190;10;177;54;48;160;34;146;22;18;108;69;159;181;42;5;41;193;139;68;140;93;117;143;183;89;186;23;137;0;46;115;59;118;51;151;133;176;80;79;63;94;124;26;100;101;1;97;152;2;129;57;55;52;49;102;148;9;62;144;14;3;178;106;185;165;40;90;81;196;179;92;145;78;31;113;56,2215221140769748097,0.002988
greedy_intra:edges_start:greedy,51,71373,23250,48123,83537,7,51;118;59;115;46;68;139;193;41;5;42;181;159;69;108;18;22;146;34;160;48;54;177;10;4;112;84;184;43;116;65;149;123;127;162;151;133;135;70;154;180;53;121;100;26;86;75;120;44;25;16;171;175;113;56;31;78;145;179;196;81;90;165;40;185;106;178;3;14;144;62;9;148;102;49;52;55;57;92;129;82;2;101;1;97;152;124;94;63;79;80;176;137;23;186;89;183;143;117;0,3578948920100963204,0.005002
greedy_intra:edges_start:greedy,52,71122,23060,48062,103184,9,52;106;178;49;102;148;9;62;144;14;138;185;40;165;90;81;196;179;145;78;31;56;113;175;171;16;25;44;120;75;86;26;100;53;180;154;135;70;127;123;162;149;131;65;116;43;184;84;190;10;177;54;48;160;34;146;22;18;108;69;159;181;42;5;41;193;139;68;140;93;117;143;183;89;186;23;137;0;46;115;59;118;51;151;133;176;80;79;63;94;124;152;97;1;101;2;129;92;57;55,1774124095137750794,0.004998
greedy_intra:edges_start:greedy,53,71460,22890,48570,45724,3,53;158;154;70;135;180;63;79;80;133;151;162;127;123;149;65;116;43;184;177;54;48;160;34;146;22;18;108;69;159;181;42;5;41;193;139;68;140;93;117;143;0;46;115;59;118;51;176;137;23;183;89;186;114;15;9;62;144;14;138;185;40;165;90;81;196;179;145;78;31;56;113;175;171;16;25;44;120;2;129;92;57;55;52;106;178;49;102;148;124;94;152;97;1;101;75;86;26;100;121,3732821802411354498,0.001997
greedy_intra:edges_start:greedy,54,71616,23052,48564,95430,8,54;48;34;160;42;181;195;146;22;18;108;69;159;193;41;139;68;140;93;117;143;183;89;186;23;137;176;80;79;63;94;124;152;97;1;101;2;129;92;57;55;52;49;102;148;9;62;144;14;3;178;106;185;40;165;90;81;196;179;145;78;31;56;113;175;171;16;25;44;120;82;75;86;26;100;121;53;180;154;135;70;127;123;162;133;151;51;0;46;115;118;59;65;116;43;184;84;190;10;177,3857335967834426321,0.004005
greedy_intra:edges_start:greedy,55,71246,23052,48194,73236,7,55;52;106;178;49;102;148;9;62;144;14;138;185;40;165;90;81;196;179;145;78;31;56;113;175;171;16;25;44;120;75;86;53;180;154;135;70;127;123;162;149;131;65;116;43;184;84;190;10;177;54;48;160;34;146;22;18;108;69;159;181;42;5;41;193;139;68;140;93;117;143;183;89;186;23;137;0;46;115;59;118;51;151;133;176;80;79;63;94;121;100;26;101;1;97;152;2;129;92;57,658092563420729633,0.002411
greedy_intra:edges_start:greedy,56,71726,23454,48272,47734,6,56;31;78;145;92;179;196;81;90;40;165;185;106;178;3;14;144;62;9;148;102;49;52;55;57;129;2;152;97;1;101;26;100;121;94;63;79;80;176;133;151;51;118;59;115;46;0;137;23;186;89;183;143;117;93;140;68;139;193;41;5;42;181;159;69;108;18;22;146;34;160;48;54;177;10;190;84;184;43;116;65;131;149;162;123;127;70;135;154;180;53;86;75;120;44;25;16;171;175;113,4447311554131758628,0.001975
greedy_intra:edges_start:greedy,57,71299,23159,48140,39837,5,57;55;52;49;102;148;9;62;144;14;3;178;106;185;165;40;90;81;196;179;145;78;31;56;113;175;171;16;25;44;120;75;86;101;1;97;26;100;53;180;154;135;70;127;123;162;149;131;65;116;43;184;84;190;10;177;54;48;160;34;146;22;18;108;69;159;181;42;5;41;193;139;68;140;93;117;143;183;89;186;23;137;0;46;115;59;118;51;151;133;176;80;79;63;94;124;152;2;129;92,1502040812798448402,0.002108
greedy_intra:edges_start:greedy,58,72380,24093,48287,80073,7,58;95;27;90;81;196;157;31;56;113;175;171;16;25;44;120;75;86;101;1;26;100;53;180;154;135;70;127;123;162;149;65;116;43;184;177;54;48;160;34;146;22;18;108;69;159;181;42;5;41;193;139;68;140;93;117;143;183;89;23;137;0;46;115;59;118;51;151;133;176;80;79;63;94;97;152;2;129;57;92;78;145;179;40;165;185;55;52;106;178;14;49;102;148;9;62;144;21;7;164,9077950734878142966,0.004234
greedy_intra:edges_start:greedy,59,71620,23497,48123,49183,5,59;115;46;68;139;193;41;5;42;181;159;69;108;18;22;146;34;160;48;54;177;10;190;4;112;184;43;116;65;149;123;127;162;151;133;135;70;154;180;53;121;100;26;86;75;82;120;44;25;16;171;175;113;56;31;78;145;179;196;81;90;40;165;185;106;178;3;14;144;62;9;148;102;49;52;55;57;92;129;2;101;1;97;152;124;94;63;79;80;176;137;23;186;89;183;143;117;0;51;118,2576600001436353447,0.002971
greedy_intra:edges_start:greedy,60,71428,23305,48123,72476,9,68;46;115;118;59;51;0;117;143;183;89;186;23;137;176;80;79;63;94;124;152;97;1;101;2;82;129;92;57;55;52;49;102;148;9;62;144;14;3;178;106;185;40;165;90;81;196;179;145;78;31;56;113;175;171;16;25;44;120;75;86;26;100;121;53;180;154;70;135;133;151;162;127;123;149;65;116;43;184;112;4;190;10;177;54;48;160;34;146;22;18;108;69;159;181;42;5;41;193;139,3162511513211721137,0.003999
greedy_intra:edges_start:greedy,61,71297,23275,48022,73639,9,15;144;14;138;185;40;165;90;81;196;179;145;78;31;56;113;175;171;16;25;44;120;75;86;101;26;100;53;180;154;135;70;127;123;162;149;131;65;116;43;184;190;10;177;54;48;160;34;146;22;18;108;69;159;181;42;5;41;193;139;68;140;93;117;143;183;89;186;23;137;0;46;115;59;118;51;151;133;176;80;79;63;94;124;97;1;152;2;129;92;57;55;52;106;178;49;102;62;9;148,671195353341308348,0.004211
greedy_intra:edges_start:greedy,62,71338,23276,48062,39435,3,62;144;14;138;185;40;165;90;81;196;179;145;78;31;56;113;175;171;16;25;44;120;75;86;26;124;94;63;79;80;176;133;151;51;118;59;115;46;0;137;23;186;89;183;143;117;93;140;68;139;193;41;5;42;181;159;69;108;18;22;146;34;160;48;54;177;10;190;84;184;43;116;65;131;149;162;123;127;70;135;154;180;53;100;101;1;97;152;2;129;92;57;55;52;106;178;49;102;148;9,1003331143365869693,0.002030
greedy_intra:edges_start:greedy,63,71468,22898,48570,33270,2,63;180;135;70;154;158;53;121;100;26;86;75;101;1;97;152;94;124;148;102;49;178;106;52;55;57;92;129;2;120;44;25;16;171;175;113;56;31;78;145;179;196;81;90;40;185;165;138;14;144;62;9;15;114;186;89;183;23;137;176;80;51;118;59;115;46;0;143;117;93;140;68;139;193;41;5;42;181;159;69;108;18;22;146;34;160;48;54;177;184;43;116;65;149;123;127;162;151;133;79,916143829903056555,0.002002
greedy_intra:edges_start:greedy,64,72083,22564,49519,45307,3,64;114;186;89;183;23;137;176;51;118;59;115;46;0;143;117;93;140;68;139;193;41;5;42;181;159;69;108;18;22;146;34;160;48;54;177;184;43;116;65;149;123;162;151;133;80;79;63;180;135;70;154;158;53;121;100;26;86;75;101;1;97;152;94;124;148;9;62;102;49;178;106;52;55;57;92;129;2;120;44;25;16;171;175;113;56;31;78;145;179;196;81;90;165;40;185;138;14;144;15,1332071336200050797,0.001538
greedy_intra:edges_start:greedy,65,71485,23362,48123,40089,4,65;149;123;127;162;151;133;135;70;154;180;53;121;100;26;86;75;44;25;16;171;175;113;56;31;78;145;179;196;81;90;165;40;185;106;178;3;14;144;62;9;148;102;49;52;55;57;92;129;82;120;2;101;1;97;152;124;94;63;79;80;176;137;23;186;89;183;143;117;0;51;118;59;115;46;68;139;193;41;5;42;181;159;69;108;18;22;146;34;160;48;54;177;10;190;4;112;184;43;116,5982007257472178264,0.001233
greedy_intra:edges_start:greedy,66,72214,23724,48490,61045,6,23;51;118;59;115;46;0;89;183;143;117;93;140;68;139;193;41;5;42;181;159;69;108;18;22;146;34;160;48;54;177;10;190;84;184;43;116;65;149;123;127;162;151;133;135;70;154;180;53;121;100;26;86;75;120;44;25;16;171;175;113;56;31;78;145;179;196;81;90;165;40;185;106;178;3;14;144;62;9;148;102;49;52;55;57;92;129;82;2;101;1;97;152;124;94;63;79;80;176;137,5670670068741617502,0.003424
greedy_intra:edges_start:greedy,67,72447,23279,49168,13664,2,36;108;69;18;22;146;159;193;41;5;42;181;34;160;48;54;177;10;190;84;184;43;116;65;149;123;127;162;151;133;135;70;154;180;53;121;100;26;86;75;44;25;16;171;175;113;56;31;78;145;179;196;81;90;40;165;185;106;178;3;14;144;62;9;148;102;49;52;55;92;57;129;82;120;2;101;1;97;152;124;94;63;79;80;176;137;51;118;59;115;139;46;68;0;89;183;143;117;93;140,7427677356318518244,0.001001
greedy_intra:edges_start:greedy,68,71598,23475,48123,45175,5,68;46;115;59;118;51;0;117;143;183;89;186;23;137;176;80;79;63;94;124;152;97;1;101;2;82;129;92;57;55;52;49;102;148;9;62;144;14;3;178;106;185;165;40;90;81;196;179;145;78;31;56;113;175;171;16;25;44;120;75;86;26;100;121;53;180;154;70;135;133;151;162;127;123;149;65;116;43;184;84;4;112;10;177;54;48;160;34;146;22;18;108;69;159;181;42;5;41;193;139,56498253337496506,0.001000
greedy_intra:edges_start:greedy,69,71747,22896,48851,73443,6,69;108;18;199;22;146;159;193;41;5;42;181;34;160;48;54;177;10;190;84;184;43;116;65;149;123;127;162;151;133;135;70;154;180;53;121;100;26;86;75;82;120;44;25;16;171;175;113;56;31;78;145;179;196;81;90;165;40;185;106;178;3;14;144;62;9;148;102;49;52;55;57;92;129;2;101;1;97;152;124;94;63;79;80;176;137;23;186;89;183;143;117;0;51;118;59;115;46;68;139,4388520668511635415,0.003987
greedy_intra:edges_start:greedy,70,71605,23035,48570,36029,2,70;154;158;53;121;100;26;86;75;101;1;97;152;94;124;148;102;49;178;106;52;55;57;92;129;2;120;44;25;16;171;175;113;56;31;78;145;179;196;81;90;165;40;185;138;14;144;62;9;15;114;186;89;183;23;137;176;51;118;59;115;46;0;143;117;93;140;68;139;193;41;5;42;181;159;69;108;18;22;146;34;160;48;54;177;184;43;116;65;149;123;127;162;151;80;133;79;63;180;135,6475544231645351531,0.002014
greedy_intra:edges_start:greedy,71,72133,23605,48528,27113,2,58;164;7;95;39;165;138;14;144;62;9;148;102;49;178;106;52;55;57;92;129;2;152;97;1;101;26;94;63;79;80;176;133;151;51;118;59;115;46;0;137;23;89;183;143;117;93;140;68;139;193;41;5;42;181;159;69;108;18;22;146;34;160;48;54;177;184;43;116;65;149;162;123;127;70;135;154;180;53;100;86;75;120;44;25;16;171;175;113;56;31;78;145;179;196;81;185;40;90;27,1516498238497677531,0.000999
greedy_intra:edges_start:greedy,72,72322,23452,48870,18338,2,109;51;0;117;143;183;89;186;23;137;176;80;79;63;94;124;152;97;1;101;2;120;82;129;57;92;55;52;49;102;148;9;62;144;14;3;178;106;185;165;40;90;81;196;179;145;78;31;56;113;175;171;16;25;44;75;86;26;100;121;53;180;154;70;135;133;151;162;127;123;149;65;116;43;184;84;190;10;177;54;48;160;34;146;22;18;108;69;159;181;42;5;41;193;139;68;46;115;118;59,417873634203553538,0.001000
greedy_intra:edges_start:greedy,73,71841,23728,48113,53221,6,114;15;148;9;62;102;49;178;106;52;55;57;92;129;2;152;97;1;101;100;26;124;94;63;79;80;176;133;151;51;118;59;115;46;0;137;23;186;89;183;143;117;93;140;68;139;193;41;5;42;181;159;69;108;18;22;146;34;160;48;54;177;10;184;43;116;65;131;149;162;123;127;70;135;154;180;53;86;75;120;44;25;16;171;175;113;56;31;78;145;179;196;81;90;40;185;165;138;14;144,2512659505720090935,0.002000
greedy_intra:edges_start:greedy,74,72199,23558,48641,40014,4,189;97;26;100;121;94;124;148;102;49;178;106;52;55;57;92;129;2;120;44;25;16;171;175;113;56;31;78;145;179;196;81;90;40;185;165;138;14;144;62;9;15;114;186;89;183;23;137;176;80;151;162;127;123;149;65;116;43;184;177;54;48;160;34;146;22;18;108;69;159;181;42;5;41;193;139;68;140;93;117;143;0;46;115;59;118;51;133;79;63;180;135;70;154;53;86;75;101;1;152,8517052919895340193,0.001998
greedy_intra:edges_start:greedy,75,71917,23443,48474,70161,8,75;120;44;25;16;171;175;113;56;31;78;145;179;196;81;90;40;165;185;106;178;3;14;144;62;9;148;102;49;52;55;92;57;129;82;2;152;97;1;101;26;100;121;94;63;79;80;176;133;151;51;118;59;115;46;0;137;23;186;89;183;143;117;93;140;68;139;193;41;5;42;181;159;69;108;18;22;146;34;160;48;54;177;10;190;184;43;116;65;131;149;162;123;127;70;135;154;180;53;86,1296522175910566006,0.004577
greedy_intra:edges_start:greedy,76,71978,23113,48865,56189,7,109;51;0;117;143;183;89;23;137;186;114;15;9;62;144;14;138;185;40;165;90;81;196;179;145;78;31;56;113;175;171;16;25;44;120;2;129;92;57;55;52;106;178;49;102;148;124;94;152;97;1;101;75;86;26;100;121;53;158;154;70;135;180;63;79;80;176;133;151;162;127;123;149;65;116;43;184;10;177;54;48;160;34;146;22;18;108;69;159;181;42;5;41;193;139;68;46;115;59;118,5229853565017163851,0.002539
greedy_intra:edges_start:greedy,77,71705,23287,48418,71695,9,149;59;118;115;46;0;51;151;133;162;123;127;70;135;154;180;53;121;100;26;86;75;82;120;44;25;16;171;175;113;56;31;78;145;179;196;81;90;165;40;185;106;178;3;14;144;62;9;148;102;49;52;55;57;92;129;2;101;1;97;152;124;94;63;79;80;176;137;23;186;89;183;143;117;93;140;68;139;193;41;5;42;181;159;69;108;18;22;146;34;160;48;54;177;10;190;184;43;116;65,6932100022079313011,0.003001
greedy_intra:edges_start:greedy,78,71450,23310,48140,62410,6,78;31;56;113;175;171;16;25;44;120;75;86;100;53;180;154;135;70;127;123;162;149;131;65;116;43;184;84;190;10;177;54;48;160;34;146;22;18;108;69;159;181;42;5;41;193;139;68;140;93;117;143;183;89;186;23;137;0;46;115;59;118;51;151;133;176;80;79;63;94;124;26;101;1;97;152;2;129;92;57;55;52;49;102;148;9;62;144;14;3;178;106;185;40;165;90;81;196;179;145,1872548832852478290,0.002000
greedy_intra:edges_start:greedy,79,72042,23156,48886,39733,3,79;80;176;133;151;51;118;59;115;46;0;137;23;186;89;183;143;117;93;140;68;139;193;41;5;42;181;159;69;108;18;22;146;34;160;48;54;177;184;43;116;65;131;149;162;123;127;70;135;154;180;158;53;121;100;26;86;75;44;25;16;171;175;113;56;31;78;145;179;196;81;90;40;165;185;106;178;3;14;144;62;9;148;102;49;52;55;57;92;129;82;120;2;101;1;97;152;124;94;63,7921045421365702060,0.002000
greedy_intra:edges_start:greedy,80,71461,22899,48562,63950,5,80;79;63;94;124;152;97;1;101;2;82;129;92;57;55;52;49;102;148;9;62;144;14;3;178;106;185;40;165;90;81;196;179;145;78;31;56;113;175;171;16;25;44;120;75;86;26;100;121;53;180;154;135;70;127;123;162;133;151;149;131;65;116;43;184;84;190;10;177;54;48;160;34;146;22;18;108;69;159;181;42;5;41;193;139;68;46;115;59;118;51;0;117;143;183;89;186;23;137;176,1916669629378774607,0.005001
greedy_intra:edges_start:greedy,81,71402,23340,48062,36402,3,81;196;40;185;179;145;78;31;56;113;175;171;16;25;44;120;75;86;26;97;1;101;100;53;180;154;135;70;127;123;162;149;131;65;116;43;184;84;190;10;177;54;48;160;34;146;22;18;108;69;159;181;42;5;41;193;139;68;140;93;117;143;183;89;186;23;137;0;46;115;59;118;51;151;133;176;80;79;63;94;124;152;2;129;92;57;55;52;106;178;49;102;148;9;62;144;14;138;165;90,22879051459822102,0.002000
greedy_intra:edges_start:greedy,82,71846,23504,48342,28176,4,82;2;75;86;26;97;1;101;100;53;180;154;135;70;127;123;162;149;131;65;116;43;184;190;10;177;54;48;160;34;146;22;18;108;69;159;181;42;5;41;193;139;68;140;93;117;143;183;89;186;23;137;0;46;115;59;118;51;151;133;176;80;79;63;94;124;152;129;57;92;55;52;49;102;148;9;62;144;14;3;178;106;185;40;165;90;81;196;179;145;78;31;56;113;175;171;16;25;44;120,2124212399526034677,0.002002
greedy_intra:edges_start:greedy,83,70946,22650,48296,67503,10,114;89;183;143;117;0;46;68;139;115;193;41;5;42;181;159;69;108;18;22;146;34;160;48;54;177;10;4;112;84;184;43;116;65;59;118;51;151;133;162;123;127;70;135;154;180;53;121;100;26;86;75;120;44;25;16;171;175;113;56;31;78;145;179;196;81;90;165;40;185;106;178;3;14;144;62;9;148;102;49;52;55;57;92;129;82;2;101;1;97;152;124;94;63;79;80;176;137;23;186,5647388478378402891,0.004001
greedy_intra:edges_start:greedy,84,70938,22688,48250,111730,10,84;4;112;127;123;162;151;133;135;70;154;180;53;121;100;26;86;75;120;82;44;25;16;171;175;113;56;31;78;145;179;196;81;90;165;40;185;106;178;3;14;144;62;9;148;102;49;52;55;57;92;129;2;101;1;97;152;124;94;63;79;80;176;137;23;186;89;183;143;117;0;46;68;139;115;118;51;59;65;116;43;42;5;41;193;159;69;108;18;22;146;181;34;160;48;54;177;10;184;35,988032478456456884,0.004997
greedy_intra:edges_start:greedy,85,71995,23680,48315,67892,8,157;145;179;196;81;90;165;40;185;106;178;3;14;144;62;9;148;102;49;52;55;57;92;129;2;152;97;1;101;26;124;94;63;79;80;176;133;151;51;118;59;115;46;0;137;23;186;89;183;143;117;93;140;68;139;193;41;5;42;181;159;69;108;18;22;146;34;160;48;54;177;10;190;184;43;116;65;131;149;162;123;127;70;135;154;180;53;100;86;75;120;44;25;78;31;16;171;175;113;56,8511587774446036321,0.003971
greedy_intra:edges_start:greedy,86,71605,23035,48570,34416,2,86;75;101;1;97;152;94;124;148;102;49;178;106;52;55;57;92;129;2;120;44;25;16;171;175;113;56;31;78;145;179;196;81;90;165;40;185;138;14;144;62;9;15;114;186;89;183;23;137;176;51;118;59;115;46;0;143;117;93;140;68;139;193;41;5;42;181;159;69;108;18;22;146;34;160;48;54;177;184;43;116;65;149;123;127;162;151;80;133;79;63;180;135;70;154;158;53;121;100;26,5998827126674883037,0.001000
greedy_intra:edges_start:greedy,87,71637,23132,48505,146890,19,121;100;26;86;75;120;44;25;16;171;175;113;56;31;78;145;179;196;81;90;165;40;185;106;178;3;14;144;62;9;148;102;49;52;55;57;92;129;82;2;101;1;97;152;124;94;63;79;80;176;133;151;51;118;59;115;46;0;137;23;186;89;183;143;117;93;140;68;139;193;41;5;42;181;159;69;108;18;22;146;34;160;48;54;177;10;184;43;116;65;131;149;162;123;127;70;135;154;180;53,2421922556759962010,0.009308
greedy_intra:edges_start:greedy,88,71962,23620,48342,81290,8,82;25;44;16;171;175;113;56;31;78;145;92;179;196;81;90;165;40;185;106;178;3;14;144;62;9;148;102;49;52;55;57;129;2;152;97;1;101;26;124;94;63;79;80;176;133;151;51;118;59;115;46;0;137;23;186;89;183;143;117;93;140;68;139;193;41;5;42;181;159;69;108;18;22;146;34;160;48;54;177;10;190;184;43;116;65;131;149;162;123;127;70;135;154;180;53;100;86;75;120,1696532765308473829,0.004027
greedy_intra:edges_start:greedy,89,71211,22711,48500,17561,1,89;186;23;137;176;80;79;63;94;124;152;97;1;101;2;120;82;129;57;92;55;52;49;102;148;9;62;144;14;3;178;106;185;165;40;90;81;196;179;145;78;31;56;113;175;171;16;25;44;75;86;26;100;121;53;180;154;135;70;127;123;162;133;151;51;118;59;65;116;43;184;84;190;10;177;54;48;160;34;146;22;18;108;69;159;181;42;5;115;41;193;139;46;68;140;93;117;0;143;183,4401619434933194179,0.001030
greedy_intra:edges_start:greedy,90,71557,23495,48062,29018,3,90;40;185;81;196;179;145;78;31;56;113;175;171;16;25;44;120;75;86;26;100;53;180;154;135;70;127;123;162;149;131;65;116;43;184;84;190;10;177;54;48;160;34;146;22;18;108;69;159;181;42;5;41;193;139;68;140;93;117;143;183;89;186;23;137;0;46;115;59;118;51;151;133;176;80;79;63;94;124;101;1;97;152;2;129;92;57;55;52;106;178;49;102;148;9;62;144;14;138;165,4541953202868205115,0.025984
greedy_intra:edges_start:greedy,91,71785,23470,48315,16306,4,157;179;145;78;31;56;113;175;171;16;25;44;120;75;86;26;97;1;101;100;53;180;154;135;70;127;123;162;149;131;65;116;43;184;190;10;177;54;48;160;34;146;22;18;108;69;159;181;42;5;41;193;139;68;140;93;117;143;183;89;186;23;137;0;46;115;59;118;51;151;133;176;80;79;63;94;124;152;2;129;92;57;55;52;49;102;148;9;62;144;14;3;178;106;185;165;40;90;81;196,6771116650914316857,0.005001
greedy_intra:edges_start:greedy,92,71405,23265,48140,63322,6,92;129;2;152;97;1;101;100;26;124;94;63;79;80;176;133;151;51;118;59;115;46;0;137;23;186;89;183;143;117;93;140;68;139;193;41;5;42;181;159;69;108;18;22;146;34;160;48;54;177;10;190;84;184;43;116;65;131;149;162;123;127;70;135;154;180;53;86;75;120;44;25;16;171;175;113;56;31;78;145;179;196;81;90;165;40;185;106;178;3;14;144;62;9;148;102;49;52;55;57,3141337142943956089,0.003000
greedy_intra:edges_start:greedy,93,71441,23191,48250,71986,7,93;140;108;69;18;22;146;159;193;41;5;42;181;34;160;48;54;177;10;112;4;84;184;43;116;65;149;123;127;162;151;133;135;70;154;180;53;121;100;26;86;75;120;44;25;16;171;175;113;56;31;78;145;179;196;81;90;165;40;185;106;178;3;14;144;62;9;148;102;49;52;55;57;92;129;82;2;101;1;97;152;124;94;63;79;80;176;137;51;118;59;115;139;68;46;0;89;183;143;117,3188915962937537167,0.002999
greedy_intra:edges_start:greedy,94,71545,22975,48570,35323,2,94;152;97;1;101;75;86;26;100;121;53;158;154;70;135;180;63;79;133;162;127;123;149;65;116;43;184;177;54;48;160;34;146;22;18;108;69;159;181;42;5;41;193;139;68;140;93;117;143;0;46;115;59;118;51;151;80;176;137;23;183;89;186;114;15;9;62;144;14;138;185;40;165;90;81;196;179;145;78;31;56;113;175;171;16;25;44;120;2;129;92;57;55;52;106;178;49;102;148;124,2998704968172887488,0.002001
greedy_intra:edges_start:greedy,95,72088,23560,48528,26924,2,95;7;164;58;27;90;40;185;81;196;179;145;78;31;56;113;175;171;16;25;44;120;75;86;53;180;154;135;70;127;123;162;149;65;116;43;184;177;54;48;160;34;146;22;18;108;69;159;181;42;5;41;193;139;68;140;93;117;143;183;89;23;137;0;46;115;59;118;51;151;133;176;80;79;63;94;26;100;101;1;97;152;2;129;92;57;55;52;106;178;49;102;148;9;62;144;14;138;165;39,2218706801816608117,0.001000
greedy_intra:edges_start:greedy,96,71422,23299,48123,69778,8,5;43;116;65;149;123;127;162;151;133;135;70;154;180;53;121;100;26;86;75;120;82;44;25;16;171;175;113;56;31;78;145;179;196;81;90;40;165;185;106;178;3;14;144;62;9;148;102;49;52;55;57;92;129;2;101;1;97;152;124;94;63;79;80;176;137;23;186;89;183;143;117;0;51;118;59;115;46;68;139;41;193;159;69;108;18;22;146;181;34;160;48;54;177;10;4;112;84;184;42,1376894349645303281,0.002018
greedy_intra:edges_start:greedy,97,71493,23304,48189,41786,5,97;152;1;101;75;86;53;154;70;135;180;63;79;80;133;151;162;127;123;149;65;116;43;184;10;177;54;48;160;34;146;22;18;108;69;159;181;42;5;41;193;139;68;140;93;117;143;0;46;115;59;118;51;176;137;23;183;89;186;114;15;9;62;144;14;138;185;40;165;90;81;196;179;145;78;31;56;113;175;171;16;25;44;120;2;129;92;57;55;52;106;178;49;102;148;124;94;121;100;26,1999630162623583485,0.002421
greedy_intra:edges_start:greedy,98,72569,23964,48605,78075,7,119;40;81;196;157;31;56;113;175;171;16;25;44;120;75;86;53;180;154;135;70;127;123;162;149;65;116;43;184;177;54;48;160;34;146;22;18;108;69;159;181;42;5;41;193;139;68;140;93;117;143;183;89;23;137;0;46;115;59;118;51;151;133;176;80;79;63;94;100;26;101;1;97;152;2;82;78;145;179;92;129;57;55;52;49;102;148;9;62;144;14;3;178;106;185;165;39;164;27;90,4502714369674704902,0.003999
greedy_intra:edges_start:greedy,99,71684,23114,48570,27631,4,121;97;26;100;86;75;101;1;152;94;124;148;102;49;178;106;52;55;57;92;129;2;120;44;25;16;171;175;113;56;31;78;145;179;196;81;90;185;40;165;138;14;144;62;9;15;114;186;89;183;23;137;176;80;51;118;59;115;46;0;143;117;93;140;68;139;193;41;5;42;181;159;69;108;18;22;146;34;160;48;54;177;184;43;116;65;149;123;127;162;151;133;79;63;180;135;70;154;158;53,2725100700588667818,0.000997
greedy_intra:edges_start:greedy,100,71413,22843,48570,35309,2,100;26;86;75;101;1;97;152;94;124;148;102;49;178;106;52;55;57;92;129;2;120;44;25;16;171;175;113;56;31;78;145;179;196;81;90;165;40;185;138;14;144;62;9;15;114;186;89;183;23;137;176;80;51;118;59;115;46;0;143;117;93;140;68;139;193;41;5;42;181;159;69;108;18;22;146;34;160;48;54;177;184;43;116;65;149;123;127;162;151;133;79;63;180;135;70;154;158;53;121,9177270249422866817,0.000997
greedy_intra:edges_start:greedy,101,71721,23532,48189,26082,3,101;1;152;97;26;100;121;94;124;148;102;49;178;106;52;55;57;92;129;2;120;44;25;16;171;175;113;56;31;78;145;179;196;81;90;40;185;165;138;14;144;62;9;15;114;186;89;183;23;137;176;80;151;162;127;123;149;65;116;43;184;10;177;54;48;160;34;146;22;18;108;69;159;181;42;5;41;193;139;68;140;93;117;143;0;46;115;59;118;51;133;79;63;180;135;70;154;53;86;75,7188930140510671411,0.001001
greedy_intra:edges_start:greedy,102,71324,23262,48062,44043,3,102;148;9;62;144;14;138;165;185;40;90;81;196;179;145;78;31;56;113;175;171;16;25;44;120;75;86;53;180;154;135;70;127;123;162;149;131;65;116;43;184;84;190;10;177;54;48;160;34;146;22;18;108;69;159;181;42;5;41;193;139;68;140;93;117;143;183;89;186;23;137;0;46;115;59;118;51;151;133;176;80;79;63;94;124;26;100;101;1;97;152;2;129;92;57;55;52;106;178;49,2903851151881388680,0.001999
greedy_intra:edges_start:greedy,103,70906,22933,47973,60688,6,181;34;160;48;54;177;10;190;4;112;84;184;42;43;116;65;149;123;127;162;151;133;135;70;154;180;53;121;100;26;86;75;120;44;25;16;171;175;113;56;31;78;145;179;196;81;90;165;40;185;106;178;3;14;144;62;9;148;102;49;52;55;57;92;129;82;2;101;1;97;152;124;94;63;79;80;176;137;23;186;89;183;143;117;0;51;118;59;115;46;68;139;41;193;159;69;108;18;22;146,6871533321660226103,0.002972
greedy_intra:edges_start:greedy,104,71775,23117,48658,104572,13,30;54;48;34;160;42;181;195;146;22;18;108;69;159;193;41;139;68;140;93;117;143;183;89;186;23;137;176;80;79;63;94;124;152;97;1;101;2;129;92;57;55;52;49;102;148;9;62;144;14;3;178;106;185;165;40;90;81;196;179;145;78;31;56;113;175;171;16;25;44;120;82;75;86;26;100;121;53;180;154;135;70;127;123;162;133;151;51;0;46;115;118;59;65;116;43;184;190;10;177,6614314377806196058,0.005000
greedy_intra:edges_start:greedy,105,71514,22952,48562,93730,10,131;149;123;127;162;151;133;135;70;154;180;53;121;100;26;86;75;120;44;25;16;171;175;113;56;31;78;145;179;196;81;90;165;40;185;106;178;3;14;144;62;9;148;102;49;52;55;57;92;129;82;2;101;1;97;152;124;94;63;79;80;176;137;23;186;89;183;143;117;0;51;118;59;115;46;68;139;193;41;5;42;181;159;69;108;18;22;146;34;160;48;54;177;10;190;84;184;43;116;65,4202437884713592532,0.004883
greedy_intra:edges_start:greedy,106,71122,23060,48062,73144,7,106;178;49;102;148;9;62;144;14;138;185;40;165;90;81;196;179;145;78;31;56;113;175;171;16;25;44;120;75;86;26;100;53;180;154;135;70;127;123;162;149;131;65;116;43;184;84;190;10;177;54;48;160;34;146;22;18;108;69;159;181;42;5;41;193;139;68;140;93;117;143;183;89;186;23;137;0;46;115;59;118;51;151;133;176;80;79;63;94;124;152;97;1;101;2;129;92;57;55;52,293912871632396544,0.003000
greedy_intra:edges_start:greedy,107,72133,23605,48528,39776,5,27;58;164;7;95;39;165;138;14;144;62;9;148;102;49;178;106;52;55;57;92;129;2;152;97;1;101;26;94;63;79;80;176;133;151;51;118;59;115;46;0;137;23;89;183;143;117;93;140;68;139;193;41;5;42;181;159;69;108;18;22;146;34;160;48;54;177;184;43;116;65;149;162;123;127;70;135;154;180;53;100;86;75;120;44;25;16;171;175;113;56;31;78;145;179;196;81;185;40;90,661472289740266265,0.002969
greedy_intra:edges_start:greedy,108,71894,23043,48851,53718,5,108;69;139;68;46;115;59;118;51;0;117;143;183;89;186;23;137;176;80;79;63;94;124;152;97;1;101;2;129;92;57;55;52;49;102;148;9;62;144;14;3;178;106;185;165;40;90;81;196;179;145;78;31;56;113;175;171;16;25;44;120;82;75;86;26;100;121;53;180;154;70;135;133;151;162;127;123;149;65;116;43;184;84;190;10;177;54;48;160;34;181;42;5;41;193;159;146;22;199;18,1632868904486970906,0.002989
greedy_intra:edges_start:greedy,109,71494,22894,48600,102206,10,109;118;59;46;115;116;65;43;184;112;4;190;10;177;54;48;160;34;146;22;18;108;69;159;181;42;5;41;193;139;68;117;0;143;183;89;186;23;137;176;80;79;63;94;124;152;97;1;101;2;120;44;25;16;171;175;113;56;31;78;145;179;196;81;90;40;165;185;106;178;3;14;144;62;9;148;102;49;52;55;57;92;129;82;75;86;26;100;121;53;180;154;135;70;127;123;162;133;151;51,7943695729311866011,0.005004
greedy_intra:edges_start:greedy,110,71907,23108,48799,76766,7,198;115;59;118;51;0;117;143;183;89;186;23;137;176;80;79;63;94;124;152;97;1;101;2;82;129;92;57;55;52;49;102;148;9;62;144;14;3;178;106;185;165;40;90;81;196;179;145;78;31;56;113;175;171;16;25;44;120;75;86;26;100;121;53;180;154;70;135;133;151;162;127;123;149;65;116;43;184;84;190;10;177;54;48;160;34;146;22;18;108;69;159;181;42;5;41;193;139;68;46,5109715343532722750,0.003999
greedy_intra:edges_start:greedy,111,72420,23824,48596,32902,2,167;148;9;62;102;144;14;49;178;106;165;39;95;164;27;90;81;196;40;185;52;55;57;129;92;179;145;78;31;56;113;175;171;16;25;44;120;2;152;97;1;101;75;86;26;100;121;53;158;154;70;135;180;63;79;133;162;127;123;149;65;116;43;184;177;54;48;160;34;146;22;18;108;69;159;181;42;5;41;193;139;68;140;93;117;143;183;89;0;46;115;59;118;51;151;80;176;137;94;124,7338722965121580368,0.001000
greedy_intra:edges_start:greedy,112,71327,23077,48250,113391,10,112;4;84;35;184;10;177;54;48;160;34;181;146;22;18;108;69;159;193;41;5;42;43;65;116;115;139;68;46;118;59;51;0;117;143;183;89;186;23;137;176;80;79;63;94;124;152;97;1;101;2;129;92;57;55;52;49;102;148;9;62;144;14;3;178;106;185;40;165;90;81;196;179;145;78;31;56;113;175;171;16;25;44;82;120;75;86;26;100;121;53;180;154;70;135;133;151;162;123;127,5457572070359594981,0.006001
greedy_intra:edges_start:greedy,113,71763,23623,48140,49753,5,113;56;31;145;78;92;179;196;81;90;165;40;185;106;178;3;14;144;62;9;148;102;49;52;55;57;129;2;152;97;1;101;26;124;94;63;79;80;176;133;151;51;118;59;115;46;0;137;23;186;89;183;143;117;93;140;68;139;193;41;5;42;181;159;69;108;18;22;146;34;160;48;54;177;10;190;84;184;43;116;65;131;149;162;123;127;70;135;154;180;53;100;86;75;120;44;25;16;171;175,3682216684947301233,0.003000
greedy_intra:edges_start:greedy,114,71400,22830,48570,34689,2,114;186;89;183;23;137;176;80;51;118;59;115;46;0;143;117;93;140;68;139;193;41;5;42;181;159;69;108;18;22;146;34;160;48;54;177;184;43;116;65;149;123;127;162;151;133;79;63;180;135;70;154;158;53;121;100;26;86;75;101;1;97;152;94;124;148;9;62;102;49;178;106;52;55;57;92;129;2;120;44;25;16;171;175;113;56;31;78;145;179;196;81;90;40;185;165;138;14;144;15,2824585494955017358,0.001988
greedy_intra:edges_start:greedy,115,71451,23328,48123,66945,6,115;59;118;51;0;117;143;183;89;186;23;137;176;80;79;63;94;124;152;97;1;101;2;82;129;92;57;55;52;49;102;148;9;62;144;14;3;178;106;185;40;165;90;81;196;179;145;78;31;56;113;175;171;16;25;44;120;75;86;26;100;121;53;180;154;70;135;133;151;162;127;123;149;65;116;43;184;84;4;112;10;177;54;48;160;34;146;22;18;108;69;159;181;42;5;41;193;139;68;46,64352649118940746,0.001998
greedy_intra:edges_start:greedy,116,71567,23444,48123,40274,4,116;43;184;84;4;112;10;177;54;48;160;34;146;22;18;108;69;159;181;42;5;41;193;139;68;46;115;59;118;51;0;117;143;183;89;186;23;137;176;80;79;63;94;124;152;97;1;101;2;120;82;129;92;57;55;52;49;102;148;9;62;144;14;3;178;106;185;40;165;90;81;196;179;145;78;31;56;113;175;171;16;25;44;75;86;26;100;121;53;180;154;70;135;133;151;162;127;123;149;65,1174070437745468880,0.001016
greedy_intra:edges_start:greedy,117,70629,22424,48205,63087,5,117;0;46;68;139;193;41;115;5;42;181;159;69;108;18;22;146;34;160;48;54;177;10;190;4;112;84;184;43;116;65;59;118;51;151;133;162;123;127;70;135;154;180;53;121;100;26;86;75;120;44;25;16;171;175;113;56;31;78;145;179;196;81;90;165;40;185;106;178;3;14;144;62;9;148;102;49;52;55;57;92;129;82;2;101;1;97;152;124;94;63;79;80;176;137;23;186;89;183;143,1091362627725588393,0.002923
greedy_intra:edges_start:greedy,118,71516,23393,48123,59750,6,118;51;0;117;143;183;89;186;23;137;176;80;79;63;94;124;152;97;1;101;2;82;129;92;57;55;52;49;102;148;9;62;144;14;3;178;106;185;165;40;90;81;196;179;145;78;31;56;113;175;171;16;25;44;120;75;86;26;100;121;53;180;154;70;135;133;151;162;127;123;149;65;116;43;184;112;4;190;10;177;54;48;160;34;146;22;18;108;69;159;181;42;5;41;193;139;68;46;115;59,5507042869441804945,0.001972
greedy_intra:edges_start:greedy,119,71244,23049,48195,24883,2,119;40;185;90;81;196;179;145;78;31;56;113;175;171;16;25;44;120;75;86;26;97;1;101;100;53;180;154;135;70;127;123;162;149;131;65;116;43;184;190;10;177;54;48;160;34;146;22;18;108;69;159;181;42;5;41;193;139;68;140;93;117;143;183;89;186;23;137;0;46;115;59;118;51;151;133;176;80;79;63;94;124;152;2;129;92;57;55;52;106;178;49;102;148;9;62;144;14;138;165,6367496928266445676,0.000553
greedy_intra:edges_start:greedy,120,71450,23310,48140,48437,5,120;75;86;100;53;180;154;135;70;127;123;162;149;131;65;116;43;184;84;190;10;177;54;48;160;34;146;22;18;108;69;159;181;42;5;41;193;139;68;140;93;117;143;183;89;186;23;137;0;46;115;59;118;51;151;133;176;80;79;63;94;124;26;101;1;97;152;2;129;92;57;55;52;49;102;148;9;62;144;14;3;178;106;185;40;165;90;81;196;179;145;78;31;56;113;175;171;16;25;44,240593708976006212,0.002001
greedy_intra:edges_start:greedy,121,71722,23152,48570,33596,2,121;100;26;97;86;75;101;1;152;94;124;148;102;49;178;106;52;55;57;92;129;2;120;44;25;16;171;175;113;56;31;78;145;179;196;81;90;165;40;185;138;14;144;62;9;15;114;186;89;183;23;137;176;51;118;59;115;46;0;143;117;93;140;68;139;193;41;5;42;181;159;69;108;18;22;146;34;160;48;54;177;184;43;116;65;149;123;127;162;151;80;133;79;63;180;135;70;154;158;53,2422153817182131333,0.001092
greedy_intra:edges_start:greedy,122,72136,22926,49210,56727,5,122;176;80;79;133;151;51;118;59;115;46;0;137;23;89;183;143;117;93;140;68;139;193;41;5;42;181;159;69;108;18;22;146;34;160;48;54;177;184;43;116;65;131;149;162;123;127;70;135;154;180;158;53;121;100;26;86;75;82;129;92;57;55;52;49;102;148;9;62;144;14;3;178;106;185;40;165;90;81;196;179;145;78;31;56;113;175;171;16;25;44;120;2;101;1;97;152;124;94;63,6454688137340363432,0.002930
greedy_intra:edges_start:greedy,123,71724,23162,48562,24083,2,123;162;133;151;149;131;65;116;43;184;84;190;10;177;54;48;160;34;146;22;18;108;69;159;181;42;5;41;193;139;68;46;115;59;118;51;0;117;143;183;89;186;23;137;176;80;79;63;94;124;152;97;1;101;2;120;82;129;92;57;55;52;49;102;148;9;62;144;14;3;178;106;185;165;40;90;81;196;179;145;78;31;56;113;175;171;16;25;44;75;86;26;100;121;53;180;154;135;70;127,8935347728415826972,0.002002
greedy_intra:edges_start:greedy,124,71579,23009,48570,34142,2,124;152;97;1;101;75;86;26;100;121;53;158;154;70;135;180;63;79;133;151;162;127;123;149;65;116;43;184;177;54;48;160;34;146;22;18;108;69;159;181;42;5;41;193;139;68;140;93;117;143;0;46;115;59;118;51;80;176;137;23;183;89;186;114;15;9;62;144;14;138;165;185;40;90;81;196;179;145;78;31;56;113;175;171;16;25;44;120;2;129;92;57;55;52;106;178;49;102;148;94,8730779180043464173,0.001976
greedy_intra:edges_start:greedy,125,72846,23365,49481,41166,5,74;2;120;82;129;57;92;179;145;78;31;56;113;175;171;16;25;44;75;86;53;154;70;135;180;63;79;80;133;151;162;123;149;65;116;43;184;177;54;48;160;34;146;22;18;108;69;159;181;42;5;41;193;139;68;140;93;117;143;0;46;115;59;118;51;176;137;23;183;89;186;114;15;9;62;144;14;138;165;90;81;196;40;185;55;52;106;178;49;102;148;124;94;121;100;26;97;101;1;152,67095592670947315,0.003004
greedy_intra:edges_start:greedy,126,71721,23114,48607,86804,10,149;112;4;84;35;184;177;54;48;160;34;181;146;22;18;108;69;159;193;41;5;42;43;116;65;59;51;118;46;68;139;115;0;117;143;183;89;186;23;137;176;80;79;63;94;124;152;97;1;101;2;129;92;57;55;52;49;102;148;9;62;144;14;3;178;106;185;165;40;90;81;196;179;145;78;31;56;113;175;171;16;25;44;82;120;75;86;26;100;121;53;180;154;70;135;133;151;162;123;131,7757674469028059677,0.005977
greedy_intra:edges_start:greedy,127,71637,23132,48505,60976,6,127;70;135;154;180;53;121;100;26;86;75;120;44;25;16;171;175;113;56;31;78;145;179;196;81;90;165;40;185;106;178;3;14;144;62;9;148;102;49;52;55;57;92;129;82;2;101;1;97;152;124;94;63;79;80;176;133;151;51;118;59;115;46;0;137;23;186;89;183;143;117;93;140;68;139;193;41;5;42;181;159;69;108;18;22;146;34;160;48;54;177;10;184;43;116;65;131;149;162;123,541221711994329795,0.002978
greedy_intra:edges_start:greedy,128,71359,23190,48169,89021,10,3;167;148;9;62;102;49;144;14;165;40;185;90;81;196;179;145;78;31;56;113;175;171;16;25;44;120;75;86;101;1;97;26;100;53;180;154;135;70;127;123;162;149;131;65;116;43;184;190;10;177;54;48;160;34;146;22;18;108;69;159;181;42;5;41;193;139;68;140;93;117;143;183;89;186;23;137;0;46;115;59;118;51;151;133;176;80;79;63;94;124;152;2;129;92;57;55;52;106;178,422433287440398455,0.004999
greedy_intra:edges_start:greedy,129,71450,23310,48140,64287,6,129;92;57;55;52;49;102;148;9;62;144;14;3;178;106;185;40;165;90;81;196;179;145;78;31;56;113;175;171;16;25;44;120;75;86;100;53;180;154;135;70;127;123;162;149;131;65;116;43;184;84;190;10;177;54;48;160;34;146;22;18;108;69;159;181;42;5;41;193;139;68;140;93;117;143;183;89;186;23;137;0;46;115;59;118;51;151;133;176;80;79;63;94;124;26;101;1;97;152;2,174548973769807692,0.002000
greedy_intra:edges_start:greedy,130,71600,23030,48570,48826,4,124;148;102;49;178;106;52;55;57;92;129;2;120;44;25;16;171;175;113;56;31;78;145;179;196;81;90;40;185;165;138;14;144;62;9;15;114;186;89;183;23;137;176;80;151;51;118;59;115;46;0;143;117;93;140;68;139;193;41;5;42;181;159;69;108;18;22;146;34;160;48;54;177;184;43;116;65;149;123;127;162;133;79;63;180;135;70;154;158;53;121;100;26;86;75;101;1;97;152;94,6136443051388430769,0.002969
greedy_intra:edges_start:greedy,131,71772,23210,48562,33087,3,131;149;123;127;162;151;133;135;70;154;180;53;121;100;26;86;75;82;129;92;57;55;52;49;102;148;9;62;144;14;3;178;106;185;165;40;90;81;196;179;145;78;31;56;113;175;171;16;25;44;120;2;101;1;97;152;124;94;63;79;80;176;137;23;186;89;183;143;117;0;51;118;59;115;46;68;139;193;41;5;42;181;159;69;108;18;22;146;34;160;48;54;177;10;190;84;184;43;116;65,8397369793830334418,0.002010
greedy_intra:edges_start:greedy,132,71734,23829,47905,49438,6,21;14;138;185;40;165;90;81;196;179;145;78;31;56;113;175;171;16;25;44;120;75;86;53;180;154;135;70;127;123;162;149;131;65;116;43;184;190;10;177;54;48;160;34;146;22;18;108;69;159;181;42;5;41;193;139;68;140;93;117;143;183;89;186;23;137;0;46;115;59;118;51;151;133;176;80;79;63;94;124;26;100;101;1;97;152;2;129;92;57;55;52;106;178;49;102;148;9;62;144,2349080965488262377,0.003579
greedy_intra:edges_start:greedy,133,71741,23236,48505,66008,6,133;151;51;118;59;115;46;0;137;23;186;89;183;143;117;93;140;68;139;193;41;5;42;181;159;69;108;18;22;146;34;160;48;54;177;10;184;43;116;65;131;149;162;123;127;70;135;154;180;53;121;100;26;86;75;82;120;44;25;16;171;175;113;56;31;78;145;179;196;81;90;165;40;185;106;178;3;14;144;62;9;148;102;49;52;55;57;92;129;2;101;1;97;152;124;94;63;79;80;176,3603457427466324953,0.003030
greedy_intra:edges_start:greedy,134,71903,22838,49065,81106,10,199;18;108;69;139;68;46;115;59;118;51;0;117;143;183;89;186;23;137;176;80;79;63;94;124;152;97;1;101;2;82;129;57;92;55;52;49;102;148;9;62;144;14;3;178;106;185;40;165;90;81;196;179;145;78;31;56;113;175;171;16;25;44;120;75;86;26;100;121;53;180;154;70;135;133;151;162;127;123;149;65;116;43;184;190;10;177;54;48;160;34;181;42;5;41;193;159;195;146;22,5683415020270427049,0.004021
greedy_intra:edges_start:greedy,135,71460,22890,48570,46643,3,135;70;154;158;53;121;100;26;86;75;101;1;97;152;94;124;148;102;49;178;106;52;55;57;92;129;2;120;44;25;16;171;175;113;56;31;78;145;179;196;81;90;165;40;185;138;14;144;62;9;15;114;186;89;183;23;137;176;51;118;59;115;46;0;143;117;93;140;68;139;193;41;5;42;181;159;69;108;18;22;146;34;160;48;54;177;184;43;116;65;149;123;127;162;151;133;80;79;63;180,6999043225935786750,0.001091
greedy_intra:edges_start:greedy,136,71914,23215,48699,88880,8,158;154;70;135;180;133;151;162;127;123;149;65;116;43;184;84;190;10;177;54;48;160;34;146;22;18;108;69;159;181;42;5;41;193;139;68;46;115;59;118;51;0;117;143;183;89;186;23;137;176;80;79;63;94;124;152;97;1;101;2;129;92;57;55;52;49;102;148;9;62;144;14;3;178;106;185;40;165;90;81;196;179;145;78;31;56;113;175;171;16;25;44;82;120;75;86;26;100;121;53,7462540425469648167,0.003001
greedy_intra:edges_start:greedy,137,71605,23035,48570,34612,2,137;23;183;89;186;114;15;9;62;144;14;138;185;40;165;90;81;196;179;145;78;31;56;113;175;171;16;25;44;120;2;129;92;57;55;52;106;178;49;102;148;124;94;152;97;1;101;75;86;26;100;121;53;158;154;70;135;180;63;79;133;80;151;162;127;123;149;65;116;43;184;177;54;48;160;34;146;22;18;108;69;159;181;42;5;41;193;139;68;140;93;117;143;0;46;115;59;118;51;176,4113380573015825596,0.000971
greedy_intra:edges_start:greedy,138,71301,23107,48194,55148,6,138;14;144;62;9;148;102;49;178;106;52;55;57;92;129;2;152;97;1;101;26;100;121;94;63;79;80;176;133;151;51;118;59;115;46;0;137;23;186;89;183;143;117;93;140;68;139;193;41;5;42;181;159;69;108;18;22;146;34;160;48;54;177;10;190;84;184;43;116;65;131;149;162;123;127;70;135;154;180;53;86;75;120;44;25;16;171;175;113;56;31;78;145;179;196;81;90;40;185;165,815429400116346334,0.003001
greedy_intra:edges_start:greedy,139,71666,23543,48123,70814,7,139;68;46;115;59;118;51;0;117;143;183;89;186;23;137;176;80;79;63;94;124;152;97;1;101;2;129;57;92;55;52;49;102;148;9;62;144;14;3;178;106;185;40;165;90;81;196;179;145;78;31;56;113;175;171;16;25;44;82;120;75;86;26;100;121;53;180;154;70;135;133;151;162;127;123;149;65;116;43;184;84;112;4;10;177;54;48;160;34;146;22;18;108;69;159;181;42;5;41;193,9133788595147518800,0.004031
greedy_intra:edges_start:greedy,140,71363,23113,48250,82114,8,140;108;69;18;22;146;159;193;41;5;42;181;34;160;48;54;177;10;4;112;84;184;43;116;65;149;123;127;162;151;133;135;70;154;180;53;121;100;26;86;75;120;44;25;16;171;175;113;56;31;78;145;179;196;81;90;165;40;185;106;178;3;14;144;62;9;148;102;49;52;55;57;92;129;82;2;101;1;97;152;124;94;63;79;80;176;137;51;118;59;115;139;68;46;0;89;183;143;117;93,8439680845539672272,0.003007
greedy_intra:edges_start:greedy,141,71320,22729,48591,67716,7,114;23;186;137;176;80;79;63;94;124;152;97;1;101;2;82;129;57;92;55;52;49;102;148;9;62;144;14;3;178;106;185;165;40;90;81;196;179;145;78;31;56;113;175;171;16;25;44;120;75;86;26;100;121;53;180;154;135;70;127;123;162;133;151;51;118;59;65;116;43;184;190;10;177;54;48;160;34;146;22;18;108;69;159;181;42;5;41;193;139;115;46;68;140;93;117;0;143;183;89,8721830838617534204,0.002986
greedy_intra:edges_start:greedy,142,72088,23289,48799,58326,7,198;139;68;46;115;59;118;51;0;117;143;183;89;186;23;137;176;80;79;63;94;124;152;97;1;101;2;120;82;129;92;57;55;52;49;102;148;9;62;144;14;3;178;106;185;40;165;90;81;196;179;145;78;31;56;113;175;171;16;25;44;75;86;26;100;121;53;180;154;70;135;133;151;162;127;123;149;65;116;43;184;84;190;10;177;54;48;160;34;146;22;18;108;69;159;181;42;5;41;193,3110288310833751448,0.003566
greedy_intra:edges_start:greedy,143,70577,22372,48205,69933,6,143;117;0;46;68;139;115;41;193;5;42;181;159;69;108;18;22;146;34;160;48;54;177;10;190;4;112;84;184;43;116;65;59;118;51;151;133;162;123;127;70;135;154;180;53;121;100;26;86;75;120;44;25;16;171;175;113;56;31;78;145;179;196;81;90;165;40;185;106;178;3;14;144;62;9;148;102;49;52;55;57;92;129;82;2;101;1;97;152;124;94;63;79;80;176;137;23;186;89;183,1426766253204438777,0.004000
greedy_intra:edges_start:greedy,144,71153,23091,48062,96888,9,144;14;138;185;40;165;90;81;196;179;145;78;31;56;113;175;171;16;25;44;120;75;86;101;97;26;100;53;180;154;135;70;127;123;162;149;131;65;116;43;184;84;190;10;177;54;48;160;34;146;22;18;108;69;159;181;42;5;41;193;139;68;140;93;117;143;183;89;186;23;137;0;46;115;59;118;51;151;133;176;80;79;63;94;124;152;1;2;129;92;57;55;52;106;178;49;102;148;9;62,1234124909574757945,0.005004
greedy_intra:edges_start:greedy,145,71299,23159,48140,53916,6,145;179;196;81;90;40;165;185;106;178;3;14;144;62;9;148;102;49;52;55;57;92;129;2;152;124;94;63;79;80;176;133;151;51;118;59;115;46;0;137;23;186;89;183;143;117;93;140;68;139;193;41;5;42;181;159;69;108;18;22;146;34;160;48;54;177;10;190;84;184;43;116;65;131;149;162;123;127;70;135;154;180;53;100;26;97;1;101;86;75;120;44;25;16;171;175;113;56;31;78,5987146735879229255,0.002971
greedy_intra:edges_start:greedy,146,70906,22933,47973,58893,5,146;181;34;160;48;54;177;10;190;4;112;84;184;42;43;116;65;149;123;127;162;151;133;135;70;154;180;53;121;100;26;86;75;120;44;25;16;171;175;113;56;31;78;145;179;196;81;90;165;40;185;106;178;3;14;144;62;9;148;102;49;52;55;57;92;129;82;2;101;1;97;152;124;94;63;79;80;176;137;23;186;89;183;143;117;0;51;118;59;115;46;68;139;41;193;159;69;108;18;22,4871472884784197564,0.002026
greedy_intra:edges_start:greedy,147,71775,23117,48658,128298,15,30;177;10;190;184;43;116;65;59;118;115;46;0;51;151;133;162;123;127;70;135;154;180;53;121;100;26;86;75;82;120;44;25;16;171;175;113;56;31;78;145;179;196;81;90;40;165;185;106;178;3;14;144;62;9;148;102;49;52;55;57;92;129;2;101;1;97;152;124;94;63;79;80;176;137;23;186;89;183;143;117;93;140;68;139;41;193;159;69;108;18;22;146;195;181;42;160;34;48;54,6763534030850603400,0.006016
greedy_intra:edges_start:greedy,148,71222,23160,48062,75559,7,148;102;49;178;106;52;55;57;92;129;2;152;97;124;94;63;79;80;176;133;151;51;118;59;115;46;0;137;23;186;89;183;143;117;93;140;68;139;193;41;5;42;181;159;69;108;18;22;146;34;160;48;54;177;10;190;84;184;43;116;65;131;149;162;123;127;70;135;154;180;53;100;26;1;101;86;75;120;44;25;16;171;175;113;56;31;78;145;179;196;81;90;165;40;185;138;14;144;62;9,7922409419632572654,0.002972
greedy_intra:edges_start:greedy,149,71461,23338,48123,78656,7,149;123;127;162;151;133;135;70;154;180;53;121;100;26;86;75;120;82;44;25;16;171;175;113;56;31;78;145;179;196;81;90;165;40;185;106;178;3;14;144;62;9;148;102;49;52;55;57;92;129;2;101;1;97;152;124;94;63;79;80;176;137;23;186;89;183;143;117;0;51;118;59;115;46;68;139;193;41;5;42;181;159;69;108;18;22;146;34;160;48;54;177;10;190;4;112;184;43;116;65,3990631703576518365,0.002999
greedy_intra:edges_start:greedy,150,72191,23153,49038,79020,8,121;100;26;97;1;152;2;82;129;92;57;179;145;78;31;56;113;175;171;16;25;44;120;75;101;86;53;154;70;135;180;63;79;133;151;162;123;149;65;116;43;184;177;54;48;160;34;146;22;18;108;69;159;181;42;5;41;193;139;68;140;93;117;143;0;46;115;59;118;51;80;176;137;23;183;89;186;114;15;9;62;144;14;138;165;90;81;196;40;185;55;52;106;178;49;102;148;124;94;189,7228469993994873271,0.004030
greedy_intra:edges_start:greedy,151,71565,23003,48562,62934,5,151;133;162;123;127;70;135;154;180;53;121;100;26;86;75;82;120;44;25;16;171;175;113;56;31;78;145;179;196;81;90;165;40;185;106;178;3;14;144;62;9;148;102;49;52;55;57;92;129;2;101;1;97;152;124;94;63;79;80;176;137;23;186;89;183;143;117;0;51;118;59;115;46;68;139;193;41;5;42;181;159;69;108;18;22;146;34;160;48;54;177;10;190;84;184;43;116;65;131;149,7638067879734960269,0.003994
greedy_intra:edges_start:greedy,152,71578,23389,48189,43146,4,152;1;101;75;86;53;154;70;135;180;63;79;133;162;127;123;149;65;116;43;184;10;177;54;48;160;34;146;22;18;108;69;159;181;42;5;41;193;139;68;140;93;117;143;0;46;115;59;118;51;151;80;176;137;23;183;89;186;114;15;9;62;144;14;138;185;40;165;90;81;196;179;145;78;31;56;113;175;171;16;25;44;120;2;129;92;57;55;52;106;178;49;102;148;124;94;121;100;26;97,8320530153980741605,0.001971
greedy_intra:edges_start:greedy,153,71030,22896,48134,109463,11,93;117;0;143;183;89;186;23;137;176;80;79;63;94;124;152;97;1;101;2;129;92;57;55;52;49;102;148;9;62;144;14;3;178;106;185;165;40;90;81;196;179;145;78;31;56;113;175;171;16;25;44;82;120;75;86;26;100;121;53;180;154;135;70;127;123;162;133;151;51;118;59;65;116;43;184;84;112;4;10;177;54;48;160;34;146;22;18;108;69;159;181;42;5;41;193;115;139;68;46,4844493520027209692,0.006002
greedy_intra:edges_start:greedy,154,71605,23035,48570,23724,2,154;158;53;121;100;26;86;75;101;1;97;152;94;124;148;102;49;178;106;52;55;57;92;129;2;120;44;25;16;171;175;113;56;31;78;145;179;196;81;90;165;40;185;138;14;144;62;9;15;114;186;89;183;23;137;176;51;118;59;115;46;0;143;117;93;140;68;139;193;41;5;42;181;159;69;108;18;22;146;34;160;48;54;177;184;43;116;65;149;123;127;162;151;80;133;79;63;180;135;70,2600286074996813739,0.000995
greedy_intra:edges_start:greedy,155,71896,23991,47905,39626,4,21;14;138;165;40;185;90;81;196;179;145;78;31;56;113;175;171;16;25;44;120;75;86;100;53;180;154;135;70;127;123;162;149;131;65;116;43;184;190;10;177;54;48;160;34;146;22;18;108;69;159;181;42;5;41;193;139;68;140;93;117;143;183;89;186;23;137;0;46;115;59;118;51;151;133;176;80;79;63;94;124;26;101;1;97;152;2;129;92;57;55;52;106;178;49;102;148;9;62;144,3443375086657270720,0.002969
greedy_intra:edges_start:greedy,156,71346,22739,48607,95731,10,149;123;162;151;133;135;70;154;180;53;121;100;26;86;75;82;120;44;25;16;171;175;113;56;31;78;145;179;196;81;90;40;165;185;106;178;3;14;144;62;9;148;102;49;52;55;57;92;129;2;101;1;97;152;124;94;63;79;80;176;137;23;186;89;183;143;117;0;46;68;139;115;51;118;59;65;116;43;42;5;41;193;159;69;108;18;22;146;181;34;160;48;54;177;184;35;84;4;112;131,7800303113469196451,0.005010
greedy_intra:edges_start:greedy,157,71686,23239,48447,70400,7,157;196;81;90;165;40;185;106;178;3;14;144;62;9;148;102;49;52;55;179;145;78;92;57;129;2;152;97;1;101;26;100;121;94;63;79;80;176;133;151;51;118;59;115;46;0;137;23;186;89;183;143;117;93;140;68;139;193;41;5;42;181;159;69;108;18;22;146;34;160;48;54;177;10;190;184;43;116;65;131;149;162;123;127;70;135;154;180;53;86;75;120;44;25;16;171;175;113;56;31,2286981928704827927,0.003971
greedy_intra:edges_start:greedy,158,71605,23035,48570,32740,2,158;154;70;135;180;63;79;133;80;151;162;127;123;149;65;116;43;184;177;54;48;160;34;146;22;18;108;69;159;181;42;5;41;193;139;68;140;93;117;143;0;46;115;59;118;51;176;137;23;183;89;186;114;15;9;62;144;14;138;185;40;165;90;81;196;179;145;78;31;56;113;175;171;16;25;44;120;2;129;92;57;55;52;106;178;49;102;148;124;94;152;97;1;101;75;86;26;100;121;53,8327937237420146219,0.001002
greedy_intra:edges_start:greedy,159,71858,23608,48250,30795,3,159;146;22;18;69;108;140;93;117;143;183;89;0;68;46;139;115;59;118;51;137;176;80;79;63;94;124;152;97;1;101;2;120;82;129;57;92;55;52;49;102;148;9;62;144;14;3;178;106;185;165;40;90;81;196;179;145;78;31;56;113;175;171;16;25;44;75;86;26;100;121;53;180;154;70;135;133;151;162;127;123;149;65;116;43;184;84;112;4;10;177;54;48;160;34;181;42;5;41;193,7433455223977221895,0.002000
greedy_intra:edges_start:greedy,160,70998,23025,47973,68854,6,160;48;54;177;10;190;4;112;84;184;42;43;116;65;149;123;127;162;151;133;135;70;154;180;53;121;100;26;86;75;120;82;44;25;16;171;175;113;56;31;78;145;179;196;81;90;165;40;185;106;178;3;14;144;62;9;148;102;49;52;55;57;92;129;2;101;1;97;152;124;94;63;79;80;176;137;23;186;89;183;143;117;0;51;118;59;115;46;68;139;41;193;159;69;108;18;22;146;181;34,1208281980197625172,0.001998
greedy_intra:edges_start:greedy,161,71811,23025,48786,93994,10,127;162;151;133;135;70;154;180;158;53;121;100;26;86;75;120;44;25;16;171;175;113;56;31;78;145;179;196;81;90;165;40;185;106;178;3;14;144;62;9;148;102;49;52;55;92;57;129;82;2;101;1;97;152;124;94;63;79;80;176;137;23;186;89;183;143;117;0;51;118;59;115;46;68;139;193;41;5;42;181;159;69;108;18;22;146;34;160;48;54;177;10;190;184;43;116;65;131;149;123,7981103220346542261,0.004971
greedy_intra:edges_start:greedy,162,71485,23362,48123,44271,4,162;151;133;135;70;154;180;53;121;100;26;86;75;44;25;16;171;175;113;56;31;78;145;179;196;81;90;165;40;185;106;178;3;14;144;62;9;148;102;49;52;55;57;92;129;82;120;2;101;1;97;152;124;94;63;79;80;176;137;23;186;89;183;143;117;0;51;118;59;115;46;68;139;193;41;5;42;181;159;69;108;18;22;146;34;160;48;54;177;10;190;4;112;184;43;116;65;149;123;127,6628642485738687238,0.002999
greedy_intra:edges_start:greedy,163,71562,23073,48489,103993,10,140;68;46;139;115;59;118;51;0;117;143;183;89;186;23;137;176;80;79;63;94;124;152;97;1;101;2;129;92;57;55;52;49;102;148;9;62;144;14;3;178;106;185;165;40;90;81;196;179;145;78;31;56;113;175;171;16;25;44;82;120;75;86;26;100;121;53;180;154;70;135;133;151;162;127;123;149;65;116;43;184;84;190;10;177;54;48;160;34;181;42;5;41;193;159;146;22;18;69;108,5381227025367088306,0.004882
greedy_intra:edges_start:greedy,164,72135,23607,48528,23750,2,164;7;95;39;165;138;14;144;62;9;148;102;49;178;106;52;55;57;92;129;2;152;97;1;101;94;63;79;80;176;133;151;51;118;59;115;46;0;137;23;89;183;143;117;93;140;68;139;193;41;5;42;181;159;69;108;18;22;146;34;160;48;54;177;184;43;116;65;149;162;123;127;70;135;154;180;53;100;26;86;75;120;44;25;16;171;175;113;56;31;78;145;179;196;81;185;40;90;27;58,4734219934717162067,0.001026
greedy_intra:edges_start:greedy,165,71314,23252,48062,39573,4,165;40;185;138;14;144;62;9;148;102;49;178;106;52;55;57;92;129;2;152;97;1;101;26;124;94;63;79;80;176;133;151;51;118;59;115;46;0;137;23;186;89;183;143;117;93;140;68;139;193;41;5;42;181;159;69;108;18;22;146;34;160;48;54;177;10;190;84;184;43;116;65;131;149;162;123;127;70;135;154;180;53;100;86;75;120;44;25;16;171;175;113;56;31;78;145;179;196;81;90,1085505829914286936,0.000982
greedy_intra:edges_start:greedy,166,72079,23534,48545,34031,5,35;184;190;10;177;54;48;160;34;146;22;18;108;69;159;181;42;5;41;193;139;68;140;93;117;143;183;89;186;23;137;176;80;79;63;94;124;152;97;1;101;2;82;129;57;92;55;52;49;102;148;9;62;144;14;3;178;106;185;165;40;90;81;196;179;145;78;31;56;113;175;171;16;25;44;120;75;86;26;100;121;53;180;154;135;70;127;123;162;133;151;51;0;46;115;118;59;116;65;43,6962442289062879029,0.001029
greedy_intra:edges_start:greedy,167,72333,23757,48576,44917,4,167;148;9;62;102;144;14;49;178;106;165;39;95;7;164;58;27;90;81;196;40;185;52;55;57;129;92;179;145;78;31;56;113;175;171;16;25;44;120;2;75;101;1;152;97;26;100;86;53;154;70;135;180;63;79;133;151;162;127;123;149;65;116;43;184;177;54;48;160;34;146;22;18;108;69;159;181;42;5;41;193;139;68;140;93;117;143;183;89;0;46;115;59;118;51;137;176;80;94;124,545116489783543118,0.001000
greedy_intra:edges_start:greedy,168,71869,23554,48315,68565,8,157;145;179;78;31;56;113;175;171;16;25;44;120;75;86;100;53;180;154;135;70;127;123;162;149;131;65;116;43;184;190;10;177;54;48;160;34;146;22;18;108;69;159;181;42;5;41;193;139;68;140;93;117;143;183;89;186;23;137;0;46;115;59;118;51;151;133;176;80;79;63;94;124;26;101;1;97;152;2;129;92;57;55;52;49;102;148;9;62;144;14;3;178;106;185;40;165;90;81;196,1003192297611998770,0.003972
greedy_intra:edges_start:greedy,169,71400,23205,48195,45759,5,119;40;185;81;196;179;145;78;31;56;113;175;171;16;25;44;120;75;86;26;97;1;101;100;53;180;154;135;70;127;123;162;149;131;65;116;43;184;190;10;177;54;48;160;34;146;22;18;108;69;159;181;42;5;41;193;139;68;140;93;117;143;183;89;186;23;137;0;46;115;59;118;51;151;133;176;80;79;63;94;124;152;2;129;92;57;55;52;106;178;49;102;148;9;62;144;14;138;165;90,3913000534422031591,0.001977
greedy_intra:edges_start:greedy,170,71519,22895,48624,36455,5,170;117;0;46;68;139;193;41;115;5;42;181;159;69;108;18;22;146;34;160;48;54;177;10;4;112;84;184;43;116;65;59;118;51;151;133;162;123;127;70;135;154;180;53;121;100;26;86;75;82;120;44;25;16;171;175;113;56;31;78;145;179;196;81;90;40;165;185;106;178;3;14;144;62;9;148;102;49;52;55;92;57;129;2;101;1;97;152;124;94;63;79;80;176;137;23;186;89;183;143,2278122067884053915,0.002031
greedy_intra:edges_start:greedy,171,71726,23454,48272,44706,6,171;175;113;56;31;78;145;92;179;196;81;90;40;165;185;106;178;3;14;144;62;9;148;102;49;52;55;57;129;2;152;97;1;101;26;100;121;94;63;79;80;176;133;151;51;118;59;115;46;0;137;23;186;89;183;143;117;93;140;68;139;193;41;5;42;181;159;69;108;18;22;146;34;160;48;54;177;10;190;84;184;43;116;65;131;149;162;123;127;70;135;154;180;53;86;75;120;44;25;16,4168514488868325262,0.001972
greedy_intra:edges_start:greedy,172,71655,23393,48262,97852,11,15;9;62;102;144;14;49;178;106;165;39;27;90;81;196;40;185;52;55;57;129;92;179;145;78;31;56;113;175;171;16;25;44;120;2;75;86;101;1;97;26;100;53;180;154;135;70;127;123;162;149;131;65;116;43;184;177;54;48;160;34;146;22;18;108;69;159;181;42;5;41;193;139;68;140;93;117;143;183;89;186;23;137;0;46;115;59;118;51;151;133;176;80;79;63;94;124;152;167;148,5960799195065653992,0.005001
greedy_intra:edges_start:greedy,173,71448,22878,48570,60060,6,127;135;70;154;158;53;121;100;26;86;75;101;1;97;152;94;124;148;102;49;178;106;52;55;57;92;129;2;120;44;25;16;171;175;113;56;31;78;145;179;196;81;90;40;185;165;138;14;144;62;9;15;114;186;89;183;23;137;176;80;79;63;180;133;162;151;51;118;59;115;46;0;143;117;93;140;68;139;193;41;5;42;181;159;69;108;18;22;146;34;160;48;54;177;184;43;116;65;149;123,126129805998544608,0.002038
greedy_intra:edges_start:greedy,174,71618,22849,48769,61830,8,39;138;14;144;62;9;148;102;49;178;106;52;55;57;92;129;2;152;124;94;63;79;80;176;133;151;51;118;59;115;46;0;137;23;186;89;183;143;117;93;140;68;139;193;41;5;42;181;159;69;108;18;22;146;34;160;48;54;177;10;190;84;184;43;116;65;131;149;162;123;127;70;135;154;180;53;100;26;97;1;101;86;75;120;44;25;16;171;175;113;56;31;78;145;179;185;40;165;90;27,5486551983920821816,0.003534
greedy_intra:edges_start:greedy,175,71579,23307,48272,71083,8,175;113;56;31;78;145;92;179;196;81;90;165;40;185;106;178;3;14;144;62;9;148;102;49;52;55;57;129;2;152;97;1;101;26;100;121;94;63;79;80;176;133;151;51;118;59;115;46;0;137;23;186;89;183;143;117;93;140;68;139;193;41;5;42;181;159;69;108;18;22;146;34;160;48;54;177;10;190;84;184;43;116;65;131;149;162;123;127;70;135;154;180;53;86;75;120;44;25;16;171,5738357342703415936,0.003999
greedy_intra:edges_start:greedy,176,71925,23363,48562,21129,1,176;80;79;63;94;124;152;97;1;101;2;120;82;129;57;92;55;52;49;102;148;9;62;144;14;3;178;106;185;165;40;90;81;196;179;145;78;31;56;113;175;171;16;25;44;75;86;26;100;121;53;180;154;135;70;127;123;162;133;151;149;131;65;116;43;184;84;190;10;177;54;48;160;34;146;22;18;108;69;159;181;42;5;41;193;139;68;46;115;59;118;51;0;117;143;183;89;186;23;137,8019514312709155099,0.001000
greedy_intra:edges_start:greedy,177,71571,23007,48564,91699,9,177;54;48;160;34;42;181;195;146;22;18;108;69;159;193;41;139;68;140;93;117;143;183;89;186;23;137;176;80;79;63;94;124;152;97;1;101;2;82;129;92;57;55;52;49;102;148;9;62;144;14;3;178;106;185;40;165;90;81;196;179;145;78;31;56;113;175;171;16;25;44;120;75;86;26;100;121;53;180;154;135;70;127;123;162;133;151;51;0;46;115;118;59;65;116;43;184;84;190;10,7269259906763616068,0.004000
greedy_intra:edges_start:greedy,178,71269,23207,48062,37452,4,178;49;102;148;9;62;144;14;138;185;40;165;90;81;196;179;145;78;31;56;113;175;171;16;25;44;120;75;86;53;180;154;135;70;127;123;162;149;131;65;116;43;184;84;190;10;177;54;48;160;34;146;22;18;108;69;159;181;42;5;41;193;139;68;140;93;117;143;183;89;186;23;137;0;46;115;59;118;51;151;133;176;80;79;63;94;124;26;100;101;1;97;152;2;129;92;57;55;52;106,1986197586596462033,0.001999
greedy_intra:edges_start:greedy,179,71258,23118,48140,98089,10,179;145;78;31;56;113;175;171;16;25;44;120;75;86;26;100;53;180;154;135;70;127;123;162;149;131;65;116;43;184;84;190;10;177;54;48;160;34;146;22;18;108;69;159;181;42;5;41;193;139;68;140;93;117;143;183;89;186;23;137;0;46;115;59;118;51;151;133;176;80;79;63;94;124;152;97;1;101;2;129;92;57;55;52;49;102;148;9;62;144;14;3;178;106;185;40;165;90;81;196,2294077529202418296,0.004986
greedy_intra:edges_start:greedy,180,71468,22898,48570,34457,2,180;135;70;154;158;53;121;100;26;86;75;101;1;97;152;94;124;148;102;49;178;106;52;55;57;92;129;2;120;44;25;16;171;175;113;56;31;78;145;179;196;81;90;40;185;165;138;14;144;62;9;15;114;186;89;183;23;137;176;80;51;118;59;115;46;0;143;117;93;140;68;139;193;41;5;42;181;159;69;108;18;22;146;34;160;48;54;177;184;43;116;65;149;123;127;162;151;133;79;63,8151284427195703878,0.001999
greedy_intra:edges_start:greedy,181,71017,23044,47973,45039,4,181;34;160;48;54;177;10;190;4;112;84;184;42;43;116;65;149;123;127;162;151;133;135;70;154;180;53;121;100;26;86;75;82;129;92;57;55;52;49;102;148;9;62;144;14;3;178;106;185;40;165;90;81;196;179;145;78;31;56;113;175;171;16;25;44;120;2;101;1;97;152;124;94;63;79;80;176;137;23;186;89;183;143;117;0;51;118;59;115;46;68;139;41;193;159;69;108;18;22;146,8870985331006909943,0.000999
greedy_intra:edges_start:greedy,182,71919,23349,48570,19739,1,158;121;100;26;86;75;101;1;97;152;94;124;148;102;49;178;106;52;55;57;92;129;2;120;44;25;16;171;175;113;56;31;78;145;179;196;81;90;185;40;165;138;14;144;62;9;15;114;186;89;183;23;137;176;80;151;162;127;123;149;65;116;43;184;177;54;48;160;34;146;22;18;108;69;159;181;42;5;41;193;139;68;140;93;117;143;0;46;115;59;118;51;133;79;63;180;135;70;154;53,3167661234232214961,0.001002
greedy_intra:edges_start:greedy,183,70687,22482,48205,64125,5,183;89;186;23;137;176;80;79;63;94;124;152;97;1;101;2;120;82;129;92;57;55;52;49;102;148;9;62;144;14;3;178;106;185;40;165;90;81;196;179;145;78;31;56;113;175;171;16;25;44;75;86;26;100;121;53;180;154;135;70;127;123;162;133;151;51;118;59;65;116;43;184;84;112;4;190;10;177;54;48;160;34;146;22;18;108;69;159;181;42;5;41;193;115;139;68;46;0;117;143,625586583133196293,0.002997
greedy_intra:edges_start:greedy,184,71652,23152,48500,69200,6,184;43;116;65;59;118;115;46;0;51;151;133;162;123;127;70;135;154;180;53;121;100;26;86;75;82;120;44;25;16;171;175;113;56;31;78;145;179;196;81;90;165;40;185;106;178;3;14;144;62;9;148;102;49;52;55;57;92;129;2;101;1;97;152;124;94;63;79;80;176;137;23;186;89;183;143;117;93;140;68;139;193;41;5;42;181;159;69;108;18;22;146;34;160;48;54;177;10;190;84,3326368057053858258,0.002969
greedy_intra:edges_start:greedy,185,71133,23071,48062,43541,4,185;90;81;196;179;145;78;31;56;113;175;171;16;25;44;120;75;86;101;1;97;26;100;53;180;154;135;70;127;123;162;149;131;65;116;43;184;84;190;10;177;54;48;160;34;146;22;18;108;69;159;181;42;5;41;193;139;68;140;93;117;143;183;89;186;23;137;0;46;115;59;118;51;151;133;176;80;79;63;94;124;152;2;129;92;57;55;52;106;178;49;102;148;9;62;144;14;138;165;40,8836637465863820137,0.002017
greedy_intra:edges_start:greedy,186,70772,22567,48205,61078,6,186;89;183;143;117;0;46;68;139;115;193;41;5;42;181;159;69;108;18;22;146;34;160;48;54;177;10;190;4;112;84;184;43;116;65;59;118;51;151;133;162;123;127;70;135;154;180;53;121;100;26;86;75;120;44;25;16;171;175;113;56;31;78;145;179;196;81;90;165;40;185;106;178;3;14;144;62;9;148;102;49;52;55;92;57;129;82;2;101;1;97;152;124;94;63;79;80;176;137;23,5225215466084491418,0.003000
greedy_intra:edges_start:greedy,187,71485,23380,48105,75239,7,27;165;138;14;144;62;9;148;102;49;178;106;52;55;57;92;129;2;152;97;124;94;63;79;80;176;133;151;51;118;59;115;46;0;137;23;186;89;183;143;117;93;140;68;139;193;41;5;42;181;159;69;108;18;22;146;34;160;48;54;177;10;190;184;43;116;65;131;149;162;123;127;70;135;154;180;53;100;26;1;101;86;75;120;44;25;16;171;175;113;56;31;78;145;179;185;40;196;81;90,2128304579670738339,0.003999
greedy_intra:edges_start:greedy,188,71786,23471,48315,46768,9,157;31;56;113;175;171;16;25;44;120;75;86;26;97;1;101;100;53;180;154;135;70;127;123;162;149;131;65;116;43;184;190;10;177;54;48;160;34;146;22;18;108;69;159;181;42;5;41;193;139;68;140;93;117;143;183;89;186;23;137;0;46;115;59;118;51;151;133;176;80;79;63;94;124;152;2;129;57;55;52;49;102;148;9;62;144;14;3;178;106;185;40;165;90;81;196;179;92;78;145,8416545303551902076,0.002998
greedy_intra:edges_start:greedy,189,71795,22735,49060,33760,2,189;94;124;148;102;49;178;106;52;55;57;92;129;2;120;44;25;16;171;175;113;56;31;78;145;179;196;81;90;40;185;165;138;14;144;62;9;15;114;186;89;183;23;137;176;80;151;51;118;59;115;46;0;143;117;93;140;68;139;193;41;5;42;181;159;69;108;18;22;146;34;160;48;54;177;184;43;116;65;149;123;162;133;79;63;180;135;70;154;158;53;121;100;26;86;75;101;1;97;152,587687385346364777,0.001001
greedy_intra:edges_start:greedy,190,71383,23206,48177,82257,8,190;10;177;54;48;34;160;42;181;146;22;18;108;69;159;193;41;139;68;46;115;118;59;116;65;43;184;35;131;149;123;162;133;151;51;0;117;143;183;89;23;137;176;80;79;63;94;124;152;97;1;101;2;82;129;92;57;55;52;49;102;148;9;62;144;14;3;178;106;185;40;165;90;81;196;179;145;78;31;56;113;175;171;16;25;44;120;75;86;26;100;121;53;180;154;135;70;127;112;4,6781339925439983112,0.003998
greedy_intra:edges_start:greedy,191,72210,23411,48799,43508,4,198;193;41;5;42;181;159;69;108;18;22;146;34;160;48;54;177;10;190;84;184;43;116;65;149;123;127;162;151;133;135;70;154;180;53;121;100;26;86;75;44;25;16;171;175;113;56;31;78;145;179;196;81;90;40;165;185;106;178;3;14;144;62;9;148;102;49;52;55;57;92;129;82;120;2;101;1;97;152;124;94;63;79;80;176;137;23;186;89;183;143;117;0;51;118;59;115;139;68;46,5684063302002771554,0.002000
greedy_intra:edges_start:greedy,192,72033,23186,48847,85788,9,96;41;193;139;68;140;93;117;143;183;89;186;23;137;176;80;79;63;94;124;152;97;1;101;2;129;57;92;55;52;49;102;148;9;62;144;14;3;178;106;185;40;165;90;81;196;179;145;78;31;56;113;175;171;16;25;44;82;120;75;86;26;100;121;53;180;154;135;70;127;123;162;133;151;51;0;46;115;118;59;65;116;43;184;190;10;177;54;48;160;34;146;22;18;108;69;159;181;42;5,1132406833458416653,0.004004
greedy_intra:edges_start:greedy,193,71681,23558,48123,41891,4,193;139;68;46;115;59;118;51;0;117;143;183;89;186;23;137;176;80;79;63;94;124;152;97;1;101;2;120;44;25;16;171;175;113;56;31;78;145;179;196;81;90;165;40;185;106;178;3;14;144;62;9;148;102;49;52;55;92;57;129;82;75;86;26;100;121;53;180;154;70;135;133;151;162;127;123;149;65;116;43;184;112;4;190;10;177;54;48;160;34;146;22;18;108;69;159;181;42;5;41,5043623800225613084,0.002000
greedy_intra:edges_start:greedy,194,71873,22902,48971,63337,6,194;127;123;162;133;151;149;131;65;116;43;184;190;10;177;54;48;160;34;146;22;18;108;69;159;181;42;5;41;193;139;68;46;115;59;118;51;0;117;143;183;89;186;23;137;176;80;79;63;94;124;152;97;1;101;2;82;129;92;57;55;52;49;102;148;9;62;144;14;3;178;106;185;40;165;90;81;196;179;145;78;31;56;113;175;171;16;25;44;120;75;86;26;100;121;53;180;154;70;135,135889694904249113,0.004019
greedy_intra:edges_start:greedy,195,71419,23232,48187,32675,3,195;181;34;160;48;54;177;10;190;4;112;184;42;43;116;65;149;123;127;162;151;133;135;70;154;180;53;121;100;26;86;75;44;25;16;171;175;113;56;31;78;145;179;196;81;90;40;165;185;106;178;3;14;144;62;9;148;102;49;52;55;57;92;129;82;120;2;101;1;97;152;124;94;63;79;80;176;137;23;186;89;183;143;117;0;51;118;59;115;46;68;139;41;193;159;69;108;18;22;146,4795027327827616689,0.000998
greedy_intra:edges_start:greedy,196,72001,23484,48517,47669,5,196;81;90;165;40;185;106;178;3;14;144;62;9;148;102;49;52;55;57;129;92;179;145;78;82;2;152;97;1;101;100;26;124;94;63;79;80;176;133;151;51;118;59;115;46;0;137;23;186;89;183;143;117;93;140;68;139;193;41;5;42;181;159;69;108;18;22;146;34;160;48;54;177;10;184;43;116;65;131;149;162;123;127;70;135;154;180;53;86;75;120;44;25;16;171;175;113;56;31;157,8915301465820191123,0.003001
greedy_intra:edges_start:greedy,197,71907,23108,48799,50219,5,198;46;68;139;193;41;5;42;181;159;69;108;18;22;146;34;160;48;54;177;10;190;84;184;43;116;65;149;123;127;162;151;133;135;70;154;180;53;121;100;26;86;75;120;44;25;16;171;175;113;56;31;78;145;179;196;81;90;40;165;185;106;178;3;14;144;62;9;148;102;49;52;55;57;92;129;82;2;101;1;97;152;124;94;63;79;80;176;137;23;186;89;183;143;117;0;51;118;59;115,3950970880574719851,0.002023
greedy_intra:edges_start:greedy,198,71373,23250,48123,72685,8,68;46;115;59;118;51;0;117;143;183;89;186;23;137;176;80;79;63;94;124;152;97;1;101;2;82;129;92;57;55;52;49;102;148;9;62;144;14;3;178;106;185;40;165;90;81;196;179;145;78;31;56;113;175;171;16;25;44;120;75;86;26;100;121;53;180;154;70;135;133;151;162;127;123;149;65;116;43;184;84;112;4;10;177;54;48;160;34;146;22;18;108;69;159;181;42;5;41;193;139,5131981848683762489,0.003980
greedy_intra:edges_start:greedy,199,71188,22872,48316,93985,11,140;108;18;22;146;159;193;41;5;42;181;34;160;48;54;177;10;190;84;184;43;116;65;149;123;127;162;151;133;135;70;154;180;53;121;100;26;86;75;120;44;25;16;171;175;113;56;31;78;145;179;196;81;90;165;40;185;106;178;3;14;144;62;9;148;102;49;52;55;57;92;129;82;2;101;1;97;152;124;94;63;79;80;176;137;23;186;89;183;143;117;0;51;118;59;115;139;46;68;93,4482017943464479132,0.004810
